{
"type": "FeatureCollection",
"name": "b_2_20",
"crs": { "type": "name", "properties": { "name": "urn:ogc:def:crs:OGC:1.3:CRS84" } },
"features": [
{ "type": "Feature", "properties": { "ID": 0, "height": 180.0 }, "geometry": { "type": "LineString", "coordinates": [ [ -8.486944444166667, 54.369861111111113 ], [ -8.486944444166667, 54.369722222222222 ], [ -8.486944444166667, 54.369444444444447 ], [ -8.486666666666666, 54.369305555694446 ], [ -8.486388889166665, 54.369444444444447 ], [ -8.486388889166665, 54.369722222222222 ], [ -8.486388889166665, 54.369861111111113 ] ] } },
{ "type": "Feature", "properties": { "ID": 1, "height": 240.0 }, "geometry": { "type": "LineString", "coordinates": [ [ -8.465694444305555, 54.369861111111113 ], [ -8.465694444305555, 54.369722222222222 ], [ -8.465555555555556, 54.369629629629635 ], [ -8.465277777777777, 54.369537037037041 ], [ -8.465, 54.369444444537038 ], [ -8.464999999722222, 54.369444444444447 ], [ -8.464722222222221, 54.369166666944444 ], [ -8.464722221944445, 54.369166666666672 ], [ -8.464444444444444, 54.369027777916671 ], [ -8.464166666666666, 54.368981481481484 ], [ -8.463888888888889, 54.368888888981481 ], [ -8.463611111111112, 54.368888888981481 ], [ -8.463472222222222, 54.368888888981481 ] ] } },
{ "type": "Feature", "properties": { "ID": 2, "height": 180.0 }, "geometry": { "type": "LineString", "coordinates": [ [ -8.491944444166666, 54.368333333333332 ], [ -8.491944444444444, 54.36833333305556 ], [ -8.492222222222223, 54.36833333305556 ], [ -8.492222222499999, 54.368333333333332 ], [ -8.492222222222223, 54.368333333472222 ], [ -8.491944444444444, 54.368333333472222 ], [ -8.491944444166666, 54.368333333333332 ] ] } },
{ "type": "Feature", "properties": { "ID": 3, "height": 260.0 }, "geometry": { "type": "LineString", "coordinates": [ [ -8.469907407407407, 54.369861111111113 ], [ -8.469907407407407, 54.369722222222222 ], [ -8.469722222222222, 54.36965277777778 ], [ -8.469444444444445, 54.369513888888889 ], [ -8.469259259259259, 54.369444444444447 ], [ -8.469166666666666, 54.36939814814815 ], [ -8.468888888888889, 54.369259259259259 ], [ -8.468611111111111, 54.369206349206351 ], [ -8.468472222083333, 54.369166666666672 ], [ -8.468333333333334, 54.369135802469138 ], [ -8.468055555555555, 54.369074074074078 ], [ -8.467777777777778, 54.369 ], [ -8.4675, 54.368981481481484 ], [ -8.467222222222222, 54.368935185185187 ], [ -8.467083333194445, 54.36888888888889 ], [ -8.466944444444444, 54.368796296296296 ], [ -8.466759259259259, 54.368611111111115 ], [ -8.466666666666667, 54.36851851851852 ], [ -8.466388888888888, 54.368402777777781 ], [ -8.466249999861111, 54.368333333333332 ], [ -8.466111111111111, 54.368194444583338 ], [ -8.465972222083334, 54.368055555555557 ], [ -8.465833333333332, 54.367986111111115 ], [ -8.465625, 54.367777777777782 ], [ -8.465555555555556, 54.367722222222227 ], [ -8.465277777777777, 54.367569444444449 ], [ -8.465208333333333, 54.3675 ], [ -8.465069444444444, 54.367222222222225 ], [ -8.465, 54.367083333472223 ], [ -8.464930555555556, 54.366944444444449 ], [ -8.464722222222221, 54.366736111111116 ], [ -8.464666666666666, 54.366666666666667 ], [ -8.464583333263889, 54.366388888888892 ], [ -8.464513888888888, 54.366111111111117 ], [ -8.464444444444444, 54.366071428571431 ], [ -8.464166666666666, 54.365972222268518 ], [ -8.463958333333332, 54.365833333333335 ], [ -8.463888888888889, 54.365787037037038 ], [ -8.463611111111112, 54.365666666666669 ], [ -8.463472222222222, 54.365666666666669 ] ] } },
{ "type": "Feature", "properties": { "ID": 4, "height": 180.0 }, "geometry": { "type": "LineString", "coordinates": [ [ -8.495138888888889, 54.364490740740742 ], [ -8.495, 54.364490740740742 ], [ -8.494722222222222, 54.36467592592593 ], [ -8.494652777777777, 54.364722222222227 ], [ -8.494444444444444, 54.36493055555556 ], [ -8.494351851851851, 54.365 ], [ -8.494166666666667, 54.365111111111112 ], [ -8.493888888981481, 54.365277777777777 ], [ -8.493888888888888, 54.365277777870375 ], [ -8.493611111111111, 54.365462962962965 ], [ -8.493472222361111, 54.365555555555559 ], [ -8.493333333333332, 54.365694444583333 ], [ -8.493055555555555, 54.36574074074074 ], [ -8.492777777777777, 54.36577777777778 ], [ -8.492500000277778, 54.365833333333335 ], [ -8.4925, 54.365833333472224 ], [ -8.492222222222223, 54.365972222361115 ], [ -8.492083333472221, 54.366111111111117 ], [ -8.491944444444444, 54.366250000138891 ], [ -8.491666666944443, 54.366388888888892 ], [ -8.491666666666667, 54.366388888958333 ], [ -8.491388888888888, 54.366481481481486 ], [ -8.49111111125, 54.366666666666667 ], [ -8.491111111111111, 54.366666666759258 ], [ -8.490833333333333, 54.366666666805557 ], [ -8.490555555555556, 54.366805555694448 ], [ -8.490277777777777, 54.366805555694448 ], [ -8.490000000277776, 54.366944444444449 ], [ -8.490138889027778, 54.367222222222225 ], [ -8.490277777777777, 54.367499999722227 ], [ -8.490277778055555, 54.3675 ], [ -8.490277777777777, 54.367500000277779 ], [ -8.490138889027778, 54.367777777777782 ], [ -8.49, 54.367870370370376 ], [ -8.489722222222222, 54.367870370370376 ], [ -8.489444444444445, 54.367916666805556 ], [ -8.489166666666666, 54.367916666805556 ], [ -8.488888889166665, 54.368055555555557 ], [ -8.488888888888889, 54.368055555694447 ], [ -8.48861111111111, 54.368055555694447 ], [ -8.488333333333333, 54.368194444583338 ], [ -8.488055555555555, 54.368194444583338 ], [ -8.487777778055555, 54.368333333333332 ], [ -8.487777778055555, 54.368611111111115 ], [ -8.487777778055555, 54.36888888888889 ], [ -8.488055555555555, 54.369166666388892 ], [ -8.488333333333333, 54.369166666388892 ], [ -8.488333333611111, 54.369166666666672 ], [ -8.488333333611111, 54.369444444444447 ], [ -8.488333333611111, 54.369722222222222 ], [ -8.488333333611111, 54.369861111111113 ] ] } },
{ "type": "Feature", "properties": { "ID": 5, "height": 520.0 }, "geometry": { "type": "LineString", "coordinates": [ [ -8.473055555277778, 54.364166666666669 ], [ -8.473055555555556, 54.36416666662037 ], [ -8.473333333333333, 54.364166666611112 ], [ -8.473333333472223, 54.364166666666669 ], [ -8.473611111111111, 54.364444444305555 ], [ -8.473611111388887, 54.364444444444445 ], [ -8.473888888888888, 54.364583333194446 ], [ -8.474166666666667, 54.364583333194446 ], [ -8.474444444444444, 54.364583333194446 ], [ -8.474722222222223, 54.364722222083337 ], [ -8.475, 54.364722222083337 ], [ -8.475000000138888, 54.364722222222227 ], [ -8.475092592592592, 54.365 ], [ -8.475, 54.365138889027783 ], [ -8.474722222499999, 54.365277777777777 ], [ -8.474722222222223, 54.365277777824076 ], [ -8.474444444444444, 54.365324074074074 ], [ -8.474166666666667, 54.365277777833334 ], [ -8.474166666388889, 54.365277777777777 ], [ -8.473888888888888, 54.365138889027783 ], [ -8.473611111111111, 54.365138889027783 ], [ -8.473333333333333, 54.365000000138892 ], [ -8.473055555555556, 54.365000000138892 ], [ -8.472777777777777, 54.365000000138892 ], [ -8.4725, 54.365000000138892 ], [ -8.472499999722222, 54.365 ], [ -8.472222222222221, 54.364722222499999 ], [ -8.472222221944445, 54.364722222222227 ], [ -8.472222221944445, 54.364444444444445 ], [ -8.472222222222221, 54.364444444375003 ], [ -8.4725, 54.364351851851858 ], [ -8.472777777777777, 54.364305555416671 ], [ -8.473055555277778, 54.364166666666669 ] ] } },
{ "type": "Feature", "properties": { "ID": 6, "height": 500.0 }, "geometry": { "type": "LineString", "coordinates": [ [ -8.469166666388888, 54.3625 ], [ -8.469166666666666, 54.362499999861114 ], [ -8.469444444444445, 54.362499999861114 ], [ -8.469444444722221, 54.3625 ], [ -8.469722222222222, 54.362569444444446 ], [ -8.47, 54.362638888819447 ], [ -8.470277777777778, 54.362777777708338 ], [ -8.470277777916666, 54.362777777777779 ], [ -8.470555555555555, 54.362916666597222 ], [ -8.470833333333333, 54.362986111111113 ], [ -8.47111111111111, 54.363055555486113 ], [ -8.471111111388888, 54.363055555555555 ], [ -8.471388888888889, 54.363125 ], [ -8.471666666666666, 54.363166666666672 ], [ -8.471944444444444, 54.363166666666672 ], [ -8.472222222222221, 54.363166666666672 ], [ -8.4725, 54.363111111111117 ], [ -8.472777777777777, 54.363111111111117 ], [ -8.473055555555556, 54.363166666666672 ], [ -8.473333333333333, 54.363194444398154 ], [ -8.473611111111111, 54.363174603174606 ], [ -8.473888888888888, 54.363174603174606 ], [ -8.474166666666667, 54.363214285714285 ], [ -8.474444444444444, 54.363240740740743 ], [ -8.474722222222223, 54.363240740740743 ], [ -8.475, 54.363240740740743 ], [ -8.475277777777777, 54.363240740740743 ], [ -8.475555555555555, 54.363240740740743 ], [ -8.475833333333332, 54.363222222222227 ], [ -8.476111111111111, 54.363222222222227 ], [ -8.476388888888888, 54.363263888888888 ], [ -8.476666666666667, 54.363263888888888 ], [ -8.476944444444444, 54.363333333263888 ], [ -8.477222222222222, 54.363333333263888 ], [ -8.4775, 54.363277777777782 ], [ -8.477777777777778, 54.363277777777782 ], [ -8.478055555555555, 54.363333333240746 ], [ -8.478055555833333, 54.363333333333337 ], [ -8.478333333333333, 54.363472222083338 ], [ -8.47861111111111, 54.36361111083334 ], [ -8.478888888888889, 54.36361111083334 ], [ -8.479166666666666, 54.36361111083334 ], [ -8.479444444444445, 54.36361111083334 ], [ -8.479444444722221, 54.363611111111112 ], [ -8.479444444583333, 54.363888888888894 ], [ -8.479444444444445, 54.363888889027777 ], [ -8.479166666666666, 54.364027777916668 ], [ -8.479027777916667, 54.364166666666669 ], [ -8.478888888888889, 54.364305555694443 ], [ -8.478611111388888, 54.364444444444445 ], [ -8.47861111111111, 54.364444444722224 ], [ -8.478472222361111, 54.364722222222227 ], [ -8.478333333472222, 54.365 ], [ -8.478333333333333, 54.365000000277782 ], [ -8.478240740740741, 54.365277777777777 ], [ -8.478055555648147, 54.365555555555559 ], [ -8.478055555555555, 54.36555555564815 ], [ -8.47777777787037, 54.365833333333335 ], [ -8.477777777777778, 54.365833333368059 ], [ -8.4775, 54.365833333379634 ], [ -8.477222222222222, 54.36588888888889 ], [ -8.476944444444444, 54.365944444444445 ], [ -8.476666666666667, 54.366 ], [ -8.476388888888888, 54.366055555555555 ], [ -8.476250000138888, 54.366111111111117 ], [ -8.476111111249999, 54.366388888888892 ], [ -8.476111111111111, 54.366388888958333 ], [ -8.475833333333332, 54.366481481481486 ], [ -8.475555555555555, 54.366512345679013 ], [ -8.475277777777777, 54.366512345679013 ], [ -8.475, 54.366481481481486 ], [ -8.474722222222223, 54.366493055555559 ], [ -8.474444444444444, 54.366527777824075 ], [ -8.474166666666667, 54.366555555555557 ], [ -8.473888889027778, 54.366666666666667 ], [ -8.473888888888888, 54.366666666722224 ], [ -8.473611111111111, 54.366666666712966 ], [ -8.473333333333333, 54.366697530864201 ], [ -8.473055555555556, 54.366697530864201 ], [ -8.472777777777777, 54.366728395061727 ], [ -8.4725, 54.366697530864201 ], [ -8.472222222222221, 54.366666666697533 ], [ -8.472222222187499, 54.366666666666667 ], [ -8.471944444444444, 54.366464646464649 ], [ -8.471736111111111, 54.366388888888892 ], [ -8.471666666666666, 54.366349206349206 ], [ -8.471428571428572, 54.366111111111117 ], [ -8.471388888888889, 54.366071428571431 ], [ -8.47111111111111, 54.365883838383837 ], [ -8.471031746031747, 54.365833333333335 ], [ -8.470833333333333, 54.365707070707074 ], [ -8.470555555555555, 54.365576923076922 ], [ -8.470524691358024, 54.365555555555559 ], [ -8.470277777777778, 54.365308641975311 ], [ -8.470222222222223, 54.365277777777777 ], [ -8.47, 54.36513888892361 ], [ -8.469861111076389, 54.365 ], [ -8.469722222222222, 54.364777777777782 ], [ -8.469675925925925, 54.364722222222227 ], [ -8.4695, 54.364444444444445 ], [ -8.469444444444445, 54.364351851851858 ], [ -8.46936507936508, 54.364166666666669 ], [ -8.469166666666666, 54.363888888944444 ], [ -8.469166666626984, 54.363888888888894 ], [ -8.468888888888889, 54.363611111150796 ], [ -8.468888888854167, 54.363611111111112 ], [ -8.468833333333333, 54.363333333333337 ], [ -8.468749999930555, 54.363055555555555 ], [ -8.468796296296295, 54.362777777777779 ], [ -8.468888888888889, 54.362638888750006 ], [ -8.469166666388888, 54.3625 ] ] } },
{ "type": "Feature", "properties": { "ID": 7, "height": 480.0 }, "geometry": { "type": "LineString", "coordinates": [ [ -8.465972222083334, 54.359444444444449 ], [ -8.466111111111111, 54.359388888888894 ], [ -8.466388888888888, 54.359398148148152 ], [ -8.466666666666667, 54.359398148148152 ], [ -8.466805555694444, 54.359444444444449 ], [ -8.466944444444444, 54.3595 ], [ -8.467222222222222, 54.359555555555559 ], [ -8.4675, 54.359722222175925 ], [ -8.467500000092592, 54.359722222222224 ], [ -8.467777777777778, 54.359841269841269 ], [ -8.468055555555555, 54.359999999965282 ], [ -8.468055555625, 54.36 ], [ -8.468333333333334, 54.360222222222227 ], [ -8.468425925925926, 54.360277777777782 ], [ -8.468611111111111, 54.360388888888892 ], [ -8.468888888888889, 54.3605 ], [ -8.468981481481482, 54.360555555555557 ], [ -8.469166666666666, 54.360694444375 ], [ -8.469351851851851, 54.360833333333339 ], [ -8.469444444444445, 54.360902777777781 ], [ -8.469722222222222, 54.361111111041666 ], [ -8.46972222236111, 54.361111111111114 ], [ -8.47, 54.361249999930557 ], [ -8.470185185185185, 54.361388888888889 ], [ -8.470277777777778, 54.361458333333339 ], [ -8.470555555555555, 54.361666666574074 ], [ -8.470555555694444, 54.361666666666672 ], [ -8.470833333333333, 54.361805555486114 ], [ -8.47111111111111, 54.361875 ], [ -8.471250000138889, 54.361944444444447 ], [ -8.471388888888889, 54.362 ], [ -8.471666666666666, 54.362037037037041 ], [ -8.471944444444444, 54.362142857142857 ], [ -8.472222222222221, 54.3621875 ], [ -8.4725, 54.362222222187505 ], [ -8.472500000277776, 54.362222222222222 ], [ -8.472777777777777, 54.362261904761908 ], [ -8.473055555555556, 54.362301587301587 ], [ -8.473333333333333, 54.362326388888889 ], [ -8.473611111111111, 54.362361111076389 ], [ -8.473888888888888, 54.362395833333338 ], [ -8.474166666666667, 54.362380952380953 ], [ -8.474444444444444, 54.362361111064814 ], [ -8.474722222222223, 54.362333333333339 ], [ -8.475, 54.362333333333339 ], [ -8.475277777777777, 54.362361111064814 ], [ -8.475555555555555, 54.362380952380953 ], [ -8.475833333333332, 54.362380952380953 ], [ -8.476111111111111, 54.362380952380953 ], [ -8.476388888888888, 54.362395833333338 ], [ -8.476666666666667, 54.362395833333338 ], [ -8.476944444444444, 54.362380952380953 ], [ -8.477222222222222, 54.362380952380953 ], [ -8.4775, 54.36240740740741 ], [ -8.477777777777778, 54.36240740740741 ], [ -8.478055555555555, 54.362361111064814 ], [ -8.478333333333333, 54.362361111064814 ], [ -8.47861111111111, 54.362301587301587 ], [ -8.478888888888889, 54.362261904761908 ], [ -8.479027777638889, 54.362222222222222 ], [ -8.479166666666666, 54.362182539682543 ], [ -8.479444444444445, 54.362129629629635 ], [ -8.479722222222222, 54.362103174603178 ], [ -8.48, 54.362103174603178 ], [ -8.480277777777777, 54.362138888888893 ], [ -8.480555555555556, 54.36215277777778 ], [ -8.480833333333333, 54.362200854700859 ], [ -8.48097222236111, 54.362222222222222 ], [ -8.48111111111111, 54.362277777777777 ], [ -8.481388888888889, 54.362380952380953 ], [ -8.481666666666666, 54.362438271604944 ], [ -8.481944444444444, 54.362476851851852 ], [ -8.482222222222221, 54.362499999980159 ], [ -8.482222222291666, 54.3625 ], [ -8.4825, 54.362638888854171 ], [ -8.482777777777777, 54.362743055555555 ], [ -8.482916666805554, 54.362777777777779 ], [ -8.483055555555556, 54.362824074074076 ], [ -8.483333333333333, 54.362857142857145 ], [ -8.483611111111111, 54.362824074074076 ], [ -8.483888888611112, 54.362777777777779 ], [ -8.483888888888888, 54.362777777738096 ], [ -8.483888889166666, 54.362777777777779 ], [ -8.484166666666667, 54.362847222222221 ], [ -8.484444444444444, 54.362962962962968 ], [ -8.484537037037036, 54.363055555555555 ], [ -8.484722222222222, 54.363148148148149 ], [ -8.485, 54.363277777777782 ], [ -8.485092592592592, 54.363333333333337 ], [ -8.485166666666666, 54.363611111111112 ], [ -8.48515873015873, 54.363888888888894 ], [ -8.485104166666666, 54.364166666666669 ], [ -8.485, 54.364208333333337 ], [ -8.484722222222222, 54.364246031746035 ], [ -8.484444444444444, 54.364375 ], [ -8.484166666666667, 54.364375 ], [ -8.483888888888888, 54.364340277777778 ], [ -8.483611111111111, 54.364351851851858 ], [ -8.483333333333333, 54.364375 ], [ -8.483194444583333, 54.364444444444445 ], [ -8.483055555555556, 54.364479166666669 ], [ -8.482777777777777, 54.364603174603175 ], [ -8.4825, 54.364666666666672 ], [ -8.48236111125, 54.364722222222227 ], [ -8.482222222222221, 54.364745370370372 ], [ -8.481944444444444, 54.364783950617287 ], [ -8.481666666666666, 54.364907407407408 ], [ -8.481388889027777, 54.365 ], [ -8.481388888888889, 54.365000000030868 ], [ -8.48111111111111, 54.365166666666667 ], [ -8.480833333333333, 54.365222222222222 ], [ -8.480694444583333, 54.365277777777777 ], [ -8.480555555555556, 54.3652962962963 ], [ -8.480277777777777, 54.365337301587303 ], [ -8.48, 54.365405982905983 ], [ -8.479722222222222, 54.365472222222223 ], [ -8.479513888888889, 54.365555555555559 ], [ -8.479444444444445, 54.365583333333333 ], [ -8.479166666666666, 54.365753968253969 ], [ -8.479097222222222, 54.365833333333335 ], [ -8.478888888888889, 54.366041666666668 ], [ -8.478750000069445, 54.366111111111117 ], [ -8.47861111111111, 54.366140350877195 ], [ -8.478333333333333, 54.366327160493832 ], [ -8.478148148148147, 54.366388888888892 ], [ -8.478055555555555, 54.366404320987655 ], [ -8.477777777777778, 54.366461988304096 ], [ -8.4775, 54.366538461538461 ], [ -8.477291666666666, 54.366666666666667 ], [ -8.477222222222222, 54.366686507936507 ], [ -8.476944444444444, 54.366736111111116 ], [ -8.476666666666667, 54.366812865497081 ], [ -8.476388888888888, 54.366892361111113 ], [ -8.476250000046296, 54.366944444444449 ], [ -8.476111111111111, 54.366982323232328 ], [ -8.475833333333332, 54.367 ], [ -8.475555555555555, 54.367048611111116 ], [ -8.475277777777777, 54.367083333368058 ], [ -8.475, 54.367142857142859 ], [ -8.474861111180555, 54.367222222222225 ], [ -8.474722222222223, 54.367254901960784 ], [ -8.474444444444444, 54.367430555555558 ], [ -8.474166666666667, 54.367438271604939 ], [ -8.473888888888888, 54.367430555555558 ], [ -8.473611111111111, 54.367351851851858 ], [ -8.473333333333333, 54.367283950617285 ], [ -8.473055555555556, 54.367270114942528 ], [ -8.472777777777777, 54.367263888888893 ], [ -8.4725, 54.367228682170548 ], [ -8.472444444444443, 54.367222222222225 ], [ -8.472222222222221, 54.367148148148154 ], [ -8.471967592592593, 54.366944444444449 ], [ -8.471944444444444, 54.366923076923079 ], [ -8.471666666666666, 54.366732026143794 ], [ -8.471565656565657, 54.366666666666667 ], [ -8.471388888888889, 54.366552287581705 ], [ -8.47111111111111, 54.366388888903508 ], [ -8.471111111085857, 54.366388888888892 ], [ -8.470833333333333, 54.366170634920636 ], [ -8.470729166666667, 54.366111111111117 ], [ -8.470555555555555, 54.366004273504274 ], [ -8.470353535353535, 54.365833333333335 ], [ -8.470277777777778, 54.36577777777778 ], [ -8.47, 54.365588235294119 ], [ -8.469957264957264, 54.365555555555559 ], [ -8.469722222222222, 54.365320512820517 ], [ -8.469682539682539, 54.365277777777777 ], [ -8.469444444444445, 54.365111111111112 ], [ -8.469296296296296, 54.365 ], [ -8.469166666666666, 54.364823232323232 ], [ -8.469074074074074, 54.364722222222227 ], [ -8.468888888888889, 54.3645 ], [ -8.468819444444444, 54.364444444444445 ], [ -8.468611111111111, 54.364166666712968 ], [ -8.468611111076388, 54.364166666666669 ], [ -8.468487654320988, 54.363888888888894 ], [ -8.468333333333334, 54.36373456790124 ], [ -8.468194444409722, 54.363611111111112 ], [ -8.468055555555555, 54.363388888888892 ], [ -8.468024691358025, 54.363333333333337 ], [ -8.467847222222222, 54.363055555555555 ], [ -8.467777777777778, 54.362916666736112 ], [ -8.467698412698413, 54.362777777777779 ], [ -8.467592592592592, 54.3625 ], [ -8.4675, 54.362314814814816 ], [ -8.467453703703704, 54.362222222222222 ], [ -8.467361111064815, 54.361944444444447 ], [ -8.467222222222222, 54.361666666759263 ], [ -8.467222222182539, 54.361666666666672 ], [ -8.467166666666666, 54.361388888888889 ], [ -8.467055555555556, 54.361111111111114 ], [ -8.466944444444444, 54.360972222291672 ], [ -8.466805555486111, 54.360833333333339 ], [ -8.466736111111111, 54.360555555555557 ], [ -8.466666666666667, 54.360462962962963 ], [ -8.466527777708333, 54.360277777777782 ], [ -8.466388888888888, 54.360092592592594 ], [ -8.466333333333333, 54.36 ], [ -8.466111111111111, 54.359777777777779 ], [ -8.466041666666666, 54.359722222222224 ], [ -8.465972222083334, 54.359444444444449 ] ] } },
{ "type": "Feature", "properties": { "ID": 8, "height": 120.0 }, "geometry": { "type": "LineString", "coordinates": [ [ -8.491666666805555, 54.357638888888893 ], [ -8.491666666805555, 54.357777777777777 ], [ -8.491944444444444, 54.358055555416669 ], [ -8.491944444722222, 54.358055555555559 ], [ -8.492222222222223, 54.358148148148153 ], [ -8.4925, 54.358333333194444 ], [ -8.492500000277778, 54.358333333333334 ], [ -8.492777777777777, 54.358402777777783 ], [ -8.493055555555555, 54.358472222152777 ], [ -8.493333333333332, 54.358472222152777 ], [ -8.493611111111111, 54.358425925925928 ], [ -8.493888888888888, 54.358425925925928 ], [ -8.494166666388889, 54.358333333333334 ], [ -8.494166666666667, 54.358333333263893 ], [ -8.494444444444444, 54.358333333263893 ], [ -8.494444444722221, 54.358333333333334 ], [ -8.494722222222222, 54.358472222083336 ], [ -8.495, 54.358518518518522 ], [ -8.495138888888889, 54.358518518518522 ] ] } },
{ "type": "Feature", "properties": { "ID": 9, "height": 140.0 }, "geometry": { "type": "LineString", "coordinates": [ [ -8.488194444583334, 54.357638888888893 ], [ -8.488194444583334, 54.357777777777777 ], [ -8.488333333333333, 54.357870370370371 ], [ -8.48861111111111, 54.35798611111111 ], [ -8.488888888888889, 54.358055555486111 ], [ -8.488888889027777, 54.358055555555559 ], [ -8.489166666666666, 54.358194444375002 ], [ -8.489444444444445, 54.358333333263893 ], [ -8.489444444583333, 54.358333333333334 ], [ -8.489722222222222, 54.358472222152777 ], [ -8.49, 54.358611111041668 ], [ -8.490000000092593, 54.358611111111117 ], [ -8.490277777777777, 54.358777777777782 ], [ -8.490555555555556, 54.358888888833334 ], [ -8.490555555694444, 54.358888888888892 ], [ -8.490833333333333, 54.358968253968257 ], [ -8.491111111111111, 54.359027777731484 ], [ -8.491388888888888, 54.35912037037037 ], [ -8.491527777916666, 54.359166666666667 ], [ -8.491666666666667, 54.359212962962964 ], [ -8.491944444444444, 54.359305555509259 ], [ -8.492222222222223, 54.359351851851855 ], [ -8.4925, 54.359444444388892 ], [ -8.492500000277778, 54.359444444444449 ], [ -8.492777777777777, 54.359513888888891 ], [ -8.493055555555555, 54.359722222152783 ], [ -8.493055555694443, 54.359722222222224 ], [ -8.493333333333332, 54.359814814814818 ], [ -8.493611111111111, 54.359953703703709 ], [ -8.493703703703703, 54.36 ], [ -8.493888888888888, 54.360055555555554 ], [ -8.494166666666667, 54.360123456790127 ], [ -8.494444444444444, 54.360198412698416 ], [ -8.494722222222222, 54.360238095238095 ], [ -8.495, 54.360277777738098 ], [ -8.495138888888889, 54.360277777738098 ] ] } },
{ "type": "Feature", "properties": { "ID": 10, "height": 160.0 }, "geometry": { "type": "LineString", "coordinates": [ [ -8.486333333333333, 54.357638888888893 ], [ -8.486333333333333, 54.357777777777777 ], [ -8.486388888888889, 54.357833333333339 ], [ -8.486611111111111, 54.358055555555559 ], [ -8.486666666666666, 54.358101851851856 ], [ -8.486944444444443, 54.358287037037037 ], [ -8.487013888888889, 54.358333333333334 ], [ -8.487222222222222, 54.3584375 ], [ -8.4875, 54.35857142857143 ], [ -8.487592592592593, 54.358611111111117 ], [ -8.487777777777778, 54.358661616161619 ], [ -8.488055555555555, 54.358722222222227 ], [ -8.488333333333333, 54.358796296296298 ], [ -8.48861111111111, 54.358888888854167 ], [ -8.48861111125, 54.358888888888892 ], [ -8.488888888888889, 54.358944444444447 ], [ -8.489166666666666, 54.359055555555557 ], [ -8.489444444444445, 54.359138888888893 ], [ -8.489513888888888, 54.359166666666667 ], [ -8.489722222222222, 54.359242424242424 ], [ -8.49, 54.359333333333339 ], [ -8.490277777777777, 54.359444444416667 ], [ -8.490277777847222, 54.359444444444449 ], [ -8.490555555555556, 54.359555555555559 ], [ -8.490833333333333, 54.359660493827164 ], [ -8.490972222291667, 54.359722222222224 ], [ -8.491111111111111, 54.359777777777779 ], [ -8.491388888888888, 54.359876543209879 ], [ -8.491666666666667, 54.359969135802473 ], [ -8.491759259259259, 54.36 ], [ -8.491944444444444, 54.360069444444449 ], [ -8.492222222222223, 54.36015873015873 ], [ -8.4925, 54.360243055555557 ], [ -8.492638889027777, 54.360277777777782 ], [ -8.492777777777777, 54.3603125 ], [ -8.493055555555555, 54.360381944444448 ], [ -8.493333333333332, 54.36045138888889 ], [ -8.493611111111111, 54.360555555524691 ], [ -8.493611111249999, 54.360555555555557 ], [ -8.493888888888888, 54.360617283950617 ], [ -8.494166666666667, 54.360694444416666 ], [ -8.494444444444444, 54.360757575757582 ], [ -8.494722222222222, 54.360833333305557 ], [ -8.494722222314815, 54.360833333333339 ], [ -8.495, 54.360925925925926 ], [ -8.495138888888889, 54.360925925925926 ] ] } },
{ "type": "Feature", "properties": { "ID": 11, "height": 180.0 }, "geometry": { "type": "LineString", "coordinates": [ [ -8.485000000069444, 54.357638888888893 ], [ -8.485000000069444, 54.357777777777777 ], [ -8.485277777777778, 54.357962962962965 ], [ -8.485388888888888, 54.358055555555559 ], [ -8.485555555555555, 54.358194444398151 ], [ -8.485722222222222, 54.358333333333334 ], [ -8.485833333333334, 54.358395061728395 ], [ -8.486111111111111, 54.358549382716049 ], [ -8.486250000069445, 54.358611111111117 ], [ -8.486388888888889, 54.358680555555559 ], [ -8.486666666666666, 54.35881944444445 ], [ -8.486851851851851, 54.358888888888892 ], [ -8.486944444444443, 54.358916666666666 ], [ -8.487222222222222, 54.359 ], [ -8.4875, 54.359090909090909 ], [ -8.487777777777778, 54.359143518518522 ], [ -8.48787037037037, 54.359166666666667 ], [ -8.488055555555555, 54.359228395061727 ], [ -8.488333333333333, 54.359305555527783 ], [ -8.48861111111111, 54.359393939393939 ], [ -8.488796296296297, 54.359444444444449 ], [ -8.488888888888889, 54.359475308641976 ], [ -8.489166666666666, 54.359598765432104 ], [ -8.489444444444445, 54.3597222221875 ], [ -8.489444444513888, 54.359722222222224 ], [ -8.489722222222222, 54.359845679012345 ], [ -8.49, 54.359938271604939 ], [ -8.490185185185185, 54.36 ], [ -8.490277777777777, 54.360023148148152 ], [ -8.490555555555556, 54.360085470085473 ], [ -8.490833333333333, 54.360185185185188 ], [ -8.491055555555555, 54.360277777777782 ], [ -8.491111111111111, 54.360300925925927 ], [ -8.491388888888888, 54.360416666643523 ], [ -8.491666666666667, 54.360530303030302 ], [ -8.491722222222222, 54.360555555555557 ], [ -8.491944444444444, 54.360679012345685 ], [ -8.492175925925926, 54.360833333333339 ], [ -8.492222222222223, 54.360864197530866 ], [ -8.4925, 54.360987654320986 ], [ -8.492777777777777, 54.361080246913581 ], [ -8.492870370370371, 54.361111111111114 ], [ -8.493055555555555, 54.361172839506175 ], [ -8.493333333333332, 54.361269841269845 ], [ -8.493611111111111, 54.361309523809524 ], [ -8.493888888888888, 54.36134920634921 ], [ -8.494166666666667, 54.361388888849206 ], [ -8.494166666944444, 54.361388888888889 ], [ -8.494444444444444, 54.361444444444444 ], [ -8.494722222222222, 54.361555555555555 ], [ -8.495, 54.361620370370375 ], [ -8.495138888888889, 54.361620370370375 ] ] } },
{ "type": "Feature", "properties": { "ID": 12, "height": 200.0 }, "geometry": { "type": "LineString", "coordinates": [ [ -8.48298611111111, 54.357638888888893 ], [ -8.48298611111111, 54.357777777777777 ], [ -8.483055555555556, 54.3578125 ], [ -8.483333333333333, 54.357916666631944 ], [ -8.483611111111111, 54.35798611111111 ], [ -8.483888888888888, 54.358055555515875 ], [ -8.483888888981481, 54.358055555555559 ], [ -8.484166666666667, 54.358159722222226 ], [ -8.484444444444444, 54.35824074074074 ], [ -8.484652777777777, 54.358333333333334 ], [ -8.484722222222222, 54.358364197530868 ], [ -8.485, 54.35847222219445 ], [ -8.485198412698413, 54.358611111111117 ], [ -8.485277777777778, 54.358680555555559 ], [ -8.485555555555555, 54.358858024691358 ], [ -8.485601851851852, 54.358888888888892 ], [ -8.485833333333334, 54.359015151515152 ], [ -8.486111111111111, 54.35912037037037 ], [ -8.486222222222223, 54.359166666666667 ], [ -8.486388888888889, 54.359242424242424 ], [ -8.486666666666666, 54.359351851851855 ], [ -8.486944444444443, 54.359444444419196 ], [ -8.486944444513888, 54.359444444444449 ], [ -8.487222222222222, 54.35956790123457 ], [ -8.4875, 54.359691358024691 ], [ -8.487592592592593, 54.359722222222224 ], [ -8.487777777777778, 54.359764957264957 ], [ -8.488055555555555, 54.359814814814818 ], [ -8.488333333333333, 54.359861111087966 ], [ -8.48861111111111, 54.359972222222225 ], [ -8.488666666666667, 54.36 ], [ -8.488888888888889, 54.360123456790127 ], [ -8.489166666666666, 54.360222222222227 ], [ -8.489444444444445, 54.360277777754632 ], [ -8.489444444513888, 54.360277777777782 ], [ -8.489722222222222, 54.360363247863248 ], [ -8.49, 54.360427350427351 ], [ -8.490277777777777, 54.360505050505054 ], [ -8.490462962962962, 54.360555555555557 ], [ -8.490555555555556, 54.360583333333338 ], [ -8.490833333333333, 54.360694444416666 ], [ -8.491111111111111, 54.360805555555558 ], [ -8.491166666666667, 54.360833333333339 ], [ -8.491388888888888, 54.36095679012346 ], [ -8.491666666666667, 54.361111111080248 ], [ -8.491666666712963, 54.361111111111114 ], [ -8.491944444444444, 54.361249999976856 ], [ -8.492222222222223, 54.36138888886574 ], [ -8.492222222277777, 54.361388888888889 ], [ -8.4925, 54.361495726495725 ], [ -8.492777777777777, 54.361616161616162 ], [ -8.492870370370371, 54.361666666666672 ], [ -8.493055555555555, 54.361825396825402 ], [ -8.49319444449074, 54.361944444444447 ], [ -8.493333333333332, 54.362083333287039 ], [ -8.493541666666667, 54.362222222222222 ], [ -8.493611111111111, 54.362277777777777 ], [ -8.493888888888888, 54.362444444444449 ], [ -8.493981481481482, 54.3625 ], [ -8.494166666666667, 54.362592592592598 ], [ -8.494444444444444, 54.362722222222224 ], [ -8.4945, 54.362777777777779 ], [ -8.49461111111111, 54.363055555555555 ], [ -8.494513888888889, 54.363333333333337 ], [ -8.494444444444444, 54.363379629629634 ], [ -8.494246031746032, 54.363611111111112 ], [ -8.494166666666667, 54.363750000069444 ], [ -8.494055555555555, 54.363888888888894 ], [ -8.493888888888888, 54.364097222222227 ], [ -8.493796296296296, 54.364166666666669 ], [ -8.493611111111111, 54.364305555625002 ], [ -8.493333333472222, 54.364444444444445 ], [ -8.493333333333332, 54.364444444583334 ], [ -8.493148148148148, 54.364722222222227 ], [ -8.493055555555555, 54.364761904761906 ], [ -8.492777777777777, 54.364861111145835 ], [ -8.492500000069445, 54.365 ], [ -8.4925, 54.365000000034726 ], [ -8.492222222222223, 54.365154320987656 ], [ -8.491944444513889, 54.365277777777777 ], [ -8.491944444444444, 54.365277777808643 ], [ -8.491666666666667, 54.365401234567905 ], [ -8.491388888888888, 54.365493827160499 ], [ -8.491203703703704, 54.365555555555559 ], [ -8.491111111111111, 54.365583333333333 ], [ -8.490833333333333, 54.365656565656565 ], [ -8.490555555555556, 54.365717592592596 ], [ -8.490277777833333, 54.365833333333335 ], [ -8.490277777777777, 54.365833333361117 ], [ -8.49, 54.365972222245375 ], [ -8.489722222222222, 54.366071428571431 ], [ -8.489611111111111, 54.366111111111117 ], [ -8.489444444444445, 54.366166666666672 ], [ -8.489166666666666, 54.366250000019846 ], [ -8.488888888888889, 54.366349206349206 ], [ -8.488750000069444, 54.366388888888892 ], [ -8.48861111111111, 54.366444444444447 ], [ -8.488333333333333, 54.366540404040407 ], [ -8.488055555555555, 54.36662037037037 ], [ -8.48787037037037, 54.366666666666667 ], [ -8.487777777777778, 54.366697530864201 ], [ -8.4875, 54.366777777777777 ], [ -8.487222222222222, 54.366868686868692 ], [ -8.487013888888889, 54.366944444444449 ], [ -8.486944444444443, 54.367 ], [ -8.486666666666666, 54.367175925925928 ], [ -8.486527777916667, 54.367222222222225 ], [ -8.486388888888889, 54.367291666666667 ], [ -8.486111111111111, 54.367444444444445 ], [ -8.485972222361111, 54.3675 ], [ -8.485833333333334, 54.367546296296297 ], [ -8.485555555555555, 54.367685185185188 ], [ -8.48537037037037, 54.367777777777782 ], [ -8.485277777777778, 54.367824074074079 ], [ -8.485, 54.367962962962963 ], [ -8.484861111180555, 54.368055555555557 ], [ -8.484722222222222, 54.368134920634922 ], [ -8.484444444444444, 54.368293650793653 ], [ -8.484351851851851, 54.368333333333332 ], [ -8.484166666666667, 54.368444444444449 ], [ -8.483888888981481, 54.368611111111115 ], [ -8.483888888888888, 54.368611111157406 ], [ -8.483611111111111, 54.368611111166672 ], [ -8.483333333333333, 54.36866666666667 ], [ -8.483055555555556, 54.36866666666667 ], [ -8.482777777777777, 54.368703703703709 ], [ -8.4825, 54.368703703703709 ], [ -8.482222222222221, 54.368730158730159 ], [ -8.481944444444444, 54.368809523809524 ], [ -8.481666666805555, 54.36888888888889 ], [ -8.481666666666666, 54.368888888928574 ], [ -8.481388888888889, 54.368958333333339 ], [ -8.48111111111111, 54.369027777805556 ], [ -8.480833333333333, 54.369083333333336 ], [ -8.480555555555556, 54.369141414141417 ], [ -8.480462962962962, 54.369166666666672 ], [ -8.480277777777777, 54.369236111111114 ], [ -8.48, 54.369375 ], [ -8.479722222361112, 54.369444444444447 ], [ -8.479722222222222, 54.369444444479171 ], [ -8.479444444444445, 54.369523809523812 ], [ -8.479166666666666, 54.369642857142857 ], [ -8.478981481481481, 54.369722222222222 ], [ -8.478981481481481, 54.369861111111113 ] ] } },
{ "type": "Feature", "properties": { "ID": 13, "height": 220.0 }, "geometry": { "type": "LineString", "coordinates": [ [ -8.48199074074074, 54.357638888888893 ], [ -8.48199074074074, 54.357777777777777 ], [ -8.482222222222221, 54.357951388888893 ], [ -8.482361111157408, 54.358055555555559 ], [ -8.4825, 54.358148148148153 ], [ -8.482777777777777, 54.35830555555556 ], [ -8.482847222222222, 54.358333333333334 ], [ -8.483055555555556, 54.358409090909092 ], [ -8.483333333333333, 54.358510101010104 ], [ -8.483611111111111, 54.358611111083334 ], [ -8.483611111203704, 54.358611111111117 ], [ -8.483888888888888, 54.358715277777783 ], [ -8.484166666666667, 54.35881944444445 ], [ -8.484351851851851, 54.358888888888892 ], [ -8.484444444444444, 54.358928571428571 ], [ -8.484722222222222, 54.359087301587302 ], [ -8.484861111180555, 54.359166666666667 ], [ -8.485, 54.359209401709407 ], [ -8.485277777777778, 54.359305555532409 ], [ -8.485555555555555, 54.359393939393939 ], [ -8.485666666666667, 54.359444444444449 ], [ -8.485833333333334, 54.359527777777778 ], [ -8.486111111111111, 54.359660493827164 ], [ -8.486250000069445, 54.359722222222224 ], [ -8.486388888888889, 54.359768518518521 ], [ -8.486666666666666, 54.359873737373739 ], [ -8.486944444444443, 54.359976851851854 ], [ -8.487013888888889, 54.36 ], [ -8.487222222222222, 54.360069444444449 ], [ -8.4875, 54.360128205128206 ], [ -8.487777777777778, 54.360178571428577 ], [ -8.488055555555555, 54.360277777754632 ], [ -8.48805555561111, 54.360277777777782 ], [ -8.488333333333333, 54.360416666638891 ], [ -8.48861111111111, 54.360555555527782 ], [ -8.488611111180555, 54.360555555555557 ], [ -8.488888888888889, 54.360634920634922 ], [ -8.489166666666666, 54.360683760683763 ], [ -8.489444444444445, 54.360717592592593 ], [ -8.489722222222222, 54.360810185185187 ], [ -8.489814814814814, 54.360833333333339 ], [ -8.49, 54.360879629629629 ], [ -8.490277777777777, 54.361010101010102 ], [ -8.4905, 54.361111111111114 ], [ -8.490555555555556, 54.361136363636369 ], [ -8.490833333333333, 54.361249999972223 ], [ -8.491111111111111, 54.361361111111115 ], [ -8.491166666666667, 54.361388888888889 ], [ -8.491388888888888, 54.361481481481484 ], [ -8.491666666666667, 54.361559829059829 ], [ -8.491944444444444, 54.361666666646826 ], [ -8.4919444445, 54.361666666666672 ], [ -8.492222222222223, 54.361805555527781 ], [ -8.492395833333333, 54.361944444444447 ], [ -8.4925, 54.362083333287039 ], [ -8.492638888935184, 54.362222222222222 ], [ -8.492777777777777, 54.362361111064814 ], [ -8.492881944444445, 54.3625 ], [ -8.493055555555555, 54.362698412698414 ], [ -8.493134920634921, 54.362777777777779 ], [ -8.493333333333332, 54.362932098765434 ], [ -8.493518518518519, 54.363055555555555 ], [ -8.493611111111111, 54.363240740740743 ], [ -8.493657407407406, 54.363333333333337 ], [ -8.493611111111111, 54.363402777777779 ], [ -8.493506944444444, 54.363611111111112 ], [ -8.493333333333332, 54.363726851851851 ], [ -8.493055555595237, 54.363888888888894 ], [ -8.493055555555555, 54.363888888916669 ], [ -8.492777777777777, 54.364074074074075 ], [ -8.492638888923612, 54.364166666666669 ], [ -8.4925, 54.3643253968254 ], [ -8.492380952380952, 54.364444444444445 ], [ -8.492222222222223, 54.364567901234572 ], [ -8.491990740740741, 54.364722222222227 ], [ -8.491944444444444, 54.364747474747475 ], [ -8.491666666666667, 54.364884259259263 ], [ -8.491388888944444, 54.365 ], [ -8.491388888888888, 54.365000000021368 ], [ -8.491111111111111, 54.365092592592596 ], [ -8.490833333333333, 54.365208333333335 ], [ -8.490674603174602, 54.365277777777777 ], [ -8.490555555555556, 54.365329861111114 ], [ -8.490277777777777, 54.365425925925926 ], [ -8.49, 54.365537037037036 ], [ -8.489960317460318, 54.365555555555559 ], [ -8.489722222222222, 54.365674603174604 ], [ -8.489444444444445, 54.365796296296296 ], [ -8.489351851851852, 54.365833333333335 ], [ -8.489166666666666, 54.365898692810461 ], [ -8.488888888888889, 54.365987654320989 ], [ -8.48861111111111, 54.366052631578953 ], [ -8.488388888888888, 54.366111111111117 ], [ -8.488333333333333, 54.366129629629633 ], [ -8.488055555555555, 54.366203703703704 ], [ -8.487777777777778, 54.366289682539687 ], [ -8.4875, 54.366346153846159 ], [ -8.487361111180554, 54.366388888888892 ], [ -8.487222222222222, 54.366428571428571 ], [ -8.486944444444443, 54.366507936507936 ], [ -8.486666666666666, 54.366607142857148 ], [ -8.486458333333333, 54.366666666666667 ], [ -8.486388888888889, 54.366689814814819 ], [ -8.486111111111111, 54.366794871794873 ], [ -8.485833333333334, 54.366865079365084 ], [ -8.485555555625, 54.366944444444449 ], [ -8.485555555555555, 54.366944444472225 ], [ -8.485277777777778, 54.367027777777778 ], [ -8.485, 54.36712962962963 ], [ -8.484791666666666, 54.367222222222225 ], [ -8.484722222222222, 54.367256944444449 ], [ -8.484444444444444, 54.367395833333333 ], [ -8.484166666759259, 54.3675 ], [ -8.484166666666667, 54.367500000046299 ], [ -8.483888888888888, 54.367638888923615 ], [ -8.483611111111111, 54.367708333333333 ], [ -8.483333333472222, 54.367777777777782 ], [ -8.483333333333333, 54.367777777824074 ], [ -8.483055555555556, 54.367896825396826 ], [ -8.482777777777777, 54.367986111111115 ], [ -8.482638888958332, 54.368055555555557 ], [ -8.4825, 54.368111111111112 ], [ -8.482222222222221, 54.368217592592593 ], [ -8.481944444444444, 54.36828282828283 ], [ -8.48175925925926, 54.368333333333332 ], [ -8.481666666666666, 54.368354700854702 ], [ -8.481388888888889, 54.368425925925926 ], [ -8.48111111111111, 54.368510101010102 ], [ -8.480833333333333, 54.368560606060612 ], [ -8.480648148148148, 54.368611111111115 ], [ -8.480555555555556, 54.368636363636369 ], [ -8.480277777777777, 54.368712121212127 ], [ -8.48, 54.368813131313132 ], [ -8.479722222222222, 54.368867521367527 ], [ -8.479583333472222, 54.36888888888889 ], [ -8.479444444444445, 54.368919753086423 ], [ -8.479166666666666, 54.369050925925926 ], [ -8.478888888888889, 54.369146825396825 ], [ -8.478849206349206, 54.369166666666672 ], [ -8.47861111111111, 54.369305555578705 ], [ -8.478333333379629, 54.369444444444447 ], [ -8.478333333333333, 54.369444444475313 ], [ -8.478055555555555, 54.369555555555557 ], [ -8.477777777777778, 54.36965277777778 ], [ -8.4775, 54.36965277777778 ], [ -8.477222222222222, 54.369658119658119 ], [ -8.476944444537036, 54.369722222222222 ], [ -8.476944444537036, 54.369861111111113 ] ] } },
{ "type": "Feature", "properties": { "ID": 14, "height": 240.0 }, "geometry": { "type": "LineString", "coordinates": [ [ -8.480777777777778, 54.357638888888893 ], [ -8.480777777777778, 54.357777777777777 ], [ -8.480833333333333, 54.357800925925929 ], [ -8.48111111111111, 54.35788461538462 ], [ -8.481388888888889, 54.358005050505049 ], [ -8.4815, 54.358055555555559 ], [ -8.481666666666666, 54.358131313131317 ], [ -8.481913580246914, 54.358333333333334 ], [ -8.481944444444444, 54.358356481481486 ], [ -8.482222222222221, 54.358511904761905 ], [ -8.482453703703703, 54.358611111111117 ], [ -8.4825, 54.358645833333334 ], [ -8.482777777777777, 54.358827160493831 ], [ -8.482888888888889, 54.358888888888892 ], [ -8.483055555555556, 54.359007936507936 ], [ -8.483277777777777, 54.359166666666667 ], [ -8.483333333333333, 54.359189814814819 ], [ -8.483611111111111, 54.359277777777777 ], [ -8.483888888888888, 54.359382716049382 ], [ -8.484074074074075, 54.359444444444449 ], [ -8.484166666666667, 54.359465811965812 ], [ -8.484444444444444, 54.359508547008552 ], [ -8.484722222222222, 54.359583333310191 ], [ -8.485, 54.359652777777782 ], [ -8.485166666666666, 54.359722222222224 ], [ -8.485277777777778, 54.359783950617285 ], [ -8.485555555555555, 54.35991666666667 ], [ -8.485763888888888, 54.36 ], [ -8.485833333333334, 54.360019841269846 ], [ -8.486111111111111, 54.360106837606843 ], [ -8.486388888888889, 54.360231481481485 ], [ -8.486481481481482, 54.360277777777782 ], [ -8.486666666666666, 54.360347222222224 ], [ -8.486944444444443, 54.360425925925931 ], [ -8.487222222222222, 54.360512820512824 ], [ -8.487361111180554, 54.360555555555557 ], [ -8.4875, 54.360584795321643 ], [ -8.487777777777778, 54.360648148148151 ], [ -8.488055555555555, 54.360725308641975 ], [ -8.488333333333333, 54.360800653594772 ], [ -8.488425925925926, 54.360833333333339 ], [ -8.48861111111111, 54.360898692810458 ], [ -8.488888888888889, 54.360996732026145 ], [ -8.489166666666666, 54.361059027777777 ], [ -8.489444444444445, 54.361111111092598 ], [ -8.4894444445, 54.361111111111114 ], [ -8.489722222222222, 54.361265432098769 ], [ -8.489907407407408, 54.361388888888889 ], [ -8.49, 54.36143162393163 ], [ -8.490277777777777, 54.361527777754631 ], [ -8.490555555555556, 54.361620370370375 ], [ -8.490666666666666, 54.361666666666672 ], [ -8.490833333333333, 54.361736111111114 ], [ -8.491111111111111, 54.361837606837611 ], [ -8.491388888888888, 54.361944444421297 ], [ -8.491388888944444, 54.361944444444447 ], [ -8.491666666666667, 54.362142857142857 ], [ -8.491759259259259, 54.362222222222222 ], [ -8.491944444444444, 54.362361111076389 ], [ -8.492103174603175, 54.3625 ], [ -8.492222222222223, 54.362604166666671 ], [ -8.492395833333333, 54.362777777777779 ], [ -8.4925, 54.362881944444446 ], [ -8.49267361111111, 54.363055555555555 ], [ -8.492777777777777, 54.363174603174606 ], [ -8.492916666701388, 54.363333333333337 ], [ -8.492777777812499, 54.363611111111112 ], [ -8.492777777777777, 54.363611111134261 ], [ -8.4925, 54.3637962962963 ], [ -8.492361111145833, 54.363888888888894 ], [ -8.492222222222223, 54.3639898989899 ], [ -8.492006172839506, 54.364166666666669 ], [ -8.491944444444444, 54.364222222222224 ], [ -8.491697530864197, 54.364444444444445 ], [ -8.491666666666667, 54.364464285714291 ], [ -8.491388888888888, 54.364574074074078 ], [ -8.491111111111111, 54.364685185185188 ], [ -8.491049382716049, 54.364722222222227 ], [ -8.490833333333333, 54.364851851851853 ], [ -8.490555555590278, 54.365 ], [ -8.490555555555556, 54.365000000016344 ], [ -8.490277777777777, 54.365092592592596 ], [ -8.49, 54.36518518518519 ], [ -8.489791666666667, 54.365277777777777 ], [ -8.489722222222222, 54.3653125 ], [ -8.489444444444445, 54.36544117647059 ], [ -8.489166666666666, 54.365522875816993 ], [ -8.489055555555556, 54.365555555555559 ], [ -8.488888888888889, 54.365619658119662 ], [ -8.48861111111111, 54.36573412698413 ], [ -8.488333333388889, 54.365833333333335 ], [ -8.488333333333333, 54.365833333347958 ], [ -8.488055555555555, 54.365879629629632 ], [ -8.487777777777778, 54.365931372549021 ], [ -8.4875, 54.365964052287588 ], [ -8.487222222222222, 54.365996732026147 ], [ -8.486944444444443, 54.366074074074078 ], [ -8.486833333333333, 54.366111111111117 ], [ -8.486666666666666, 54.366180555555559 ], [ -8.486388888888889, 54.366273148148153 ], [ -8.486111111166666, 54.366388888888892 ], [ -8.486111111111111, 54.36638888890873 ], [ -8.485833333333334, 54.366452991452995 ], [ -8.485555555555555, 54.366538461538461 ], [ -8.485277777777778, 54.366592592592596 ], [ -8.485, 54.366650326797391 ], [ -8.484944444444444, 54.366666666666667 ], [ -8.484722222222222, 54.366746031746032 ], [ -8.484444444444444, 54.366845238095237 ], [ -8.484212962962962, 54.366944444444449 ], [ -8.484166666666667, 54.366967592592594 ], [ -8.483888888888888, 54.36710317460318 ], [ -8.483611111111111, 54.367162698412699 ], [ -8.483333333425925, 54.367222222222225 ], [ -8.483333333333333, 54.367222222247477 ], [ -8.483055555555556, 54.367291666666667 ], [ -8.482777777777777, 54.367361111134258 ], [ -8.4825, 54.367457264957267 ], [ -8.482388888888888, 54.3675 ], [ -8.482222222222221, 54.367592592592594 ], [ -8.481944444444444, 54.367716049382722 ], [ -8.481833333333332, 54.367777777777782 ], [ -8.481666666666666, 54.367853535353539 ], [ -8.481388888888889, 54.367916666689815 ], [ -8.48111111111111, 54.367986111111115 ], [ -8.480944444444445, 54.368055555555557 ], [ -8.480833333333333, 54.36809829059829 ], [ -8.480555555555556, 54.368177083333336 ], [ -8.480277777777777, 54.368259259259261 ], [ -8.480055555555555, 54.368333333333332 ], [ -8.48, 54.368354700854702 ], [ -8.479722222222222, 54.368440170940175 ], [ -8.479444444444445, 54.368531746031749 ], [ -8.479222222222221, 54.368611111111115 ], [ -8.479166666666666, 54.368630952380954 ], [ -8.478888888888889, 54.368739316239321 ], [ -8.478611111150792, 54.36888888888889 ], [ -8.47861111111111, 54.368888888908735 ], [ -8.478333333333333, 54.369027777797619 ], [ -8.478055555555555, 54.369120370370375 ], [ -8.477944444444445, 54.369166666666672 ], [ -8.477777777777778, 54.369226190476191 ], [ -8.4775, 54.369240740740743 ], [ -8.477222222222222, 54.369259259259259 ], [ -8.476944444444444, 54.369325396825403 ], [ -8.476666666666667, 54.369404761904761 ], [ -8.476587301587301, 54.369444444444447 ], [ -8.476388888888888, 54.369537037037041 ], [ -8.476111111111111, 54.36965277777778 ], [ -8.475925925925926, 54.369722222222222 ], [ -8.475925925925926, 54.369861111111113 ] ] } },
{ "type": "Feature", "properties": { "ID": 15, "height": 260.0 }, "geometry": { "type": "LineString", "coordinates": [ [ -8.478214285714285, 54.357638888888893 ], [ -8.478214285714285, 54.357777777777777 ], [ -8.478333333333333, 54.357833333333339 ], [ -8.47861111111111, 54.357944444444449 ], [ -8.478769841269841, 54.358055555555559 ], [ -8.478888888888889, 54.358119658119662 ], [ -8.479166666666666, 54.358194444416668 ], [ -8.479444444444445, 54.358298611111117 ], [ -8.479722222222222, 54.35833333329861 ], [ -8.4797222225, 54.358333333333334 ], [ -8.48, 54.358373015873021 ], [ -8.4802777775, 54.358333333333334 ], [ -8.480277777777777, 54.35833333329365 ], [ -8.480555555555556, 54.358293650793655 ], [ -8.480833333333333, 54.358333333302468 ], [ -8.480833333611111, 54.358333333333334 ], [ -8.48111111111111, 54.358373015873021 ], [ -8.481388888888889, 54.358549382716049 ], [ -8.481527777847221, 54.358611111111117 ], [ -8.481666666666666, 54.358722222222227 ], [ -8.481833333333332, 54.358888888888892 ], [ -8.481944444444444, 54.359 ], [ -8.482111111111111, 54.359166666666667 ], [ -8.482222222222221, 54.359212962962964 ], [ -8.4825, 54.359328703703703 ], [ -8.482777777777777, 54.359421296296297 ], [ -8.482833333333334, 54.359444444444449 ], [ -8.483055555555556, 54.35951851851852 ], [ -8.483333333333333, 54.359600694444445 ], [ -8.483611111111111, 54.359703703703708 ], [ -8.483657407407406, 54.359722222222224 ], [ -8.483888888888888, 54.359799382716055 ], [ -8.484166666666667, 54.359893162393163 ], [ -8.484365079365078, 54.36 ], [ -8.484444444444444, 54.360030864197533 ], [ -8.484722222222222, 54.360111111111117 ], [ -8.485, 54.360227272727272 ], [ -8.485277777777778, 54.360277777756416 ], [ -8.485277777916666, 54.360277777777782 ], [ -8.485555555555555, 54.360308641975308 ], [ -8.485833333333334, 54.360392156862744 ], [ -8.486111111111111, 54.360486111111115 ], [ -8.486296296296295, 54.360555555555557 ], [ -8.486388888888889, 54.360588235294117 ], [ -8.486666666666666, 54.360672514619885 ], [ -8.486944444444443, 54.360736111111116 ], [ -8.487222222222222, 54.360793650793653 ], [ -8.487361111157407, 54.360833333333339 ], [ -8.4875, 54.360873015873018 ], [ -8.487777777777778, 54.360944444444449 ], [ -8.488055555555555, 54.361033950617283 ], [ -8.488287037037036, 54.361111111111114 ], [ -8.488333333333333, 54.36112962962963 ], [ -8.48861111111111, 54.36124999998016 ], [ -8.488888888888889, 54.36136904761905 ], [ -8.488935185185184, 54.361388888888889 ], [ -8.489166666666666, 54.36146604938272 ], [ -8.489444444444445, 54.3615625 ], [ -8.489652777777778, 54.361666666666672 ], [ -8.489722222222222, 54.36169590643275 ], [ -8.49, 54.361822916666668 ], [ -8.490277777777777, 54.361944444424608 ], [ -8.490277777824074, 54.361944444444447 ], [ -8.490555555555556, 54.362095959595962 ], [ -8.490787037037038, 54.362222222222222 ], [ -8.490833333333333, 54.362242063492069 ], [ -8.491111111111111, 54.362373737373737 ], [ -8.491309523809523, 54.3625 ], [ -8.491388888888888, 54.362561728395065 ], [ -8.491666666666667, 54.362777777743055 ], [ -8.491666666701388, 54.362777777777779 ], [ -8.491944444444444, 54.363 ], [ -8.492006172839506, 54.363055555555555 ], [ -8.492222222222223, 54.363298611111112 ], [ -8.492253086419753, 54.363333333333337 ], [ -8.492222222222223, 54.363402777777779 ], [ -8.492103174603175, 54.363611111111112 ], [ -8.491944444444444, 54.363712121212124 ], [ -8.491728395061727, 54.363888888888894 ], [ -8.491666666666667, 54.363944444444449 ], [ -8.491419753086419, 54.364166666666669 ], [ -8.491388888888888, 54.364186507936509 ], [ -8.491111111111111, 54.364330065359482 ], [ -8.490895061728395, 54.364444444444445 ], [ -8.490833333333333, 54.364481481481484 ], [ -8.490555555555556, 54.364662698412701 ], [ -8.490416666712962, 54.364722222222227 ], [ -8.490277777777777, 54.36477124183007 ], [ -8.49, 54.364876543209881 ], [ -8.489722222222222, 54.364970760233923 ], [ -8.489642857142856, 54.365 ], [ -8.489444444444445, 54.365092592592596 ], [ -8.489166666666666, 54.365200617283953 ], [ -8.488888888944444, 54.365277777777777 ], [ -8.488888888888889, 54.36527777779412 ], [ -8.48861111111111, 54.365364583333339 ], [ -8.488333333333333, 54.36546875 ], [ -8.488055555555555, 54.365540123456789 ], [ -8.488, 54.365555555555559 ], [ -8.487777777777778, 54.36561728395062 ], [ -8.4875, 54.365674603174604 ], [ -8.487222222222222, 54.365717592592596 ], [ -8.486944444444443, 54.365748792270537 ], [ -8.486666666666666, 54.36578502415459 ], [ -8.486388888888889, 54.365822222222228 ], [ -8.486319444444444, 54.365833333333335 ], [ -8.486111111111111, 54.365902777777777 ], [ -8.485833333333334, 54.365982905982911 ], [ -8.485555555555555, 54.366055555555555 ], [ -8.485388888888888, 54.366111111111117 ], [ -8.485277777777778, 54.366161616161619 ], [ -8.485, 54.36628787878788 ], [ -8.484722222222222, 54.366363636363637 ], [ -8.484652777777777, 54.366388888888892 ], [ -8.484444444444444, 54.366448412698418 ], [ -8.484166666666667, 54.366565656565662 ], [ -8.484007936507936, 54.366666666666667 ], [ -8.483888888888888, 54.366722222222222 ], [ -8.483611111111111, 54.366777777777777 ], [ -8.483333333333333, 54.366840277777783 ], [ -8.483055555555556, 54.366898148148152 ], [ -8.482847222222222, 54.366944444444449 ], [ -8.482777777777777, 54.366962962962965 ], [ -8.4825, 54.367075163398695 ], [ -8.482222222222221, 54.3671783625731 ], [ -8.481944444537037, 54.367222222222225 ], [ -8.481944444444444, 54.367222222243591 ], [ -8.481666666666666, 54.367314814814819 ], [ -8.481388888888889, 54.367393162393164 ], [ -8.48111111111111, 54.367478632478637 ], [ -8.481055555555555, 54.3675 ], [ -8.480833333333333, 54.367601010101012 ], [ -8.480555555555556, 54.367708333333333 ], [ -8.480436507936508, 54.367777777777782 ], [ -8.480277777777777, 54.367863247863248 ], [ -8.48, 54.36796875 ], [ -8.479722222277777, 54.368055555555557 ], [ -8.479722222222222, 54.368055555574074 ], [ -8.479444444444445, 54.368148148148151 ], [ -8.479166666666666, 54.368253968253974 ], [ -8.478981481481481, 54.368333333333332 ], [ -8.478888888888889, 54.368368055555557 ], [ -8.47861111111111, 54.368481481481481 ], [ -8.478333333373016, 54.368611111111115 ], [ -8.478333333333333, 54.368611111132481 ], [ -8.478055555555555, 54.368657407407412 ], [ -8.477777777777778, 54.368737373737375 ], [ -8.4775, 54.368773148148151 ], [ -8.477222222222222, 54.368819444444448 ], [ -8.477013888888889, 54.36888888888889 ], [ -8.476944444444444, 54.36891025641026 ], [ -8.476666666666667, 54.368995726495726 ], [ -8.476388888888888, 54.369116161616162 ], [ -8.476296296296296, 54.369166666666672 ], [ -8.476111111111111, 54.369259259259259 ], [ -8.475833333333332, 54.369333333333337 ], [ -8.475555555625, 54.369444444444447 ], [ -8.475555555555555, 54.369444444467597 ], [ -8.475277777777777, 54.369520202020205 ], [ -8.475, 54.369621212121217 ], [ -8.474722222222223, 54.369691358024696 ], [ -8.474629629629629, 54.369722222222222 ], [ -8.474629629629629, 54.369861111111113 ] ] } },
{ "type": "Feature", "properties": { "ID": 16, "height": 280.0 }, "geometry": { "type": "LineString", "coordinates": [ [ -8.477314814814815, 54.357638888888893 ], [ -8.477314814814815, 54.357777777777777 ], [ -8.4775, 54.357839506172844 ], [ -8.477777777777778, 54.357924836601306 ], [ -8.478055555555555, 54.358055555538193 ], [ -8.478055555590277, 54.358055555555559 ], [ -8.478333333333333, 54.358186274509805 ], [ -8.478583333333333, 54.358333333333334 ], [ -8.47861111111111, 54.358347953216374 ], [ -8.478888888888889, 54.358496732026147 ], [ -8.479131944444443, 54.358611111111117 ], [ -8.479166666666666, 54.358630952380956 ], [ -8.479444444444445, 54.358803418803419 ], [ -8.479722222222222, 54.358867521367522 ], [ -8.479814814814814, 54.358888888888892 ], [ -8.48, 54.358968253968257 ], [ -8.480277777777777, 54.358993055555558 ], [ -8.480555555555556, 54.358993055555558 ], [ -8.480833333333333, 54.359097222222225 ], [ -8.481018518518518, 54.359166666666667 ], [ -8.48111111111111, 54.359194444444448 ], [ -8.481388888888889, 54.359343434343437 ], [ -8.481611111111111, 54.359444444444449 ], [ -8.481666666666666, 54.359465811965812 ], [ -8.481944444444444, 54.359572649572655 ], [ -8.482222222222221, 54.359675925925927 ], [ -8.482407407407408, 54.359722222222224 ], [ -8.4825, 54.35974074074074 ], [ -8.482777777777777, 54.359791666666666 ], [ -8.483055555555556, 54.359853801169592 ], [ -8.483333333333333, 54.359894179894184 ], [ -8.483611111111111, 54.359999999985384 ], [ -8.483611111150793, 54.36 ], [ -8.483888888888888, 54.360097222222223 ], [ -8.484166666666667, 54.360219298245617 ], [ -8.484305555590277, 54.360277777777782 ], [ -8.484444444444444, 54.360322222222223 ], [ -8.484722222222222, 54.360405092592593 ], [ -8.485, 54.360486111111115 ], [ -8.485277777777778, 54.360542328042328 ], [ -8.485333333333333, 54.360555555555557 ], [ -8.485555555555555, 54.360629629629635 ], [ -8.485833333333334, 54.360740740740745 ], [ -8.486064814814814, 54.360833333333339 ], [ -8.486111111111111, 54.360849673202615 ], [ -8.486388888888889, 54.360910493827163 ], [ -8.486666666666666, 54.360958333333336 ], [ -8.486944444444443, 54.361005291005291 ], [ -8.487222222222222, 54.361047979797981 ], [ -8.487420634920635, 54.361111111111114 ], [ -8.4875, 54.361140350877193 ], [ -8.487777777777778, 54.36124183006536 ], [ -8.488055555555555, 54.361371527777777 ], [ -8.488095238095237, 54.361388888888889 ], [ -8.488333333333333, 54.361472222222226 ], [ -8.48861111111111, 54.361569444444449 ], [ -8.488888888888889, 54.361652777777778 ], [ -8.48892361111111, 54.361666666666672 ], [ -8.489166666666666, 54.361755050505053 ], [ -8.489444444444445, 54.361851851851853 ], [ -8.489638888888889, 54.361944444444447 ], [ -8.489722222222222, 54.361996527777777 ], [ -8.49, 54.362170138888892 ], [ -8.490092592592593, 54.362222222222222 ], [ -8.490277777777777, 54.362320261437908 ], [ -8.490555555555556, 54.362482638888892 ], [ -8.490590277777777, 54.3625 ], [ -8.490833333333333, 54.36266203703704 ], [ -8.490972222249999, 54.362777777777779 ], [ -8.491111111111111, 54.362876984126984 ], [ -8.491388888888888, 54.363055555534189 ], [ -8.491388888923611, 54.363055555555555 ], [ -8.49161111111111, 54.363333333333337 ], [ -8.491444444444443, 54.363611111111112 ], [ -8.491388888888888, 54.363666666666667 ], [ -8.491166666666667, 54.363888888888894 ], [ -8.491111111111111, 54.363935185185184 ], [ -8.490833333333333, 54.364081196581196 ], [ -8.490674603174602, 54.364166666666669 ], [ -8.490555555555556, 54.364236111111111 ], [ -8.490277777777777, 54.3644212962963 ], [ -8.490246913580247, 54.364444444444445 ], [ -8.49, 54.364567901234572 ], [ -8.489722222222222, 54.364678362573102 ], [ -8.489618055555555, 54.364722222222227 ], [ -8.489444444444445, 54.364791666666669 ], [ -8.489166666666666, 54.364891975308645 ], [ -8.48892361111111, 54.365 ], [ -8.488888888888889, 54.365013227513231 ], [ -8.48861111111111, 54.365079365079367 ], [ -8.488333333333333, 54.36515277777778 ], [ -8.488055555555555, 54.365233918128659 ], [ -8.487916666712962, 54.365277777777777 ], [ -8.487777777777778, 54.365321637426902 ], [ -8.4875, 54.365394736842106 ], [ -8.487222222222222, 54.365467836257309 ], [ -8.486944444444443, 54.3655 ], [ -8.486666666666666, 54.365541666666672 ], [ -8.486611111111111, 54.365555555555559 ], [ -8.486388888888889, 54.3656 ], [ -8.486111111111111, 54.36565170940171 ], [ -8.485833333333334, 54.365699588477369 ], [ -8.485555555555555, 54.365751028806585 ], [ -8.485277777777778, 54.365819444444448 ], [ -8.485243055555555, 54.365833333333335 ], [ -8.485, 54.365930555555558 ], [ -8.484722222222222, 54.365947712418304 ], [ -8.484444444444444, 54.365972222242064 ], [ -8.484166666666667, 54.366076388888892 ], [ -8.484074074074075, 54.366111111111117 ], [ -8.483888888888888, 54.366196581196583 ], [ -8.483611111111111, 54.366329365079366 ], [ -8.483472222268519, 54.366388888888892 ], [ -8.483333333333333, 54.366452991452995 ], [ -8.483055555555556, 54.366567460317462 ], [ -8.482777777833332, 54.366666666666667 ], [ -8.482777777777777, 54.36666666668129 ], [ -8.4825, 54.366748366013077 ], [ -8.482222222222221, 54.366870370370371 ], [ -8.481944444444444, 54.366909722222225 ], [ -8.48175925925926, 54.366944444444449 ], [ -8.481666666666666, 54.366960784313726 ], [ -8.481388888888889, 54.367013888888891 ], [ -8.48111111111111, 54.367083333350699 ], [ -8.480833333333333, 54.367207602339185 ], [ -8.48079861111111, 54.367222222222225 ], [ -8.480555555555556, 54.367330246913582 ], [ -8.480277777777777, 54.367456140350882 ], [ -8.480185185185185, 54.3675 ], [ -8.48, 54.367611111111117 ], [ -8.479722222222222, 54.367716049382722 ], [ -8.479537037037037, 54.367777777777782 ], [ -8.479444444444445, 54.367810457516342 ], [ -8.479166666666666, 54.367892156862744 ], [ -8.478888888888889, 54.367990196078431 ], [ -8.478750000034722, 54.368055555555557 ], [ -8.47861111111111, 54.368125 ], [ -8.478333333333333, 54.368240740740745 ], [ -8.478055555555555, 54.368289473684214 ], [ -8.47777777787037, 54.368333333333332 ], [ -8.477777777777778, 54.368333333351856 ], [ -8.4775, 54.368333333354705 ], [ -8.477222222222222, 54.368356481481484 ], [ -8.476944444444444, 54.368462962962965 ], [ -8.476666666666667, 54.368545751633988 ], [ -8.476481481481482, 54.368611111111115 ], [ -8.476388888888888, 54.368653846153848 ], [ -8.476111111111111, 54.368769841269845 ], [ -8.475833333333332, 54.368872549019613 ], [ -8.475777777777777, 54.36888888888889 ], [ -8.475555555555555, 54.368962962962968 ], [ -8.475277777777777, 54.369058641975307 ], [ -8.475, 54.369128787878793 ], [ -8.474833333333333, 54.369166666666672 ], [ -8.474722222222223, 54.369206349206351 ], [ -8.474444444444444, 54.369281045751634 ], [ -8.474166666666667, 54.369305555569447 ], [ -8.473888888888888, 54.369328703703708 ], [ -8.473657407407407, 54.369444444444447 ], [ -8.473611111111111, 54.369477124183007 ], [ -8.473333333333333, 54.369594017094016 ], [ -8.473055555555556, 54.369567901234568 ], [ -8.472777777777777, 54.3695 ], [ -8.4725, 54.369444444472222 ], [ -8.47249999986111, 54.369444444444447 ], [ -8.472222222222221, 54.369401709401714 ], [ -8.472037037037037, 54.369444444444447 ], [ -8.471944444444444, 54.369462962962963 ], [ -8.471666666666666, 54.369510582010584 ], [ -8.471388888888889, 54.369520202020205 ], [ -8.47111111111111, 54.369532828282829 ], [ -8.470833333333333, 54.369488304093572 ], [ -8.470625, 54.369444444444447 ], [ -8.470555555555555, 54.369423076923077 ], [ -8.470277777777778, 54.369328703703708 ], [ -8.47, 54.36919191919192 ], [ -8.469953703703704, 54.369166666666672 ], [ -8.469722222222222, 54.369074074074078 ], [ -8.469444444444445, 54.368928571428576 ], [ -8.469333333333333, 54.36888888888889 ], [ -8.469166666666666, 54.368845029239772 ], [ -8.468888888888889, 54.368740740740741 ], [ -8.468611111111111, 54.368657407407412 ], [ -8.468518518518518, 54.368611111111115 ], [ -8.468333333333334, 54.368525641025641 ], [ -8.468055555555555, 54.3684595959596 ], [ -8.467777777777778, 54.368364197530866 ], [ -8.467722222222221, 54.368333333333332 ], [ -8.4675, 54.368222222222222 ], [ -8.467222222222222, 54.368080808080812 ], [ -8.467166666666666, 54.368055555555557 ], [ -8.467013888888889, 54.367777777777782 ], [ -8.466944444444444, 54.367638889027781 ], [ -8.466888888888889, 54.3675 ], [ -8.466712962962962, 54.367222222222225 ], [ -8.466666666666667, 54.36719696969697 ], [ -8.466388888888888, 54.36712962962963 ], [ -8.466111111111111, 54.367013888888891 ], [ -8.466, 54.366944444444449 ], [ -8.465833333333332, 54.366736111111116 ], [ -8.465777777777777, 54.366666666666667 ], [ -8.465787037037037, 54.366388888888892 ], [ -8.465674603174604, 54.366111111111117 ], [ -8.465555555555556, 54.366018518518523 ], [ -8.465277777777777, 54.365864197530868 ], [ -8.465231481481482, 54.365833333333335 ], [ -8.465, 54.36567901234568 ], [ -8.464777777777778, 54.365555555555559 ], [ -8.464722222222221, 54.36548611111111 ], [ -8.464618055555555, 54.365277777777777 ], [ -8.464506172839506, 54.365 ], [ -8.464444444444444, 54.364938271604942 ], [ -8.464166666666666, 54.364761904761906 ], [ -8.46412037037037, 54.364722222222227 ], [ -8.463888888888889, 54.36452380952381 ], [ -8.463796296296296, 54.364444444444445 ], [ -8.463611111111112, 54.364259259259264 ], [ -8.463472222222222, 54.364259259259264 ] ] } },
{ "type": "Feature", "properties": { "ID": 17, "height": 300.0 }, "geometry": { "type": "LineString", "coordinates": [ [ -8.476, 54.357638888888893 ], [ -8.476, 54.357777777777777 ], [ -8.476111111111111, 54.357824074074074 ], [ -8.476388888888888, 54.357864583333338 ], [ -8.476666666666667, 54.357894736842105 ], [ -8.476944444444444, 54.357978395061728 ], [ -8.477222222222222, 54.358055555540126 ], [ -8.477222222268518, 54.358055555555559 ], [ -8.4775, 54.358153594771245 ], [ -8.477777777777778, 54.358230994152052 ], [ -8.477993827160493, 54.358333333333334 ], [ -8.478055555555555, 54.358366013071901 ], [ -8.478333333333333, 54.358478835978836 ], [ -8.478564814814815, 54.358611111111117 ], [ -8.47861111111111, 54.358643790849676 ], [ -8.478888888888889, 54.358836805555555 ], [ -8.478972222222222, 54.358888888888892 ], [ -8.479166666666666, 54.359010416666671 ], [ -8.479358974358973, 54.359166666666667 ], [ -8.479444444444445, 54.359225146198831 ], [ -8.479722222222222, 54.359351851851855 ], [ -8.479876543209876, 54.359444444444449 ], [ -8.48, 54.359502923976613 ], [ -8.480277777777777, 54.359526143790852 ], [ -8.480555555555556, 54.359555555555559 ], [ -8.480833333333333, 54.359611111111114 ], [ -8.48111111111111, 54.359648148148153 ], [ -8.481296296296296, 54.359722222222224 ], [ -8.481388888888889, 54.359768518518521 ], [ -8.481666666666666, 54.359893162393163 ], [ -8.481944444444444, 54.35998015873016 ], [ -8.482013888888888, 54.36 ], [ -8.482222222222221, 54.360043859649124 ], [ -8.4825, 54.360087719298249 ], [ -8.482777777777777, 54.360123456790127 ], [ -8.483055555555556, 54.360163398692812 ], [ -8.483333333333333, 54.360208333333333 ], [ -8.483518518518519, 54.360277777777782 ], [ -8.483611111111111, 54.36030701754386 ], [ -8.483888888888888, 54.360370370370376 ], [ -8.484166666666667, 54.360471014492759 ], [ -8.484444444444444, 54.36054444444445 ], [ -8.484479166666667, 54.360555555555557 ], [ -8.484722222222222, 54.360643939393938 ], [ -8.485, 54.360732323232327 ], [ -8.485246913580246, 54.360833333333339 ], [ -8.485277777777778, 54.360845959595963 ], [ -8.485555555555555, 54.360980392156868 ], [ -8.485833333333334, 54.361078431372555 ], [ -8.485925925925926, 54.361111111111114 ], [ -8.486111111111111, 54.361146953405019 ], [ -8.486388888888889, 54.361180555555556 ], [ -8.486666666666666, 54.36121111111111 ], [ -8.486944444444443, 54.361262626262629 ], [ -8.487222222222222, 54.361319444444447 ], [ -8.487395833333332, 54.361388888888889 ], [ -8.4875, 54.361432748538014 ], [ -8.487777777777778, 54.361541666666668 ], [ -8.488055555555555, 54.361652777777778 ], [ -8.488095238095237, 54.361666666666672 ], [ -8.488333333333333, 54.361742424242429 ], [ -8.48861111111111, 54.361823671497589 ], [ -8.488888888888889, 54.361896135265702 ], [ -8.489012345679011, 54.361944444444447 ], [ -8.489166666666666, 54.36203125 ], [ -8.489444444444445, 54.362156862745103 ], [ -8.489545454545453, 54.362222222222222 ], [ -8.489722222222222, 54.362330246913579 ], [ -8.49, 54.362484567901234 ], [ -8.490027777777778, 54.3625 ], [ -8.490277777777777, 54.362666666666669 ], [ -8.490429292929292, 54.362777777777779 ], [ -8.490555555555556, 54.362876984126984 ], [ -8.490805555555555, 54.363055555555555 ], [ -8.490833333333333, 54.363086419753088 ], [ -8.491055555555555, 54.363333333333337 ], [ -8.490916666666667, 54.363611111111112 ], [ -8.490833333333333, 54.363670634920638 ], [ -8.490555555555556, 54.363836805555557 ], [ -8.490472222222222, 54.363888888888894 ], [ -8.490277777777777, 54.364010416666666 ], [ -8.49, 54.364151234567906 ], [ -8.489953703703703, 54.364166666666669 ], [ -8.489722222222222, 54.364320987654324 ], [ -8.489598765432099, 54.364444444444445 ], [ -8.489444444444445, 54.364513888888894 ], [ -8.489166666666666, 54.364583333348769 ], [ -8.488888888888889, 54.364673202614384 ], [ -8.488680555555556, 54.364722222222227 ], [ -8.48861111111111, 54.364740740740743 ], [ -8.488333333333333, 54.364821428571432 ], [ -8.488055555555555, 54.364888888888892 ], [ -8.487833333333333, 54.365 ], [ -8.487777777777778, 54.365015432098765 ], [ -8.4875, 54.365039682539688 ], [ -8.487222222222222, 54.365083333333338 ], [ -8.486944444444443, 54.365166666666667 ], [ -8.486666666666666, 54.36525 ], [ -8.486611111111111, 54.365277777777777 ], [ -8.486388888888889, 54.365333333333332 ], [ -8.486111111111111, 54.365410052910057 ], [ -8.485833333333334, 54.365457516339873 ], [ -8.485555555555555, 54.365534188034189 ], [ -8.485277777777778, 54.365542328042331 ], [ -8.485, 54.365545977011493 ], [ -8.484960317460317, 54.365555555555559 ], [ -8.484722222222222, 54.365643274853802 ], [ -8.484444444444444, 54.365699588477369 ], [ -8.484166666666667, 54.365775862068965 ], [ -8.483928571428571, 54.365833333333335 ], [ -8.483888888888888, 54.365849673202618 ], [ -8.483611111111111, 54.365972222237659 ], [ -8.483333333333333, 54.366083333333336 ], [ -8.483253968253967, 54.366111111111117 ], [ -8.483055555555556, 54.366197916666671 ], [ -8.482777777777777, 54.366323529411765 ], [ -8.4825, 54.366361111111111 ], [ -8.482314814814815, 54.366388888888892 ], [ -8.482222222222221, 54.366416666666666 ], [ -8.481944444444444, 54.366527777800925 ], [ -8.481666666666666, 54.366607142857148 ], [ -8.481574074074073, 54.366666666666667 ], [ -8.481388888888889, 54.366742424242425 ], [ -8.48111111111111, 54.366825396825398 ], [ -8.480833333333333, 54.366922222222222 ], [ -8.480777777777778, 54.366944444444449 ], [ -8.480555555555556, 54.367050264550265 ], [ -8.480277777777777, 54.36716374269006 ], [ -8.480166666666666, 54.367222222222225 ], [ -8.48, 54.367305555555561 ], [ -8.479722222222222, 54.367416666666671 ], [ -8.479537037037037, 54.3675 ], [ -8.479444444444445, 54.367539682539686 ], [ -8.479166666666666, 54.367620772946864 ], [ -8.478888888888889, 54.36769675925926 ], [ -8.478672839506173, 54.367777777777782 ], [ -8.47861111111111, 54.367808641975309 ], [ -8.478333333333333, 54.367938596491229 ], [ -8.478055555555555, 54.368 ], [ -8.477833333333333, 54.368055555555557 ], [ -8.477777777777778, 54.368068783068786 ], [ -8.4775, 54.368055555569448 ], [ -8.477499999861111, 54.368055555555557 ], [ -8.477222222222222, 54.368038194444445 ], [ -8.477171717171716, 54.368055555555557 ], [ -8.476944444444444, 54.368169191919193 ], [ -8.476666666666667, 54.36826388888889 ], [ -8.47645061728395, 54.368333333333332 ], [ -8.476388888888888, 54.368361111111113 ], [ -8.476111111111111, 54.368466183574881 ], [ -8.475833333333332, 54.368560606060612 ], [ -8.47570987654321, 54.368611111111115 ], [ -8.475555555555555, 54.368677248677251 ], [ -8.475277777777777, 54.368769841269845 ], [ -8.475, 54.368875 ], [ -8.474965277777777, 54.36888888888889 ], [ -8.474722222222223, 54.368966666666672 ], [ -8.474444444444444, 54.369042145593873 ], [ -8.474166666666667, 54.369079861111111 ], [ -8.473888888888888, 54.369117647058829 ], [ -8.473737373737373, 54.369166666666672 ], [ -8.473611111111111, 54.369227053140101 ], [ -8.473333333333333, 54.369371980676334 ], [ -8.473055555555556, 54.369311111111116 ], [ -8.472777777777777, 54.369259259259259 ], [ -8.4725, 54.369166666680556 ], [ -8.472499999969136, 54.369166666666672 ], [ -8.472222222222221, 54.369080459770117 ], [ -8.471944444444444, 54.369120370370375 ], [ -8.471759259259258, 54.369166666666672 ], [ -8.471666666666666, 54.369199346405232 ], [ -8.471388888888889, 54.369228395061732 ], [ -8.47111111111111, 54.369254385964915 ], [ -8.470873015873016, 54.369166666666672 ], [ -8.470833333333333, 54.369146825396825 ], [ -8.470555555555555, 54.369027777795139 ], [ -8.470277777777778, 54.368940972222227 ], [ -8.470138888842593, 54.36888888888889 ], [ -8.47, 54.368845029239772 ], [ -8.469722222222222, 54.368756613756617 ], [ -8.469444444444445, 54.368671497584543 ], [ -8.469290123456791, 54.368611111111115 ], [ -8.469166666666666, 54.368525641025641 ], [ -8.468888888888889, 54.368398692810459 ], [ -8.468730158730159, 54.368333333333332 ], [ -8.468611111111111, 54.368125 ], [ -8.468541666666667, 54.368055555555557 ], [ -8.468333333333334, 54.367777777870373 ], [ -8.468333333240741, 54.367777777777782 ], [ -8.468055555555555, 54.367569444444449 ], [ -8.468, 54.3675 ], [ -8.467777777777778, 54.36727777777778 ], [ -8.467722222222221, 54.367222222222225 ], [ -8.4675, 54.367121212121212 ], [ -8.467222222222222, 54.366944444475308 ], [ -8.467222222166667, 54.366944444444449 ], [ -8.466944444444444, 54.366746031746032 ], [ -8.466833333333334, 54.366666666666667 ], [ -8.466666666666667, 54.3665 ], [ -8.466597222222221, 54.366388888888892 ], [ -8.466388888888888, 54.366111111157409 ], [ -8.466388888861111, 54.366111111111117 ], [ -8.466111111111111, 54.365833333361117 ], [ -8.466111111071429, 54.365833333333335 ], [ -8.465833333333332, 54.365694444464289 ], [ -8.465656565656566, 54.365555555555559 ], [ -8.465555555555556, 54.365454545454547 ], [ -8.4653125, 54.365277777777777 ], [ -8.465277777777777, 54.36524305555556 ], [ -8.465115740740741, 54.365 ], [ -8.465, 54.364884259259263 ], [ -8.464805555555555, 54.364722222222227 ], [ -8.464722222222221, 54.364658119658124 ], [ -8.464444444444444, 54.364444444465818 ], [ -8.46444444441358, 54.364444444444445 ], [ -8.464166666666666, 54.364194444444443 ], [ -8.464141414141414, 54.364166666666669 ], [ -8.463964646464646, 54.363888888888894 ], [ -8.463888888888889, 54.363819444444445 ], [ -8.463661616161616, 54.363611111111112 ], [ -8.463611111111112, 54.363568376068379 ], [ -8.463472222222222, 54.363568376068379 ] ] } },
{ "type": "Feature", "properties": { "ID": 18, "height": 320.0 }, "geometry": { "type": "LineString", "coordinates": [ [ -8.474722222314815, 54.357638888888893 ], [ -8.474722222314815, 54.357777777777777 ], [ -8.475, 54.357870370370371 ], [ -8.475277777777777, 54.358024691358025 ], [ -8.475333333333333, 54.358055555555559 ], [ -8.475555555555555, 54.358148148148153 ], [ -8.475833333333332, 54.358205128205128 ], [ -8.476111111111111, 54.35824074074074 ], [ -8.476388888888888, 54.358263888888892 ], [ -8.476666666666667, 54.358282828282832 ], [ -8.476805555624999, 54.358333333333334 ], [ -8.476944444444444, 54.358379629629631 ], [ -8.477222222222222, 54.358459595959602 ], [ -8.4775, 54.358541666666667 ], [ -8.477777777777778, 54.35859126984127 ], [ -8.477824074074073, 54.358611111111117 ], [ -8.478055555555555, 54.358697916666671 ], [ -8.478333333333333, 54.358774509803922 ], [ -8.47849537037037, 54.358888888888892 ], [ -8.47861111111111, 54.358975694444446 ], [ -8.478888888888889, 54.359137426900588 ], [ -8.478931623931624, 54.359166666666667 ], [ -8.479166666666666, 54.35932748538012 ], [ -8.479337606837607, 54.359444444444449 ], [ -8.479444444444445, 54.359507575757576 ], [ -8.479722222222222, 54.359642857142859 ], [ -8.479873737373737, 54.359722222222224 ], [ -8.48, 54.359809027777779 ], [ -8.480277777777777, 54.359880952380955 ], [ -8.480555555555556, 54.359976851851854 ], [ -8.480648148148148, 54.36 ], [ -8.480833333333333, 54.360029239766085 ], [ -8.48111111111111, 54.360052910052914 ], [ -8.481388888888889, 54.36013227513228 ], [ -8.481666666666666, 54.360198412698416 ], [ -8.481944444444444, 54.360263888888895 ], [ -8.482, 54.360277777777782 ], [ -8.482222222222221, 54.360318930041153 ], [ -8.4825, 54.360358796296296 ], [ -8.482777777777777, 54.360410052910055 ], [ -8.483055555555556, 54.360467836257314 ], [ -8.483333333333333, 54.360539215686273 ], [ -8.483402777777778, 54.360555555555557 ], [ -8.483611111111111, 54.360595238095243 ], [ -8.483888888888888, 54.360634920634922 ], [ -8.484166666666667, 54.360719696969696 ], [ -8.484444444444444, 54.36079545454546 ], [ -8.48454861111111, 54.360833333333339 ], [ -8.484722222222222, 54.360884773662555 ], [ -8.485, 54.36095679012346 ], [ -8.485277777777778, 54.36109848484849 ], [ -8.485299145299145, 54.361111111111114 ], [ -8.485555555555555, 54.361226053639847 ], [ -8.485833333333334, 54.361277777777779 ], [ -8.486111111111111, 54.361326164874555 ], [ -8.486388888888889, 54.361378968253973 ], [ -8.486444444444444, 54.361388888888889 ], [ -8.486666666666666, 54.361430041152268 ], [ -8.486944444444443, 54.361509661835754 ], [ -8.487222222222222, 54.361620370370375 ], [ -8.48734126984127, 54.361666666666672 ], [ -8.4875, 54.36171957671958 ], [ -8.487777777777778, 54.361805555542929 ], [ -8.488055555555555, 54.361906565656568 ], [ -8.488174603174603, 54.361944444444447 ], [ -8.488333333333333, 54.362013888888889 ], [ -8.48861111111111, 54.362129629629635 ], [ -8.488809523809524, 54.362222222222222 ], [ -8.488888888888889, 54.362253086419756 ], [ -8.489166666666666, 54.362369281045751 ], [ -8.489444444444445, 54.362483660130721 ], [ -8.489472222222222, 54.3625 ], [ -8.489722222222222, 54.362608695652177 ], [ -8.489965277777777, 54.362777777777779 ], [ -8.49, 54.362808641975313 ], [ -8.490277777777777, 54.363020833333337 ], [ -8.490320512820512, 54.363055555555555 ], [ -8.490515873015873, 54.363333333333337 ], [ -8.490416666686508, 54.363611111111112 ], [ -8.490277777777777, 54.363708333333335 ], [ -8.49, 54.36385555555556 ], [ -8.489950980392157, 54.363888888888894 ], [ -8.489722222222222, 54.364022988505752 ], [ -8.489444444444445, 54.364111111111114 ], [ -8.489166666666666, 54.364111111111114 ], [ -8.489122222222221, 54.364166666666669 ], [ -8.488888888888889, 54.364409722222227 ], [ -8.48861111111111, 54.36443853427896 ], [ -8.488555555555555, 54.364444444444445 ], [ -8.488333333333333, 54.364502923976609 ], [ -8.488055555555555, 54.364506172839505 ], [ -8.487777777777778, 54.364666666666672 ], [ -8.4875, 54.36465384615385 ], [ -8.487222222222222, 54.364647147147153 ], [ -8.486944444444443, 54.364673721340388 ], [ -8.486666666666666, 54.364716775599128 ], [ -8.486388888888889, 54.364717592592598 ], [ -8.486383838383839, 54.364722222222227 ], [ -8.486388888888889, 54.36475 ], [ -8.486513888888888, 54.365 ], [ -8.486388888888889, 54.3651 ], [ -8.486111111111111, 54.365208333333335 ], [ -8.485833333333334, 54.365218253968258 ], [ -8.485555555555555, 54.365227272727275 ], [ -8.485277777812499, 54.365277777777777 ], [ -8.485277777777778, 54.365277777791007 ], [ -8.485, 54.365354406130272 ], [ -8.484722222222222, 54.365405982905983 ], [ -8.484444444444444, 54.365483091787439 ], [ -8.484259259259259, 54.365555555555559 ], [ -8.484166666666667, 54.365584291187744 ], [ -8.483888888888888, 54.365668402777779 ], [ -8.483611111111111, 54.365731481481482 ], [ -8.483333333333333, 54.365812757201645 ], [ -8.48324074074074, 54.365833333333335 ], [ -8.483055555555556, 54.365891812865499 ], [ -8.482777777777777, 54.365996732026147 ], [ -8.4825, 54.366080246913583 ], [ -8.482388888888888, 54.366111111111117 ], [ -8.482222222222221, 54.366148989898996 ], [ -8.481944444444444, 54.366244855967082 ], [ -8.481666666666666, 54.366313131313134 ], [ -8.4815, 54.366388888888892 ], [ -8.481388888888889, 54.366472222222221 ], [ -8.48111111111111, 54.366622222222226 ], [ -8.480952380952381, 54.366666666666667 ], [ -8.480833333333333, 54.3667 ], [ -8.480555555555556, 54.366792929292934 ], [ -8.480277777777777, 54.36688657407408 ], [ -8.480079365079364, 54.366944444444449 ], [ -8.48, 54.366979166666667 ], [ -8.479722222222222, 54.367111111111114 ], [ -8.479537037037037, 54.367222222222225 ], [ -8.479444444444445, 54.367263888888893 ], [ -8.479166666666666, 54.367361111125 ], [ -8.478888888888889, 54.367460317460321 ], [ -8.478750000046295, 54.3675 ], [ -8.47861111111111, 54.367539682539686 ], [ -8.478333333333333, 54.367646198830414 ], [ -8.478055555555555, 54.367716049382722 ], [ -8.47787037037037, 54.367777777777782 ], [ -8.477777777777778, 54.367804232804232 ], [ -8.4775, 54.367841880341885 ], [ -8.477222222222222, 54.367864583333336 ], [ -8.476944444444444, 54.36796006944445 ], [ -8.476689814814815, 54.368055555555557 ], [ -8.476666666666667, 54.36806547619048 ], [ -8.476388888888888, 54.368148148148151 ], [ -8.476111111111111, 54.368240740740745 ], [ -8.475833333333332, 54.368309178743964 ], [ -8.475763888888888, 54.368333333333332 ], [ -8.475555555555555, 54.368412698412698 ], [ -8.475277777777777, 54.368494152046786 ], [ -8.475, 54.368594771241831 ], [ -8.474969135802469, 54.368611111111115 ], [ -8.474722222222223, 54.36871693121693 ], [ -8.474444444444444, 54.368835978835982 ], [ -8.474259259259259, 54.36888888888889 ], [ -8.474166666666667, 54.36890625 ], [ -8.473888888888888, 54.368954248366016 ], [ -8.473611111111111, 54.369012345679018 ], [ -8.473333333333333, 54.369122807017547 ], [ -8.473055555555556, 54.369094650205767 ], [ -8.472777777777777, 54.369079365079365 ], [ -8.4725, 54.368993055555556 ], [ -8.472222222222221, 54.368888888898468 ], [ -8.471944444444444, 54.368888888900464 ], [ -8.471666666666666, 54.368888888904323 ], [ -8.47166666638889, 54.36888888888889 ], [ -8.471388888888889, 54.368871527777777 ], [ -8.47111111111111, 54.368838383838387 ], [ -8.470833333333333, 54.368726851851854 ], [ -8.470555555555555, 54.368632478632478 ], [ -8.470416666527777, 54.368611111111115 ], [ -8.470277777777778, 54.368580246913581 ], [ -8.47, 54.368452380952384 ], [ -8.469791666666666, 54.368333333333332 ], [ -8.469722222222222, 54.36826388888889 ], [ -8.469513888888889, 54.368055555555557 ], [ -8.469444444444445, 54.368027777777783 ], [ -8.469166666666666, 54.367808641975309 ], [ -8.469131944444444, 54.367777777777782 ], [ -8.468888888888889, 54.367534722222224 ], [ -8.468854166666667, 54.3675 ], [ -8.468611111111111, 54.367323232323237 ], [ -8.468487654320988, 54.367222222222225 ], [ -8.468333333333334, 54.36712301587302 ], [ -8.468055555555555, 54.366965811965812 ], [ -8.468020833333332, 54.366944444444449 ], [ -8.467803030303029, 54.366666666666667 ], [ -8.467777777777778, 54.366638888888893 ], [ -8.4675, 54.366423611111117 ], [ -8.467465277777777, 54.366388888888892 ], [ -8.467222222222222, 54.366267361111113 ], [ -8.466972222222221, 54.366111111111117 ], [ -8.466944444444444, 54.366094771241833 ], [ -8.466666666666667, 54.365931372549021 ], [ -8.466538461538461, 54.365833333333335 ], [ -8.466388888888888, 54.365730994152052 ], [ -8.466150793650794, 54.365555555555559 ], [ -8.466111111111111, 54.365515873015873 ], [ -8.465833333333332, 54.36527777779915 ], [ -8.465833333311965, 54.365277777777777 ], [ -8.465578703703704, 54.365 ], [ -8.465555555555556, 54.364981481481486 ], [ -8.465277777777777, 54.364742063492066 ], [ -8.465257936507935, 54.364722222222227 ], [ -8.465, 54.364444444465818 ], [ -8.464999999972221, 54.364444444444445 ], [ -8.464722222222221, 54.364230769230772 ], [ -8.464652777777777, 54.364166666666669 ], [ -8.464481481481481, 54.363888888888894 ], [ -8.464444444444444, 54.363851851851855 ], [ -8.464166666666666, 54.363632478632482 ], [ -8.464143518518519, 54.363611111111112 ], [ -8.463888888888889, 54.363356481481482 ], [ -8.463861111111111, 54.363333333333337 ], [ -8.463680555555555, 54.363055555555555 ], [ -8.463611111111112, 54.362962962962968 ], [ -8.463472222222222, 54.362962962962968 ] ] } },
{ "type": "Feature", "properties": { "ID": 19, "height": 340.0 }, "geometry": { "type": "LineString", "coordinates": [ [ -8.473055555648148, 54.357638888888893 ], [ -8.473055555648148, 54.357777777777777 ], [ -8.473333333333333, 54.357861111111113 ], [ -8.473611111111111, 54.357972222222223 ], [ -8.473819444444445, 54.358055555555559 ], [ -8.473888888888888, 54.358078703703704 ], [ -8.474166666666667, 54.358166666666669 ], [ -8.474444444444444, 54.358271604938274 ], [ -8.474583333402778, 54.358333333333334 ], [ -8.474722222222223, 54.358402777777783 ], [ -8.475, 54.35850694444445 ], [ -8.475277777777777, 54.358583333333335 ], [ -8.475555555555555, 54.358611111087967 ], [ -8.475555555833333, 54.358611111111117 ], [ -8.475833333333332, 54.358634259259262 ], [ -8.476111111111111, 54.358657407407406 ], [ -8.476388888888888, 54.358712121212122 ], [ -8.476666666666667, 54.358777777777782 ], [ -8.476944444444444, 54.358842592592595 ], [ -8.477222222222222, 54.358888888869053 ], [ -8.477222222314815, 54.358888888888892 ], [ -8.4775, 54.358948412698417 ], [ -8.477777777777778, 54.358988095238097 ], [ -8.478055555555555, 54.359067460317462 ], [ -8.478333333333333, 54.359146825396827 ], [ -8.478361111111111, 54.359166666666667 ], [ -8.47861111111111, 54.359298245614035 ], [ -8.478888888888889, 54.359429824561403 ], [ -8.478910256410256, 54.359444444444449 ], [ -8.479166666666666, 54.359595959595964 ], [ -8.479380341880342, 54.359722222222224 ], [ -8.479444444444445, 54.359755555555559 ], [ -8.479722222222222, 54.35991666666667 ], [ -8.479833333333334, 54.36 ], [ -8.48, 54.36015625 ], [ -8.480277777777777, 54.360243055555557 ], [ -8.480416666736112, 54.360277777777782 ], [ -8.480555555555556, 54.360295138888894 ], [ -8.480833333333333, 54.360307539682545 ], [ -8.48111111111111, 54.3603125 ], [ -8.481388888888889, 54.360381944444448 ], [ -8.481666666666666, 54.360439814814818 ], [ -8.481944444444444, 54.360488888888888 ], [ -8.482222222222221, 54.36052469135803 ], [ -8.482361111157408, 54.360555555555557 ], [ -8.4825, 54.360607638888894 ], [ -8.482777777777777, 54.360702614379086 ], [ -8.483055555555556, 54.360771604938272 ], [ -8.483333333333333, 54.360819444444445 ], [ -8.483425925925925, 54.360833333333339 ], [ -8.483611111111111, 54.360854700854702 ], [ -8.483888888888888, 54.360888888888894 ], [ -8.484166666666667, 54.360955555555556 ], [ -8.484444444444444, 54.361014957264956 ], [ -8.484722222222222, 54.361090534979425 ], [ -8.484801587301588, 54.361111111111114 ], [ -8.485, 54.361157407407411 ], [ -8.485277777777778, 54.361287037037037 ], [ -8.485496031746031, 54.361388888888889 ], [ -8.485555555555555, 54.3614126984127 ], [ -8.485833333333334, 54.361456228956229 ], [ -8.486111111111111, 54.361501736111116 ], [ -8.486388888888889, 54.36156481481482 ], [ -8.486666666666666, 54.361635802469138 ], [ -8.48675, 54.361666666666672 ], [ -8.486944444444443, 54.361755050505053 ], [ -8.487222222222222, 54.361902777777779 ], [ -8.487361111157407, 54.361944444444447 ], [ -8.4875, 54.361979166666671 ], [ -8.487777777777778, 54.362048611111113 ], [ -8.488055555555555, 54.362180555555561 ], [ -8.488131313131312, 54.362222222222222 ], [ -8.488333333333333, 54.362311111111111 ], [ -8.48861111111111, 54.362420634920639 ], [ -8.488777777777777, 54.3625 ], [ -8.488888888888889, 54.362531746031749 ], [ -8.489166666666666, 54.36260101010101 ], [ -8.489444444444445, 54.362675925925927 ], [ -8.489624183006535, 54.362777777777779 ], [ -8.489722222222222, 54.362865497076022 ], [ -8.489934640522875, 54.363055555555555 ], [ -8.49, 54.363156565656567 ], [ -8.49012962962963, 54.363333333333337 ], [ -8.490037037037037, 54.363611111111112 ], [ -8.49, 54.363633333333333 ], [ -8.489722222222222, 54.363680555555561 ], [ -8.489629629629629, 54.363888888888894 ], [ -8.489444444444445, 54.363972222222223 ], [ -8.489166666666666, 54.363972222222223 ], [ -8.489011111111111, 54.364166666666669 ], [ -8.488888888888889, 54.364293981481481 ], [ -8.48861111111111, 54.364320330969271 ], [ -8.488333333333333, 54.364372759856636 ], [ -8.488055555555555, 54.364376068376068 ], [ -8.487962962962962, 54.364444444444445 ], [ -8.487777777777778, 54.364581196581199 ], [ -8.4875, 54.364568376068377 ], [ -8.487222222222222, 54.364572072072072 ], [ -8.486944444444443, 54.36458553791887 ], [ -8.486666666666666, 54.364607843137257 ], [ -8.486388888888889, 54.364625 ], [ -8.486282828282828, 54.364722222222227 ], [ -8.486243386243386, 54.365 ], [ -8.486111111111111, 54.365069444444444 ], [ -8.485833333333334, 54.365085978835978 ], [ -8.485555555555555, 54.365101010101014 ], [ -8.485277777777778, 54.365079365079367 ], [ -8.485030864197531, 54.365 ], [ -8.485, 54.364997605363989 ], [ -8.484992492492491, 54.365 ], [ -8.484722222222222, 54.365227272727275 ], [ -8.484444444444444, 54.365266812865499 ], [ -8.484395424836601, 54.365277777777777 ], [ -8.484166666666667, 54.365403225806453 ], [ -8.483888888888888, 54.365505698005698 ], [ -8.483611111111111, 54.365548611111116 ], [ -8.483564814814814, 54.365555555555559 ], [ -8.483333333333333, 54.365606995884775 ], [ -8.483055555555556, 54.365694444453126 ], [ -8.482777777777777, 54.365760233918131 ], [ -8.4825, 54.36580808080808 ], [ -8.482341269841269, 54.365833333333335 ], [ -8.482222222222221, 54.365875 ], [ -8.481944444444444, 54.366061253561256 ], [ -8.481767676767676, 54.366111111111117 ], [ -8.481666666666666, 54.366144781144783 ], [ -8.481388888888889, 54.366286549707603 ], [ -8.481129629629629, 54.366388888888892 ], [ -8.48111111111111, 54.3664 ], [ -8.480833333333333, 54.36650925925926 ], [ -8.480555555555556, 54.366587301587302 ], [ -8.480277777777777, 54.366660052910056 ], [ -8.48025, 54.366666666666667 ], [ -8.48, 54.366759259259261 ], [ -8.479722222222222, 54.366848958333335 ], [ -8.479444444444445, 54.366921296296297 ], [ -8.479395424836602, 54.366944444444449 ], [ -8.479166666666666, 54.367106481481486 ], [ -8.478888888888889, 54.367205882352941 ], [ -8.478703703703703, 54.367222222222225 ], [ -8.47861111111111, 54.367237654320988 ], [ -8.478333333333333, 54.367314814814819 ], [ -8.478055555555555, 54.367401960784314 ], [ -8.477777777777778, 54.367470760233921 ], [ -8.477745098039215, 54.3675 ], [ -8.4775, 54.367643678160924 ], [ -8.477222222222222, 54.367713178294579 ], [ -8.476969696969697, 54.367777777777782 ], [ -8.476944444444444, 54.367786458333335 ], [ -8.476666666666667, 54.367890625 ], [ -8.476388888888888, 54.367946428571429 ], [ -8.476111111111111, 54.368031400966188 ], [ -8.475925925925926, 54.368055555555557 ], [ -8.475833333333332, 54.368067632850241 ], [ -8.475555555555555, 54.368128654970761 ], [ -8.475277777777777, 54.368186274509803 ], [ -8.475, 54.368259259259261 ], [ -8.474722222291666, 54.368333333333332 ], [ -8.474722222222223, 54.368333333356482 ], [ -8.474444444444444, 54.368506944444448 ], [ -8.474236111111111, 54.368611111111115 ], [ -8.474166666666667, 54.368625730994154 ], [ -8.473888888888888, 54.368703703703709 ], [ -8.473611111111111, 54.368771929824561 ], [ -8.473333333333333, 54.368833333333335 ], [ -8.473055555624999, 54.36888888888889 ], [ -8.473055555555556, 54.368888888899178 ], [ -8.472777777777777, 54.368920634920634 ], [ -8.472685185185185, 54.36888888888889 ], [ -8.4725, 54.368792270531401 ], [ -8.472222222222221, 54.368675213675218 ], [ -8.471944444444444, 54.368647342995175 ], [ -8.471666666666666, 54.368611111125006 ], [ -8.47166666661111, 54.368611111111115 ], [ -8.471388888888889, 54.36851851851852 ], [ -8.47111111111111, 54.368356481481484 ], [ -8.471041666666666, 54.368333333333332 ], [ -8.470833333333333, 54.368269230769236 ], [ -8.470555555555555, 54.368148148148151 ], [ -8.470416666631944, 54.368055555555557 ], [ -8.470277777777778, 54.367970085470091 ], [ -8.47, 54.367829861111112 ], [ -8.469880952380953, 54.367777777777782 ], [ -8.469722222222222, 54.367692307692309 ], [ -8.469444444444445, 54.367523148148152 ], [ -8.469416666666666, 54.3675 ], [ -8.469166666666666, 54.367321428571429 ], [ -8.469059829059828, 54.367222222222225 ], [ -8.468888888888889, 54.367063492063494 ], [ -8.468680555555554, 54.366944444444449 ], [ -8.468611111111111, 54.36690740740741 ], [ -8.468333333333334, 54.36666666669192 ], [ -8.468333333305555, 54.366666666666667 ], [ -8.468055555555555, 54.366503267973862 ], [ -8.467947530864198, 54.366388888888892 ], [ -8.467777777777778, 54.366219135802474 ], [ -8.467561728395061, 54.366111111111117 ], [ -8.4675, 54.366083333333336 ], [ -8.467222222222222, 54.365920138888889 ], [ -8.467067901234568, 54.365833333333335 ], [ -8.466944444444444, 54.365780423280427 ], [ -8.466666666666667, 54.365638888888888 ], [ -8.466547619047619, 54.365555555555559 ], [ -8.466388888888888, 54.365396825396829 ], [ -8.466269841269842, 54.365277777777777 ], [ -8.466111111111111, 54.365075757575759 ], [ -8.466041666666666, 54.365 ], [ -8.465833333333332, 54.364868421052634 ], [ -8.465659722222222, 54.364722222222227 ], [ -8.465555555555556, 54.36461805555556 ], [ -8.465370370370371, 54.364444444444445 ], [ -8.465277777777777, 54.36434523809524 ], [ -8.46511111111111, 54.364166666666669 ], [ -8.465, 54.364038461538463 ], [ -8.46486111109127, 54.363888888888894 ], [ -8.464722222222221, 54.363739316239318 ], [ -8.464594017094017, 54.363611111111112 ], [ -8.464444444444444, 54.363434343434349 ], [ -8.464343434343434, 54.363333333333337 ], [ -8.464166666666666, 54.363055555595238 ], [ -8.464166666641415, 54.363055555555555 ], [ -8.463935185185186, 54.362777777777779 ], [ -8.463888888888889, 54.362716049382719 ], [ -8.463749999980159, 54.3625 ], [ -8.463611111111112, 54.362256944444447 ], [ -8.463472222222222, 54.362256944444447 ] ] } },
{ "type": "Feature", "properties": { "ID": 20, "height": 360.0 }, "geometry": { "type": "LineString", "coordinates": [ [ -8.471805555601852, 54.357638888888893 ], [ -8.471805555601852, 54.357777777777777 ], [ -8.471944444444444, 54.357870370370371 ], [ -8.472222222222221, 54.358 ], [ -8.472361111180556, 54.358055555555559 ], [ -8.4725, 54.358117283950619 ], [ -8.472777777777777, 54.35824074074074 ], [ -8.473055555555556, 54.358333333305559 ], [ -8.473055555648148, 54.358333333333334 ], [ -8.473333333333333, 54.35841666666667 ], [ -8.473611111111111, 54.358541666666667 ], [ -8.473750000069444, 54.358611111111117 ], [ -8.473888888888888, 54.358672839506177 ], [ -8.474166666666667, 54.35881944444445 ], [ -8.474305555625, 54.358888888888892 ], [ -8.474444444444444, 54.358935185185189 ], [ -8.474722222222223, 54.358995726495728 ], [ -8.475, 54.359038461538461 ], [ -8.475277777777777, 54.359059829059831 ], [ -8.475555555555555, 54.35907407407408 ], [ -8.475833333333332, 54.359081196581201 ], [ -8.476111111111111, 54.359087301587302 ], [ -8.476388888888888, 54.359129629629635 ], [ -8.476666666666667, 54.359166666649308 ], [ -8.476666666736111, 54.359166666666667 ], [ -8.476944444444444, 54.359236111111116 ], [ -8.477222222222222, 54.359288194444446 ], [ -8.4775, 54.35932291666667 ], [ -8.477777777777778, 54.359357638888888 ], [ -8.478055555555555, 54.359411764705882 ], [ -8.478333333333333, 54.359444444429826 ], [ -8.47833333336111, 54.359444444444449 ], [ -8.47861111111111, 54.359598765432104 ], [ -8.478888888888889, 54.359684343434346 ], [ -8.47895299145299, 54.359722222222224 ], [ -8.479166666666666, 54.359861111097224 ], [ -8.479444444444445, 54.359977777777779 ], [ -8.479479166666666, 54.36 ], [ -8.479722222222222, 54.360228758169939 ], [ -8.479774305555555, 54.360277777777782 ], [ -8.48, 54.360383986928106 ], [ -8.480277777777777, 54.360429292929297 ], [ -8.480555555555556, 54.36046875 ], [ -8.480833333333333, 54.360505952380954 ], [ -8.48111111111111, 54.360543981481484 ], [ -8.481157407407407, 54.360555555555557 ], [ -8.481388888888889, 54.360611111111112 ], [ -8.481666666666666, 54.360671296296296 ], [ -8.481944444444444, 54.36075 ], [ -8.482152777777777, 54.360833333333339 ], [ -8.482222222222221, 54.360866013071899 ], [ -8.4825, 54.360930555555555 ], [ -8.482777777777777, 54.360978260869565 ], [ -8.483055555555556, 54.361011111111111 ], [ -8.483333333333333, 54.361028806584365 ], [ -8.483611111111111, 54.361068376068381 ], [ -8.483888888888888, 54.361111111100001 ], [ -8.483888888935185, 54.361111111111114 ], [ -8.484166666666667, 54.361168582375484 ], [ -8.484444444444444, 54.361216475095787 ], [ -8.484722222222222, 54.361283524904216 ], [ -8.485, 54.361342592592592 ], [ -8.485099206349206, 54.361388888888889 ], [ -8.485277777777778, 54.361472222222226 ], [ -8.485555555555555, 54.36157142857143 ], [ -8.485833333333334, 54.36162457912458 ], [ -8.486064814814814, 54.361666666666672 ], [ -8.486111111111111, 54.361675347222224 ], [ -8.486388888888889, 54.361755952380953 ], [ -8.486666666666666, 54.361863425925925 ], [ -8.486828703703704, 54.361944444444447 ], [ -8.486944444444443, 54.362 ], [ -8.487222222222222, 54.362141203703708 ], [ -8.4875, 54.36221064814815 ], [ -8.487546296296296, 54.362222222222222 ], [ -8.487777777777778, 54.362268518518519 ], [ -8.488055555555555, 54.362390873015876 ], [ -8.488273809523809, 54.3625 ], [ -8.488333333333333, 54.362536231884057 ], [ -8.48861111111111, 54.362634099616862 ], [ -8.488888888888889, 54.36269047619048 ], [ -8.489166666666666, 54.362769360269361 ], [ -8.489194444444443, 54.362777777777779 ], [ -8.489444444444445, 54.362909356725147 ], [ -8.489607843137255, 54.363055555555555 ], [ -8.489722222222222, 54.363333333293653 ], [ -8.489722222243589, 54.363333333333337 ], [ -8.489722222222222, 54.36333333334877 ], [ -8.489444444459876, 54.363611111111112 ], [ -8.489444444444445, 54.363611111145836 ], [ -8.489166666666666, 54.363812260536399 ], [ -8.489074074074074, 54.363888888888894 ], [ -8.4889, 54.364166666666669 ], [ -8.488888888888889, 54.364178240740742 ], [ -8.48861111111111, 54.364202127659574 ], [ -8.488333333333333, 54.364283154121864 ], [ -8.488055555555555, 54.364290598290602 ], [ -8.487847222222221, 54.364444444444445 ], [ -8.487777777777778, 54.364495726495726 ], [ -8.4875, 54.364482905982911 ], [ -8.487222222222222, 54.364496996996998 ], [ -8.486944444444443, 54.36449735449736 ], [ -8.486666666666666, 54.364498910675387 ], [ -8.486388888888889, 54.36453240740741 ], [ -8.486181818181818, 54.364722222222227 ], [ -8.486111111111111, 54.364884259259263 ], [ -8.485833333333334, 54.364948830409361 ], [ -8.485555555555555, 54.364973544973545 ], [ -8.485277777777778, 54.364968847352024 ], [ -8.485, 54.364949712643678 ], [ -8.484842342342342, 54.365 ], [ -8.484722222222222, 54.365101010101014 ], [ -8.484444444444444, 54.365193713450296 ], [ -8.484166666666667, 54.365253267973856 ], [ -8.484074074074075, 54.365277777777777 ], [ -8.483888888888888, 54.36536324786325 ], [ -8.483611111111111, 54.365409722222225 ], [ -8.483333333333333, 54.365453929539299 ], [ -8.483055555555556, 54.365527777777778 ], [ -8.482962962962963, 54.365555555555559 ], [ -8.482777777777777, 54.365614035087724 ], [ -8.4825, 54.36568181818182 ], [ -8.482222222222221, 54.365738888888892 ], [ -8.48205938697318, 54.365833333333335 ], [ -8.481944444444444, 54.365918803418808 ], [ -8.481666666666666, 54.366033138401562 ], [ -8.481444444444444, 54.366111111111117 ], [ -8.481388888888889, 54.366140350877195 ], [ -8.48111111111111, 54.36626893939394 ], [ -8.480833333333333, 54.366345679012348 ], [ -8.480671296296295, 54.366388888888892 ], [ -8.480555555555556, 54.366428571428571 ], [ -8.480277777777777, 54.366527777784391 ], [ -8.48, 54.366603009259265 ], [ -8.47974537037037, 54.366666666666667 ], [ -8.479722222222222, 54.366675347222227 ], [ -8.479444444444445, 54.366766975308643 ], [ -8.479166666666666, 54.366901709401709 ], [ -8.479074074074074, 54.366944444444449 ], [ -8.478888888888889, 54.367042483660136 ], [ -8.47861111111111, 54.367107487922709 ], [ -8.478333333333333, 54.367149122807021 ], [ -8.478055555555555, 54.367175925925928 ], [ -8.477777777777778, 54.367206196581201 ], [ -8.477748015873015, 54.367222222222225 ], [ -8.4775, 54.367453703703703 ], [ -8.477422839506172, 54.3675 ], [ -8.477222222222222, 54.367583979328167 ], [ -8.476944444444444, 54.367660493827159 ], [ -8.476666666666667, 54.36773550724638 ], [ -8.476388888888888, 54.367762896825397 ], [ -8.476180555555555, 54.367777777777782 ], [ -8.476111111111111, 54.367789855072466 ], [ -8.475833333333332, 54.367895622895624 ], [ -8.475555555555555, 54.367956349206352 ], [ -8.475277777777777, 54.3679797979798 ], [ -8.475, 54.368001207729471 ], [ -8.474722222222223, 54.368016795865636 ], [ -8.474444444444444, 54.36804166666667 ], [ -8.474351851851852, 54.368055555555557 ], [ -8.474166666666667, 54.368134920634922 ], [ -8.473888888888888, 54.368259259259261 ], [ -8.473666666666666, 54.368333333333332 ], [ -8.473611111111111, 54.368361111111113 ], [ -8.473333333333333, 54.3685 ], [ -8.473055555624999, 54.368611111111115 ], [ -8.473055555555556, 54.368611111125006 ], [ -8.472777777777777, 54.36866666666667 ], [ -8.472654320987655, 54.368611111111115 ], [ -8.4725, 54.368529411764705 ], [ -8.472222222222221, 54.368455555555556 ], [ -8.471944444444444, 54.368396464646466 ], [ -8.471746031746031, 54.368333333333332 ], [ -8.471666666666666, 54.3682962962963 ], [ -8.471388888888889, 54.368148148148151 ], [ -8.471234567901234, 54.368055555555557 ], [ -8.47111111111111, 54.367944444444447 ], [ -8.470833333333333, 54.36780303030303 ], [ -8.470787037037036, 54.367777777777782 ], [ -8.470555555555555, 54.367678571428577 ], [ -8.470277777777778, 54.367559523809526 ], [ -8.470138888842593, 54.3675 ], [ -8.47, 54.367444444444445 ], [ -8.469722222222222, 54.367309027777779 ], [ -8.469548611111112, 54.367222222222225 ], [ -8.469444444444445, 54.367158119658122 ], [ -8.469212962962963, 54.366944444444449 ], [ -8.469166666666666, 54.366915204678364 ], [ -8.468888888888889, 54.366739766081871 ], [ -8.468773148148149, 54.366666666666667 ], [ -8.468611111111111, 54.366588888888892 ], [ -8.468333333333334, 54.366435185185189 ], [ -8.468267973856209, 54.366388888888892 ], [ -8.468055555555555, 54.36619883040936 ], [ -8.46796783625731, 54.366111111111117 ], [ -8.467777777777778, 54.365954106280192 ], [ -8.467546296296296, 54.365833333333335 ], [ -8.4675, 54.365806878306877 ], [ -8.467222222222222, 54.365643939393941 ], [ -8.467027777777778, 54.365555555555559 ], [ -8.466944444444444, 54.3655 ], [ -8.466688034188033, 54.365277777777777 ], [ -8.466666666666667, 54.365260416666672 ], [ -8.46640625, 54.365 ], [ -8.466388888888888, 54.36498263888889 ], [ -8.466111111111111, 54.364785353535353 ], [ -8.466018518518519, 54.364722222222227 ], [ -8.465833333333332, 54.36452380952381 ], [ -8.465753968253967, 54.364444444444445 ], [ -8.465555555555556, 54.364230769230772 ], [ -8.465496031746031, 54.364166666666669 ], [ -8.465277777777777, 54.363888888914147 ], [ -8.465277777756411, 54.363888888888894 ], [ -8.465046296296295, 54.363611111111112 ], [ -8.465, 54.36354166666667 ], [ -8.464848484848485, 54.363333333333337 ], [ -8.464722222222221, 54.363159722222221 ], [ -8.464652777777777, 54.363055555555555 ], [ -8.464444444444444, 54.36280555555556 ], [ -8.464419191919191, 54.362777777777779 ], [ -8.464166666666666, 54.362500000027779 ], [ -8.464166666645299, 54.3625 ], [ -8.464047619047619, 54.362222222222222 ], [ -8.463888888888889, 54.361975308641981 ], [ -8.46386574074074, 54.361944444444447 ], [ -8.463696581196581, 54.361666666666672 ], [ -8.463611111111112, 54.361507936507941 ], [ -8.463472222222222, 54.361507936507941 ] ] } },
{ "type": "Feature", "properties": { "ID": 21, "height": 380.0 }, "geometry": { "type": "LineString", "coordinates": [ [ -8.470694444490741, 54.357638888888893 ], [ -8.470694444490741, 54.357777777777777 ], [ -8.470833333333333, 54.357870370370371 ], [ -8.47111111111111, 54.358024691358025 ], [ -8.471166666666667, 54.358055555555559 ], [ -8.471388888888889, 54.358194444409726 ], [ -8.471666666666666, 54.358333333302468 ], [ -8.471666666736111, 54.358333333333334 ], [ -8.471944444444444, 54.358456790123462 ], [ -8.472222222222221, 54.358555555555554 ], [ -8.472361111180556, 54.358611111111117 ], [ -8.4725, 54.358661616161619 ], [ -8.472777777777777, 54.358737373737377 ], [ -8.473055555555556, 54.358861111111111 ], [ -8.473125, 54.358888888888892 ], [ -8.473333333333333, 54.358972222222228 ], [ -8.473611111111111, 54.359111111111112 ], [ -8.473722222222221, 54.359166666666667 ], [ -8.473888888888888, 54.359259259259261 ], [ -8.474166666666667, 54.359361111111113 ], [ -8.474444444444444, 54.359444444416667 ], [ -8.474444444722222, 54.359444444444449 ], [ -8.474722222222223, 54.359469696969697 ], [ -8.475, 54.359469696969697 ], [ -8.475277777777777, 54.359494949494952 ], [ -8.475555555555555, 54.359513888888891 ], [ -8.475833333333332, 54.359537037037036 ], [ -8.476111111111111, 54.359545454545454 ], [ -8.476388888888888, 54.359570707070709 ], [ -8.476666666666667, 54.359583333305558 ], [ -8.476944444444444, 54.359666666666669 ], [ -8.477222222222222, 54.359722222196972 ], [ -8.4772222225, 54.359722222222224 ], [ -8.4775, 54.359753086419758 ], [ -8.477777777777778, 54.359783950617285 ], [ -8.478055555555555, 54.359833333333334 ], [ -8.478333333333333, 54.359861111087966 ], [ -8.47861111111111, 54.35996031746032 ], [ -8.478796296296297, 54.36 ], [ -8.478888888888889, 54.360013227513228 ], [ -8.479166666666666, 54.360138888874999 ], [ -8.479444444444445, 54.360277777762349 ], [ -8.479444444460784, 54.360277777777782 ], [ -8.479722222222222, 54.360459401709406 ], [ -8.48, 54.360547385620919 ], [ -8.480046296296296, 54.360555555555557 ], [ -8.480277777777777, 54.360603448275867 ], [ -8.480555555555556, 54.360662393162393 ], [ -8.480833333333333, 54.360715811965811 ], [ -8.48111111111111, 54.36076666666667 ], [ -8.481388888888889, 54.360833333322226 ], [ -8.481388888935184, 54.360833333333339 ], [ -8.481666666666666, 54.3609375 ], [ -8.481944444444444, 54.36107638888889 ], [ -8.48202380952381, 54.361111111111114 ], [ -8.482222222222221, 54.361166666666669 ], [ -8.4825, 54.361192129629629 ], [ -8.482777777777777, 54.361215277777781 ], [ -8.483055555555556, 54.361238425925926 ], [ -8.483333333333333, 54.361249999988431 ], [ -8.483611111111111, 54.361282051282053 ], [ -8.483888888888888, 54.361309523809524 ], [ -8.484166666666667, 54.361360153256705 ], [ -8.484333333333334, 54.361388888888889 ], [ -8.484444444444444, 54.361405723905726 ], [ -8.484722222222222, 54.361475095785444 ], [ -8.485, 54.361555555555555 ], [ -8.485277777777778, 54.361657407407407 ], [ -8.485308641975308, 54.361666666666672 ], [ -8.485555555555555, 54.361755555555561 ], [ -8.485833333333334, 54.361810344827589 ], [ -8.486111111111111, 54.361848958333333 ], [ -8.486365740740741, 54.361944444444447 ], [ -8.486388888888889, 54.361956521739131 ], [ -8.486666666666666, 54.362078189300412 ], [ -8.486944444444443, 54.362222222211116 ], [ -8.486944444465811, 54.362222222222222 ], [ -8.487222222222222, 54.362335069444448 ], [ -8.4875, 54.362392473118284 ], [ -8.487777777777778, 54.362453703703707 ], [ -8.487876984126984, 54.3625 ], [ -8.488055555555555, 54.362592592592598 ], [ -8.488333333333333, 54.3627777777657 ], [ -8.488333333388889, 54.362777777777779 ], [ -8.48861111111111, 54.362827380952382 ], [ -8.488888888888889, 54.362886473429953 ], [ -8.489166666666666, 54.363029100529104 ], [ -8.489212962962963, 54.363055555555555 ], [ -8.489305555578703, 54.363333333333337 ], [ -8.489179894179895, 54.363611111111112 ], [ -8.489166666666666, 54.363620689655171 ], [ -8.488888888888889, 54.3637962962963 ], [ -8.488823529411764, 54.363888888888894 ], [ -8.48861111111111, 54.36402263374486 ], [ -8.488416666666666, 54.364166666666669 ], [ -8.488333333333333, 54.364193548387099 ], [ -8.488055555555555, 54.364205128205128 ], [ -8.487777777777778, 54.364338624338629 ], [ -8.4875, 54.364335317460316 ], [ -8.487222222222222, 54.364375 ], [ -8.486944444444443, 54.364358974358979 ], [ -8.486666666666666, 54.364360269360269 ], [ -8.486388888888889, 54.364440298507468 ], [ -8.486377314814815, 54.364444444444445 ], [ -8.486111111111111, 54.364664750957857 ], [ -8.486013071895425, 54.364722222222227 ], [ -8.485833333333334, 54.364802631578947 ], [ -8.485555555555555, 54.364841269841271 ], [ -8.485277777777778, 54.364916926272066 ], [ -8.485, 54.364901819923375 ], [ -8.484722222222222, 54.364987080103361 ], [ -8.484692192192192, 54.365 ], [ -8.484444444444444, 54.365120614035092 ], [ -8.484166666666667, 54.365171568627453 ], [ -8.483888888888888, 54.36524011299435 ], [ -8.483611111111111, 54.365272817460323 ], [ -8.483571428571429, 54.365277777777777 ], [ -8.483333333333333, 54.365318428184281 ], [ -8.483055555555556, 54.365388888888894 ], [ -8.482777777777777, 54.365470085470086 ], [ -8.482500000023148, 54.365555555555559 ], [ -8.4825, 54.365555555561869 ], [ -8.482222222222221, 54.365627777777782 ], [ -8.481944444444444, 54.365786052009462 ], [ -8.481867816091954, 54.365833333333335 ], [ -8.481666666666666, 54.365935672514624 ], [ -8.481388888888889, 54.366016548463357 ], [ -8.481177248677248, 54.366111111111117 ], [ -8.48111111111111, 54.36614267676768 ], [ -8.480833333333333, 54.366222222222227 ], [ -8.480555555555556, 54.366300236406623 ], [ -8.480295138888888, 54.366388888888892 ], [ -8.480277777777777, 54.366395502645503 ], [ -8.48, 54.366487268518519 ], [ -8.479722222222222, 54.366554373522462 ], [ -8.479444444444445, 54.366625295508278 ], [ -8.479347222222222, 54.366666666666667 ], [ -8.479166666666666, 54.366759259259261 ], [ -8.478888888888889, 54.366890243902439 ], [ -8.47874074074074, 54.366944444444449 ], [ -8.47861111111111, 54.366986714975845 ], [ -8.478333333333333, 54.367051656920083 ], [ -8.478055555555555, 54.367073045267489 ], [ -8.477777777777778, 54.367099358974365 ], [ -8.477549603174603, 54.367222222222225 ], [ -8.4775, 54.367268518518522 ], [ -8.477222222222222, 54.367451388888888 ], [ -8.47707264957265, 54.3675 ], [ -8.476944444444444, 54.367537037037039 ], [ -8.476666666666667, 54.367614734299522 ], [ -8.476388888888888, 54.367663690476192 ], [ -8.476111111111111, 54.36769900497513 ], [ -8.475833333333332, 54.367751322751324 ], [ -8.475705128205128, 54.367777777777782 ], [ -8.475555555555555, 54.367824074074079 ], [ -8.475277777777777, 54.367853535353539 ], [ -8.475, 54.367880434782613 ], [ -8.474722222222223, 54.36788759689923 ], [ -8.474444444444444, 54.367902777777779 ], [ -8.474166666666667, 54.367944444444447 ], [ -8.473888888888888, 54.367993055555559 ], [ -8.473611111111111, 54.367992831541223 ], [ -8.473333333333333, 54.367992424242424 ], [ -8.473055555555556, 54.367981481481486 ], [ -8.472777777777777, 54.367962962962963 ], [ -8.4725, 54.367986111111115 ], [ -8.472361111249999, 54.368055555555557 ], [ -8.472222222222221, 54.368083333333338 ], [ -8.472152777777778, 54.368055555555557 ], [ -8.471944444444444, 54.367777777870373 ], [ -8.471944444305555, 54.367777777777782 ], [ -8.471666666666666, 54.367698412698417 ], [ -8.471388888888889, 54.367530864197533 ], [ -8.471333333333334, 54.3675 ], [ -8.47111111111111, 54.367451690821255 ], [ -8.470833333333333, 54.367397660818717 ], [ -8.470555555555555, 54.367309027777779 ], [ -8.470324074074075, 54.367222222222225 ], [ -8.470277777777778, 54.367206790123461 ], [ -8.47, 54.367083333350699 ], [ -8.469753086419752, 54.366944444444449 ], [ -8.469722222222222, 54.366929012345679 ], [ -8.469444444444445, 54.366798245614035 ], [ -8.46923611111111, 54.366666666666667 ], [ -8.469166666666666, 54.366630434782614 ], [ -8.468888888888889, 54.366506410256413 ], [ -8.468653846153845, 54.366388888888892 ], [ -8.468611111111111, 54.366359649122806 ], [ -8.468333333333334, 54.366177248677253 ], [ -8.468260233918128, 54.366111111111117 ], [ -8.468055555555555, 54.365925925925929 ], [ -8.467941176470587, 54.365833333333335 ], [ -8.467777777777778, 54.365701058201061 ], [ -8.467523148148148, 54.365555555555559 ], [ -8.4675, 54.365540123456789 ], [ -8.467222222222222, 54.365343137254904 ], [ -8.46712962962963, 54.365277777777777 ], [ -8.466944444444444, 54.365106837606838 ], [ -8.466805555527777, 54.365 ], [ -8.466666666666667, 54.364861111138893 ], [ -8.466527777750001, 54.364722222222227 ], [ -8.466388888888888, 54.364615384615384 ], [ -8.466166666666666, 54.364444444444445 ], [ -8.466111111111111, 54.36438888888889 ], [ -8.465925925925925, 54.364166666666669 ], [ -8.465833333333332, 54.364055555555559 ], [ -8.465705128205128, 54.363888888888894 ], [ -8.465555555555556, 54.363672839506172 ], [ -8.465509259259258, 54.363611111111112 ], [ -8.465277777777777, 54.363333333361112 ], [ -8.465277777757937, 54.363333333333337 ], [ -8.465119047619048, 54.363055555555555 ], [ -8.465, 54.362817460317466 ], [ -8.464972222222222, 54.362777777777779 ], [ -8.464722222222221, 54.362569444444446 ], [ -8.464638888888889, 54.3625 ], [ -8.464444444444444, 54.362222222261906 ], [ -8.464444444424602, 54.362222222222222 ], [ -8.464305555532407, 54.361944444444447 ], [ -8.464166666666666, 54.361706349206351 ], [ -8.464143518518519, 54.361666666666672 ], [ -8.46401515151515, 54.361388888888889 ], [ -8.463939393939393, 54.361111111111114 ], [ -8.463888888888889, 54.36101851851852 ], [ -8.463730158730158, 54.360833333333339 ], [ -8.463611111111112, 54.360729166666665 ], [ -8.463472222222222, 54.360729166666665 ] ] } },
{ "type": "Feature", "properties": { "ID": 22, "height": 400.0 }, "geometry": { "type": "LineString", "coordinates": [ [ -8.4695, 54.357638888888893 ], [ -8.4695, 54.357777777777777 ], [ -8.469722222222222, 54.357901234567905 ], [ -8.47, 54.358024691358025 ], [ -8.470055555555556, 54.358055555555559 ], [ -8.470277777777778, 54.358194444409726 ], [ -8.470555555555555, 54.35833333329861 ], [ -8.470555555601852, 54.358333333333334 ], [ -8.470833333333333, 54.3585 ], [ -8.47111111111111, 54.358611111085864 ], [ -8.471111111157407, 54.358611111111117 ], [ -8.471388888888889, 54.358762626262632 ], [ -8.471666666666666, 54.358888888863639 ], [ -8.471666666736111, 54.358888888888892 ], [ -8.471944444444444, 54.359012345679012 ], [ -8.472222222222221, 54.35913580246914 ], [ -8.472291666666667, 54.359166666666667 ], [ -8.4725, 54.35925 ], [ -8.472777777777777, 54.359351851851855 ], [ -8.47298611111111, 54.359444444444449 ], [ -8.473055555555556, 54.359479166666667 ], [ -8.473333333333333, 54.359618055555558 ], [ -8.4735, 54.359722222222224 ], [ -8.473611111111111, 54.359768518518521 ], [ -8.473888888888888, 54.35985042735043 ], [ -8.474166666666667, 54.359907407407412 ], [ -8.474444444444444, 54.359953703703709 ], [ -8.474722222222223, 54.359953703703709 ], [ -8.475, 54.359953703703709 ], [ -8.475277777777777, 54.359976851851854 ], [ -8.475555555555555, 54.359976851851854 ], [ -8.475833333333332, 54.359999999976857 ], [ -8.476111111111111, 54.359999999978633 ], [ -8.476111111203704, 54.36 ], [ -8.476388888888888, 54.360059523809525 ], [ -8.476666666666667, 54.360092592592594 ], [ -8.476944444444444, 54.360138888871532 ], [ -8.477222222222222, 54.360169753086424 ], [ -8.4775, 54.360185185185188 ], [ -8.477777777777778, 54.360200617283951 ], [ -8.478055555555555, 54.360204678362578 ], [ -8.478333333333333, 54.360204678362578 ], [ -8.47861111111111, 54.36025 ], [ -8.478888888888889, 54.360277777764551 ], [ -8.478888888916666, 54.360277777777782 ], [ -8.479166666666666, 54.36045138888889 ], [ -8.479351851851851, 54.360555555555557 ], [ -8.479444444444445, 54.360584291187742 ], [ -8.479722222222222, 54.360657407407409 ], [ -8.48, 54.360720486111113 ], [ -8.480277777777777, 54.360795019157088 ], [ -8.480416666701389, 54.360833333333339 ], [ -8.480555555555556, 54.360883838383842 ], [ -8.480833333333333, 54.360958333333336 ], [ -8.48111111111111, 54.361038011695911 ], [ -8.481284722222222, 54.361111111111114 ], [ -8.481388888888889, 54.361150793650793 ], [ -8.481666666666666, 54.361243386243387 ], [ -8.481944444444444, 54.361328502415461 ], [ -8.482222222222221, 54.361388888877777 ], [ -8.482222222314814, 54.361388888888889 ], [ -8.4825, 54.361423611111114 ], [ -8.482777777777777, 54.361446759259259 ], [ -8.483055555555556, 54.361469907407411 ], [ -8.483333333333333, 54.361485507246378 ], [ -8.483611111111111, 54.361509661835754 ], [ -8.483888888888888, 54.361533816425123 ], [ -8.484166666666667, 54.361557539682543 ], [ -8.484444444444444, 54.361574074074078 ], [ -8.484722222222222, 54.361666666657094 ], [ -8.484722222249999, 54.361666666666672 ], [ -8.485, 54.361798941798945 ], [ -8.485277777777778, 54.361896135265702 ], [ -8.485436507936507, 54.361944444444447 ], [ -8.485555555555555, 54.361977777777781 ], [ -8.485833333333334, 54.362020202020204 ], [ -8.486111111111111, 54.362069444444444 ], [ -8.486388888888889, 54.362198067632853 ], [ -8.486458333333333, 54.362222222222222 ], [ -8.486666666666666, 54.362341269841274 ], [ -8.486944444444443, 54.362463768115944 ], [ -8.487152777777778, 54.3625 ], [ -8.487222222222222, 54.362513888888891 ], [ -8.4875, 54.362588888888894 ], [ -8.487777777777778, 54.362634408602155 ], [ -8.488024691358024, 54.362777777777779 ], [ -8.488055555555555, 54.362799145299149 ], [ -8.488333333333333, 54.362946127946131 ], [ -8.48861111111111, 54.363025793650799 ], [ -8.488703703703703, 54.363055555555555 ], [ -8.488858024691357, 54.363333333333337 ], [ -8.488805555555555, 54.363611111111112 ], [ -8.48861111111111, 54.363833333333332 ], [ -8.488395061728395, 54.363888888888894 ], [ -8.488333333333333, 54.363923611111112 ], [ -8.488055555555555, 54.363962962962965 ], [ -8.487777777777778, 54.36406432748538 ], [ -8.4875, 54.364135802469136 ], [ -8.487222222222222, 54.364145299145299 ], [ -8.486944444444443, 54.364157559198546 ], [ -8.486833333333333, 54.364166666666669 ], [ -8.486666666666666, 54.364191919191924 ], [ -8.486388888888889, 54.364357379767831 ], [ -8.486145833333333, 54.364444444444445 ], [ -8.486111111111111, 54.364473180076629 ], [ -8.485833333333334, 54.364684908789386 ], [ -8.485555555555555, 54.364712962962962 ], [ -8.485545808966862, 54.364722222222227 ], [ -8.485277777777778, 54.364865005192108 ], [ -8.485, 54.364853927203065 ], [ -8.484722222222222, 54.364922480620159 ], [ -8.484542042042042, 54.365 ], [ -8.484444444444444, 54.365047514619889 ], [ -8.484166666666667, 54.36508986928105 ], [ -8.483888888888888, 54.365145951035785 ], [ -8.483611111111111, 54.365173611111111 ], [ -8.483333333333333, 54.365204402515722 ], [ -8.483055555555556, 54.365255555555557 ], [ -8.482954545454545, 54.365277777777777 ], [ -8.482777777777777, 54.365327635327638 ], [ -8.4825, 54.365429292929292 ], [ -8.482222222222221, 54.365515046296295 ], [ -8.482147435897435, 54.365555555555559 ], [ -8.481944444444444, 54.365667848699765 ], [ -8.481676245210728, 54.365833333333335 ], [ -8.481666666666666, 54.365838206627686 ], [ -8.481388888888889, 54.365898345153667 ], [ -8.48111111111111, 54.365998498498499 ], [ -8.480833333333333, 54.36609375 ], [ -8.48079365079365, 54.366111111111117 ], [ -8.480555555555556, 54.366182033096926 ], [ -8.480277777777777, 54.366260162601627 ], [ -8.48, 54.36636574074074 ], [ -8.479924242424243, 54.366388888888892 ], [ -8.479722222222222, 54.366436170212765 ], [ -8.479444444444445, 54.366507092198582 ], [ -8.479166666666666, 54.366619241192417 ], [ -8.479069444444445, 54.366666666666667 ], [ -8.478888888888889, 54.366754742547428 ], [ -8.47861111111111, 54.366872222222227 ], [ -8.478370370370371, 54.366944444444449 ], [ -8.478333333333333, 54.366954191033138 ], [ -8.478055555555555, 54.366970164609057 ], [ -8.477777777777778, 54.366992521367521 ], [ -8.4775, 54.367131642512078 ], [ -8.47735119047619, 54.367222222222225 ], [ -8.477222222222222, 54.3673125 ], [ -8.476944444444444, 54.367402777777777 ], [ -8.476666666666667, 54.367493055555556 ], [ -8.476646825396825, 54.3675 ], [ -8.476388888888888, 54.367564484126987 ], [ -8.476111111111111, 54.367616086235493 ], [ -8.475833333333332, 54.367663139329807 ], [ -8.475555555555555, 54.367717592592598 ], [ -8.475277777777777, 54.367738791423001 ], [ -8.475, 54.367762626262632 ], [ -8.474722222222223, 54.367765522875821 ], [ -8.474444444444444, 54.367770833333338 ], [ -8.474351851851852, 54.367777777777782 ], [ -8.474166666666667, 54.367805555555556 ], [ -8.473888888888888, 54.367854166666667 ], [ -8.473611111111111, 54.367813620071686 ], [ -8.473452380952381, 54.367777777777782 ], [ -8.473333333333333, 54.367765700483091 ], [ -8.473055555555556, 54.367739316239316 ], [ -8.472777777777777, 54.367706093189966 ], [ -8.4725, 54.36769191919192 ], [ -8.472222222222221, 54.367670068027216 ], [ -8.471944444444444, 54.367579365079365 ], [ -8.471847826086956, 54.3675 ], [ -8.471666666666666, 54.367411347517731 ], [ -8.471388888888889, 54.367349206349211 ], [ -8.471127450980392, 54.367222222222225 ], [ -8.47111111111111, 54.367213804713806 ], [ -8.470833333333333, 54.367139917695475 ], [ -8.470555555555555, 54.367013888888891 ], [ -8.470381944444444, 54.366944444444449 ], [ -8.470277777777778, 54.366902777777781 ], [ -8.47, 54.366736111111116 ], [ -8.46984126984127, 54.366666666666667 ], [ -8.469722222222222, 54.366630434782614 ], [ -8.469444444444445, 54.366505847953221 ], [ -8.469166666666666, 54.366388888900971 ], [ -8.469166666635802, 54.366388888888892 ], [ -8.468888888888889, 54.366250000015434 ], [ -8.468680555555554, 54.366111111111117 ], [ -8.468611111111111, 54.366055555555555 ], [ -8.468333333333334, 54.365891812865499 ], [ -8.468267973856209, 54.365833333333335 ], [ -8.468055555555555, 54.365643274853802 ], [ -8.467944444444445, 54.365555555555559 ], [ -8.467777777777778, 54.365416666682101 ], [ -8.467569444444445, 54.365277777777777 ], [ -8.4675, 54.365208333333335 ], [ -8.467321428571429, 54.365 ], [ -8.467222222222222, 54.364884259259263 ], [ -8.467045454545454, 54.364722222222227 ], [ -8.466944444444444, 54.364621212121214 ], [ -8.46675, 54.364444444444445 ], [ -8.466666666666667, 54.364368686868687 ], [ -8.466444444444445, 54.364166666666669 ], [ -8.466388888888888, 54.364116161616167 ], [ -8.466161616161616, 54.363888888888894 ], [ -8.466111111111111, 54.363827160493827 ], [ -8.465949074074073, 54.363611111111112 ], [ -8.465833333333332, 54.363472222250003 ], [ -8.465717592592592, 54.363333333333337 ], [ -8.465555555555556, 54.363117283950622 ], [ -8.465515873015873, 54.363055555555555 ], [ -8.465416666643518, 54.362777777777779 ], [ -8.465277777777777, 54.362626262626264 ], [ -8.465170940170941, 54.3625 ], [ -8.465, 54.362329059829065 ], [ -8.464884259259259, 54.362222222222222 ], [ -8.46474537037037, 54.361944444444447 ], [ -8.464722222222221, 54.36189814814815 ], [ -8.46460648148148, 54.361666666666672 ], [ -8.464520202020202, 54.361388888888889 ], [ -8.464469696969697, 54.361111111111114 ], [ -8.464444444444444, 54.361071428571428 ], [ -8.464292929292929, 54.360833333333339 ], [ -8.464166666666666, 54.360694444472223 ], [ -8.464040404040404, 54.360555555555557 ], [ -8.463888888888889, 54.360388888888892 ], [ -8.463796296296296, 54.360277777777782 ], [ -8.463611111111112, 54.360092592592594 ], [ -8.463472222222222, 54.360092592592594 ] ] } },
{ "type": "Feature", "properties": { "ID": 23, "height": 420.0 }, "geometry": { "type": "LineString", "coordinates": [ [ -8.468333333388889, 54.357638888888893 ], [ -8.468333333388889, 54.357777777777777 ], [ -8.468611111111111, 54.357976190476194 ], [ -8.468750000069445, 54.358055555555559 ], [ -8.468888888888889, 54.358117283950619 ], [ -8.469166666666666, 54.358271604938274 ], [ -8.469277777777778, 54.358333333333334 ], [ -8.469444444444445, 54.358425925925928 ], [ -8.469722222222222, 54.358576388888892 ], [ -8.469791666666666, 54.358611111111117 ], [ -8.47, 54.358694444444446 ], [ -8.470277777777778, 54.358805555555556 ], [ -8.470555555555555, 54.358888888863639 ], [ -8.47055555561111, 54.358888888888892 ], [ -8.470833333333333, 54.3590625 ], [ -8.471, 54.359166666666667 ], [ -8.47111111111111, 54.359228395061727 ], [ -8.471388888888889, 54.359382716049382 ], [ -8.471527777847221, 54.359444444444449 ], [ -8.471666666666666, 54.3595 ], [ -8.471944444444444, 54.359611111111114 ], [ -8.472222222222221, 54.359722222191358 ], [ -8.472222222291666, 54.359722222222224 ], [ -8.4725, 54.359845679012345 ], [ -8.472777777777777, 54.359944444444444 ], [ -8.472916666736111, 54.36 ], [ -8.473055555555556, 54.360069444444449 ], [ -8.473333333333333, 54.360208333333333 ], [ -8.473518518518517, 54.360277777777782 ], [ -8.473611111111111, 54.360317460317461 ], [ -8.473888888888888, 54.360396825396826 ], [ -8.474166666666667, 54.36045138888889 ], [ -8.474444444444444, 54.360462962962963 ], [ -8.474722222222223, 54.360462962962963 ], [ -8.475, 54.360462962962963 ], [ -8.475277777777777, 54.360444444444447 ], [ -8.475555555555555, 54.360444444444447 ], [ -8.475833333333332, 54.360472222222228 ], [ -8.476111111111111, 54.360472222222228 ], [ -8.476388888888888, 54.360505050505054 ], [ -8.476666666666667, 54.36050925925926 ], [ -8.476944444444444, 54.360515873015878 ], [ -8.477222222222222, 54.360518518518518 ], [ -8.4775, 54.360506535947714 ], [ -8.477777777777778, 54.36050925925926 ], [ -8.478055555555555, 54.36050925925926 ], [ -8.478333333333333, 54.36050925925926 ], [ -8.478541666666667, 54.360555555555557 ], [ -8.47861111111111, 54.36057407407408 ], [ -8.478888888888889, 54.360632716049388 ], [ -8.479166666666666, 54.360724637681159 ], [ -8.479444444444445, 54.360775862068969 ], [ -8.479682539682539, 54.360833333333339 ], [ -8.479722222222222, 54.360845410628023 ], [ -8.48, 54.360917874396137 ], [ -8.480277777777777, 54.36102657004831 ], [ -8.480493827160494, 54.361111111111114 ], [ -8.480555555555556, 54.361143790849674 ], [ -8.480833333333333, 54.361242690058482 ], [ -8.48111111111111, 54.361309523809524 ], [ -8.481319444444445, 54.361388888888889 ], [ -8.481388888888889, 54.361413043478265 ], [ -8.481666666666666, 54.361502525252526 ], [ -8.481944444444444, 54.361570048309183 ], [ -8.482222222222221, 54.361630434782612 ], [ -8.4825, 54.361655092592592 ], [ -8.482638889027777, 54.361666666666672 ], [ -8.482777777777777, 54.361682098765435 ], [ -8.483055555555556, 54.36171052631579 ], [ -8.483333333333333, 54.361732804232808 ], [ -8.483611111111111, 54.361755050505053 ], [ -8.483888888888888, 54.361775362318845 ], [ -8.484166666666667, 54.36179824561404 ], [ -8.484444444444444, 54.361833333333337 ], [ -8.484652777777777, 54.361944444444447 ], [ -8.484722222222222, 54.361977124183007 ], [ -8.485, 54.36210069444445 ], [ -8.485277777777778, 54.362166666666667 ], [ -8.485555555555555, 54.3622 ], [ -8.485648148148147, 54.362222222222222 ], [ -8.485833333333334, 54.362301587301587 ], [ -8.486111111111111, 54.362400793650799 ], [ -8.486265432098765, 54.3625 ], [ -8.486388888888889, 54.362546296296301 ], [ -8.486666666666666, 54.362638888877321 ], [ -8.486944444444443, 54.362714646464646 ], [ -8.487175925925925, 54.362777777777779 ], [ -8.487222222222222, 54.362788461538464 ], [ -8.4875, 54.36281400966184 ], [ -8.487777777777778, 54.362833333333334 ], [ -8.488055555555555, 54.363012820512822 ], [ -8.488156565656565, 54.363055555555555 ], [ -8.488273809523809, 54.363333333333337 ], [ -8.488333333333333, 54.363409090909094 ], [ -8.48861111111111, 54.3635 ], [ -8.488666666666667, 54.363611111111112 ], [ -8.48861111111111, 54.363674603174609 ], [ -8.488333333333333, 54.363696581196585 ], [ -8.488055555555555, 54.363761904761908 ], [ -8.487777777777778, 54.36383040935673 ], [ -8.487592592592593, 54.363888888888894 ], [ -8.4875, 54.363930041152265 ], [ -8.487222222222222, 54.363931623931627 ], [ -8.486944444444443, 54.364066484517309 ], [ -8.486666666666666, 54.364082341269842 ], [ -8.48655684754522, 54.364166666666669 ], [ -8.486388888888889, 54.364274461028195 ], [ -8.486111111111111, 54.364334625322996 ], [ -8.486025252525252, 54.364444444444445 ], [ -8.485833333333334, 54.364601990049756 ], [ -8.485555555555555, 54.364620370370375 ], [ -8.485448343079922, 54.364722222222227 ], [ -8.485277777777778, 54.36481308411215 ], [ -8.485, 54.364806034482761 ], [ -8.484722222222222, 54.364857881136956 ], [ -8.484444444444444, 54.364965277777777 ], [ -8.484228395061727, 54.365 ], [ -8.484166666666667, 54.36500816993464 ], [ -8.483888888888888, 54.365051789077214 ], [ -8.483611111111111, 54.365074404761906 ], [ -8.483333333333333, 54.365099580712787 ], [ -8.483055555555556, 54.365144444444446 ], [ -8.482777777777777, 54.365200945626476 ], [ -8.482565359477125, 54.365277777777777 ], [ -8.4825, 54.365303030303032 ], [ -8.482222222222221, 54.365399305555556 ], [ -8.481944444444444, 54.365547138047141 ], [ -8.4819341563786, 54.365555555555559 ], [ -8.481666666666666, 54.365716049382719 ], [ -8.481388888888889, 54.365770833333336 ], [ -8.481161616161616, 54.365833333333335 ], [ -8.48111111111111, 54.365848348348351 ], [ -8.480833333333333, 54.365920138888889 ], [ -8.480555555555556, 54.366028806584367 ], [ -8.480333333333332, 54.366111111111117 ], [ -8.480277777777777, 54.366124661246616 ], [ -8.48, 54.366211419753085 ], [ -8.479722222222222, 54.366293650793651 ], [ -8.479444444467592, 54.366388888888892 ], [ -8.479444444444445, 54.366388888894804 ], [ -8.479166666666666, 54.366483739837399 ], [ -8.478888888888889, 54.366612654320988 ], [ -8.478807870370369, 54.366666666666667 ], [ -8.47861111111111, 54.36676111111111 ], [ -8.478333333333333, 54.366859698681736 ], [ -8.478055555555555, 54.366872605363987 ], [ -8.477777777777778, 54.366890838206629 ], [ -8.477638888901515, 54.366944444444449 ], [ -8.4775, 54.36701086956522 ], [ -8.477222222222222, 54.367174796747967 ], [ -8.47707264957265, 54.367222222222225 ], [ -8.476944444444444, 54.367263888888893 ], [ -8.476666666666667, 54.367354166666672 ], [ -8.476388888888888, 54.367447447447447 ], [ -8.476259259259258, 54.3675 ], [ -8.476111111111111, 54.367533167495857 ], [ -8.475833333333332, 54.367574955908289 ], [ -8.475555555555555, 54.367625 ], [ -8.475277777777777, 54.367641325536063 ], [ -8.475, 54.36766161616162 ], [ -8.474722222222223, 54.367683823529411 ], [ -8.474444444444444, 54.367701388888889 ], [ -8.474166666666667, 54.367717717717717 ], [ -8.473888888888888, 54.367739898989903 ], [ -8.473611111111111, 54.367712418300655 ], [ -8.473333333333333, 54.367685185185188 ], [ -8.473055555555556, 54.36765384615385 ], [ -8.472777777777777, 54.367616487455201 ], [ -8.4725, 54.367590909090914 ], [ -8.472222222222221, 54.367556689342408 ], [ -8.47209595959596, 54.3675 ], [ -8.471944444444444, 54.367427536231887 ], [ -8.471666666666666, 54.367293144208041 ], [ -8.471458333333333, 54.367222222222225 ], [ -8.471388888888889, 54.367189542483665 ], [ -8.47111111111111, 54.367045454545455 ], [ -8.4708547008547, 54.366944444444449 ], [ -8.470833333333333, 54.366933760683764 ], [ -8.470555555555555, 54.366770833333334 ], [ -8.470347222222221, 54.366666666666667 ], [ -8.470277777777778, 54.366636904761904 ], [ -8.47, 54.366502057613168 ], [ -8.469722222222222, 54.366388888900971 ], [ -8.469722222199074, 54.366388888888892 ], [ -8.469444444444445, 54.366203703703704 ], [ -8.46923611111111, 54.366111111111117 ], [ -8.469166666666666, 54.366060606060607 ], [ -8.468888888888889, 54.365833333358587 ], [ -8.468888888854167, 54.365833333333335 ], [ -8.468611111111111, 54.365685185185185 ], [ -8.468333333333334, 54.365571895424836 ], [ -8.468314814814814, 54.365555555555559 ], [ -8.468083333333333, 54.365277777777777 ], [ -8.468055555555555, 54.36525 ], [ -8.467777777777778, 54.365042735042735 ], [ -8.467735042735043, 54.365 ], [ -8.467523148148148, 54.364722222222227 ], [ -8.4675, 54.364694444444446 ], [ -8.467307692307692, 54.364444444444445 ], [ -8.467222222222222, 54.364370370370374 ], [ -8.466944444444444, 54.364166666688035 ], [ -8.466944444421296, 54.364166666666669 ], [ -8.466666666666667, 54.363888888912037 ], [ -8.466666666641414, 54.363888888888894 ], [ -8.466439393939394, 54.363611111111112 ], [ -8.466388888888888, 54.363555555555557 ], [ -8.466186868686869, 54.363333333333337 ], [ -8.466111111111111, 54.363214285714285 ], [ -8.466010101010101, 54.363055555555555 ], [ -8.465854700854701, 54.362777777777779 ], [ -8.465833333333332, 54.362752525252525 ], [ -8.465619658119659, 54.3625 ], [ -8.465555555555556, 54.36240740740741 ], [ -8.465388888888889, 54.362222222222222 ], [ -8.465277777777777, 54.362063492063491 ], [ -8.465208333333333, 54.361944444444447 ], [ -8.46510101010101, 54.361666666666672 ], [ -8.465046296296295, 54.361388888888889 ], [ -8.465, 54.361203703703708 ], [ -8.464974747474747, 54.361111111111114 ], [ -8.464805555555555, 54.360833333333339 ], [ -8.464722222222221, 54.360729166666665 ], [ -8.464567901234567, 54.360555555555557 ], [ -8.464444444444444, 54.360444444444447 ], [ -8.464292929292929, 54.360277777777782 ], [ -8.464166666666666, 54.360138888916666 ], [ -8.464027777749999, 54.36 ], [ -8.463888888888889, 54.359861111138891 ], [ -8.463749999972222, 54.359722222222224 ], [ -8.463611111111112, 54.359615384615388 ], [ -8.463472222222222, 54.359615384615388 ] ] } },
{ "type": "Feature", "properties": { "ID": 24, "height": 440.0 }, "geometry": { "type": "LineString", "coordinates": [ [ -8.466944444499999, 54.357638888888893 ], [ -8.466944444499999, 54.357777777777777 ], [ -8.467222222222222, 54.357932098765431 ], [ -8.467444444444444, 54.358055555555559 ], [ -8.4675, 54.358090277777777 ], [ -8.467777777777778, 54.358229166666668 ], [ -8.467986111111111, 54.358333333333334 ], [ -8.468055555555555, 54.358368055555559 ], [ -8.468333333333334, 54.35850694444445 ], [ -8.4685, 54.358611111111117 ], [ -8.468611111111111, 54.358680555555559 ], [ -8.468888888888889, 54.35881944444445 ], [ -8.469027777847222, 54.358888888888892 ], [ -8.469166666666666, 54.358958333333334 ], [ -8.469444444444445, 54.3590625 ], [ -8.469652777777778, 54.359166666666667 ], [ -8.469722222222222, 54.359206349206353 ], [ -8.47, 54.359325396825398 ], [ -8.470208333333334, 54.359444444444449 ], [ -8.470277777777778, 54.359484126984128 ], [ -8.470555555555555, 54.359618055555558 ], [ -8.470763888888889, 54.359722222222224 ], [ -8.470833333333333, 54.359761904761911 ], [ -8.47111111111111, 54.359861111076391 ], [ -8.471388888888889, 54.359999999965282 ], [ -8.471388888958334, 54.36 ], [ -8.471666666666666, 54.360138888854166 ], [ -8.471944444444444, 54.360246913580248 ], [ -8.472037037037037, 54.360277777777782 ], [ -8.472222222222221, 54.360357142857147 ], [ -8.4725, 54.360555555509265 ], [ -8.472500000069443, 54.360555555555557 ], [ -8.472777777777777, 54.360714285714288 ], [ -8.47298611111111, 54.360833333333339 ], [ -8.473055555555556, 54.360868055555557 ], [ -8.473333333333333, 54.360972222194448 ], [ -8.473611111111111, 54.361027777777778 ], [ -8.473888888888888, 54.361055555555559 ], [ -8.474166666666667, 54.361080246913581 ], [ -8.474444444444444, 54.361080246913581 ], [ -8.474722222222223, 54.361055555555559 ], [ -8.475, 54.361055555555559 ], [ -8.475277777777777, 54.361027777777778 ], [ -8.475555555555555, 54.36101851851852 ], [ -8.475833333333332, 54.361041666666672 ], [ -8.476111111111111, 54.361041666666672 ], [ -8.476388888888888, 54.36107638888889 ], [ -8.476666666666667, 54.361080246913581 ], [ -8.476944444444444, 54.361083333333333 ], [ -8.477222222222222, 54.361083333333333 ], [ -8.4775, 54.361080246913581 ], [ -8.477777777777778, 54.36107638888889 ], [ -8.478055555555555, 54.36101851851852 ], [ -8.478333333333333, 54.360987654320986 ], [ -8.47861111111111, 54.360972222199074 ], [ -8.478888888888889, 54.360972222202385 ], [ -8.479166666666666, 54.360994152046786 ], [ -8.479444444444445, 54.361010101010102 ], [ -8.479722222222222, 54.361086956521739 ], [ -8.479814814814814, 54.361111111111114 ], [ -8.48, 54.361203703703708 ], [ -8.480277777777777, 54.36136904761905 ], [ -8.480324074074074, 54.361388888888889 ], [ -8.480555555555556, 54.361461988304093 ], [ -8.480833333333333, 54.36152116402117 ], [ -8.48111111111111, 54.361557971014498 ], [ -8.481388888888889, 54.36165458937198 ], [ -8.481423611111111, 54.361666666666672 ], [ -8.481666666666666, 54.361744444444447 ], [ -8.481944444444444, 54.361811594202898 ], [ -8.482222222222221, 54.361881313131313 ], [ -8.4825, 54.36193055555556 ], [ -8.482569444444444, 54.361944444444447 ], [ -8.482777777777777, 54.361986111111115 ], [ -8.483055555555556, 54.361997354497355 ], [ -8.483333333333333, 54.361997354497355 ], [ -8.483611111111111, 54.362013888888889 ], [ -8.483888888888888, 54.36203216374269 ], [ -8.484166666666667, 54.362098765432101 ], [ -8.484444444444444, 54.362173202614379 ], [ -8.48454861111111, 54.362222222222222 ], [ -8.484722222222222, 54.362271825396824 ], [ -8.485, 54.36235119047619 ], [ -8.485277777777778, 54.362433862433868 ], [ -8.485416666694444, 54.3625 ], [ -8.485555555555555, 54.362581699346407 ], [ -8.485833333333334, 54.362638888875004 ], [ -8.486111111111111, 54.362673611111113 ], [ -8.486388888888889, 54.362777777766205 ], [ -8.48638888892361, 54.362777777777779 ], [ -8.486666666666666, 54.362863247863253 ], [ -8.486944444444443, 54.362938034188033 ], [ -8.487222222222222, 54.363002136752137 ], [ -8.4875, 54.363055555543482 ], [ -8.487500000069444, 54.363055555555555 ], [ -8.487777777777778, 54.363179012345682 ], [ -8.487876984126984, 54.363333333333337 ], [ -8.488030303030303, 54.363611111111112 ], [ -8.487777777777778, 54.363684210526316 ], [ -8.4875, 54.363754208754209 ], [ -8.487222222222222, 54.363777777777777 ], [ -8.487095238095238, 54.363888888888894 ], [ -8.486944444444443, 54.363975409836065 ], [ -8.486666666666666, 54.363983134920637 ], [ -8.486427648578811, 54.364166666666669 ], [ -8.486388888888889, 54.364191542288559 ], [ -8.486111111111111, 54.364205426356591 ], [ -8.485924242424241, 54.364444444444445 ], [ -8.485833333333334, 54.36451907131012 ], [ -8.485555555555555, 54.364527777777781 ], [ -8.485350877192982, 54.364722222222227 ], [ -8.485277777777778, 54.364761163032192 ], [ -8.485, 54.364758141762458 ], [ -8.484722222222222, 54.364793281653746 ], [ -8.484444444444444, 54.364866071428573 ], [ -8.484166666666667, 54.364888888888892 ], [ -8.483888888888888, 54.364924242424244 ], [ -8.483611111111111, 54.364956597222225 ], [ -8.483333333333333, 54.364991039426528 ], [ -8.48329365079365, 54.365 ], [ -8.483055555555556, 54.365033333333336 ], [ -8.482777777777777, 54.365082742316787 ], [ -8.4825, 54.365157657657662 ], [ -8.482238562091503, 54.365277777777777 ], [ -8.482222222222221, 54.365283564814817 ], [ -8.481944444444444, 54.36537878787879 ], [ -8.481728395061728, 54.365555555555559 ], [ -8.481666666666666, 54.365592592592591 ], [ -8.481388888888889, 54.365631944444445 ], [ -8.48111111111111, 54.365686274509805 ], [ -8.480833333333333, 54.36574372759857 ], [ -8.480555555555556, 54.36582304526749 ], [ -8.480509259259259, 54.365833333333335 ], [ -8.480277777777777, 54.365893719806763 ], [ -8.48, 54.366003086419752 ], [ -8.479805555555556, 54.366111111111117 ], [ -8.479722222222222, 54.36613492063492 ], [ -8.479444444444445, 54.36622053872054 ], [ -8.479166666666666, 54.366335125448032 ], [ -8.479055555555556, 54.366388888888892 ], [ -8.478888888888889, 54.366458333333334 ], [ -8.47861111111111, 54.366634615384619 ], [ -8.478576388888889, 54.366666666666667 ], [ -8.478333333333333, 54.366765536723165 ], [ -8.478055555555555, 54.366776819923373 ], [ -8.477777777777778, 54.366793372319691 ], [ -8.4775, 54.366886304909563 ], [ -8.477391304347826, 54.366944444444449 ], [ -8.477222222222222, 54.367039295392956 ], [ -8.476944444444444, 54.367114197530867 ], [ -8.476666666666667, 54.367213541666672 ], [ -8.476641414141413, 54.367222222222225 ], [ -8.476388888888888, 54.367297297297299 ], [ -8.476111111111111, 54.367398989898994 ], [ -8.475833333333332, 54.36747311827957 ], [ -8.47575, 54.3675 ], [ -8.475555555555555, 54.36753240740741 ], [ -8.475277777777777, 54.367543859649125 ], [ -8.475, 54.367560606060607 ], [ -8.474722222222223, 54.367602124183009 ], [ -8.474444444444444, 54.367631944444447 ], [ -8.474166666666667, 54.367642642642643 ], [ -8.473888888888888, 54.367655723905727 ], [ -8.473611111111111, 54.367630718954253 ], [ -8.473333333333333, 54.367604669887278 ], [ -8.473055555555556, 54.367568376068377 ], [ -8.472777777777777, 54.36752688172043 ], [ -8.472569444444444, 54.3675 ], [ -8.4725, 54.367487080103359 ], [ -8.472222222222221, 54.367439613526571 ], [ -8.471944444444444, 54.367306763285029 ], [ -8.471767676767676, 54.367222222222225 ], [ -8.471666666666666, 54.367158730158735 ], [ -8.471388888888889, 54.367026143790852 ], [ -8.471234567901234, 54.366944444444449 ], [ -8.47111111111111, 54.366867816091954 ], [ -8.470833333333333, 54.366720085470085 ], [ -8.470746527777777, 54.366666666666667 ], [ -8.470555555555555, 54.366561302681994 ], [ -8.470277777777778, 54.366438492063494 ], [ -8.470178571428571, 54.366388888888892 ], [ -8.47, 54.366250000015434 ], [ -8.469772727272726, 54.366111111111117 ], [ -8.469722222222222, 54.366071428571431 ], [ -8.469484126984126, 54.365833333333335 ], [ -8.469444444444445, 54.365800653594775 ], [ -8.469166666666666, 54.36562962962963 ], [ -8.469065656565656, 54.365555555555559 ], [ -8.468888888888889, 54.365361111111113 ], [ -8.468769841269841, 54.365277777777777 ], [ -8.468611111111111, 54.365176767676772 ], [ -8.468434343434343, 54.365 ], [ -8.468333333333334, 54.364920634920637 ], [ -8.468055555555555, 54.364745370370372 ], [ -8.468027777777777, 54.364722222222227 ], [ -8.467777777777778, 54.364494949494954 ], [ -8.467735042735043, 54.364444444444445 ], [ -8.4675, 54.36424074074074 ], [ -8.46741452991453, 54.364166666666669 ], [ -8.467222222222222, 54.363916666666668 ], [ -8.467194444444445, 54.363888888888894 ], [ -8.466944444444444, 54.363611111141978 ], [ -8.466944444419191, 54.363611111111112 ], [ -8.466697530864197, 54.363333333333337 ], [ -8.466666666666667, 54.36328703703704 ], [ -8.466527777750001, 54.363055555555555 ], [ -8.466388888888888, 54.362857142857145 ], [ -8.466333333333333, 54.362777777777779 ], [ -8.466111111111111, 54.362555555555559 ], [ -8.466064814814814, 54.3625 ], [ -8.465916666666667, 54.362222222222222 ], [ -8.465833333333332, 54.362055555555557 ], [ -8.465763888888889, 54.361944444444447 ], [ -8.465634920634921, 54.361666666666672 ], [ -8.465555555555556, 54.361481481481484 ], [ -8.465530303030302, 54.361388888888889 ], [ -8.465479797979798, 54.361111111111114 ], [ -8.465370370370371, 54.360833333333339 ], [ -8.465277777777777, 54.360714285714288 ], [ -8.465166666666667, 54.360555555555557 ], [ -8.465, 54.360370370370376 ], [ -8.464895833333333, 54.360277777777782 ], [ -8.464722222222221, 54.360079365079365 ], [ -8.464642857142858, 54.36 ], [ -8.464444444444444, 54.35980158730159 ], [ -8.464375, 54.359722222222224 ], [ -8.464166666666666, 54.359555555555559 ], [ -8.464027777743055, 54.359444444444449 ], [ -8.463888888888889, 54.359370370370371 ], [ -8.463611111111112, 54.359222222222222 ], [ -8.463472222222222, 54.359222222222222 ] ] } },
{ "type": "Feature", "properties": { "ID": 25, "height": 460.0 }, "geometry": { "type": "LineString", "coordinates": [ [ -8.465555555648148, 54.357638888888893 ], [ -8.465555555648148, 54.357777777777777 ], [ -8.465833333333332, 54.358055555462968 ], [ -8.465833333472222, 54.358055555555559 ], [ -8.466111111111111, 54.358194444375002 ], [ -8.466388888888888, 54.358333333277777 ], [ -8.466388889027778, 54.358333333333334 ], [ -8.466666666666667, 54.358472222152777 ], [ -8.466851851851851, 54.358611111111117 ], [ -8.466944444444444, 54.358657407407406 ], [ -8.467222222222222, 54.358749999953709 ], [ -8.4675, 54.358849206349205 ], [ -8.467638889027777, 54.358888888888892 ], [ -8.467777777777778, 54.358958333333334 ], [ -8.468055555555555, 54.359166666611117 ], [ -8.468055555648148, 54.359166666666667 ], [ -8.468333333333334, 54.359333333333339 ], [ -8.468518518518518, 54.359444444444449 ], [ -8.468611111111111, 54.359490740740746 ], [ -8.468888888888889, 54.35962962962963 ], [ -8.469027777847222, 54.359722222222224 ], [ -8.469166666666666, 54.359791666666666 ], [ -8.469444444444445, 54.359895833333333 ], [ -8.469652777777778, 54.36 ], [ -8.469722222222222, 54.360039682539686 ], [ -8.47, 54.360198412698416 ], [ -8.470138888958333, 54.360277777777782 ], [ -8.470277777777778, 54.360357142857147 ], [ -8.470555555555555, 54.360476190476192 ], [ -8.470740740740741, 54.360555555555557 ], [ -8.470833333333333, 54.360611111111112 ], [ -8.47111111111111, 54.360722222222222 ], [ -8.471388888888889, 54.36083333328704 ], [ -8.471388889027777, 54.360833333333339 ], [ -8.471666666666666, 54.360972222152782 ], [ -8.471851851851852, 54.361111111111114 ], [ -8.471944444444444, 54.361180555555556 ], [ -8.472222222222221, 54.361388888819448 ], [ -8.472222222361111, 54.361388888888889 ], [ -8.4725, 54.361468253968255 ], [ -8.472777777777777, 54.361507936507941 ], [ -8.473055555555556, 54.361587301587306 ], [ -8.473333333333333, 54.361626984126985 ], [ -8.473611111111111, 54.361666666631947 ], [ -8.473611111388887, 54.361666666666672 ], [ -8.473888888888888, 54.361697530864198 ], [ -8.474166666666667, 54.361694444444446 ], [ -8.474444444444444, 54.361694444444446 ], [ -8.474722221944445, 54.361666666666672 ], [ -8.474722222222223, 54.361666666635806 ], [ -8.475, 54.361666666635806 ], [ -8.475000000277777, 54.361666666666672 ], [ -8.475277777777777, 54.361697530864198 ], [ -8.475555555555555, 54.361697530864198 ], [ -8.475833333333332, 54.361728395061732 ], [ -8.476111111111111, 54.361728395061732 ], [ -8.476388888888888, 54.361697530864198 ], [ -8.476666666666667, 54.361697530864198 ], [ -8.476944444444444, 54.361694444444446 ], [ -8.477222222222222, 54.361694444444446 ], [ -8.4775, 54.361722222222227 ], [ -8.477777777777778, 54.361722222222227 ], [ -8.478055555416667, 54.361666666666672 ], [ -8.478055555555555, 54.361666666635806 ], [ -8.478333333333333, 54.361635802469138 ], [ -8.47861111111111, 54.3615625 ], [ -8.478888888888889, 54.361493055555556 ], [ -8.479166666666666, 54.361527777743056 ], [ -8.479444444444445, 54.361527777743056 ], [ -8.479722222222222, 54.361611111111117 ], [ -8.48, 54.361666666643522 ], [ -8.480000000092593, 54.361666666666672 ], [ -8.480277777777777, 54.36171875 ], [ -8.480555555555556, 54.361764705882358 ], [ -8.480833333333333, 54.361813725490201 ], [ -8.48111111111111, 54.361857638888893 ], [ -8.481388888888889, 54.36193055555556 ], [ -8.481481481481481, 54.361944444444447 ], [ -8.481666666666666, 54.361981481481486 ], [ -8.481944444444444, 54.362083333317905 ], [ -8.482222222222221, 54.362142857142857 ], [ -8.4825, 54.362208333333335 ], [ -8.482569444444444, 54.362222222222222 ], [ -8.482777777777777, 54.362274305555559 ], [ -8.483055555555556, 54.362281746031748 ], [ -8.483333333333333, 54.362286324786325 ], [ -8.483611111111111, 54.362303921568632 ], [ -8.483888888888888, 54.362319444444445 ], [ -8.484166666666667, 54.362361111099538 ], [ -8.484444444444444, 54.362390873015876 ], [ -8.484722222222222, 54.362470238095241 ], [ -8.484826388888889, 54.3625 ], [ -8.485, 54.36260683760684 ], [ -8.485277777777778, 54.362777777759263 ], [ -8.485277777812499, 54.362777777777779 ], [ -8.485555555555555, 54.362908496732025 ], [ -8.485833333333334, 54.362932098765434 ], [ -8.486111111111111, 54.362947530864197 ], [ -8.486388888888889, 54.363030303030307 ], [ -8.486527777847222, 54.363055555555555 ], [ -8.486666666666666, 54.363090277777779 ], [ -8.486944444444443, 54.363211805555558 ], [ -8.487222222222222, 54.36333333331482 ], [ -8.487222222256944, 54.363333333333337 ], [ -8.487380952380953, 54.363611111111112 ], [ -8.487222222222222, 54.363638888888893 ], [ -8.486944444444443, 54.363842592592597 ], [ -8.486666666666666, 54.36385416666667 ], [ -8.486388888888889, 54.363773148148148 ], [ -8.486111111111111, 54.363732638888891 ], [ -8.485833333364198, 54.363888888888894 ], [ -8.485833333333334, 54.363888888981485 ], [ -8.485757575757576, 54.364166666666669 ], [ -8.485555555555555, 54.36438888888889 ], [ -8.485277777916666, 54.364444444444445 ], [ -8.485277777777778, 54.364444444500002 ], [ -8.485, 54.364548611111111 ], [ -8.484801587301588, 54.364722222222227 ], [ -8.484722222222222, 54.364728682170544 ], [ -8.484444444444444, 54.364766865079368 ], [ -8.484166666666667, 54.364765432098771 ], [ -8.483888888888888, 54.364755892255893 ], [ -8.483611111111111, 54.364782986111116 ], [ -8.483333333333333, 54.364811827956991 ], [ -8.483055555555556, 54.364855967078192 ], [ -8.482777777777777, 54.364927536231889 ], [ -8.482539682539683, 54.365 ], [ -8.4825, 54.365007507507507 ], [ -8.482222222222221, 54.365089285714291 ], [ -8.481944444444444, 54.365171957671961 ], [ -8.48175925925926, 54.365277777777777 ], [ -8.481666666666666, 54.365339506172845 ], [ -8.481388888888889, 54.365430555555555 ], [ -8.48111111111111, 54.36550505050505 ], [ -8.480888888888888, 54.365555555555559 ], [ -8.480833333333333, 54.365564516129034 ], [ -8.480555555555556, 54.36561728395062 ], [ -8.480277777777777, 54.365659722222226 ], [ -8.48, 54.365719696969698 ], [ -8.47975, 54.365833333333335 ], [ -8.479722222222222, 54.365848765432098 ], [ -8.479444444444445, 54.366003086419752 ], [ -8.479282407407407, 54.366111111111117 ], [ -8.479166666666666, 54.366155913978496 ], [ -8.478888888888889, 54.366283524904219 ], [ -8.478670634920634, 54.366388888888892 ], [ -8.47861111111111, 54.36642094017094 ], [ -8.478344907407408, 54.366666666666667 ], [ -8.478333333333333, 54.3666713747646 ], [ -8.478055555555555, 54.36668103448276 ], [ -8.477777777777778, 54.366695906432753 ], [ -8.4775, 54.366757105943158 ], [ -8.477222222222222, 54.366884920634924 ], [ -8.477013888888889, 54.366944444444449 ], [ -8.476944444444444, 54.366959876543213 ], [ -8.476666666666667, 54.367039930555556 ], [ -8.476388888888888, 54.367119341563786 ], [ -8.476136363636364, 54.367222222222225 ], [ -8.476111111111111, 54.367230639730643 ], [ -8.475833333333332, 54.36729390681004 ], [ -8.475555555555555, 54.367371031746032 ], [ -8.475277777777777, 54.367386831275724 ], [ -8.475, 54.367414529914534 ], [ -8.474829059829059, 54.3675 ], [ -8.474722222222223, 54.367520424836606 ], [ -8.474444444444444, 54.3675625 ], [ -8.474166666666667, 54.367567567567569 ], [ -8.473888888888888, 54.367571548821552 ], [ -8.473611111111111, 54.367549019607843 ], [ -8.473333333333333, 54.367524154589375 ], [ -8.473166666666666, 54.3675 ], [ -8.473055555555556, 54.367461685823756 ], [ -8.472777777777777, 54.367402777777777 ], [ -8.4725, 54.367357881136954 ], [ -8.472222222222221, 54.367318840579713 ], [ -8.472020202020202, 54.367222222222225 ], [ -8.471944444444444, 54.367155555555556 ], [ -8.471666666666666, 54.367 ], [ -8.4715522875817, 54.366944444444449 ], [ -8.471388888888889, 54.366823671497585 ], [ -8.47111111111111, 54.366676245210733 ], [ -8.47109375, 54.366666666666667 ], [ -8.470833333333333, 54.366493055555559 ], [ -8.470606060606061, 54.366388888888892 ], [ -8.470555555555555, 54.366356209150332 ], [ -8.470277777777778, 54.366143790849677 ], [ -8.470235042735043, 54.366111111111117 ], [ -8.47, 54.365920138888889 ], [ -8.469893162393163, 54.365833333333335 ], [ -8.469722222222222, 54.365702614379089 ], [ -8.46954365079365, 54.365555555555559 ], [ -8.469444444444445, 54.365448717948723 ], [ -8.469259259259259, 54.365277777777777 ], [ -8.469166666666666, 54.365212418300658 ], [ -8.468925925925925, 54.365 ], [ -8.468888888888889, 54.364960317460323 ], [ -8.468611111111111, 54.364742063492066 ], [ -8.468585858585858, 54.364722222222227 ], [ -8.468333333333334, 54.364537037037039 ], [ -8.46820707070707, 54.364444444444445 ], [ -8.468055555555555, 54.364277777777779 ], [ -8.467916666631945, 54.364166666666669 ], [ -8.467777777777778, 54.364007936507939 ], [ -8.467702020202021, 54.363888888888894 ], [ -8.467534722222222, 54.363611111111112 ], [ -8.4675, 54.363564814814815 ], [ -8.467326388888889, 54.363333333333337 ], [ -8.467222222222222, 54.363166666666672 ], [ -8.467152777777777, 54.363055555555555 ], [ -8.466979166666667, 54.362777777777779 ], [ -8.466944444444444, 54.362722222222224 ], [ -8.466785714285715, 54.3625 ], [ -8.466666666666667, 54.36222222231482 ], [ -8.46666666662037, 54.362222222222222 ], [ -8.466547619047619, 54.361944444444447 ], [ -8.466428571428571, 54.361666666666672 ], [ -8.466388888888888, 54.361611111111117 ], [ -8.466230158730159, 54.361388888888889 ], [ -8.466111111111111, 54.361111111203705 ], [ -8.466111111076389, 54.361111111111114 ], [ -8.465956790123457, 54.360833333333339 ], [ -8.465833333333332, 54.360648148148151 ], [ -8.465763888888889, 54.360555555555557 ], [ -8.465590277777778, 54.360277777777782 ], [ -8.465555555555556, 54.360231481481485 ], [ -8.465381944444443, 54.36 ], [ -8.465277777777777, 54.359895833333333 ], [ -8.465104166666666, 54.359722222222224 ], [ -8.465, 54.359638888888888 ], [ -8.464722222222221, 54.359444444472224 ], [ -8.4647222221875, 54.359444444444449 ], [ -8.464444444444444, 54.35927350427351 ], [ -8.464246031746031, 54.359166666666667 ], [ -8.464166666666666, 54.359123931623934 ], [ -8.463888888888889, 54.359 ], [ -8.463680555555555, 54.358888888888892 ], [ -8.463611111111112, 54.358854166666667 ], [ -8.463472222222222, 54.358854166666667 ] ] } },
{ "type": "Feature", "properties": { "ID": 26, "height": 480.0 }, "geometry": { "type": "LineString", "coordinates": [ [ -8.463796296296296, 54.357638888888893 ], [ -8.463796296296296, 54.357777777777777 ], [ -8.463888888888889, 54.35805555527778 ], [ -8.463888888981481, 54.358055555555559 ], [ -8.463981481481481, 54.358333333333334 ], [ -8.464027777916666, 54.358611111111117 ], [ -8.463888888888889, 54.358629629629633 ], [ -8.463849206349206, 54.358611111111117 ], [ -8.463611111111112, 54.358373015873021 ], [ -8.463472222222222, 54.358373015873021 ] ] } }
]
}
