<?xml version="1.0" encoding="UTF-8"?>
<gpx creator="Garmin Connect" version="1.1"
  xsi:schemaLocation="http://www.topografix.com/GPX/1/1 http://www.topografix.com/GPX/11.xsd"
  xmlns:ns3="http://www.garmin.com/xmlschemas/TrackPointExtension/v1"
  xmlns="http://www.topografix.com/GPX/1/1"
  xmlns:xsi="http://www.w3.org/2001/XMLSchema-instance" xmlns:ns2="http://www.garmin.com/xmlschemas/GpxExtensions/v3">
  <metadata>
    <link href="connect.garmin.com">
      <text>Garmin Connect</text>
    </link>
    <time>2025-12-28T14:56:59.000Z</time>
  </metadata>
  <trk>
    <name>County Sligo Running</name>
    <type>running</type>
    <trkseg>
      <trkpt lat="54.31364634074270725250244140625" lon="-8.48753551952540874481201171875">
        <ele>32.799999237060546875</ele>
        <time>2025-12-28T14:56:59.000Z</time>
        <extensions>
          <ns3:TrackPointExtension>
            <ns3:hr>76</ns3:hr>
            <ns3:cad>90</ns3:cad>
          </ns3:TrackPointExtension>
        </extensions>
      </trkpt>
      <trkpt lat="54.313657321035861968994140625" lon="-8.48758413456380367279052734375">
        <ele>32.59999847412109375</ele>
        <time>2025-12-28T14:57:00.000Z</time>
        <extensions>
          <ns3:TrackPointExtension>
            <ns3:hr>75</ns3:hr>
            <ns3:cad>90</ns3:cad>
          </ns3:TrackPointExtension>
        </extensions>
      </trkpt>
      <trkpt lat="54.3136933632194995880126953125" lon="-8.48769024945795536041259765625">
        <ele>32.200000762939453125</ele>
        <time>2025-12-28T14:57:02.000Z</time>
        <extensions>
          <ns3:TrackPointExtension>
            <ns3:hr>79</ns3:hr>
            <ns3:cad>90</ns3:cad>
          </ns3:TrackPointExtension>
        </extensions>
      </trkpt>
      <trkpt lat="54.31369981728494167327880859375" lon="-8.4877691231667995452880859375">
        <ele>32.40000152587890625</ele>
        <time>2025-12-28T14:57:03.000Z</time>
        <extensions>
          <ns3:TrackPointExtension>
            <ns3:hr>80</ns3:hr>
            <ns3:cad>90</ns3:cad>
          </ns3:TrackPointExtension>
        </extensions>
      </trkpt>
      <trkpt lat="54.313699565827846527099609375" lon="-8.487904407083988189697265625">
        <ele>33.40000152587890625</ele>
        <time>2025-12-28T14:57:05.000Z</time>
        <extensions>
          <ns3:TrackPointExtension>
            <ns3:hr>79</ns3:hr>
            <ns3:cad>90</ns3:cad>
          </ns3:TrackPointExtension>
        </extensions>
      </trkpt>
      <trkpt lat="54.31369118392467498779296875" lon="-8.48798143677413463592529296875">
        <ele>33.799999237060546875</ele>
        <time>2025-12-28T14:57:06.000Z</time>
        <extensions>
          <ns3:TrackPointExtension>
            <ns3:hr>79</ns3:hr>
            <ns3:cad>90</ns3:cad>
          </ns3:TrackPointExtension>
        </extensions>
      </trkpt>
      <trkpt lat="54.31368322111666202545166015625" lon="-8.48810255527496337890625">
        <ele>34.40000152587890625</ele>
        <time>2025-12-28T14:57:08.000Z</time>
        <extensions>
          <ns3:TrackPointExtension>
            <ns3:hr>81</ns3:hr>
            <ns3:cad>90</ns3:cad>
          </ns3:TrackPointExtension>
        </extensions>
      </trkpt>
      <trkpt lat="54.3136719055473804473876953125" lon="-8.4881815128028392791748046875">
        <ele>34.799999237060546875</ele>
        <time>2025-12-28T14:57:09.000Z</time>
        <extensions>
          <ns3:TrackPointExtension>
            <ns3:hr>82</ns3:hr>
            <ns3:cad>90</ns3:cad>
          </ns3:TrackPointExtension>
        </extensions>
      </trkpt>
      <trkpt lat="54.31365153752267360687255859375" lon="-8.48824697546660900115966796875">
        <ele>35.40000152587890625</ele>
        <time>2025-12-28T14:57:10.000Z</time>
        <extensions>
          <ns3:TrackPointExtension>
            <ns3:hr>82</ns3:hr>
            <ns3:cad>91</ns3:cad>
          </ns3:TrackPointExtension>
        </extensions>
      </trkpt>
      <trkpt lat="54.31363259442150592803955078125" lon="-8.488310761749744415283203125">
        <ele>35.799999237060546875</ele>
        <time>2025-12-28T14:57:11.000Z</time>
        <extensions>
          <ns3:TrackPointExtension>
            <ns3:hr>85</ns3:hr>
            <ns3:cad>92</ns3:cad>
          </ns3:TrackPointExtension>
        </extensions>
      </trkpt>
      <trkpt lat="54.31358347646892070770263671875" lon="-8.4885035455226898193359375">
        <ele>36.59999847412109375</ele>
        <time>2025-12-28T14:57:14.000Z</time>
        <extensions>
          <ns3:TrackPointExtension>
            <ns3:hr>89</ns3:hr>
            <ns3:cad>92</ns3:cad>
          </ns3:TrackPointExtension>
        </extensions>
      </trkpt>
      <trkpt lat="54.31352999992668628692626953125" lon="-8.48871636204421520233154296875">
        <ele>37.200000762939453125</ele>
        <time>2025-12-28T14:57:18.000Z</time>
        <extensions>
          <ns3:TrackPointExtension>
            <ns3:hr>92</ns3:hr>
            <ns3:cad>91</ns3:cad>
          </ns3:TrackPointExtension>
        </extensions>
      </trkpt>
      <trkpt lat="54.31350653059780597686767578125" lon="-8.48882918246090412139892578125">
        <ele>37.40000152587890625</ele>
        <time>2025-12-28T14:57:20.000Z</time>
        <extensions>
          <ns3:TrackPointExtension>
            <ns3:hr>96</ns3:hr>
            <ns3:cad>91</ns3:cad>
          </ns3:TrackPointExtension>
        </extensions>
      </trkpt>
      <trkpt lat="54.3134921975433826446533203125" lon="-8.4888829104602336883544921875">
        <ele>37.40000152587890625</ele>
        <time>2025-12-28T14:57:21.000Z</time>
        <extensions>
          <ns3:TrackPointExtension>
            <ns3:hr>97</ns3:hr>
            <ns3:cad>91</ns3:cad>
          </ns3:TrackPointExtension>
        </extensions>
      </trkpt>
      <trkpt lat="54.31344483979046344757080078125" lon="-8.48905733786523342132568359375">
        <ele>37.799999237060546875</ele>
        <time>2025-12-28T14:57:24.000Z</time>
        <extensions>
          <ns3:TrackPointExtension>
            <ns3:hr>100</ns3:hr>
            <ns3:cad>91</ns3:cad>
          </ns3:TrackPointExtension>
        </extensions>
      </trkpt>
      <trkpt lat="54.3133590929210186004638671875" lon="-8.48922707140445709228515625">
        <ele>38.40000152587890625</ele>
        <time>2025-12-28T14:57:27.000Z</time>
        <extensions>
          <ns3:TrackPointExtension>
            <ns3:hr>106</ns3:hr>
            <ns3:cad>91</ns3:cad>
          </ns3:TrackPointExtension>
        </extensions>
      </trkpt>
      <trkpt lat="54.3132434226572513580322265625" lon="-8.4895035065710544586181640625">
        <ele>39</ele>
        <time>2025-12-28T14:57:32.000Z</time>
        <extensions>
          <ns3:TrackPointExtension>
            <ns3:hr>108</ns3:hr>
            <ns3:cad>92</ns3:cad>
          </ns3:TrackPointExtension>
        </extensions>
      </trkpt>
      <trkpt lat="54.31322389282286167144775390625" lon="-8.4895571507513523101806640625">
        <ele>39</ele>
        <time>2025-12-28T14:57:33.000Z</time>
        <extensions>
          <ns3:TrackPointExtension>
            <ns3:hr>109</ns3:hr>
            <ns3:cad>92</ns3:cad>
          </ns3:TrackPointExtension>
        </extensions>
      </trkpt>
      <trkpt lat="54.3131830729544162750244140625" lon="-8.48972537554800510406494140625">
        <ele>39</ele>
        <time>2025-12-28T14:57:36.000Z</time>
        <extensions>
          <ns3:TrackPointExtension>
            <ns3:hr>112</ns3:hr>
            <ns3:cad>93</ns3:cad>
          </ns3:TrackPointExtension>
        </extensions>
      </trkpt>
      <trkpt lat="54.313143678009510040283203125" lon="-8.489873819053173065185546875">
        <ele>38.40000152587890625</ele>
        <time>2025-12-28T14:57:39.000Z</time>
        <extensions>
          <ns3:TrackPointExtension>
            <ns3:hr>110</ns3:hr>
            <ns3:cad>91</ns3:cad>
          </ns3:TrackPointExtension>
        </extensions>
      </trkpt>
      <trkpt lat="54.31313185952603816986083984375" lon="-8.4900821931660175323486328125">
        <ele>38</ele>
        <time>2025-12-28T14:57:43.000Z</time>
        <extensions>
          <ns3:TrackPointExtension>
            <ns3:hr>109</ns3:hr>
            <ns3:cad>91</ns3:cad>
          </ns3:TrackPointExtension>
        </extensions>
      </trkpt>
      <trkpt lat="54.31311710737645626068115234375" lon="-8.49014597944915294647216796875">
        <ele>38</ele>
        <time>2025-12-28T14:57:44.000Z</time>
        <extensions>
          <ns3:TrackPointExtension>
            <ns3:hr>112</ns3:hr>
            <ns3:cad>91</ns3:cad>
          </ns3:TrackPointExtension>
        </extensions>
      </trkpt>
      <trkpt lat="54.3130586855113506317138671875" lon="-8.4903561137616634368896484375">
        <ele>37.799999237060546875</ele>
        <time>2025-12-28T14:57:48.000Z</time>
        <extensions>
          <ns3:TrackPointExtension>
            <ns3:hr>115</ns3:hr>
            <ns3:cad>91</ns3:cad>
          </ns3:TrackPointExtension>
        </extensions>
      </trkpt>
      <trkpt lat="54.313031695783138275146484375" lon="-8.49046331830322742462158203125">
        <ele>37.799999237060546875</ele>
        <time>2025-12-28T14:57:50.000Z</time>
        <extensions>
          <ns3:TrackPointExtension>
            <ns3:hr>113</ns3:hr>
            <ns3:cad>91</ns3:cad>
          </ns3:TrackPointExtension>
        </extensions>
      </trkpt>
      <trkpt lat="54.3129671551287174224853515625" lon="-8.49064352922141551971435546875">
        <ele>38</ele>
        <time>2025-12-28T14:57:53.000Z</time>
        <extensions>
          <ns3:TrackPointExtension>
            <ns3:hr>116</ns3:hr>
            <ns3:cad>90</ns3:cad>
          </ns3:TrackPointExtension>
        </extensions>
      </trkpt>
      <trkpt lat="54.3129326216876506805419921875" lon="-8.49077546037733554840087890625">
        <ele>38</ele>
        <time>2025-12-28T14:57:56.000Z</time>
        <extensions>
          <ns3:TrackPointExtension>
            <ns3:hr>116</ns3:hr>
            <ns3:cad>90</ns3:cad>
          </ns3:TrackPointExtension>
        </extensions>
      </trkpt>
      <trkpt lat="54.3128367327153682708740234375" lon="-8.4910256601870059967041015625">
        <ele>37.200000762939453125</ele>
        <time>2025-12-28T14:58:02.000Z</time>
        <extensions>
          <ns3:TrackPointExtension>
            <ns3:hr>117</ns3:hr>
            <ns3:cad>89</ns3:cad>
          </ns3:TrackPointExtension>
        </extensions>
      </trkpt>
      <trkpt lat="54.312801696360111236572265625" lon="-8.49127669818699359893798828125">
        <ele>37</ele>
        <time>2025-12-28T14:58:06.000Z</time>
        <extensions>
          <ns3:TrackPointExtension>
            <ns3:hr>119</ns3:hr>
            <ns3:cad>89</ns3:cad>
          </ns3:TrackPointExtension>
        </extensions>
      </trkpt>
      <trkpt lat="54.31274679489433765411376953125" lon="-8.49161088466644287109375">
        <ele>37</ele>
        <time>2025-12-28T14:58:12.000Z</time>
        <extensions>
          <ns3:TrackPointExtension>
            <ns3:hr>119</ns3:hr>
            <ns3:cad>89</ns3:cad>
          </ns3:TrackPointExtension>
        </extensions>
      </trkpt>
      <trkpt lat="54.3126791529357433319091796875" lon="-8.49180199205875396728515625">
        <ele>36.59999847412109375</ele>
        <time>2025-12-28T14:58:16.000Z</time>
        <extensions>
          <ns3:TrackPointExtension>
            <ns3:hr>122</ns3:hr>
            <ns3:cad>89</ns3:cad>
          </ns3:TrackPointExtension>
        </extensions>
      </trkpt>
      <trkpt lat="54.31267756037414073944091796875" lon="-8.49184197373688220977783203125">
        <ele>36.59999847412109375</ele>
        <time>2025-12-28T14:58:17.000Z</time>
        <extensions>
          <ns3:TrackPointExtension>
            <ns3:hr>121</ns3:hr>
            <ns3:cad>89</ns3:cad>
          </ns3:TrackPointExtension>
        </extensions>
      </trkpt>
      <trkpt lat="54.312589801847934722900390625" lon="-8.49217481911182403564453125">
        <ele>36</ele>
        <time>2025-12-28T14:58:23.000Z</time>
        <extensions>
          <ns3:TrackPointExtension>
            <ns3:hr>122</ns3:hr>
            <ns3:cad>89</ns3:cad>
          </ns3:TrackPointExtension>
        </extensions>
      </trkpt>
      <trkpt lat="54.31249014101922512054443359375" lon="-8.49238344468176364898681640625">
        <ele>36.59999847412109375</ele>
        <time>2025-12-28T14:58:27.000Z</time>
        <extensions>
          <ns3:TrackPointExtension>
            <ns3:hr>122</ns3:hr>
            <ns3:cad>89</ns3:cad>
          </ns3:TrackPointExtension>
        </extensions>
      </trkpt>
      <trkpt lat="54.3124910630285739898681640625" lon="-8.492446728050708770751953125">
        <ele>36.799999237060546875</ele>
        <time>2025-12-28T14:58:28.000Z</time>
        <extensions>
          <ns3:TrackPointExtension>
            <ns3:hr>123</ns3:hr>
            <ns3:cad>89</ns3:cad>
          </ns3:TrackPointExtension>
        </extensions>
      </trkpt>
      <trkpt lat="54.31249047629535198211669921875" lon="-8.4925598837435245513916015625">
        <ele>36.799999237060546875</ele>
        <time>2025-12-28T14:58:30.000Z</time>
        <extensions>
          <ns3:TrackPointExtension>
            <ns3:hr>122</ns3:hr>
            <ns3:cad>88</ns3:cad>
          </ns3:TrackPointExtension>
        </extensions>
      </trkpt>
      <trkpt lat="54.31249986402690410614013671875" lon="-8.49275224842131137847900390625">
        <ele>36.799999237060546875</ele>
        <time>2025-12-28T14:58:34.000Z</time>
        <extensions>
          <ns3:TrackPointExtension>
            <ns3:hr>122</ns3:hr>
            <ns3:cad>89</ns3:cad>
          </ns3:TrackPointExtension>
        </extensions>
      </trkpt>
      <trkpt lat="54.3124380894005298614501953125" lon="-8.49302365444600582122802734375">
        <ele>36.200000762939453125</ele>
        <time>2025-12-28T14:58:39.000Z</time>
        <extensions>
          <ns3:TrackPointExtension>
            <ns3:hr>123</ns3:hr>
            <ns3:cad>88</ns3:cad>
          </ns3:TrackPointExtension>
        </extensions>
      </trkpt>
      <trkpt lat="54.3123599700629711151123046875" lon="-8.49330578930675983428955078125">
        <ele>36.59999847412109375</ele>
        <time>2025-12-28T14:58:44.000Z</time>
        <extensions>
          <ns3:TrackPointExtension>
            <ns3:hr>123</ns3:hr>
            <ns3:cad>89</ns3:cad>
          </ns3:TrackPointExtension>
        </extensions>
      </trkpt>
      <trkpt lat="54.31227019988000392913818359375" lon="-8.49343805573880672454833984375">
        <ele>37.200000762939453125</ele>
        <time>2025-12-28T14:58:48.000Z</time>
        <extensions>
          <ns3:TrackPointExtension>
            <ns3:hr>123</ns3:hr>
            <ns3:cad>89</ns3:cad>
          </ns3:TrackPointExtension>
        </extensions>
      </trkpt>
      <trkpt lat="54.31225293315947055816650390625" lon="-8.49363788031041622161865234375">
        <ele>37.40000152587890625</ele>
        <time>2025-12-28T14:58:52.000Z</time>
        <extensions>
          <ns3:TrackPointExtension>
            <ns3:hr>123</ns3:hr>
            <ns3:cad>89</ns3:cad>
          </ns3:TrackPointExtension>
        </extensions>
      </trkpt>
      <trkpt lat="54.3122184835374355316162109375" lon="-8.49394080229103565216064453125">
        <ele>37.200000762939453125</ele>
        <time>2025-12-28T14:58:57.000Z</time>
        <extensions>
          <ns3:TrackPointExtension>
            <ns3:hr>122</ns3:hr>
            <ns3:cad>90</ns3:cad>
          </ns3:TrackPointExtension>
        </extensions>
      </trkpt>
      <trkpt lat="54.31216559372842311859130859375" lon="-8.4941953606903553009033203125">
        <ele>37</ele>
        <time>2025-12-28T14:59:02.000Z</time>
        <extensions>
          <ns3:TrackPointExtension>
            <ns3:hr>123</ns3:hr>
            <ns3:cad>89</ns3:cad>
          </ns3:TrackPointExtension>
        </extensions>
      </trkpt>
      <trkpt lat="54.31208630092442035675048828125" lon="-8.49446944892406463623046875">
        <ele>37.200000762939453125</ele>
        <time>2025-12-28T14:59:08.000Z</time>
        <extensions>
          <ns3:TrackPointExtension>
            <ns3:hr>124</ns3:hr>
            <ns3:cad>89</ns3:cad>
          </ns3:TrackPointExtension>
        </extensions>
      </trkpt>
      <trkpt lat="54.31203902699053287506103515625" lon="-8.494776897132396697998046875">
        <ele>37.40000152587890625</ele>
        <time>2025-12-28T14:59:14.000Z</time>
        <extensions>
          <ns3:TrackPointExtension>
            <ns3:hr>125</ns3:hr>
            <ns3:cad>89</ns3:cad>
          </ns3:TrackPointExtension>
        </extensions>
      </trkpt>
      <trkpt lat="54.3120293878018856048583984375" lon="-8.4948246739804744720458984375">
        <ele>37.59999847412109375</ele>
        <time>2025-12-28T14:59:15.000Z</time>
        <extensions>
          <ns3:TrackPointExtension>
            <ns3:hr>125</ns3:hr>
            <ns3:cad>89</ns3:cad>
          </ns3:TrackPointExtension>
        </extensions>
      </trkpt>
      <trkpt lat="54.3119921721518039703369140625" lon="-8.49500723183155059814453125">
        <ele>37.59999847412109375</ele>
        <time>2025-12-28T14:59:18.000Z</time>
        <extensions>
          <ns3:TrackPointExtension>
            <ns3:hr>125</ns3:hr>
            <ns3:cad>89</ns3:cad>
          </ns3:TrackPointExtension>
        </extensions>
      </trkpt>
      <trkpt lat="54.31189552880823612213134765625" lon="-8.495223484933376312255859375">
        <ele>38.200000762939453125</ele>
        <time>2025-12-28T14:59:22.000Z</time>
        <extensions>
          <ns3:TrackPointExtension>
            <ns3:hr>126</ns3:hr>
            <ns3:cad>89</ns3:cad>
          </ns3:TrackPointExtension>
        </extensions>
      </trkpt>
      <trkpt lat="54.31179083883762359619140625" lon="-8.49548332393169403076171875">
        <ele>39.799999237060546875</ele>
        <time>2025-12-28T14:59:28.000Z</time>
        <extensions>
          <ns3:TrackPointExtension>
            <ns3:hr>125</ns3:hr>
            <ns3:cad>89</ns3:cad>
          </ns3:TrackPointExtension>
        </extensions>
      </trkpt>
      <trkpt lat="54.31174448691308498382568359375" lon="-8.49573813378810882568359375">
        <ele>41.40000152587890625</ele>
        <time>2025-12-28T14:59:33.000Z</time>
        <extensions>
          <ns3:TrackPointExtension>
            <ns3:hr>124</ns3:hr>
            <ns3:cad>88</ns3:cad>
          </ns3:TrackPointExtension>
        </extensions>
      </trkpt>
      <trkpt lat="54.31170123629271984100341796875" lon="-8.49599621258676052093505859375">
        <ele>42.40000152587890625</ele>
        <time>2025-12-28T14:59:38.000Z</time>
        <extensions>
          <ns3:TrackPointExtension>
            <ns3:hr>125</ns3:hr>
            <ns3:cad>89</ns3:cad>
          </ns3:TrackPointExtension>
        </extensions>
      </trkpt>
      <trkpt lat="54.311620183289051055908203125" lon="-8.4963196702301502227783203125">
        <ele>44</ele>
        <time>2025-12-28T14:59:43.000Z</time>
        <extensions>
          <ns3:TrackPointExtension>
            <ns3:hr>124</ns3:hr>
            <ns3:cad>88</ns3:cad>
          </ns3:TrackPointExtension>
        </extensions>
      </trkpt>
      <trkpt lat="54.311615489423274993896484375" lon="-8.49643324501812458038330078125">
        <ele>43.799999237060546875</ele>
        <time>2025-12-28T14:59:45.000Z</time>
        <extensions>
          <ns3:TrackPointExtension>
            <ns3:hr>124</ns3:hr>
            <ns3:cad>89</ns3:cad>
          </ns3:TrackPointExtension>
        </extensions>
      </trkpt>
      <trkpt lat="54.31154265068471431732177734375" lon="-8.4967846982181072235107421875">
        <ele>44.200000762939453125</ele>
        <time>2025-12-28T14:59:51.000Z</time>
        <extensions>
          <ns3:TrackPointExtension>
            <ns3:hr>123</ns3:hr>
            <ns3:cad>89</ns3:cad>
          </ns3:TrackPointExtension>
        </extensions>
      </trkpt>
      <trkpt lat="54.31148313917219638824462890625" lon="-8.49707655608654022216796875">
        <ele>45.40000152587890625</ele>
        <time>2025-12-28T14:59:56.000Z</time>
        <extensions>
          <ns3:TrackPointExtension>
            <ns3:hr>126</ns3:hr>
            <ns3:cad>89</ns3:cad>
          </ns3:TrackPointExtension>
        </extensions>
      </trkpt>
      <trkpt lat="54.31146092712879180908203125" lon="-8.49719231016933917999267578125">
        <ele>45.59999847412109375</ele>
        <time>2025-12-28T14:59:58.000Z</time>
        <extensions>
          <ns3:TrackPointExtension>
            <ns3:hr>125</ns3:hr>
            <ns3:cad>90</ns3:cad>
          </ns3:TrackPointExtension>
        </extensions>
      </trkpt>
      <trkpt lat="54.31140837259590625762939453125" lon="-8.4974354691803455352783203125">
        <ele>46.200000762939453125</ele>
        <time>2025-12-28T15:00:03.000Z</time>
        <extensions>
          <ns3:TrackPointExtension>
            <ns3:hr>128</ns3:hr>
            <ns3:cad>88</ns3:cad>
          </ns3:TrackPointExtension>
        </extensions>
      </trkpt>
      <trkpt lat="54.3113467656075954437255859375" lon="-8.49766069091856479644775390625">
        <ele>47</ele>
        <time>2025-12-28T15:00:07.000Z</time>
        <extensions>
          <ns3:TrackPointExtension>
            <ns3:hr>130</ns3:hr>
            <ns3:cad>88</ns3:cad>
          </ns3:TrackPointExtension>
        </extensions>
      </trkpt>
      <trkpt lat="54.3112341128289699554443359375" lon="-8.49796109832823276519775390625">
        <ele>47</ele>
        <time>2025-12-28T15:00:13.000Z</time>
        <extensions>
          <ns3:TrackPointExtension>
            <ns3:hr>130</ns3:hr>
            <ns3:cad>89</ns3:cad>
          </ns3:TrackPointExtension>
        </extensions>
      </trkpt>
      <trkpt lat="54.3111298419535160064697265625" lon="-8.4982488490641117095947265625">
        <ele>46.40000152587890625</ele>
        <time>2025-12-28T15:00:19.000Z</time>
        <extensions>
          <ns3:TrackPointExtension>
            <ns3:hr>128</ns3:hr>
            <ns3:cad>88</ns3:cad>
          </ns3:TrackPointExtension>
        </extensions>
      </trkpt>
      <trkpt lat="54.3110163509845733642578125" lon="-8.49855604581534862518310546875">
        <ele>46</ele>
        <time>2025-12-28T15:00:25.000Z</time>
        <extensions>
          <ns3:TrackPointExtension>
            <ns3:hr>125</ns3:hr>
            <ns3:cad>88</ns3:cad>
          </ns3:TrackPointExtension>
        </extensions>
      </trkpt>
      <trkpt lat="54.31100092828273773193359375" lon="-8.498611785471439361572265625">
        <ele>46</ele>
        <time>2025-12-28T15:00:26.000Z</time>
        <extensions>
          <ns3:TrackPointExtension>
            <ns3:hr>125</ns3:hr>
            <ns3:cad>88</ns3:cad>
          </ns3:TrackPointExtension>
        </extensions>
      </trkpt>
      <trkpt lat="54.31090294383466243743896484375" lon="-8.49888796918094158172607421875">
        <ele>45.40000152587890625</ele>
        <time>2025-12-28T15:00:31.000Z</time>
        <extensions>
          <ns3:TrackPointExtension>
            <ns3:hr>123</ns3:hr>
            <ns3:cad>89</ns3:cad>
          </ns3:TrackPointExtension>
        </extensions>
      </trkpt>
      <trkpt lat="54.31086103431880474090576171875" lon="-8.4989945031702518463134765625">
        <ele>45.200000762939453125</ele>
        <time>2025-12-28T15:00:33.000Z</time>
        <extensions>
          <ns3:TrackPointExtension>
            <ns3:hr>123</ns3:hr>
            <ns3:cad>89</ns3:cad>
          </ns3:TrackPointExtension>
        </extensions>
      </trkpt>
      <trkpt lat="54.31077721528708934783935546875" lon="-8.49927420727908611297607421875">
        <ele>44.59999847412109375</ele>
        <time>2025-12-28T15:00:38.000Z</time>
        <extensions>
          <ns3:TrackPointExtension>
            <ns3:hr>123</ns3:hr>
            <ns3:cad>89</ns3:cad>
          </ns3:TrackPointExtension>
        </extensions>
      </trkpt>
      <trkpt lat="54.310718290507793426513671875" lon="-8.49943463690578937530517578125">
        <ele>43.799999237060546875</ele>
        <time>2025-12-28T15:00:41.000Z</time>
        <extensions>
          <ns3:TrackPointExtension>
            <ns3:hr>125</ns3:hr>
            <ns3:cad>89</ns3:cad>
          </ns3:TrackPointExtension>
        </extensions>
      </trkpt>
      <trkpt lat="54.31060806848108768463134765625" lon="-8.4997441805899143218994140625">
        <ele>43</ele>
        <time>2025-12-28T15:00:46.000Z</time>
        <extensions>
          <ns3:TrackPointExtension>
            <ns3:hr>128</ns3:hr>
            <ns3:cad>88</ns3:cad>
          </ns3:TrackPointExtension>
        </extensions>
      </trkpt>
      <trkpt lat="54.31057034991681575775146484375" lon="-8.499934785068035125732421875">
        <ele>42.200000762939453125</ele>
        <time>2025-12-28T15:00:49.000Z</time>
        <extensions>
          <ns3:TrackPointExtension>
            <ns3:hr>129</ns3:hr>
            <ns3:cad>89</ns3:cad>
          </ns3:TrackPointExtension>
        </extensions>
      </trkpt>
      <trkpt lat="54.31051083840429782867431640625" lon="-8.50025539286434650421142578125">
        <ele>42</ele>
        <time>2025-12-28T15:00:54.000Z</time>
        <extensions>
          <ns3:TrackPointExtension>
            <ns3:hr>129</ns3:hr>
            <ns3:cad>89</ns3:cad>
          </ns3:TrackPointExtension>
        </extensions>
      </trkpt>
      <trkpt lat="54.3104277737438678741455078125" lon="-8.50053987465798854827880859375">
        <ele>41.799999237060546875</ele>
        <time>2025-12-28T15:00:59.000Z</time>
        <extensions>
          <ns3:TrackPointExtension>
            <ns3:hr>128</ns3:hr>
            <ns3:cad>89</ns3:cad>
          </ns3:TrackPointExtension>
        </extensions>
      </trkpt>
      <trkpt lat="54.31030891835689544677734375" lon="-8.500850088894367218017578125">
        <ele>41.40000152587890625</ele>
        <time>2025-12-28T15:01:05.000Z</time>
        <extensions>
          <ns3:TrackPointExtension>
            <ns3:hr>127</ns3:hr>
            <ns3:cad>88</ns3:cad>
          </ns3:TrackPointExtension>
        </extensions>
      </trkpt>
      <trkpt lat="54.3102427013218402862548828125" lon="-8.50100859068334102630615234375">
        <ele>41</ele>
        <time>2025-12-28T15:01:08.000Z</time>
        <extensions>
          <ns3:TrackPointExtension>
            <ns3:hr>126</ns3:hr>
            <ns3:cad>89</ns3:cad>
          </ns3:TrackPointExtension>
        </extensions>
      </trkpt>
      <trkpt lat="54.3100827746093273162841796875" lon="-8.50116466172039508819580078125">
        <ele>41</ele>
        <time>2025-12-28T15:01:13.000Z</time>
        <extensions>
          <ns3:TrackPointExtension>
            <ns3:hr>125</ns3:hr>
            <ns3:cad>88</ns3:cad>
          </ns3:TrackPointExtension>
        </extensions>
      </trkpt>
      <trkpt lat="54.30994388647377490997314453125" lon="-8.50114437751471996307373046875">
        <ele>41</ele>
        <time>2025-12-28T15:01:16.000Z</time>
        <extensions>
          <ns3:TrackPointExtension>
            <ns3:hr>125</ns3:hr>
            <ns3:cad>86</ns3:cad>
          </ns3:TrackPointExtension>
        </extensions>
      </trkpt>
      <trkpt lat="54.3097927607595920562744140625" lon="-8.5010938346385955810546875">
        <ele>41.59999847412109375</ele>
        <time>2025-12-28T15:01:19.000Z</time>
        <extensions>
          <ns3:TrackPointExtension>
            <ns3:hr>127</ns3:hr>
            <ns3:cad>89</ns3:cad>
          </ns3:TrackPointExtension>
        </extensions>
      </trkpt>
      <trkpt lat="54.30971908383071422576904296875" lon="-8.50103893317282199859619140625">
        <ele>41.799999237060546875</ele>
        <time>2025-12-28T15:01:21.000Z</time>
        <extensions>
          <ns3:TrackPointExtension>
            <ns3:hr>126</ns3:hr>
            <ns3:cad>89</ns3:cad>
          </ns3:TrackPointExtension>
        </extensions>
      </trkpt>
      <trkpt lat="54.309647418558597564697265625" lon="-8.50097657181322574615478515625">
        <ele>41.59999847412109375</ele>
        <time>2025-12-28T15:01:23.000Z</time>
        <extensions>
          <ns3:TrackPointExtension>
            <ns3:hr>126</ns3:hr>
            <ns3:cad>89</ns3:cad>
          </ns3:TrackPointExtension>
        </extensions>
      </trkpt>
      <trkpt lat="54.30950752459466457366943359375" lon="-8.5008676908910274505615234375">
        <ele>41.59999847412109375</ele>
        <time>2025-12-28T15:01:27.000Z</time>
        <extensions>
          <ns3:TrackPointExtension>
            <ns3:hr>125</ns3:hr>
            <ns3:cad>89</ns3:cad>
          </ns3:TrackPointExtension>
        </extensions>
      </trkpt>
      <trkpt lat="54.30941431783139705657958984375" lon="-8.50078647024929523468017578125">
        <ele>42</ele>
        <time>2025-12-28T15:01:30.000Z</time>
        <extensions>
          <ns3:TrackPointExtension>
            <ns3:hr>124</ns3:hr>
            <ns3:cad>89</ns3:cad>
          </ns3:TrackPointExtension>
        </extensions>
      </trkpt>
      <trkpt lat="54.309257827699184417724609375" lon="-8.50062754936516284942626953125">
        <ele>42.200000762939453125</ele>
        <time>2025-12-28T15:01:35.000Z</time>
        <extensions>
          <ns3:TrackPointExtension>
            <ns3:hr>122</ns3:hr>
            <ns3:cad>89</ns3:cad>
          </ns3:TrackPointExtension>
        </extensions>
      </trkpt>
      <trkpt lat="54.30922170169651508331298828125" lon="-8.500598631799221038818359375">
        <ele>42.200000762939453125</ele>
        <time>2025-12-28T15:01:36.000Z</time>
        <extensions>
          <ns3:TrackPointExtension>
            <ns3:hr>123</ns3:hr>
            <ns3:cad>89</ns3:cad>
          </ns3:TrackPointExtension>
        </extensions>
      </trkpt>
      <trkpt lat="54.30906848050653934478759765625" lon="-8.50050441920757293701171875">
        <ele>42</ele>
        <time>2025-12-28T15:01:40.000Z</time>
        <extensions>
          <ns3:TrackPointExtension>
            <ns3:hr>123</ns3:hr>
            <ns3:cad>88</ns3:cad>
          </ns3:TrackPointExtension>
        </extensions>
      </trkpt>
      <trkpt lat="54.30891408585011959075927734375" lon="-8.50034625269472599029541015625">
        <ele>42</ele>
        <time>2025-12-28T15:01:45.000Z</time>
        <extensions>
          <ns3:TrackPointExtension>
            <ns3:hr>124</ns3:hr>
            <ns3:cad>88</ns3:cad>
          </ns3:TrackPointExtension>
        </extensions>
      </trkpt>
      <trkpt lat="54.30874762125313282012939453125" lon="-8.50012429989874362945556640625">
        <ele>41.59999847412109375</ele>
        <time>2025-12-28T15:01:51.000Z</time>
        <extensions>
          <ns3:TrackPointExtension>
            <ns3:hr>125</ns3:hr>
            <ns3:cad>88</ns3:cad>
          </ns3:TrackPointExtension>
        </extensions>
      </trkpt>
      <trkpt lat="54.30858467705547809600830078125" lon="-8.4999315999448299407958984375">
        <ele>41</ele>
        <time>2025-12-28T15:01:56.000Z</time>
        <extensions>
          <ns3:TrackPointExtension>
            <ns3:hr>127</ns3:hr>
            <ns3:cad>88</ns3:cad>
          </ns3:TrackPointExtension>
        </extensions>
      </trkpt>
      <trkpt lat="54.3084506504237651824951171875" lon="-8.499804697930812835693359375">
        <ele>40.59999847412109375</ele>
        <time>2025-12-28T15:02:00.000Z</time>
        <extensions>
          <ns3:TrackPointExtension>
            <ns3:hr>129</ns3:hr>
            <ns3:cad>88</ns3:cad>
          </ns3:TrackPointExtension>
        </extensions>
      </trkpt>
      <trkpt lat="54.30825258605182170867919921875" lon="-8.49970956332981586456298828125">
        <ele>40</ele>
        <time>2025-12-28T15:02:06.000Z</time>
        <extensions>
          <ns3:TrackPointExtension>
            <ns3:hr>128</ns3:hr>
            <ns3:cad>89</ns3:cad>
          </ns3:TrackPointExtension>
        </extensions>
      </trkpt>
      <trkpt lat="54.30821277201175689697265625" lon="-8.49970419891178607940673828125">
        <ele>40</ele>
        <time>2025-12-28T15:02:07.000Z</time>
        <extensions>
          <ns3:TrackPointExtension>
            <ns3:hr>128</ns3:hr>
            <ns3:cad>88</ns3:cad>
          </ns3:TrackPointExtension>
        </extensions>
      </trkpt>
      <trkpt lat="54.30803038179874420166015625" lon="-8.4996533207595348358154296875">
        <ele>40.200000762939453125</ele>
        <time>2025-12-28T15:02:12.000Z</time>
        <extensions>
          <ns3:TrackPointExtension>
            <ns3:hr>127</ns3:hr>
            <ns3:cad>88</ns3:cad>
          </ns3:TrackPointExtension>
        </extensions>
      </trkpt>
      <trkpt lat="54.307965338230133056640625" lon="-8.49962524138391017913818359375">
        <ele>39.799999237060546875</ele>
        <time>2025-12-28T15:02:14.000Z</time>
        <extensions>
          <ns3:TrackPointExtension>
            <ns3:hr>128</ns3:hr>
            <ns3:cad>89</ns3:cad>
          </ns3:TrackPointExtension>
        </extensions>
      </trkpt>
      <trkpt lat="54.3077824451029300689697265625" lon="-8.4995663166046142578125">
        <ele>39.59999847412109375</ele>
        <time>2025-12-28T15:02:19.000Z</time>
        <extensions>
          <ns3:TrackPointExtension>
            <ns3:hr>129</ns3:hr>
            <ns3:cad>89</ns3:cad>
          </ns3:TrackPointExtension>
        </extensions>
      </trkpt>
      <trkpt lat="54.3076795153319835662841796875" lon="-8.499531783163547515869140625">
        <ele>39.59999847412109375</ele>
        <time>2025-12-28T15:02:22.000Z</time>
        <extensions>
          <ns3:TrackPointExtension>
            <ns3:hr>131</ns3:hr>
            <ns3:cad>89</ns3:cad>
          </ns3:TrackPointExtension>
        </extensions>
      </trkpt>
      <trkpt lat="54.3076389469206333160400390625" lon="-8.49952734075486660003662109375">
        <ele>39.59999847412109375</ele>
        <time>2025-12-28T15:02:23.000Z</time>
        <extensions>
          <ns3:TrackPointExtension>
            <ns3:hr>129</ns3:hr>
            <ns3:cad>89</ns3:cad>
          </ns3:TrackPointExtension>
        </extensions>
      </trkpt>
      <trkpt lat="54.30759695358574390411376953125" lon="-8.49951979704201221466064453125">
        <ele>39.59999847412109375</ele>
        <time>2025-12-28T15:02:24.000Z</time>
        <extensions>
          <ns3:TrackPointExtension>
            <ns3:hr>132</ns3:hr>
            <ns3:cad>89</ns3:cad>
          </ns3:TrackPointExtension>
        </extensions>
      </trkpt>
      <trkpt lat="54.3074837140738964080810546875" lon="-8.4995044581592082977294921875">
        <ele>39.200000762939453125</ele>
        <time>2025-12-28T15:02:27.000Z</time>
        <extensions>
          <ns3:TrackPointExtension>
            <ns3:hr>135</ns3:hr>
            <ns3:cad>89</ns3:cad>
          </ns3:TrackPointExtension>
        </extensions>
      </trkpt>
      <trkpt lat="54.30744222365319728851318359375" lon="-8.4994997642934322357177734375">
        <ele>39</ele>
        <time>2025-12-28T15:02:28.000Z</time>
        <extensions>
          <ns3:TrackPointExtension>
            <ns3:hr>132</ns3:hr>
            <ns3:cad>89</ns3:cad>
          </ns3:TrackPointExtension>
        </extensions>
      </trkpt>
      <trkpt lat="54.30722731165587902069091796875" lon="-8.49940144456923007965087890625">
        <ele>39</ele>
        <time>2025-12-28T15:02:34.000Z</time>
        <extensions>
          <ns3:TrackPointExtension>
            <ns3:hr>134</ns3:hr>
            <ns3:cad>88</ns3:cad>
          </ns3:TrackPointExtension>
        </extensions>
      </trkpt>
      <trkpt lat="54.30715874768793582916259765625" lon="-8.4993572719395160675048828125">
        <ele>39</ele>
        <time>2025-12-28T15:02:36.000Z</time>
        <extensions>
          <ns3:TrackPointExtension>
            <ns3:hr>136</ns3:hr>
            <ns3:cad>88</ns3:cad>
          </ns3:TrackPointExtension>
        </extensions>
      </trkpt>
      <trkpt lat="54.306964874267578125" lon="-8.499193489551544189453125">
        <ele>38.200000762939453125</ele>
        <time>2025-12-28T15:02:42.000Z</time>
        <extensions>
          <ns3:TrackPointExtension>
            <ns3:hr>136</ns3:hr>
            <ns3:cad>88</ns3:cad>
          </ns3:TrackPointExtension>
        </extensions>
      </trkpt>
      <trkpt lat="54.30678240023553371429443359375" lon="-8.49899056367576122283935546875">
        <ele>38.200000762939453125</ele>
        <time>2025-12-28T15:02:48.000Z</time>
        <extensions>
          <ns3:TrackPointExtension>
            <ns3:hr>138</ns3:hr>
            <ns3:cad>88</ns3:cad>
          </ns3:TrackPointExtension>
        </extensions>
      </trkpt>
      <trkpt lat="54.3067028559744358062744140625" lon="-8.4989348240196704864501953125">
        <ele>38.200000762939453125</ele>
        <time>2025-12-28T15:02:50.000Z</time>
        <extensions>
          <ns3:TrackPointExtension>
            <ns3:hr>138</ns3:hr>
            <ns3:cad>87</ns3:cad>
          </ns3:TrackPointExtension>
        </extensions>
      </trkpt>
      <trkpt lat="54.30652675218880176544189453125" lon="-8.4987534396350383758544921875">
        <ele>37.40000152587890625</ele>
        <time>2025-12-28T15:02:55.000Z</time>
        <extensions>
          <ns3:TrackPointExtension>
            <ns3:hr>138</ns3:hr>
            <ns3:cad>87</ns3:cad>
          </ns3:TrackPointExtension>
        </extensions>
      </trkpt>
      <trkpt lat="54.306484758853912353515625" lon="-8.49871932528913021087646484375">
        <ele>37</ele>
        <time>2025-12-28T15:02:56.000Z</time>
        <extensions>
          <ns3:TrackPointExtension>
            <ns3:hr>138</ns3:hr>
            <ns3:cad>89</ns3:cad>
          </ns3:TrackPointExtension>
        </extensions>
      </trkpt>
      <trkpt lat="54.30639297701418399810791015625" lon="-8.498598374426364898681640625">
        <ele>36.40000152587890625</ele>
        <time>2025-12-28T15:02:59.000Z</time>
        <extensions>
          <ns3:TrackPointExtension>
            <ns3:hr>138</ns3:hr>
            <ns3:cad>88</ns3:cad>
          </ns3:TrackPointExtension>
        </extensions>
      </trkpt>
      <trkpt lat="54.3063528276979923248291015625" lon="-8.49855956621468067169189453125">
        <ele>36</ele>
        <time>2025-12-28T15:03:00.000Z</time>
        <extensions>
          <ns3:TrackPointExtension>
            <ns3:hr>140</ns3:hr>
            <ns3:cad>88</ns3:cad>
          </ns3:TrackPointExtension>
        </extensions>
      </trkpt>
      <trkpt lat="54.3062576092779636383056640625" lon="-8.4984357655048370361328125">
        <ele>34.799999237060546875</ele>
        <time>2025-12-28T15:03:03.000Z</time>
        <extensions>
          <ns3:TrackPointExtension>
            <ns3:hr>139</ns3:hr>
            <ns3:cad>87</ns3:cad>
          </ns3:TrackPointExtension>
        </extensions>
      </trkpt>
      <trkpt lat="54.306182675063610076904296875" lon="-8.49834968335926532745361328125">
        <ele>34.40000152587890625</ele>
        <time>2025-12-28T15:03:05.000Z</time>
        <extensions>
          <ns3:TrackPointExtension>
            <ns3:hr>139</ns3:hr>
            <ns3:cad>88</ns3:cad>
          </ns3:TrackPointExtension>
        </extensions>
      </trkpt>
      <trkpt lat="54.3060381710529327392578125" lon="-8.49820987321436405181884765625">
        <ele>33.40000152587890625</ele>
        <time>2025-12-28T15:03:09.000Z</time>
        <extensions>
          <ns3:TrackPointExtension>
            <ns3:hr>138</ns3:hr>
            <ns3:cad>89</ns3:cad>
          </ns3:TrackPointExtension>
        </extensions>
      </trkpt>
      <trkpt lat="54.30600724183022975921630859375" lon="-8.49816779606044292449951171875">
        <ele>33.200000762939453125</ele>
        <time>2025-12-28T15:03:10.000Z</time>
        <extensions>
          <ns3:TrackPointExtension>
            <ns3:hr>138</ns3:hr>
            <ns3:cad>89</ns3:cad>
          </ns3:TrackPointExtension>
        </extensions>
      </trkpt>
      <trkpt lat="54.30594773031771183013916015625" lon="-8.4980922751128673553466796875">
        <ele>33</ele>
        <time>2025-12-28T15:03:12.000Z</time>
        <extensions>
          <ns3:TrackPointExtension>
            <ns3:hr>140</ns3:hr>
            <ns3:cad>89</ns3:cad>
          </ns3:TrackPointExtension>
        </extensions>
      </trkpt>
      <trkpt lat="54.3058794178068637847900390625" lon="-8.498027063906192779541015625">
        <ele>33</ele>
        <time>2025-12-28T15:03:14.000Z</time>
        <extensions>
          <ns3:TrackPointExtension>
            <ns3:hr>138</ns3:hr>
            <ns3:cad>89</ns3:cad>
          </ns3:TrackPointExtension>
        </extensions>
      </trkpt>
      <trkpt lat="54.3057184852659702301025390625" lon="-8.49786755628883838653564453125">
        <ele>32.59999847412109375</ele>
        <time>2025-12-28T15:03:19.000Z</time>
        <extensions>
          <ns3:TrackPointExtension>
            <ns3:hr>137</ns3:hr>
            <ns3:cad>87</ns3:cad>
          </ns3:TrackPointExtension>
        </extensions>
      </trkpt>
      <trkpt lat="54.305649586021900177001953125" lon="-8.4977979026734828948974609375">
        <ele>32.40000152587890625</ele>
        <time>2025-12-28T15:03:21.000Z</time>
        <extensions>
          <ns3:TrackPointExtension>
            <ns3:hr>137</ns3:hr>
            <ns3:cad>87</ns3:cad>
          </ns3:TrackPointExtension>
        </extensions>
      </trkpt>
      <trkpt lat="54.30557188577950000762939453125" lon="-8.4976767003536224365234375">
        <ele>32.200000762939453125</ele>
        <time>2025-12-28T15:03:24.000Z</time>
        <extensions>
          <ns3:TrackPointExtension>
            <ns3:hr>136</ns3:hr>
            <ns3:cad>87</ns3:cad>
          </ns3:TrackPointExtension>
        </extensions>
      </trkpt>
      <trkpt lat="54.30554355494678020477294921875" lon="-8.49763520993292331695556640625">
        <ele>32.200000762939453125</ele>
        <time>2025-12-28T15:03:25.000Z</time>
        <extensions>
          <ns3:TrackPointExtension>
            <ns3:hr>136</ns3:hr>
            <ns3:cad>87</ns3:cad>
          </ns3:TrackPointExtension>
        </extensions>
      </trkpt>
      <trkpt lat="54.3054361827671527862548828125" lon="-8.4974814020097255706787109375">
        <ele>31.799999237060546875</ele>
        <time>2025-12-28T15:03:29.000Z</time>
        <extensions>
          <ns3:TrackPointExtension>
            <ns3:hr>137</ns3:hr>
            <ns3:cad>88</ns3:cad>
          </ns3:TrackPointExtension>
        </extensions>
      </trkpt>
      <trkpt lat="54.30534523911774158477783203125" lon="-8.49738995544612407684326171875">
        <ele>31.3999996185302734375</ele>
        <time>2025-12-28T15:03:32.000Z</time>
        <extensions>
          <ns3:TrackPointExtension>
            <ns3:hr>137</ns3:hr>
            <ns3:cad>88</ns3:cad>
          </ns3:TrackPointExtension>
        </extensions>
      </trkpt>
      <trkpt lat="54.30517273955047130584716796875" lon="-8.4972421824932098388671875">
        <ele>30.799999237060546875</ele>
        <time>2025-12-28T15:03:37.000Z</time>
        <extensions>
          <ns3:TrackPointExtension>
            <ns3:hr>138</ns3:hr>
            <ns3:cad>88</ns3:cad>
          </ns3:TrackPointExtension>
        </extensions>
      </trkpt>
      <trkpt lat="54.304983057081699371337890625" lon="-8.49707647226750850677490234375">
        <ele>30.6000003814697265625</ele>
        <time>2025-12-28T15:03:43.000Z</time>
        <extensions>
          <ns3:TrackPointExtension>
            <ns3:hr>138</ns3:hr>
            <ns3:cad>89</ns3:cad>
          </ns3:TrackPointExtension>
        </extensions>
      </trkpt>
      <trkpt lat="54.30494718253612518310546875" lon="-8.49704705178737640380859375">
        <ele>30.6000003814697265625</ele>
        <time>2025-12-28T15:03:44.000Z</time>
        <extensions>
          <ns3:TrackPointExtension>
            <ns3:hr>137</ns3:hr>
            <ns3:cad>88</ns3:cad>
          </ns3:TrackPointExtension>
        </extensions>
      </trkpt>
      <trkpt lat="54.30478231050074100494384765625" lon="-8.4968882985413074493408203125">
        <ele>30.3999996185302734375</ele>
        <time>2025-12-28T15:03:49.000Z</time>
        <extensions>
          <ns3:TrackPointExtension>
            <ns3:hr>137</ns3:hr>
            <ns3:cad>89</ns3:cad>
          </ns3:TrackPointExtension>
        </extensions>
      </trkpt>
      <trkpt lat="54.30468189530074596405029296875" lon="-8.4968098439276218414306640625">
        <ele>30.3999996185302734375</ele>
        <time>2025-12-28T15:03:52.000Z</time>
        <extensions>
          <ns3:TrackPointExtension>
            <ns3:hr>136</ns3:hr>
            <ns3:cad>88</ns3:cad>
          </ns3:TrackPointExtension>
        </extensions>
      </trkpt>
      <trkpt lat="54.30451207794249057769775390625" lon="-8.49666391499340534210205078125">
        <ele>30.3999996185302734375</ele>
        <time>2025-12-28T15:03:57.000Z</time>
        <extensions>
          <ns3:TrackPointExtension>
            <ns3:hr>137</ns3:hr>
            <ns3:cad>89</ns3:cad>
          </ns3:TrackPointExtension>
        </extensions>
      </trkpt>
      <trkpt lat="54.30438802577555179595947265625" lon="-8.496526367962360382080078125">
        <ele>30</ele>
        <time>2025-12-28T15:04:01.000Z</time>
        <extensions>
          <ns3:TrackPointExtension>
            <ns3:hr>138</ns3:hr>
            <ns3:cad>88</ns3:cad>
          </ns3:TrackPointExtension>
        </extensions>
      </trkpt>
      <trkpt lat="54.30422055535018444061279296875" lon="-8.49634674377739429473876953125">
        <ele>29.3999996185302734375</ele>
        <time>2025-12-28T15:04:06.000Z</time>
        <extensions>
          <ns3:TrackPointExtension>
            <ns3:hr>140</ns3:hr>
            <ns3:cad>88</ns3:cad>
          </ns3:TrackPointExtension>
        </extensions>
      </trkpt>
      <trkpt lat="54.30416087619960308074951171875" lon="-8.4962737374007701873779296875">
        <ele>29.3999996185302734375</ele>
        <time>2025-12-28T15:04:08.000Z</time>
        <extensions>
          <ns3:TrackPointExtension>
            <ns3:hr>140</ns3:hr>
            <ns3:cad>88</ns3:cad>
          </ns3:TrackPointExtension>
        </extensions>
      </trkpt>
      <trkpt lat="54.30398762226104736328125" lon="-8.49606343545019626617431640625">
        <ele>29.6000003814697265625</ele>
        <time>2025-12-28T15:04:14.000Z</time>
        <extensions>
          <ns3:TrackPointExtension>
            <ns3:hr>140</ns3:hr>
            <ns3:cad>88</ns3:cad>
          </ns3:TrackPointExtension>
        </extensions>
      </trkpt>
      <trkpt lat="54.30384135805070400238037109375" lon="-8.4958150796592235565185546875">
        <ele>29</ele>
        <time>2025-12-28T15:04:19.000Z</time>
        <extensions>
          <ns3:TrackPointExtension>
            <ns3:hr>138</ns3:hr>
            <ns3:cad>87</ns3:cad>
          </ns3:TrackPointExtension>
        </extensions>
      </trkpt>
      <trkpt lat="54.303813613951206207275390625" lon="-8.49575883708894252777099609375">
        <ele>29</ele>
        <time>2025-12-28T15:04:20.000Z</time>
        <extensions>
          <ns3:TrackPointExtension>
            <ns3:hr>138</ns3:hr>
            <ns3:cad>87</ns3:cad>
          </ns3:TrackPointExtension>
        </extensions>
      </trkpt>
      <trkpt lat="54.303710348904132843017578125" lon="-8.4954288415610790252685546875">
        <ele>28.6000003814697265625</ele>
        <time>2025-12-28T15:04:25.000Z</time>
        <extensions>
          <ns3:TrackPointExtension>
            <ns3:hr>137</ns3:hr>
            <ns3:cad>88</ns3:cad>
          </ns3:TrackPointExtension>
        </extensions>
      </trkpt>
      <trkpt lat="54.3036937527358531951904296875" lon="-8.4953627921640872955322265625">
        <ele>28.3999996185302734375</ele>
        <time>2025-12-28T15:04:26.000Z</time>
        <extensions>
          <ns3:TrackPointExtension>
            <ns3:hr>137</ns3:hr>
            <ns3:cad>88</ns3:cad>
          </ns3:TrackPointExtension>
        </extensions>
      </trkpt>
      <trkpt lat="54.3036062456667423248291015625" lon="-8.49508593790233135223388671875">
        <ele>28.200000762939453125</ele>
        <time>2025-12-28T15:04:30.000Z</time>
        <extensions>
          <ns3:TrackPointExtension>
            <ns3:hr>137</ns3:hr>
            <ns3:cad>88</ns3:cad>
          </ns3:TrackPointExtension>
        </extensions>
      </trkpt>
      <trkpt lat="54.30357364006340503692626953125" lon="-8.4947489015758037567138671875">
        <ele>28</ele>
        <time>2025-12-28T15:04:35.000Z</time>
        <extensions>
          <ns3:TrackPointExtension>
            <ns3:hr>134</ns3:hr>
            <ns3:cad>87</ns3:cad>
          </ns3:TrackPointExtension>
        </extensions>
      </trkpt>
      <trkpt lat="54.30354111827909946441650390625" lon="-8.4945733845233917236328125">
        <ele>28</ele>
        <time>2025-12-28T15:04:38.000Z</time>
        <extensions>
          <ns3:TrackPointExtension>
            <ns3:hr>137</ns3:hr>
            <ns3:cad>88</ns3:cad>
          </ns3:TrackPointExtension>
        </extensions>
      </trkpt>
      <trkpt lat="54.30351597256958484649658203125" lon="-8.49444908089935779571533203125">
        <ele>27.799999237060546875</ele>
        <time>2025-12-28T15:04:40.000Z</time>
        <extensions>
          <ns3:TrackPointExtension>
            <ns3:hr>136</ns3:hr>
            <ns3:cad>88</ns3:cad>
          </ns3:TrackPointExtension>
        </extensions>
      </trkpt>
      <trkpt lat="54.30339376442134380340576171875" lon="-8.49418245255947113037109375">
        <ele>27.3999996185302734375</ele>
        <time>2025-12-28T15:04:45.000Z</time>
        <extensions>
          <ns3:TrackPointExtension>
            <ns3:hr>136</ns3:hr>
            <ns3:cad>87</ns3:cad>
          </ns3:TrackPointExtension>
        </extensions>
      </trkpt>
      <trkpt lat="54.303370378911495208740234375" lon="-8.4941254556179046630859375">
        <ele>27.3999996185302734375</ele>
        <time>2025-12-28T15:04:46.000Z</time>
        <extensions>
          <ns3:TrackPointExtension>
            <ns3:hr>136</ns3:hr>
            <ns3:cad>87</ns3:cad>
          </ns3:TrackPointExtension>
        </extensions>
      </trkpt>
      <trkpt lat="54.3032374419271945953369140625" lon="-8.49385782144963741302490234375">
        <ele>27.799999237060546875</ele>
        <time>2025-12-28T15:04:52.000Z</time>
        <extensions>
          <ns3:TrackPointExtension>
            <ns3:hr>136</ns3:hr>
            <ns3:cad>87</ns3:cad>
          </ns3:TrackPointExtension>
        </extensions>
      </trkpt>
      <trkpt lat="54.30318639613687992095947265625" lon="-8.4937839768826961517333984375">
        <ele>27.3999996185302734375</ele>
        <time>2025-12-28T15:04:54.000Z</time>
        <extensions>
          <ns3:TrackPointExtension>
            <ns3:hr>136</ns3:hr>
            <ns3:cad>87</ns3:cad>
          </ns3:TrackPointExtension>
        </extensions>
      </trkpt>
      <trkpt lat="54.30309235118329524993896484375" lon="-8.49353042431175708770751953125">
        <ele>27.3999996185302734375</ele>
        <time>2025-12-28T15:04:59.000Z</time>
        <extensions>
          <ns3:TrackPointExtension>
            <ns3:hr>135</ns3:hr>
            <ns3:cad>86</ns3:cad>
          </ns3:TrackPointExtension>
        </extensions>
      </trkpt>
      <trkpt lat="54.3030138127505779266357421875" lon="-8.49324292503297328948974609375">
        <ele>27</ele>
        <time>2025-12-28T15:05:04.000Z</time>
        <extensions>
          <ns3:TrackPointExtension>
            <ns3:hr>136</ns3:hr>
            <ns3:cad>87</ns3:cad>
          </ns3:TrackPointExtension>
        </extensions>
      </trkpt>
      <trkpt lat="54.30294759571552276611328125" lon="-8.49305533803999423980712890625">
        <ele>26.6000003814697265625</ele>
        <time>2025-12-28T15:05:07.000Z</time>
        <extensions>
          <ns3:TrackPointExtension>
            <ns3:hr>137</ns3:hr>
            <ns3:cad>86</ns3:cad>
          </ns3:TrackPointExtension>
        </extensions>
      </trkpt>
      <trkpt lat="54.30285883136093616485595703125" lon="-8.492782004177570343017578125">
        <ele>26</ele>
        <time>2025-12-28T15:05:11.000Z</time>
        <extensions>
          <ns3:TrackPointExtension>
            <ns3:hr>139</ns3:hr>
            <ns3:cad>88</ns3:cad>
          </ns3:TrackPointExtension>
        </extensions>
      </trkpt>
      <trkpt lat="54.30283435620367527008056640625" lon="-8.49272576160728931427001953125">
        <ele>25.799999237060546875</ele>
        <time>2025-12-28T15:05:12.000Z</time>
        <extensions>
          <ns3:TrackPointExtension>
            <ns3:hr>139</ns3:hr>
            <ns3:cad>88</ns3:cad>
          </ns3:TrackPointExtension>
        </extensions>
      </trkpt>
      <trkpt lat="54.30267510004341602325439453125" lon="-8.4925551898777484893798828125">
        <ele>25.799999237060546875</ele>
        <time>2025-12-28T15:05:17.000Z</time>
        <extensions>
          <ns3:TrackPointExtension>
            <ns3:hr>139</ns3:hr>
            <ns3:cad>87</ns3:cad>
          </ns3:TrackPointExtension>
        </extensions>
      </trkpt>
      <trkpt lat="54.302501343190670013427734375" lon="-8.49247178994119167327880859375">
        <ele>25.200000762939453125</ele>
        <time>2025-12-28T15:05:22.000Z</time>
        <extensions>
          <ns3:TrackPointExtension>
            <ns3:hr>139</ns3:hr>
            <ns3:cad>87</ns3:cad>
          </ns3:TrackPointExtension>
        </extensions>
      </trkpt>
      <trkpt lat="54.30242531932890415191650390625" lon="-8.49245854653418064117431640625">
        <ele>25</ele>
        <time>2025-12-28T15:05:24.000Z</time>
        <extensions>
          <ns3:TrackPointExtension>
            <ns3:hr>139</ns3:hr>
            <ns3:cad>87</ns3:cad>
          </ns3:TrackPointExtension>
        </extensions>
      </trkpt>
      <trkpt lat="54.30222499184310436248779296875" lon="-8.4923862107098102569580078125">
        <ele>25.799999237060546875</ele>
        <time>2025-12-28T15:05:30.000Z</time>
        <extensions>
          <ns3:TrackPointExtension>
            <ns3:hr>137</ns3:hr>
            <ns3:cad>87</ns3:cad>
          </ns3:TrackPointExtension>
        </extensions>
      </trkpt>
      <trkpt lat="54.30206053890287876129150390625" lon="-8.49233935587108135223388671875">
        <ele>26.3999996185302734375</ele>
        <time>2025-12-28T15:05:35.000Z</time>
        <extensions>
          <ns3:TrackPointExtension>
            <ns3:hr>137</ns3:hr>
            <ns3:cad>87</ns3:cad>
          </ns3:TrackPointExtension>
        </extensions>
      </trkpt>
      <trkpt lat="54.30190094746649265289306640625" lon="-8.4923322312533855438232421875">
        <ele>27</ele>
        <time>2025-12-28T15:05:40.000Z</time>
        <extensions>
          <ns3:TrackPointExtension>
            <ns3:hr>137</ns3:hr>
            <ns3:cad>87</ns3:cad>
          </ns3:TrackPointExtension>
        </extensions>
      </trkpt>
      <trkpt lat="54.3017179705202579498291015625" lon="-8.49231320433318614959716796875">
        <ele>28.200000762939453125</ele>
        <time>2025-12-28T15:05:45.000Z</time>
        <extensions>
          <ns3:TrackPointExtension>
            <ns3:hr>138</ns3:hr>
            <ns3:cad>87</ns3:cad>
          </ns3:TrackPointExtension>
        </extensions>
      </trkpt>
      <trkpt lat="54.30156759917736053466796875" lon="-8.49230599589645862579345703125">
        <ele>29.3999996185302734375</ele>
        <time>2025-12-28T15:05:48.000Z</time>
        <extensions>
          <ns3:TrackPointExtension>
            <ns3:hr>138</ns3:hr>
            <ns3:cad>87</ns3:cad>
          </ns3:TrackPointExtension>
        </extensions>
      </trkpt>
      <trkpt lat="54.30141261778771877288818359375" lon="-8.49230113439261913299560546875">
        <ele>30.3999996185302734375</ele>
        <time>2025-12-28T15:05:52.000Z</time>
        <extensions>
          <ns3:TrackPointExtension>
            <ns3:hr>139</ns3:hr>
            <ns3:cad>87</ns3:cad>
          </ns3:TrackPointExtension>
        </extensions>
      </trkpt>
      <trkpt lat="54.30127062834799289703369140625" lon="-8.4922567941248416900634765625">
        <ele>31.6000003814697265625</ele>
        <time>2025-12-28T15:05:57.000Z</time>
        <extensions>
          <ns3:TrackPointExtension>
            <ns3:hr>141</ns3:hr>
            <ns3:cad>85</ns3:cad>
          </ns3:TrackPointExtension>
        </extensions>
      </trkpt>
      <trkpt lat="54.30108220316469669342041015625" lon="-8.492230139672756195068359375">
        <ele>33.59999847412109375</ele>
        <time>2025-12-28T15:06:02.000Z</time>
        <extensions>
          <ns3:TrackPointExtension>
            <ns3:hr>143</ns3:hr>
            <ns3:cad>85</ns3:cad>
          </ns3:TrackPointExtension>
        </extensions>
      </trkpt>
      <trkpt lat="54.3010558001697063446044921875" lon="-8.4921994619071483612060546875">
        <ele>34</ele>
        <time>2025-12-28T15:06:03.000Z</time>
        <extensions>
          <ns3:TrackPointExtension>
            <ns3:hr>143</ns3:hr>
            <ns3:cad>85</ns3:cad>
          </ns3:TrackPointExtension>
        </extensions>
      </trkpt>
      <trkpt lat="54.300858490169048309326171875" lon="-8.492095358669757843017578125">
        <ele>34.200000762939453125</ele>
        <time>2025-12-28T15:06:09.000Z</time>
        <extensions>
          <ns3:TrackPointExtension>
            <ns3:hr>143</ns3:hr>
            <ns3:cad>86</ns3:cad>
          </ns3:TrackPointExtension>
        </extensions>
      </trkpt>
      <trkpt lat="54.30069428868591785430908203125" lon="-8.49197876639664173126220703125">
        <ele>34.59999847412109375</ele>
        <time>2025-12-28T15:06:14.000Z</time>
        <extensions>
          <ns3:TrackPointExtension>
            <ns3:hr>144</ns3:hr>
            <ns3:cad>87</ns3:cad>
          </ns3:TrackPointExtension>
        </extensions>
      </trkpt>
      <trkpt lat="54.30056587792932987213134765625" lon="-8.49185320548713207244873046875">
        <ele>34.40000152587890625</ele>
        <time>2025-12-28T15:06:20.000Z</time>
        <extensions>
          <ns3:TrackPointExtension>
            <ns3:hr>145</ns3:hr>
            <ns3:cad>86</ns3:cad>
          </ns3:TrackPointExtension>
        </extensions>
      </trkpt>
      <trkpt lat="54.30045138113200664520263671875" lon="-8.49177944473922252655029296875">
        <ele>34.59999847412109375</ele>
        <time>2025-12-28T15:06:24.000Z</time>
        <extensions>
          <ns3:TrackPointExtension>
            <ns3:hr>144</ns3:hr>
            <ns3:cad>86</ns3:cad>
          </ns3:TrackPointExtension>
        </extensions>
      </trkpt>
      <trkpt lat="54.30023579858243465423583984375" lon="-8.49163996987044811248779296875">
        <ele>35</ele>
        <time>2025-12-28T15:06:30.000Z</time>
        <extensions>
          <ns3:TrackPointExtension>
            <ns3:hr>143</ns3:hr>
            <ns3:cad>87</ns3:cad>
          </ns3:TrackPointExtension>
        </extensions>
      </trkpt>
      <trkpt lat="54.30018919520080089569091796875" lon="-8.4916217811405658721923828125">
        <ele>35</ele>
        <time>2025-12-28T15:06:31.000Z</time>
        <extensions>
          <ns3:TrackPointExtension>
            <ns3:hr>143</ns3:hr>
            <ns3:cad>87</ns3:cad>
          </ns3:TrackPointExtension>
        </extensions>
      </trkpt>
      <trkpt lat="54.30002775974571704864501953125" lon="-8.4915564022958278656005859375">
        <ele>35</ele>
        <time>2025-12-28T15:06:35.000Z</time>
        <extensions>
          <ns3:TrackPointExtension>
            <ns3:hr>140</ns3:hr>
            <ns3:cad>87</ns3:cad>
          </ns3:TrackPointExtension>
        </extensions>
      </trkpt>
      <trkpt lat="54.29990655742585659027099609375" lon="-8.491478450596332550048828125">
        <ele>34.59999847412109375</ele>
        <time>2025-12-28T15:06:39.000Z</time>
        <extensions>
          <ns3:TrackPointExtension>
            <ns3:hr>142</ns3:hr>
            <ns3:cad>86</ns3:cad>
          </ns3:TrackPointExtension>
        </extensions>
      </trkpt>
      <trkpt lat="54.29973699152469635009765625" lon="-8.4914095513522624969482421875">
        <ele>33.40000152587890625</ele>
        <time>2025-12-28T15:06:44.000Z</time>
        <extensions>
          <ns3:TrackPointExtension>
            <ns3:hr>143</ns3:hr>
            <ns3:cad>87</ns3:cad>
          </ns3:TrackPointExtension>
        </extensions>
      </trkpt>
      <trkpt lat="54.299595169723033905029296875" lon="-8.491279296576976776123046875">
        <ele>32.40000152587890625</ele>
        <time>2025-12-28T15:06:49.000Z</time>
        <extensions>
          <ns3:TrackPointExtension>
            <ns3:hr>143</ns3:hr>
            <ns3:cad>86</ns3:cad>
          </ns3:TrackPointExtension>
        </extensions>
      </trkpt>
      <trkpt lat="54.29939157329499721527099609375" lon="-8.4912103973329067230224609375">
        <ele>31.6000003814697265625</ele>
        <time>2025-12-28T15:06:54.000Z</time>
        <extensions>
          <ns3:TrackPointExtension>
            <ns3:hr>143</ns3:hr>
            <ns3:cad>86</ns3:cad>
          </ns3:TrackPointExtension>
        </extensions>
      </trkpt>
      <trkpt lat="54.29936408065259456634521484375" lon="-8.49118868820369243621826171875">
        <ele>31.6000003814697265625</ele>
        <time>2025-12-28T15:06:55.000Z</time>
        <extensions>
          <ns3:TrackPointExtension>
            <ns3:hr>143</ns3:hr>
            <ns3:cad>86</ns3:cad>
          </ns3:TrackPointExtension>
        </extensions>
      </trkpt>
      <trkpt lat="54.2991688661277294158935546875" lon="-8.49107938818633556365966796875">
        <ele>31.200000762939453125</ele>
        <time>2025-12-28T15:07:00.000Z</time>
        <extensions>
          <ns3:TrackPointExtension>
            <ns3:hr>142</ns3:hr>
            <ns3:cad>86</ns3:cad>
          </ns3:TrackPointExtension>
        </extensions>
      </trkpt>
      <trkpt lat="54.2991329915821552276611328125" lon="-8.49105105735361576080322265625">
        <ele>31</ele>
        <time>2025-12-28T15:07:01.000Z</time>
        <extensions>
          <ns3:TrackPointExtension>
            <ns3:hr>142</ns3:hr>
            <ns3:cad>87</ns3:cad>
          </ns3:TrackPointExtension>
        </extensions>
      </trkpt>
      <trkpt lat="54.29893232882022857666015625" lon="-8.4908788092434406280517578125">
        <ele>31</ele>
        <time>2025-12-28T15:07:06.000Z</time>
        <extensions>
          <ns3:TrackPointExtension>
            <ns3:hr>143</ns3:hr>
            <ns3:cad>88</ns3:cad>
          </ns3:TrackPointExtension>
        </extensions>
      </trkpt>
      <trkpt lat="54.29888681508600711822509765625" lon="-8.49085274152457714080810546875">
        <ele>31</ele>
        <time>2025-12-28T15:07:07.000Z</time>
        <extensions>
          <ns3:TrackPointExtension>
            <ns3:hr>144</ns3:hr>
            <ns3:cad>88</ns3:cad>
          </ns3:TrackPointExtension>
        </extensions>
      </trkpt>
      <trkpt lat="54.2987155728042125701904296875" lon="-8.49071796052157878875732421875">
        <ele>30.200000762939453125</ele>
        <time>2025-12-28T15:07:12.000Z</time>
        <extensions>
          <ns3:TrackPointExtension>
            <ns3:hr>146</ns3:hr>
            <ns3:cad>88</ns3:cad>
          </ns3:TrackPointExtension>
        </extensions>
      </trkpt>
      <trkpt lat="54.298552460968494415283203125" lon="-8.490544371306896209716796875">
        <ele>29</ele>
        <time>2025-12-28T15:07:17.000Z</time>
        <extensions>
          <ns3:TrackPointExtension>
            <ns3:hr>148</ns3:hr>
            <ns3:cad>87</ns3:cad>
          </ns3:TrackPointExtension>
        </extensions>
      </trkpt>
      <trkpt lat="54.298463277518749237060546875" lon="-8.4904442913830280303955078125">
        <ele>28.3999996185302734375</ele>
        <time>2025-12-28T15:07:20.000Z</time>
        <extensions>
          <ns3:TrackPointExtension>
            <ns3:hr>146</ns3:hr>
            <ns3:cad>86</ns3:cad>
          </ns3:TrackPointExtension>
        </extensions>
      </trkpt>
      <trkpt lat="54.29831751622259616851806640625" lon="-8.49021789617836475372314453125">
        <ele>27.200000762939453125</ele>
        <time>2025-12-28T15:07:25.000Z</time>
        <extensions>
          <ns3:TrackPointExtension>
            <ns3:hr>145</ns3:hr>
            <ns3:cad>86</ns3:cad>
          </ns3:TrackPointExtension>
        </extensions>
      </trkpt>
      <trkpt lat="54.29813764058053493499755859375" lon="-8.49005226977169513702392578125">
        <ele>25.799999237060546875</ele>
        <time>2025-12-28T15:07:31.000Z</time>
        <extensions>
          <ns3:TrackPointExtension>
            <ns3:hr>146</ns3:hr>
            <ns3:cad>87</ns3:cad>
          </ns3:TrackPointExtension>
        </extensions>
      </trkpt>
      <trkpt lat="54.297961704432964324951171875" lon="-8.4898753277957439422607421875">
        <ele>24.3999996185302734375</ele>
        <time>2025-12-28T15:07:36.000Z</time>
        <extensions>
          <ns3:TrackPointExtension>
            <ns3:hr>145</ns3:hr>
            <ns3:cad>86</ns3:cad>
          </ns3:TrackPointExtension>
        </extensions>
      </trkpt>
      <trkpt lat="54.29792524315416812896728515625" lon="-8.489843644201755523681640625">
        <ele>24.200000762939453125</ele>
        <time>2025-12-28T15:07:37.000Z</time>
        <extensions>
          <ns3:TrackPointExtension>
            <ns3:hr>145</ns3:hr>
            <ns3:cad>86</ns3:cad>
          </ns3:TrackPointExtension>
        </extensions>
      </trkpt>
      <trkpt lat="54.29783404804766178131103515625" lon="-8.4897499345242977142333984375">
        <ele>24</ele>
        <time>2025-12-28T15:07:40.000Z</time>
        <extensions>
          <ns3:TrackPointExtension>
            <ns3:hr>142</ns3:hr>
            <ns3:cad>86</ns3:cad>
          </ns3:TrackPointExtension>
        </extensions>
      </trkpt>
      <trkpt lat="54.2977945692837238311767578125" lon="-8.48971766419708728790283203125">
        <ele>24</ele>
        <time>2025-12-28T15:07:41.000Z</time>
        <extensions>
          <ns3:TrackPointExtension>
            <ns3:hr>141</ns3:hr>
            <ns3:cad>86</ns3:cad>
          </ns3:TrackPointExtension>
        </extensions>
      </trkpt>
      <trkpt lat="54.2976242490112781524658203125" lon="-8.489543907344341278076171875">
        <ele>24.3999996185302734375</ele>
        <time>2025-12-28T15:07:46.000Z</time>
        <extensions>
          <ns3:TrackPointExtension>
            <ns3:hr>139</ns3:hr>
            <ns3:cad>86</ns3:cad>
          </ns3:TrackPointExtension>
        </extensions>
      </trkpt>
      <trkpt lat="54.2975263483822345733642578125" lon="-8.4894275665283203125">
        <ele>24.799999237060546875</ele>
        <time>2025-12-28T15:07:49.000Z</time>
        <extensions>
          <ns3:TrackPointExtension>
            <ns3:hr>139</ns3:hr>
            <ns3:cad>87</ns3:cad>
          </ns3:TrackPointExtension>
        </extensions>
      </trkpt>
      <trkpt lat="54.297364912927150726318359375" lon="-8.48921072669327259063720703125">
        <ele>25.6000003814697265625</ele>
        <time>2025-12-28T15:07:55.000Z</time>
        <extensions>
          <ns3:TrackPointExtension>
            <ns3:hr>138</ns3:hr>
            <ns3:cad>87</ns3:cad>
          </ns3:TrackPointExtension>
        </extensions>
      </trkpt>
      <trkpt lat="54.29727799259126186370849609375" lon="-8.4891021810472011566162109375">
        <ele>26.3999996185302734375</ele>
        <time>2025-12-28T15:07:58.000Z</time>
        <extensions>
          <ns3:TrackPointExtension>
            <ns3:hr>139</ns3:hr>
            <ns3:cad>86</ns3:cad>
          </ns3:TrackPointExtension>
        </extensions>
      </trkpt>
      <trkpt lat="54.297107420861721038818359375" lon="-8.4888966567814350128173828125">
        <ele>27.3999996185302734375</ele>
        <time>2025-12-28T15:08:04.000Z</time>
        <extensions>
          <ns3:TrackPointExtension>
            <ns3:hr>138</ns3:hr>
            <ns3:cad>86</ns3:cad>
          </ns3:TrackPointExtension>
        </extensions>
      </trkpt>
      <trkpt lat="54.297086298465728759765625" lon="-8.488865308463573455810546875">
        <ele>27.6000003814697265625</ele>
        <time>2025-12-28T15:08:05.000Z</time>
        <extensions>
          <ns3:TrackPointExtension>
            <ns3:hr>139</ns3:hr>
            <ns3:cad>86</ns3:cad>
          </ns3:TrackPointExtension>
        </extensions>
      </trkpt>
      <trkpt lat="54.29694741033017635345458984375" lon="-8.48869574256241321563720703125">
        <ele>28.6000003814697265625</ele>
        <time>2025-12-28T15:08:11.000Z</time>
        <extensions>
          <ns3:TrackPointExtension>
            <ns3:hr>140</ns3:hr>
            <ns3:cad>85</ns3:cad>
          </ns3:TrackPointExtension>
        </extensions>
      </trkpt>
      <trkpt lat="54.29689141921699047088623046875" lon="-8.4884980134665966033935546875">
        <ele>29</ele>
        <time>2025-12-28T15:08:16.000Z</time>
        <extensions>
          <ns3:TrackPointExtension>
            <ns3:hr>142</ns3:hr>
            <ns3:cad>86</ns3:cad>
          </ns3:TrackPointExtension>
        </extensions>
      </trkpt>
      <trkpt lat="54.29678295738995075225830078125" lon="-8.4883518330752849578857421875">
        <ele>29.3999996185302734375</ele>
        <time>2025-12-28T15:08:20.000Z</time>
        <extensions>
          <ns3:TrackPointExtension>
            <ns3:hr>143</ns3:hr>
            <ns3:cad>87</ns3:cad>
          </ns3:TrackPointExtension>
        </extensions>
      </trkpt>
      <trkpt lat="54.29663074202835559844970703125" lon="-8.48806257359683513641357421875">
        <ele>30</ele>
        <time>2025-12-28T15:08:25.000Z</time>
        <extensions>
          <ns3:TrackPointExtension>
            <ns3:hr>144</ns3:hr>
            <ns3:cad>86</ns3:cad>
          </ns3:TrackPointExtension>
        </extensions>
      </trkpt>
      <trkpt lat="54.29660014808177947998046875" lon="-8.48800607956945896148681640625">
        <ele>30.200000762939453125</ele>
        <time>2025-12-28T15:08:26.000Z</time>
        <extensions>
          <ns3:TrackPointExtension>
            <ns3:hr>145</ns3:hr>
            <ns3:cad>87</ns3:cad>
          </ns3:TrackPointExtension>
        </extensions>
      </trkpt>
      <trkpt lat="54.2964465916156768798828125" lon="-8.4878452308475971221923828125">
        <ele>30.799999237060546875</ele>
        <time>2025-12-28T15:08:31.000Z</time>
        <extensions>
          <ns3:TrackPointExtension>
            <ns3:hr>145</ns3:hr>
            <ns3:cad>85</ns3:cad>
          </ns3:TrackPointExtension>
        </extensions>
      </trkpt>
      <trkpt lat="54.29641784168779850006103515625" lon="-8.48782117478549480438232421875">
        <ele>30.799999237060546875</ele>
        <time>2025-12-28T15:08:32.000Z</time>
        <extensions>
          <ns3:TrackPointExtension>
            <ns3:hr>142</ns3:hr>
            <ns3:cad>85</ns3:cad>
          </ns3:TrackPointExtension>
        </extensions>
      </trkpt>
      <trkpt lat="54.2963854037225246429443359375" lon="-8.48779083229601383209228515625">
        <ele>31</ele>
        <time>2025-12-28T15:08:33.000Z</time>
        <extensions>
          <ns3:TrackPointExtension>
            <ns3:hr>145</ns3:hr>
            <ns3:cad>85</ns3:cad>
          </ns3:TrackPointExtension>
        </extensions>
      </trkpt>
      <trkpt lat="54.29621667601168155670166015625" lon="-8.48762579262256622314453125">
        <ele>30.200000762939453125</ele>
        <time>2025-12-28T15:08:38.000Z</time>
        <extensions>
          <ns3:TrackPointExtension>
            <ns3:hr>145</ns3:hr>
            <ns3:cad>85</ns3:cad>
          </ns3:TrackPointExtension>
        </extensions>
      </trkpt>
      <trkpt lat="54.2961215414106845855712890625" lon="-8.4875401295721530914306640625">
        <ele>30</ele>
        <time>2025-12-28T15:08:41.000Z</time>
        <extensions>
          <ns3:TrackPointExtension>
            <ns3:hr>144</ns3:hr>
            <ns3:cad>84</ns3:cad>
          </ns3:TrackPointExtension>
        </extensions>
      </trkpt>
      <trkpt lat="54.2959217168390750885009765625" lon="-8.48739319480955600738525390625">
        <ele>28.6000003814697265625</ele>
        <time>2025-12-28T15:08:46.000Z</time>
        <extensions>
          <ns3:TrackPointExtension>
            <ns3:hr>144</ns3:hr>
            <ns3:cad>85</ns3:cad>
          </ns3:TrackPointExtension>
        </extensions>
      </trkpt>
      <trkpt lat="54.29582121782004833221435546875" lon="-8.4873077832162380218505859375">
        <ele>27.3999996185302734375</ele>
        <time>2025-12-28T15:08:49.000Z</time>
        <extensions>
          <ns3:TrackPointExtension>
            <ns3:hr>145</ns3:hr>
            <ns3:cad>86</ns3:cad>
          </ns3:TrackPointExtension>
        </extensions>
      </trkpt>
      <trkpt lat="54.295637570321559906005859375" lon="-8.48715447820723056793212890625">
        <ele>25.799999237060546875</ele>
        <time>2025-12-28T15:08:54.000Z</time>
        <extensions>
          <ns3:TrackPointExtension>
            <ns3:hr>143</ns3:hr>
            <ns3:cad>87</ns3:cad>
          </ns3:TrackPointExtension>
        </extensions>
      </trkpt>
      <trkpt lat="54.29560102522373199462890625" lon="-8.48712690174579620361328125">
        <ele>25.3999996185302734375</ele>
        <time>2025-12-28T15:08:55.000Z</time>
        <extensions>
          <ns3:TrackPointExtension>
            <ns3:hr>143</ns3:hr>
            <ns3:cad>87</ns3:cad>
          </ns3:TrackPointExtension>
        </extensions>
      </trkpt>
      <trkpt lat="54.29541058838367462158203125" lon="-8.48694811575114727020263671875">
        <ele>23</ele>
        <time>2025-12-28T15:09:00.000Z</time>
        <extensions>
          <ns3:TrackPointExtension>
            <ns3:hr>143</ns3:hr>
            <ns3:cad>87</ns3:cad>
          </ns3:TrackPointExtension>
        </extensions>
      </trkpt>
      <trkpt lat="54.29522559978067874908447265625" lon="-8.4867914579808712005615234375">
        <ele>21</ele>
        <time>2025-12-28T15:09:05.000Z</time>
        <extensions>
          <ns3:TrackPointExtension>
            <ns3:hr>144</ns3:hr>
            <ns3:cad>87</ns3:cad>
          </ns3:TrackPointExtension>
        </extensions>
      </trkpt>
      <trkpt lat="54.2950996197760105133056640625" lon="-8.486720211803913116455078125">
        <ele>21</ele>
        <time>2025-12-28T15:09:08.000Z</time>
        <extensions>
          <ns3:TrackPointExtension>
            <ns3:hr>144</ns3:hr>
            <ns3:cad>86</ns3:cad>
          </ns3:TrackPointExtension>
        </extensions>
      </trkpt>
      <trkpt lat="54.2949309758841991424560546875" lon="-8.48657839000225067138671875">
        <ele>21.3999996185302734375</ele>
        <time>2025-12-28T15:09:13.000Z</time>
        <extensions>
          <ns3:TrackPointExtension>
            <ns3:hr>141</ns3:hr>
            <ns3:cad>86</ns3:cad>
          </ns3:TrackPointExtension>
        </extensions>
      </trkpt>
      <trkpt lat="54.29477691650390625" lon="-8.48643899895250797271728515625">
        <ele>23</ele>
        <time>2025-12-28T15:09:17.000Z</time>
        <extensions>
          <ns3:TrackPointExtension>
            <ns3:hr>142</ns3:hr>
            <ns3:cad>86</ns3:cad>
          </ns3:TrackPointExtension>
        </extensions>
      </trkpt>
      <trkpt lat="54.2947120405733585357666015625" lon="-8.4863820858299732208251953125">
        <ele>23.6000003814697265625</ele>
        <time>2025-12-28T15:09:19.000Z</time>
        <extensions>
          <ns3:TrackPointExtension>
            <ns3:hr>142</ns3:hr>
            <ns3:cad>86</ns3:cad>
          </ns3:TrackPointExtension>
        </extensions>
      </trkpt>
      <trkpt lat="54.29461539722979068756103515625" lon="-8.4862265177071094512939453125">
        <ele>24.200000762939453125</ele>
        <time>2025-12-28T15:09:23.000Z</time>
        <extensions>
          <ns3:TrackPointExtension>
            <ns3:hr>142</ns3:hr>
            <ns3:cad>87</ns3:cad>
          </ns3:TrackPointExtension>
        </extensions>
      </trkpt>
      <trkpt lat="54.29458471946418285369873046875" lon="-8.4861815907061100006103515625">
        <ele>24.200000762939453125</ele>
        <time>2025-12-28T15:09:24.000Z</time>
        <extensions>
          <ns3:TrackPointExtension>
            <ns3:hr>142</ns3:hr>
            <ns3:cad>87</ns3:cad>
          </ns3:TrackPointExtension>
        </extensions>
      </trkpt>
      <trkpt lat="54.29440635256469249725341796875" lon="-8.4859579615294933319091796875">
        <ele>24.6000003814697265625</ele>
        <time>2025-12-28T15:09:30.000Z</time>
        <extensions>
          <ns3:TrackPointExtension>
            <ns3:hr>140</ns3:hr>
            <ns3:cad>87</ns3:cad>
          </ns3:TrackPointExtension>
        </extensions>
      </trkpt>
      <trkpt lat="54.2943764291703701019287109375" lon="-8.48592795431613922119140625">
        <ele>24.200000762939453125</ele>
        <time>2025-12-28T15:09:31.000Z</time>
        <extensions>
          <ns3:TrackPointExtension>
            <ns3:hr>140</ns3:hr>
            <ns3:cad>87</ns3:cad>
          </ns3:TrackPointExtension>
        </extensions>
      </trkpt>
      <trkpt lat="54.29421206004917621612548828125" lon="-8.4857604838907718658447265625">
        <ele>22.799999237060546875</ele>
        <time>2025-12-28T15:09:36.000Z</time>
        <extensions>
          <ns3:TrackPointExtension>
            <ns3:hr>136</ns3:hr>
            <ns3:cad>86</ns3:cad>
          </ns3:TrackPointExtension>
        </extensions>
      </trkpt>
      <trkpt lat="54.29417367093265056610107421875" lon="-8.48573039285838603973388671875">
        <ele>22.3999996185302734375</ele>
        <time>2025-12-28T15:09:37.000Z</time>
        <extensions>
          <ns3:TrackPointExtension>
            <ns3:hr>139</ns3:hr>
            <ns3:cad>86</ns3:cad>
          </ns3:TrackPointExtension>
        </extensions>
      </trkpt>
      <trkpt lat="54.29413712583482265472412109375" lon="-8.48570390604436397552490234375">
        <ele>22.200000762939453125</ele>
        <time>2025-12-28T15:09:38.000Z</time>
        <extensions>
          <ns3:TrackPointExtension>
            <ns3:hr>138</ns3:hr>
            <ns3:cad>86</ns3:cad>
          </ns3:TrackPointExtension>
        </extensions>
      </trkpt>
      <trkpt lat="54.294065795838832855224609375" lon="-8.48564657382667064666748046875">
        <ele>21.6000003814697265625</ele>
        <time>2025-12-28T15:09:40.000Z</time>
        <extensions>
          <ns3:TrackPointExtension>
            <ns3:hr>141</ns3:hr>
            <ns3:cad>86</ns3:cad>
          </ns3:TrackPointExtension>
        </extensions>
      </trkpt>
      <trkpt lat="54.29387410171329975128173828125" lon="-8.48556585609912872314453125">
        <ele>20.3999996185302734375</ele>
        <time>2025-12-28T15:09:45.000Z</time>
        <extensions>
          <ns3:TrackPointExtension>
            <ns3:hr>140</ns3:hr>
            <ns3:cad>88</ns3:cad>
          </ns3:TrackPointExtension>
        </extensions>
      </trkpt>
      <trkpt lat="54.2938393168151378631591796875" lon="-8.48553392104804515838623046875">
        <ele>20</ele>
        <time>2025-12-28T15:09:46.000Z</time>
        <extensions>
          <ns3:TrackPointExtension>
            <ns3:hr>139</ns3:hr>
            <ns3:cad>88</ns3:cad>
          </ns3:TrackPointExtension>
        </extensions>
      </trkpt>
      <trkpt lat="54.29375206120312213897705078125" lon="-8.48546502180397510528564453125">
        <ele>19.799999237060546875</ele>
        <time>2025-12-28T15:09:49.000Z</time>
        <extensions>
          <ns3:TrackPointExtension>
            <ns3:hr>139</ns3:hr>
            <ns3:cad>85</ns3:cad>
          </ns3:TrackPointExtension>
        </extensions>
      </trkpt>
      <trkpt lat="54.29373378865420818328857421875" lon="-8.48543149419128894805908203125">
        <ele>19.6000003814697265625</ele>
        <time>2025-12-28T15:09:50.000Z</time>
        <extensions>
          <ns3:TrackPointExtension>
            <ns3:hr>141</ns3:hr>
            <ns3:cad>85</ns3:cad>
          </ns3:TrackPointExtension>
        </extensions>
      </trkpt>
      <trkpt lat="54.2935819923877716064453125" lon="-8.48526938818395137786865234375">
        <ele>20</ele>
        <time>2025-12-28T15:09:55.000Z</time>
        <extensions>
          <ns3:TrackPointExtension>
            <ns3:hr>141</ns3:hr>
            <ns3:cad>86</ns3:cad>
          </ns3:TrackPointExtension>
        </extensions>
      </trkpt>
      <trkpt lat="54.29341024719178676605224609375" lon="-8.48514231853187084197998046875">
        <ele>19.3999996185302734375</ele>
        <time>2025-12-28T15:10:00.000Z</time>
        <extensions>
          <ns3:TrackPointExtension>
            <ns3:hr>141</ns3:hr>
            <ns3:cad>87</ns3:cad>
          </ns3:TrackPointExtension>
        </extensions>
      </trkpt>
      <trkpt lat="54.29333883337676525115966796875" lon="-8.4850798733532428741455078125">
        <ele>19.200000762939453125</ele>
        <time>2025-12-28T15:10:02.000Z</time>
        <extensions>
          <ns3:TrackPointExtension>
            <ns3:hr>142</ns3:hr>
            <ns3:cad>86</ns3:cad>
          </ns3:TrackPointExtension>
        </extensions>
      </trkpt>
      <trkpt lat="54.29316767491400241851806640625" lon="-8.484888263046741485595703125">
        <ele>18.6000003814697265625</ele>
        <time>2025-12-28T15:10:07.000Z</time>
        <extensions>
          <ns3:TrackPointExtension>
            <ns3:hr>143</ns3:hr>
            <ns3:cad>87</ns3:cad>
          </ns3:TrackPointExtension>
        </extensions>
      </trkpt>
      <trkpt lat="54.29314940236508846282958984375" lon="-8.4848616085946559906005859375">
        <ele>18.6000003814697265625</ele>
        <time>2025-12-28T15:10:08.000Z</time>
        <extensions>
          <ns3:TrackPointExtension>
            <ns3:hr>144</ns3:hr>
            <ns3:cad>87</ns3:cad>
          </ns3:TrackPointExtension>
        </extensions>
      </trkpt>
      <trkpt lat="54.29298411123454570770263671875" lon="-8.4846580959856510162353515625">
        <ele>18</ele>
        <time>2025-12-28T15:10:14.000Z</time>
        <extensions>
          <ns3:TrackPointExtension>
            <ns3:hr>146</ns3:hr>
            <ns3:cad>85</ns3:cad>
          </ns3:TrackPointExtension>
        </extensions>
      </trkpt>
      <trkpt lat="54.2928405292332172393798828125" lon="-8.48453764803707599639892578125">
        <ele>17.3999996185302734375</ele>
        <time>2025-12-28T15:10:18.000Z</time>
        <extensions>
          <ns3:TrackPointExtension>
            <ns3:hr>146</ns3:hr>
            <ns3:cad>86</ns3:cad>
          </ns3:TrackPointExtension>
        </extensions>
      </trkpt>
      <trkpt lat="54.292646907269954681396484375" lon="-8.484445698559284210205078125">
        <ele>17</ele>
        <time>2025-12-28T15:10:23.000Z</time>
        <extensions>
          <ns3:TrackPointExtension>
            <ns3:hr>146</ns3:hr>
            <ns3:cad>87</ns3:cad>
          </ns3:TrackPointExtension>
        </extensions>
      </trkpt>
      <trkpt lat="54.2925039120018482208251953125" lon="-8.4843281842768192291259765625">
        <ele>17</ele>
        <time>2025-12-28T15:10:27.000Z</time>
        <extensions>
          <ns3:TrackPointExtension>
            <ns3:hr>147</ns3:hr>
            <ns3:cad>86</ns3:cad>
          </ns3:TrackPointExtension>
        </extensions>
      </trkpt>
      <trkpt lat="54.2923195101320743560791015625" lon="-8.48411855287849903106689453125">
        <ele>17</ele>
        <time>2025-12-28T15:10:32.000Z</time>
        <extensions>
          <ns3:TrackPointExtension>
            <ns3:hr>150</ns3:hr>
            <ns3:cad>87</ns3:cad>
          </ns3:TrackPointExtension>
        </extensions>
      </trkpt>
      <trkpt lat="54.2922360263764858245849609375" lon="-8.48392861895263195037841796875">
        <ele>17</ele>
        <time>2025-12-28T15:10:36.000Z</time>
        <extensions>
          <ns3:TrackPointExtension>
            <ns3:hr>149</ns3:hr>
            <ns3:cad>88</ns3:cad>
          </ns3:TrackPointExtension>
        </extensions>
      </trkpt>
      <trkpt lat="54.292213059961795806884765625" lon="-8.4838953427970409393310546875">
        <ele>17</ele>
        <time>2025-12-28T15:10:37.000Z</time>
        <extensions>
          <ns3:TrackPointExtension>
            <ns3:hr>149</ns3:hr>
            <ns3:cad>88</ns3:cad>
          </ns3:TrackPointExtension>
        </extensions>
      </trkpt>
      <trkpt lat="54.29203712381422519683837890625" lon="-8.48370079882442951202392578125">
        <ele>16.6000003814697265625</ele>
        <time>2025-12-28T15:10:43.000Z</time>
        <extensions>
          <ns3:TrackPointExtension>
            <ns3:hr>150</ns3:hr>
            <ns3:cad>87</ns3:cad>
          </ns3:TrackPointExtension>
        </extensions>
      </trkpt>
      <trkpt lat="54.291866384446620941162109375" lon="-8.48350868560373783111572265625">
        <ele>15.80000019073486328125</ele>
        <time>2025-12-28T15:10:48.000Z</time>
        <extensions>
          <ns3:TrackPointExtension>
            <ns3:hr>148</ns3:hr>
            <ns3:cad>87</ns3:cad>
          </ns3:TrackPointExtension>
        </extensions>
      </trkpt>
      <trkpt lat="54.2918025143444538116455078125" lon="-8.483442552387714385986328125">
        <ele>15.3999996185302734375</ele>
        <time>2025-12-28T15:10:50.000Z</time>
        <extensions>
          <ns3:TrackPointExtension>
            <ns3:hr>148</ns3:hr>
            <ns3:cad>87</ns3:cad>
          </ns3:TrackPointExtension>
        </extensions>
      </trkpt>
      <trkpt lat="54.29166396148502826690673828125" lon="-8.48334498703479766845703125">
        <ele>15.19999980926513671875</ele>
        <time>2025-12-28T15:10:54.000Z</time>
        <extensions>
          <ns3:TrackPointExtension>
            <ns3:hr>143</ns3:hr>
            <ns3:cad>86</ns3:cad>
          </ns3:TrackPointExtension>
        </extensions>
      </trkpt>
      <trkpt lat="54.29163378663361072540283203125" lon="-8.48331824876368045806884765625">
        <ele>15.19999980926513671875</ele>
        <time>2025-12-28T15:10:55.000Z</time>
        <extensions>
          <ns3:TrackPointExtension>
            <ns3:hr>146</ns3:hr>
            <ns3:cad>85</ns3:cad>
          </ns3:TrackPointExtension>
        </extensions>
      </trkpt>
      <trkpt lat="54.29147981107234954833984375" lon="-8.4831366129219532012939453125">
        <ele>15.19999980926513671875</ele>
        <time>2025-12-28T15:11:00.000Z</time>
        <extensions>
          <ns3:TrackPointExtension>
            <ns3:hr>146</ns3:hr>
            <ns3:cad>85</ns3:cad>
          </ns3:TrackPointExtension>
        </extensions>
      </trkpt>
      <trkpt lat="54.29144938476383686065673828125" lon="-8.4831069409847259521484375">
        <ele>15.19999980926513671875</ele>
        <time>2025-12-28T15:11:01.000Z</time>
        <extensions>
          <ns3:TrackPointExtension>
            <ns3:hr>145</ns3:hr>
            <ns3:cad>85</ns3:cad>
          </ns3:TrackPointExtension>
        </extensions>
      </trkpt>
      <trkpt lat="54.29126330651342868804931640625" lon="-8.4830112196505069732666015625">
        <ele>14.80000019073486328125</ele>
        <time>2025-12-28T15:11:06.000Z</time>
        <extensions>
          <ns3:TrackPointExtension>
            <ns3:hr>142</ns3:hr>
            <ns3:cad>85</ns3:cad>
          </ns3:TrackPointExtension>
        </extensions>
      </trkpt>
      <trkpt lat="54.29120086133480072021484375" lon="-8.48295832984149456024169921875">
        <ele>14.80000019073486328125</ele>
        <time>2025-12-28T15:11:08.000Z</time>
        <extensions>
          <ns3:TrackPointExtension>
            <ns3:hr>142</ns3:hr>
            <ns3:cad>85</ns3:cad>
          </ns3:TrackPointExtension>
        </extensions>
      </trkpt>
      <trkpt lat="54.29101352579891681671142578125" lon="-8.48275967873632907867431640625">
        <ele>13.6000003814697265625</ele>
        <time>2025-12-28T15:11:14.000Z</time>
        <extensions>
          <ns3:TrackPointExtension>
            <ns3:hr>142</ns3:hr>
            <ns3:cad>84</ns3:cad>
          </ns3:TrackPointExtension>
        </extensions>
      </trkpt>
      <trkpt lat="54.29098050110042095184326171875" lon="-8.48272313363850116729736328125">
        <ele>13.19999980926513671875</ele>
        <time>2025-12-28T15:11:15.000Z</time>
        <extensions>
          <ns3:TrackPointExtension>
            <ns3:hr>142</ns3:hr>
            <ns3:cad>84</ns3:cad>
          </ns3:TrackPointExtension>
        </extensions>
      </trkpt>
      <trkpt lat="54.29078620858490467071533203125" lon="-8.4825619496405124664306640625">
        <ele>11.19999980926513671875</ele>
        <time>2025-12-28T15:11:20.000Z</time>
        <extensions>
          <ns3:TrackPointExtension>
            <ns3:hr>142</ns3:hr>
            <ns3:cad>85</ns3:cad>
          </ns3:TrackPointExtension>
        </extensions>
      </trkpt>
      <trkpt lat="54.29072342813014984130859375" lon="-8.482491709291934967041015625">
        <ele>10.3999996185302734375</ele>
        <time>2025-12-28T15:11:22.000Z</time>
        <extensions>
          <ns3:TrackPointExtension>
            <ns3:hr>142</ns3:hr>
            <ns3:cad>87</ns3:cad>
          </ns3:TrackPointExtension>
        </extensions>
      </trkpt>
      <trkpt lat="54.29055687971413135528564453125" lon="-8.48232096992433071136474609375">
        <ele>8.6000003814697265625</ele>
        <time>2025-12-28T15:11:27.000Z</time>
        <extensions>
          <ns3:TrackPointExtension>
            <ns3:hr>144</ns3:hr>
            <ns3:cad>87</ns3:cad>
          </ns3:TrackPointExtension>
        </extensions>
      </trkpt>
      <trkpt lat="54.290481694042682647705078125" lon="-8.4822370670735836029052734375">
        <ele>7.80000019073486328125</ele>
        <time>2025-12-28T15:11:29.000Z</time>
        <extensions>
          <ns3:TrackPointExtension>
            <ns3:hr>142</ns3:hr>
            <ns3:cad>88</ns3:cad>
          </ns3:TrackPointExtension>
        </extensions>
      </trkpt>
      <trkpt lat="54.290301986038684844970703125" lon="-8.4820845164358615875244140625">
        <ele>6.400000095367431640625</ele>
        <time>2025-12-28T15:11:34.000Z</time>
        <extensions>
          <ns3:TrackPointExtension>
            <ns3:hr>144</ns3:hr>
            <ns3:cad>87</ns3:cad>
          </ns3:TrackPointExtension>
        </extensions>
      </trkpt>
      <trkpt lat="54.29020098410546779632568359375" lon="-8.4820607118308544158935546875">
        <ele>5.400000095367431640625</ele>
        <time>2025-12-28T15:11:37.000Z</time>
        <extensions>
          <ns3:TrackPointExtension>
            <ns3:hr>144</ns3:hr>
            <ns3:cad>87</ns3:cad>
          </ns3:TrackPointExtension>
        </extensions>
      </trkpt>
      <trkpt lat="54.29015220142900943756103515625" lon="-8.4820742905139923095703125">
        <ele>5.19999980926513671875</ele>
        <time>2025-12-28T15:11:39.000Z</time>
        <extensions>
          <ns3:TrackPointExtension>
            <ns3:hr>144</ns3:hr>
            <ns3:cad>87</ns3:cad>
          </ns3:TrackPointExtension>
        </extensions>
      </trkpt>
      <trkpt lat="54.29009889252483844757080078125" lon="-8.482144363224506378173828125">
        <ele>4.80000019073486328125</ele>
        <time>2025-12-28T15:11:41.000Z</time>
        <extensions>
          <ns3:TrackPointExtension>
            <ns3:hr>142</ns3:hr>
            <ns3:cad>87</ns3:cad>
          </ns3:TrackPointExtension>
        </extensions>
      </trkpt>
      <trkpt lat="54.2900798656046390533447265625" lon="-8.4821904636919498443603515625">
        <ele>4.599999904632568359375</ele>
        <time>2025-12-28T15:11:42.000Z</time>
        <extensions>
          <ns3:TrackPointExtension>
            <ns3:hr>145</ns3:hr>
            <ns3:cad>87</ns3:cad>
          </ns3:TrackPointExtension>
        </extensions>
      </trkpt>
      <trkpt lat="54.29007978178560733795166015625" lon="-8.4823111630976200103759765625">
        <ele>4.19999980926513671875</ele>
        <time>2025-12-28T15:11:44.000Z</time>
        <extensions>
          <ns3:TrackPointExtension>
            <ns3:hr>145</ns3:hr>
            <ns3:cad>84</ns3:cad>
          </ns3:TrackPointExtension>
        </extensions>
      </trkpt>
      <trkpt lat="54.29016142152249813079833984375" lon="-8.4824712574481964111328125">
        <ele>4.599999904632568359375</ele>
        <time>2025-12-28T15:11:47.000Z</time>
        <extensions>
          <ns3:TrackPointExtension>
            <ns3:hr>146</ns3:hr>
            <ns3:cad>85</ns3:cad>
          </ns3:TrackPointExtension>
        </extensions>
      </trkpt>
      <trkpt lat="54.290333501994609832763671875" lon="-8.48265473730862140655517578125">
        <ele>5.599999904632568359375</ele>
        <time>2025-12-28T15:11:52.000Z</time>
        <extensions>
          <ns3:TrackPointExtension>
            <ns3:hr>146</ns3:hr>
            <ns3:cad>86</ns3:cad>
          </ns3:TrackPointExtension>
        </extensions>
      </trkpt>
      <trkpt lat="54.29040290415287017822265625" lon="-8.48271961323916912078857421875">
        <ele>6.19999980926513671875</ele>
        <time>2025-12-28T15:11:54.000Z</time>
        <extensions>
          <ns3:TrackPointExtension>
            <ns3:hr>146</ns3:hr>
            <ns3:cad>86</ns3:cad>
          </ns3:TrackPointExtension>
        </extensions>
      </trkpt>
      <trkpt lat="54.2904292233288288116455078125" lon="-8.4827528893947601318359375">
        <ele>6.400000095367431640625</ele>
        <time>2025-12-28T15:11:55.000Z</time>
        <extensions>
          <ns3:TrackPointExtension>
            <ns3:hr>149</ns3:hr>
            <ns3:cad>87</ns3:cad>
          </ns3:TrackPointExtension>
        </extensions>
      </trkpt>
      <trkpt lat="54.29046702571213245391845703125" lon="-8.48279471509158611297607421875">
        <ele>6.80000019073486328125</ele>
        <time>2025-12-28T15:11:56.000Z</time>
        <extensions>
          <ns3:TrackPointExtension>
            <ns3:hr>146</ns3:hr>
            <ns3:cad>87</ns3:cad>
          </ns3:TrackPointExtension>
        </extensions>
      </trkpt>
      <trkpt lat="54.29060851223766803741455078125" lon="-8.4829567372798919677734375">
        <ele>8.6000003814697265625</ele>
        <time>2025-12-28T15:12:01.000Z</time>
        <extensions>
          <ns3:TrackPointExtension>
            <ns3:hr>147</ns3:hr>
            <ns3:cad>87</ns3:cad>
          </ns3:TrackPointExtension>
        </extensions>
      </trkpt>
      <trkpt lat="54.29077967070043087005615234375" lon="-8.483150191605091094970703125">
        <ele>10</ele>
        <time>2025-12-28T15:12:07.000Z</time>
        <extensions>
          <ns3:TrackPointExtension>
            <ns3:hr>146</ns3:hr>
            <ns3:cad>86</ns3:cad>
          </ns3:TrackPointExtension>
        </extensions>
      </trkpt>
      <trkpt lat="54.29083247669041156768798828125" lon="-8.483227305114269256591796875">
        <ele>10.80000019073486328125</ele>
        <time>2025-12-28T15:12:09.000Z</time>
        <extensions>
          <ns3:TrackPointExtension>
            <ns3:hr>146</ns3:hr>
            <ns3:cad>86</ns3:cad>
          </ns3:TrackPointExtension>
        </extensions>
      </trkpt>
      <trkpt lat="54.290986955165863037109375" lon="-8.48339905031025409698486328125">
        <ele>11.19999980926513671875</ele>
        <time>2025-12-28T15:12:14.000Z</time>
        <extensions>
          <ns3:TrackPointExtension>
            <ns3:hr>146</ns3:hr>
            <ns3:cad>87</ns3:cad>
          </ns3:TrackPointExtension>
        </extensions>
      </trkpt>
      <trkpt lat="54.2910105921328067779541015625" lon="-8.4834373556077480316162109375">
        <ele>11.3999996185302734375</ele>
        <time>2025-12-28T15:12:15.000Z</time>
        <extensions>
          <ns3:TrackPointExtension>
            <ns3:hr>146</ns3:hr>
            <ns3:cad>87</ns3:cad>
          </ns3:TrackPointExtension>
        </extensions>
      </trkpt>
      <trkpt lat="54.291176386177539825439453125" lon="-8.4836650080978870391845703125">
        <ele>11.80000019073486328125</ele>
        <time>2025-12-28T15:12:21.000Z</time>
        <extensions>
          <ns3:TrackPointExtension>
            <ns3:hr>144</ns3:hr>
            <ns3:cad>87</ns3:cad>
          </ns3:TrackPointExtension>
        </extensions>
      </trkpt>
      <trkpt lat="54.2912050522863864898681640625" lon="-8.48371705971658229827880859375">
        <ele>12</ele>
        <time>2025-12-28T15:12:22.000Z</time>
        <extensions>
          <ns3:TrackPointExtension>
            <ns3:hr>144</ns3:hr>
            <ns3:cad>87</ns3:cad>
          </ns3:TrackPointExtension>
        </extensions>
      </trkpt>
      <trkpt lat="54.291333295404911041259765625" lon="-8.48394303582608699798583984375">
        <ele>11.80000019073486328125</ele>
        <time>2025-12-28T15:12:27.000Z</time>
        <extensions>
          <ns3:TrackPointExtension>
            <ns3:hr>144</ns3:hr>
            <ns3:cad>88</ns3:cad>
          </ns3:TrackPointExtension>
        </extensions>
      </trkpt>
      <trkpt lat="54.29135500453412532806396484375" lon="-8.483974970877170562744140625">
        <ele>11.80000019073486328125</ele>
        <time>2025-12-28T15:12:28.000Z</time>
        <extensions>
          <ns3:TrackPointExtension>
            <ns3:hr>144</ns3:hr>
            <ns3:cad>88</ns3:cad>
          </ns3:TrackPointExtension>
        </extensions>
      </trkpt>
      <trkpt lat="54.2914987541735172271728515625" lon="-8.48424017429351806640625">
        <ele>12</ele>
        <time>2025-12-28T15:12:34.000Z</time>
        <extensions>
          <ns3:TrackPointExtension>
            <ns3:hr>145</ns3:hr>
            <ns3:cad>87</ns3:cad>
          </ns3:TrackPointExtension>
        </extensions>
      </trkpt>
      <trkpt lat="54.2915461957454681396484375" lon="-8.48432105965912342071533203125">
        <ele>12</ele>
        <time>2025-12-28T15:12:36.000Z</time>
        <extensions>
          <ns3:TrackPointExtension>
            <ns3:hr>144</ns3:hr>
            <ns3:cad>87</ns3:cad>
          </ns3:TrackPointExtension>
        </extensions>
      </trkpt>
      <trkpt lat="54.29168575443327426910400390625" lon="-8.4845682419836521148681640625">
        <ele>12.3999996185302734375</ele>
        <time>2025-12-28T15:12:42.000Z</time>
        <extensions>
          <ns3:TrackPointExtension>
            <ns3:hr>143</ns3:hr>
            <ns3:cad>87</ns3:cad>
          </ns3:TrackPointExtension>
        </extensions>
      </trkpt>
      <trkpt lat="54.29175163619220256805419921875" lon="-8.48470084369182586669921875">
        <ele>12.6000003814697265625</ele>
        <time>2025-12-28T15:12:45.000Z</time>
        <extensions>
          <ns3:TrackPointExtension>
            <ns3:hr>144</ns3:hr>
            <ns3:cad>87</ns3:cad>
          </ns3:TrackPointExtension>
        </extensions>
      </trkpt>
      <trkpt lat="54.29187501780688762664794921875" lon="-8.4849719144403934478759765625">
        <ele>13</ele>
        <time>2025-12-28T15:12:51.000Z</time>
        <extensions>
          <ns3:TrackPointExtension>
            <ns3:hr>145</ns3:hr>
            <ns3:cad>87</ns3:cad>
          </ns3:TrackPointExtension>
        </extensions>
      </trkpt>
      <trkpt lat="54.29192296229302883148193359375" lon="-8.48506403155624866485595703125">
        <ele>13.19999980926513671875</ele>
        <time>2025-12-28T15:12:53.000Z</time>
        <extensions>
          <ns3:TrackPointExtension>
            <ns3:hr>146</ns3:hr>
            <ns3:cad>86</ns3:cad>
          </ns3:TrackPointExtension>
        </extensions>
      </trkpt>
      <trkpt lat="54.29200963117182254791259765625" lon="-8.48525212146341800689697265625">
        <ele>13.3999996185302734375</ele>
        <time>2025-12-28T15:12:57.000Z</time>
        <extensions>
          <ns3:TrackPointExtension>
            <ns3:hr>149</ns3:hr>
            <ns3:cad>86</ns3:cad>
          </ns3:TrackPointExtension>
        </extensions>
      </trkpt>
      <trkpt lat="54.2921186797320842742919921875" lon="-8.4855288080871105194091796875">
        <ele>13.6000003814697265625</ele>
        <time>2025-12-28T15:13:03.000Z</time>
        <extensions>
          <ns3:TrackPointExtension>
            <ns3:hr>150</ns3:hr>
            <ns3:cad>86</ns3:cad>
          </ns3:TrackPointExtension>
        </extensions>
      </trkpt>
      <trkpt lat="54.29223191924393177032470703125" lon="-8.48581940867006778717041015625">
        <ele>12.19999980926513671875</ele>
        <time>2025-12-28T15:13:09.000Z</time>
        <extensions>
          <ns3:TrackPointExtension>
            <ns3:hr>151</ns3:hr>
            <ns3:cad>87</ns3:cad>
          </ns3:TrackPointExtension>
        </extensions>
      </trkpt>
      <trkpt lat="54.29226276464760303497314453125" lon="-8.48590943031013011932373046875">
        <ele>12</ele>
        <time>2025-12-28T15:13:11.000Z</time>
        <extensions>
          <ns3:TrackPointExtension>
            <ns3:hr>152</ns3:hr>
            <ns3:cad>88</ns3:cad>
          </ns3:TrackPointExtension>
        </extensions>
      </trkpt>
      <trkpt lat="54.2923795245587825775146484375" lon="-8.48621360957622528076171875">
        <ele>11.3999996185302734375</ele>
        <time>2025-12-28T15:13:17.000Z</time>
        <extensions>
          <ns3:TrackPointExtension>
            <ns3:hr>152</ns3:hr>
            <ns3:cad>88</ns3:cad>
          </ns3:TrackPointExtension>
        </extensions>
      </trkpt>
      <trkpt lat="54.29244750179350376129150390625" lon="-8.48642684519290924072265625">
        <ele>10.80000019073486328125</ele>
        <time>2025-12-28T15:13:21.000Z</time>
        <extensions>
          <ns3:TrackPointExtension>
            <ns3:hr>152</ns3:hr>
            <ns3:cad>88</ns3:cad>
          </ns3:TrackPointExtension>
        </extensions>
      </trkpt>
      <trkpt lat="54.2925542034208774566650390625" lon="-8.48671459592878818511962890625">
        <ele>10.80000019073486328125</ele>
        <time>2025-12-28T15:13:27.000Z</time>
        <extensions>
          <ns3:TrackPointExtension>
            <ns3:hr>151</ns3:hr>
            <ns3:cad>87</ns3:cad>
          </ns3:TrackPointExtension>
        </extensions>
      </trkpt>
      <trkpt lat="54.2926003038883209228515625" lon="-8.48682506941258907318115234375">
        <ele>11.19999980926513671875</ele>
        <time>2025-12-28T15:13:29.000Z</time>
        <extensions>
          <ns3:TrackPointExtension>
            <ns3:hr>150</ns3:hr>
            <ns3:cad>87</ns3:cad>
          </ns3:TrackPointExtension>
        </extensions>
      </trkpt>
      <trkpt lat="54.29263450205326080322265625" lon="-8.4869248978793621063232421875">
        <ele>11.3999996185302734375</ele>
        <time>2025-12-28T15:13:31.000Z</time>
        <extensions>
          <ns3:TrackPointExtension>
            <ns3:hr>149</ns3:hr>
            <ns3:cad>87</ns3:cad>
          </ns3:TrackPointExtension>
        </extensions>
      </trkpt>
      <trkpt lat="54.2926759086549282073974609375" lon="-8.48707702942192554473876953125">
        <ele>11.6000003814697265625</ele>
        <time>2025-12-28T15:13:34.000Z</time>
        <extensions>
          <ns3:TrackPointExtension>
            <ns3:hr>146</ns3:hr>
            <ns3:cad>87</ns3:cad>
          </ns3:TrackPointExtension>
        </extensions>
      </trkpt>
      <trkpt lat="54.2927084304392337799072265625" lon="-8.48717459477484226226806640625">
        <ele>12</ele>
        <time>2025-12-28T15:13:36.000Z</time>
        <extensions>
          <ns3:TrackPointExtension>
            <ns3:hr>145</ns3:hr>
            <ns3:cad>87</ns3:cad>
          </ns3:TrackPointExtension>
        </extensions>
      </trkpt>
      <trkpt lat="54.2928002960979938507080078125" lon="-8.487512804567813873291015625">
        <ele>11.80000019073486328125</ele>
        <time>2025-12-28T15:13:42.000Z</time>
        <extensions>
          <ns3:TrackPointExtension>
            <ns3:hr>145</ns3:hr>
            <ns3:cad>88</ns3:cad>
          </ns3:TrackPointExtension>
        </extensions>
      </trkpt>
      <trkpt lat="54.292821250855922698974609375" lon="-8.4875696338713169097900390625">
        <ele>12</ele>
        <time>2025-12-28T15:13:43.000Z</time>
        <extensions>
          <ns3:TrackPointExtension>
            <ns3:hr>144</ns3:hr>
            <ns3:cad>88</ns3:cad>
          </ns3:TrackPointExtension>
        </extensions>
      </trkpt>
      <trkpt lat="54.2928723804652690887451171875" lon="-8.4877439774572849273681640625">
        <ele>12.19999980926513671875</ele>
        <time>2025-12-28T15:13:46.000Z</time>
        <extensions>
          <ns3:TrackPointExtension>
            <ns3:hr>147</ns3:hr>
            <ns3:cad>89</ns3:cad>
          </ns3:TrackPointExtension>
        </extensions>
      </trkpt>
      <trkpt lat="54.2928864620625972747802734375" lon="-8.48778965882956981658935546875">
        <ele>12.19999980926513671875</ele>
        <time>2025-12-28T15:13:47.000Z</time>
        <extensions>
          <ns3:TrackPointExtension>
            <ns3:hr>144</ns3:hr>
            <ns3:cad>89</ns3:cad>
          </ns3:TrackPointExtension>
        </extensions>
      </trkpt>
      <trkpt lat="54.2929605580866336822509765625" lon="-8.48803373984992504119873046875">
        <ele>12.80000019073486328125</ele>
        <time>2025-12-28T15:13:51.000Z</time>
        <extensions>
          <ns3:TrackPointExtension>
            <ns3:hr>145</ns3:hr>
            <ns3:cad>89</ns3:cad>
          </ns3:TrackPointExtension>
        </extensions>
      </trkpt>
      <trkpt lat="54.29305560886859893798828125" lon="-8.48836868070065975189208984375">
        <ele>13.3999996185302734375</ele>
        <time>2025-12-28T15:13:57.000Z</time>
        <extensions>
          <ns3:TrackPointExtension>
            <ns3:hr>146</ns3:hr>
            <ns3:cad>89</ns3:cad>
          </ns3:TrackPointExtension>
        </extensions>
      </trkpt>
      <trkpt lat="54.2930815927684307098388671875" lon="-8.488465659320354461669921875">
        <ele>13.6000003814697265625</ele>
        <time>2025-12-28T15:13:59.000Z</time>
        <extensions>
          <ns3:TrackPointExtension>
            <ns3:hr>147</ns3:hr>
            <ns3:cad>89</ns3:cad>
          </ns3:TrackPointExtension>
        </extensions>
      </trkpt>
      <trkpt lat="54.293174631893634796142578125" lon="-8.48879079334437847137451171875">
        <ele>14</ele>
        <time>2025-12-28T15:14:05.000Z</time>
        <extensions>
          <ns3:TrackPointExtension>
            <ns3:hr>147</ns3:hr>
            <ns3:cad>88</ns3:cad>
          </ns3:TrackPointExtension>
        </extensions>
      </trkpt>
      <trkpt lat="54.29321913979947566986083984375" lon="-8.48895289935171604156494140625">
        <ele>13.80000019073486328125</ele>
        <time>2025-12-28T15:14:08.000Z</time>
        <extensions>
          <ns3:TrackPointExtension>
            <ns3:hr>147</ns3:hr>
            <ns3:cad>88</ns3:cad>
          </ns3:TrackPointExtension>
        </extensions>
      </trkpt>
      <trkpt lat="54.2933082394301891326904296875" lon="-8.48927476443350315093994140625">
        <ele>13.6000003814697265625</ele>
        <time>2025-12-28T15:14:14.000Z</time>
        <extensions>
          <ns3:TrackPointExtension>
            <ns3:hr>147</ns3:hr>
            <ns3:cad>88</ns3:cad>
          </ns3:TrackPointExtension>
        </extensions>
      </trkpt>
      <trkpt lat="54.2933218181133270263671875" lon="-8.4893234632909297943115234375">
        <ele>13.3999996185302734375</ele>
        <time>2025-12-28T15:14:15.000Z</time>
        <extensions>
          <ns3:TrackPointExtension>
            <ns3:hr>149</ns3:hr>
            <ns3:cad>88</ns3:cad>
          </ns3:TrackPointExtension>
        </extensions>
      </trkpt>
      <trkpt lat="54.29342499934136867523193359375" lon="-8.48963677883148193359375">
        <ele>13.6000003814697265625</ele>
        <time>2025-12-28T15:14:21.000Z</time>
        <extensions>
          <ns3:TrackPointExtension>
            <ns3:hr>150</ns3:hr>
            <ns3:cad>88</ns3:cad>
          </ns3:TrackPointExtension>
        </extensions>
      </trkpt>
      <trkpt lat="54.2934773862361907958984375" lon="-8.489786647260189056396484375">
        <ele>13.80000019073486328125</ele>
        <time>2025-12-28T15:14:24.000Z</time>
        <extensions>
          <ns3:TrackPointExtension>
            <ns3:hr>150</ns3:hr>
            <ns3:cad>88</ns3:cad>
          </ns3:TrackPointExtension>
        </extensions>
      </trkpt>
      <trkpt lat="54.293566234409809112548828125" lon="-8.49008596502244472503662109375">
        <ele>13</ele>
        <time>2025-12-28T15:14:30.000Z</time>
        <extensions>
          <ns3:TrackPointExtension>
            <ns3:hr>150</ns3:hr>
            <ns3:cad>88</ns3:cad>
          </ns3:TrackPointExtension>
        </extensions>
      </trkpt>
      <trkpt lat="54.29358475841581821441650390625" lon="-8.49013634026050567626953125">
        <ele>13.19999980926513671875</ele>
        <time>2025-12-28T15:14:31.000Z</time>
        <extensions>
          <ns3:TrackPointExtension>
            <ns3:hr>150</ns3:hr>
            <ns3:cad>88</ns3:cad>
          </ns3:TrackPointExtension>
        </extensions>
      </trkpt>
      <trkpt lat="54.29370311088860034942626953125" lon="-8.4904406033456325531005859375">
        <ele>13</ele>
        <time>2025-12-28T15:14:37.000Z</time>
        <extensions>
          <ns3:TrackPointExtension>
            <ns3:hr>150</ns3:hr>
            <ns3:cad>87</ns3:cad>
          </ns3:TrackPointExtension>
        </extensions>
      </trkpt>
      <trkpt lat="54.29381794296205043792724609375" lon="-8.4906897135078907012939453125">
        <ele>14</ele>
        <time>2025-12-28T15:14:42.000Z</time>
        <extensions>
          <ns3:TrackPointExtension>
            <ns3:hr>151</ns3:hr>
            <ns3:cad>88</ns3:cad>
          </ns3:TrackPointExtension>
        </extensions>
      </trkpt>
      <trkpt lat="54.29390159435570240020751953125" lon="-8.490872271358966827392578125">
        <ele>14.19999980926513671875</ele>
        <time>2025-12-28T15:14:46.000Z</time>
        <extensions>
          <ns3:TrackPointExtension>
            <ns3:hr>153</ns3:hr>
            <ns3:cad>88</ns3:cad>
          </ns3:TrackPointExtension>
        </extensions>
      </trkpt>
      <trkpt lat="54.294026233255863189697265625" lon="-8.49111475981771945953369140625">
        <ele>14.3999996185302734375</ele>
        <time>2025-12-28T15:14:51.000Z</time>
        <extensions>
          <ns3:TrackPointExtension>
            <ns3:hr>151</ns3:hr>
            <ns3:cad>88</ns3:cad>
          </ns3:TrackPointExtension>
        </extensions>
      </trkpt>
      <trkpt lat="54.29414986632764339447021484375" lon="-8.49133721552789211273193359375">
        <ele>14.19999980926513671875</ele>
        <time>2025-12-28T15:14:56.000Z</time>
        <extensions>
          <ns3:TrackPointExtension>
            <ns3:hr>151</ns3:hr>
            <ns3:cad>88</ns3:cad>
          </ns3:TrackPointExtension>
        </extensions>
      </trkpt>
      <trkpt lat="54.2942966334521770477294921875" lon="-8.49160057492554187774658203125">
        <ele>14.6000003814697265625</ele>
        <time>2025-12-28T15:15:02.000Z</time>
        <extensions>
          <ns3:TrackPointExtension>
            <ns3:hr>152</ns3:hr>
            <ns3:cad>87</ns3:cad>
          </ns3:TrackPointExtension>
        </extensions>
      </trkpt>
      <trkpt lat="54.294377267360687255859375" lon="-8.4917159937322139739990234375">
        <ele>15</ele>
        <time>2025-12-28T15:15:05.000Z</time>
        <extensions>
          <ns3:TrackPointExtension>
            <ns3:hr>152</ns3:hr>
            <ns3:cad>88</ns3:cad>
          </ns3:TrackPointExtension>
        </extensions>
      </trkpt>
      <trkpt lat="54.29453551769256591796875" lon="-8.49194590933620929718017578125">
        <ele>15.6000003814697265625</ele>
        <time>2025-12-28T15:15:11.000Z</time>
        <extensions>
          <ns3:TrackPointExtension>
            <ns3:hr>152</ns3:hr>
            <ns3:cad>86</ns3:cad>
          </ns3:TrackPointExtension>
        </extensions>
      </trkpt>
      <trkpt lat="54.29467004723846912384033203125" lon="-8.49214489571750164031982421875">
        <ele>16.799999237060546875</ele>
        <time>2025-12-28T15:15:16.000Z</time>
        <extensions>
          <ns3:TrackPointExtension>
            <ns3:hr>152</ns3:hr>
            <ns3:cad>86</ns3:cad>
          </ns3:TrackPointExtension>
        </extensions>
      </trkpt>
      <trkpt lat="54.294806756079196929931640625" lon="-8.49235796369612216949462890625">
        <ele>17</ele>
        <time>2025-12-28T15:15:21.000Z</time>
        <extensions>
          <ns3:TrackPointExtension>
            <ns3:hr>151</ns3:hr>
            <ns3:cad>87</ns3:cad>
          </ns3:TrackPointExtension>
        </extensions>
      </trkpt>
      <trkpt lat="54.29489317350089550018310546875" lon="-8.49246944300830364227294921875">
        <ele>17</ele>
        <time>2025-12-28T15:15:24.000Z</time>
        <extensions>
          <ns3:TrackPointExtension>
            <ns3:hr>151</ns3:hr>
            <ns3:cad>88</ns3:cad>
          </ns3:TrackPointExtension>
        </extensions>
      </trkpt>
      <trkpt lat="54.2950385995209217071533203125" lon="-8.4926609694957733154296875">
        <ele>17</ele>
        <time>2025-12-28T15:15:29.000Z</time>
        <extensions>
          <ns3:TrackPointExtension>
            <ns3:hr>152</ns3:hr>
            <ns3:cad>87</ns3:cad>
          </ns3:TrackPointExtension>
        </extensions>
      </trkpt>
      <trkpt lat="54.2951220832765102386474609375" lon="-8.492784015834331512451171875">
        <ele>17</ele>
        <time>2025-12-28T15:15:32.000Z</time>
        <extensions>
          <ns3:TrackPointExtension>
            <ns3:hr>151</ns3:hr>
            <ns3:cad>87</ns3:cad>
          </ns3:TrackPointExtension>
        </extensions>
      </trkpt>
      <trkpt lat="54.2952333949506282806396484375" lon="-8.4929265081882476806640625">
        <ele>17</ele>
        <time>2025-12-28T15:15:36.000Z</time>
        <extensions>
          <ns3:TrackPointExtension>
            <ns3:hr>148</ns3:hr>
            <ns3:cad>87</ns3:cad>
          </ns3:TrackPointExtension>
        </extensions>
      </trkpt>
      <trkpt lat="54.29536256007850170135498046875" lon="-8.4931214712560176849365234375">
        <ele>17</ele>
        <time>2025-12-28T15:15:41.000Z</time>
        <extensions>
          <ns3:TrackPointExtension>
            <ns3:hr>147</ns3:hr>
            <ns3:cad>87</ns3:cad>
          </ns3:TrackPointExtension>
        </extensions>
      </trkpt>
      <trkpt lat="54.29548962973058223724365234375" lon="-8.4933422505855560302734375">
        <ele>16</ele>
        <time>2025-12-28T15:15:46.000Z</time>
        <extensions>
          <ns3:TrackPointExtension>
            <ns3:hr>146</ns3:hr>
            <ns3:cad>86</ns3:cad>
          </ns3:TrackPointExtension>
        </extensions>
      </trkpt>
      <trkpt lat="54.29556909017264842987060546875" lon="-8.493483401834964752197265625">
        <ele>16</ele>
        <time>2025-12-28T15:15:49.000Z</time>
        <extensions>
          <ns3:TrackPointExtension>
            <ns3:hr>146</ns3:hr>
            <ns3:cad>86</ns3:cad>
          </ns3:TrackPointExtension>
        </extensions>
      </trkpt>
      <trkpt lat="54.29564394056797027587890625" lon="-8.4936274029314517974853515625">
        <ele>16</ele>
        <time>2025-12-28T15:15:52.000Z</time>
        <extensions>
          <ns3:TrackPointExtension>
            <ns3:hr>143</ns3:hr>
            <ns3:cad>86</ns3:cad>
          </ns3:TrackPointExtension>
        </extensions>
      </trkpt>
      <trkpt lat="54.29576958529651165008544921875" lon="-8.493858911097049713134765625">
        <ele>16</ele>
        <time>2025-12-28T15:15:57.000Z</time>
        <extensions>
          <ns3:TrackPointExtension>
            <ns3:hr>144</ns3:hr>
            <ns3:cad>87</ns3:cad>
          </ns3:TrackPointExtension>
        </extensions>
      </trkpt>
      <trkpt lat="54.2958965711295604705810546875" lon="-8.4941068477928638458251953125">
        <ele>15.3999996185302734375</ele>
        <time>2025-12-28T15:16:02.000Z</time>
        <extensions>
          <ns3:TrackPointExtension>
            <ns3:hr>145</ns3:hr>
            <ns3:cad>88</ns3:cad>
          </ns3:TrackPointExtension>
        </extensions>
      </trkpt>
      <trkpt lat="54.2959637939929962158203125" lon="-8.49425621330738067626953125">
        <ele>15.6000003814697265625</ele>
        <time>2025-12-28T15:16:05.000Z</time>
        <extensions>
          <ns3:TrackPointExtension>
            <ns3:hr>144</ns3:hr>
            <ns3:cad>88</ns3:cad>
          </ns3:TrackPointExtension>
        </extensions>
      </trkpt>
      <trkpt lat="54.296083487570285797119140625" lon="-8.49450255744159221649169921875">
        <ele>15.19999980926513671875</ele>
        <time>2025-12-28T15:16:10.000Z</time>
        <extensions>
          <ns3:TrackPointExtension>
            <ns3:hr>144</ns3:hr>
            <ns3:cad>88</ns3:cad>
          </ns3:TrackPointExtension>
        </extensions>
      </trkpt>
      <trkpt lat="54.29619153030216693878173828125" lon="-8.4947235882282257080078125">
        <ele>16</ele>
        <time>2025-12-28T15:16:15.000Z</time>
        <extensions>
          <ns3:TrackPointExtension>
            <ns3:hr>144</ns3:hr>
            <ns3:cad>87</ns3:cad>
          </ns3:TrackPointExtension>
        </extensions>
      </trkpt>
      <trkpt lat="54.29633569903671741485595703125" lon="-8.4949783980846405029296875">
        <ele>17</ele>
        <time>2025-12-28T15:16:21.000Z</time>
        <extensions>
          <ns3:TrackPointExtension>
            <ns3:hr>144</ns3:hr>
            <ns3:cad>86</ns3:cad>
          </ns3:TrackPointExtension>
        </extensions>
      </trkpt>
      <trkpt lat="54.29642622359097003936767578125" lon="-8.4951634705066680908203125">
        <ele>17.3999996185302734375</ele>
        <time>2025-12-28T15:16:25.000Z</time>
        <extensions>
          <ns3:TrackPointExtension>
            <ns3:hr>145</ns3:hr>
            <ns3:cad>87</ns3:cad>
          </ns3:TrackPointExtension>
        </extensions>
      </trkpt>
      <trkpt lat="54.29654181003570556640625" lon="-8.49540042690932750701904296875">
        <ele>17.799999237060546875</ele>
        <time>2025-12-28T15:16:30.000Z</time>
        <extensions>
          <ns3:TrackPointExtension>
            <ns3:hr>144</ns3:hr>
            <ns3:cad>88</ns3:cad>
          </ns3:TrackPointExtension>
        </extensions>
      </trkpt>
      <trkpt lat="54.29661129601299762725830078125" lon="-8.49554476328194141387939453125">
        <ele>18</ele>
        <time>2025-12-28T15:16:33.000Z</time>
        <extensions>
          <ns3:TrackPointExtension>
            <ns3:hr>144</ns3:hr>
            <ns3:cad>88</ns3:cad>
          </ns3:TrackPointExtension>
        </extensions>
      </trkpt>
      <trkpt lat="54.29673786275088787078857421875" lon="-8.4958090446889400482177734375">
        <ele>18.3999996185302734375</ele>
        <time>2025-12-28T15:16:39.000Z</time>
        <extensions>
          <ns3:TrackPointExtension>
            <ns3:hr>147</ns3:hr>
            <ns3:cad>87</ns3:cad>
          </ns3:TrackPointExtension>
        </extensions>
      </trkpt>
      <trkpt lat="54.29677843116223812103271484375" lon="-8.49590149708092212677001953125">
        <ele>18.6000003814697265625</ele>
        <time>2025-12-28T15:16:41.000Z</time>
        <extensions>
          <ns3:TrackPointExtension>
            <ns3:hr>148</ns3:hr>
            <ns3:cad>87</ns3:cad>
          </ns3:TrackPointExtension>
        </extensions>
      </trkpt>
      <trkpt lat="54.296893514692783355712890625" lon="-8.49619067274034023284912109375">
        <ele>19.3999996185302734375</ele>
        <time>2025-12-28T15:16:47.000Z</time>
        <extensions>
          <ns3:TrackPointExtension>
            <ns3:hr>149</ns3:hr>
            <ns3:cad>87</ns3:cad>
          </ns3:TrackPointExtension>
        </extensions>
      </trkpt>
      <trkpt lat="54.29693886078894138336181640625" lon="-8.49629175849258899688720703125">
        <ele>20.200000762939453125</ele>
        <time>2025-12-28T15:16:49.000Z</time>
        <extensions>
          <ns3:TrackPointExtension>
            <ns3:hr>150</ns3:hr>
            <ns3:cad>87</ns3:cad>
          </ns3:TrackPointExtension>
        </extensions>
      </trkpt>
      <trkpt lat="54.29706014692783355712890625" lon="-8.4966039843857288360595703125">
        <ele>21.200000762939453125</ele>
        <time>2025-12-28T15:16:55.000Z</time>
        <extensions>
          <ns3:TrackPointExtension>
            <ns3:hr>152</ns3:hr>
            <ns3:cad>87</ns3:cad>
          </ns3:TrackPointExtension>
        </extensions>
      </trkpt>
      <trkpt lat="54.2971297167241573333740234375" lon="-8.49680758081376552581787109375">
        <ele>21.799999237060546875</ele>
        <time>2025-12-28T15:16:59.000Z</time>
        <extensions>
          <ns3:TrackPointExtension>
            <ns3:hr>152</ns3:hr>
            <ns3:cad>87</ns3:cad>
          </ns3:TrackPointExtension>
        </extensions>
      </trkpt>
      <trkpt lat="54.2972346581518650054931640625" lon="-8.49706674925982952117919921875">
        <ele>22.200000762939453125</ele>
        <time>2025-12-28T15:17:04.000Z</time>
        <extensions>
          <ns3:TrackPointExtension>
            <ns3:hr>152</ns3:hr>
            <ns3:cad>89</ns3:cad>
          </ns3:TrackPointExtension>
        </extensions>
      </trkpt>
      <trkpt lat="54.29727606475353240966796875" lon="-8.497178815305233001708984375">
        <ele>22.200000762939453125</ele>
        <time>2025-12-28T15:17:06.000Z</time>
        <extensions>
          <ns3:TrackPointExtension>
            <ns3:hr>152</ns3:hr>
            <ns3:cad>88</ns3:cad>
          </ns3:TrackPointExtension>
        </extensions>
      </trkpt>
      <trkpt lat="54.2973805032670497894287109375" lon="-8.49743689410388469696044921875">
        <ele>21.799999237060546875</ele>
        <time>2025-12-28T15:17:11.000Z</time>
        <extensions>
          <ns3:TrackPointExtension>
            <ns3:hr>153</ns3:hr>
            <ns3:cad>88</ns3:cad>
          </ns3:TrackPointExtension>
        </extensions>
      </trkpt>
      <trkpt lat="54.29741419851779937744140625" lon="-8.49754535593092441558837890625">
        <ele>21.799999237060546875</ele>
        <time>2025-12-28T15:17:13.000Z</time>
        <extensions>
          <ns3:TrackPointExtension>
            <ns3:hr>153</ns3:hr>
            <ns3:cad>88</ns3:cad>
          </ns3:TrackPointExtension>
        </extensions>
      </trkpt>
      <trkpt lat="54.29750815965235233306884765625" lon="-8.49787208251655101776123046875">
        <ele>22</ele>
        <time>2025-12-28T15:17:19.000Z</time>
        <extensions>
          <ns3:TrackPointExtension>
            <ns3:hr>154</ns3:hr>
            <ns3:cad>88</ns3:cad>
          </ns3:TrackPointExtension>
        </extensions>
      </trkpt>
      <trkpt lat="54.29761377163231372833251953125" lon="-8.4981331788003444671630859375">
        <ele>22</ele>
        <time>2025-12-28T15:17:24.000Z</time>
        <extensions>
          <ns3:TrackPointExtension>
            <ns3:hr>153</ns3:hr>
            <ns3:cad>89</ns3:cad>
          </ns3:TrackPointExtension>
        </extensions>
      </trkpt>
      <trkpt lat="54.297628104686737060546875" lon="-8.498185314238071441650390625">
        <ele>22</ele>
        <time>2025-12-28T15:17:25.000Z</time>
        <extensions>
          <ns3:TrackPointExtension>
            <ns3:hr>153</ns3:hr>
            <ns3:cad>89</ns3:cad>
          </ns3:TrackPointExtension>
        </extensions>
      </trkpt>
      <trkpt lat="54.29768065921962261199951171875" lon="-8.4983687102794647216796875">
        <ele>22</ele>
        <time>2025-12-28T15:17:28.000Z</time>
        <extensions>
          <ns3:TrackPointExtension>
            <ns3:hr>156</ns3:hr>
            <ns3:cad>90</ns3:cad>
          </ns3:TrackPointExtension>
        </extensions>
      </trkpt>
      <trkpt lat="54.29769876413047313690185546875" lon="-8.498417995870113372802734375">
        <ele>22</ele>
        <time>2025-12-28T15:17:29.000Z</time>
        <extensions>
          <ns3:TrackPointExtension>
            <ns3:hr>153</ns3:hr>
            <ns3:cad>90</ns3:cad>
          </ns3:TrackPointExtension>
        </extensions>
      </trkpt>
      <trkpt lat="54.2977593652904033660888671875" lon="-8.4985978715121746063232421875">
        <ele>22.200000762939453125</ele>
        <time>2025-12-28T15:17:32.000Z</time>
        <extensions>
          <ns3:TrackPointExtension>
            <ns3:hr>153</ns3:hr>
            <ns3:cad>90</ns3:cad>
          </ns3:TrackPointExtension>
        </extensions>
      </trkpt>
      <trkpt lat="54.29785944521427154541015625" lon="-8.4988922439515590667724609375">
        <ele>23.3999996185302734375</ele>
        <time>2025-12-28T15:17:37.000Z</time>
        <extensions>
          <ns3:TrackPointExtension>
            <ns3:hr>154</ns3:hr>
            <ns3:cad>87</ns3:cad>
          </ns3:TrackPointExtension>
        </extensions>
      </trkpt>
      <trkpt lat="54.297915436327457427978515625" lon="-8.4990595467388629913330078125">
        <ele>24</ele>
        <time>2025-12-28T15:17:40.000Z</time>
        <extensions>
          <ns3:TrackPointExtension>
            <ns3:hr>155</ns3:hr>
            <ns3:cad>87</ns3:cad>
          </ns3:TrackPointExtension>
        </extensions>
      </trkpt>
      <trkpt lat="54.29793010465800762176513671875" lon="-8.4991195611655712127685546875">
        <ele>24.3999996185302734375</ele>
        <time>2025-12-28T15:17:41.000Z</time>
        <extensions>
          <ns3:TrackPointExtension>
            <ns3:hr>155</ns3:hr>
            <ns3:cad>87</ns3:cad>
          </ns3:TrackPointExtension>
        </extensions>
      </trkpt>
      <trkpt lat="54.298015348613262176513671875" lon="-8.4994263388216495513916015625">
        <ele>25.200000762939453125</ele>
        <time>2025-12-28T15:17:46.000Z</time>
        <extensions>
          <ns3:TrackPointExtension>
            <ns3:hr>156</ns3:hr>
            <ns3:cad>88</ns3:cad>
          </ns3:TrackPointExtension>
        </extensions>
      </trkpt>
      <trkpt lat="54.29804460145533084869384765625" lon="-8.4995926357805728912353515625">
        <ele>25.200000762939453125</ele>
        <time>2025-12-28T15:17:49.000Z</time>
        <extensions>
          <ns3:TrackPointExtension>
            <ns3:hr>157</ns3:hr>
            <ns3:cad>90</ns3:cad>
          </ns3:TrackPointExtension>
        </extensions>
      </trkpt>
      <trkpt lat="54.29814149625599384307861328125" lon="-8.49992145784199237823486328125">
        <ele>24.799999237060546875</ele>
        <time>2025-12-28T15:17:54.000Z</time>
        <extensions>
          <ns3:TrackPointExtension>
            <ns3:hr>157</ns3:hr>
            <ns3:cad>89</ns3:cad>
          </ns3:TrackPointExtension>
        </extensions>
      </trkpt>
      <trkpt lat="54.2981551587581634521484375" lon="-8.4999725036323070526123046875">
        <ele>24.6000003814697265625</ele>
        <time>2025-12-28T15:17:55.000Z</time>
        <extensions>
          <ns3:TrackPointExtension>
            <ns3:hr>157</ns3:hr>
            <ns3:cad>89</ns3:cad>
          </ns3:TrackPointExtension>
        </extensions>
      </trkpt>
      <trkpt lat="54.2982458509504795074462890625" lon="-8.50026570260524749755859375">
        <ele>24</ele>
        <time>2025-12-28T15:18:00.000Z</time>
        <extensions>
          <ns3:TrackPointExtension>
            <ns3:hr>157</ns3:hr>
            <ns3:cad>88</ns3:cad>
          </ns3:TrackPointExtension>
        </extensions>
      </trkpt>
      <trkpt lat="54.298320449888706207275390625" lon="-8.50055529735982418060302734375">
        <ele>24.200000762939453125</ele>
        <time>2025-12-28T15:18:05.000Z</time>
        <extensions>
          <ns3:TrackPointExtension>
            <ns3:hr>154</ns3:hr>
            <ns3:cad>88</ns3:cad>
          </ns3:TrackPointExtension>
        </extensions>
      </trkpt>
      <trkpt lat="54.2983343638479709625244140625" lon="-8.50061631761491298675537109375">
        <ele>24.200000762939453125</ele>
        <time>2025-12-28T15:18:06.000Z</time>
        <extensions>
          <ns3:TrackPointExtension>
            <ns3:hr>154</ns3:hr>
            <ns3:cad>88</ns3:cad>
          </ns3:TrackPointExtension>
        </extensions>
      </trkpt>
      <trkpt lat="54.29840720258653163909912109375" lon="-8.500927202403545379638671875">
        <ele>23.6000003814697265625</ele>
        <time>2025-12-28T15:18:11.000Z</time>
        <extensions>
          <ns3:TrackPointExtension>
            <ns3:hr>153</ns3:hr>
            <ns3:cad>88</ns3:cad>
          </ns3:TrackPointExtension>
        </extensions>
      </trkpt>
      <trkpt lat="54.29844726808369159698486328125" lon="-8.50109073333442211151123046875">
        <ele>23.6000003814697265625</ele>
        <time>2025-12-28T15:18:14.000Z</time>
        <extensions>
          <ns3:TrackPointExtension>
            <ns3:hr>153</ns3:hr>
            <ns3:cad>87</ns3:cad>
          </ns3:TrackPointExtension>
        </extensions>
      </trkpt>
      <trkpt lat="54.2985191009938716888427734375" lon="-8.501396588981151580810546875">
        <ele>23</ele>
        <time>2025-12-28T15:18:19.000Z</time>
        <extensions>
          <ns3:TrackPointExtension>
            <ns3:hr>156</ns3:hr>
            <ns3:cad>88</ns3:cad>
          </ns3:TrackPointExtension>
        </extensions>
      </trkpt>
      <trkpt lat="54.2985268123447895050048828125" lon="-8.50151066668331623077392578125">
        <ele>23</ele>
        <time>2025-12-28T15:18:21.000Z</time>
        <extensions>
          <ns3:TrackPointExtension>
            <ns3:hr>156</ns3:hr>
            <ns3:cad>89</ns3:cad>
          </ns3:TrackPointExtension>
        </extensions>
      </trkpt>
      <trkpt lat="54.2985848151147365570068359375" lon="-8.5018088109791278839111328125">
        <ele>23.200000762939453125</ele>
        <time>2025-12-28T15:18:26.000Z</time>
        <extensions>
          <ns3:TrackPointExtension>
            <ns3:hr>157</ns3:hr>
            <ns3:cad>87</ns3:cad>
          </ns3:TrackPointExtension>
        </extensions>
      </trkpt>
      <trkpt lat="54.29862764663994312286376953125" lon="-8.5019885189831256866455078125">
        <ele>23.200000762939453125</ele>
        <time>2025-12-28T15:18:29.000Z</time>
        <extensions>
          <ns3:TrackPointExtension>
            <ns3:hr>157</ns3:hr>
            <ns3:cad>87</ns3:cad>
          </ns3:TrackPointExtension>
        </extensions>
      </trkpt>
      <trkpt lat="54.29870157502591609954833984375" lon="-8.50229370407760143280029296875">
        <ele>23</ele>
        <time>2025-12-28T15:18:34.000Z</time>
        <extensions>
          <ns3:TrackPointExtension>
            <ns3:hr>158</ns3:hr>
            <ns3:cad>87</ns3:cad>
          </ns3:TrackPointExtension>
        </extensions>
      </trkpt>
      <trkpt lat="54.29872973822057247161865234375" lon="-8.5024354420602321624755859375">
        <ele>22.6000003814697265625</ele>
        <time>2025-12-28T15:18:36.000Z</time>
        <extensions>
          <ns3:TrackPointExtension>
            <ns3:hr>157</ns3:hr>
            <ns3:cad>87</ns3:cad>
          </ns3:TrackPointExtension>
        </extensions>
      </trkpt>
      <trkpt lat="54.29880819283425807952880859375" lon="-8.50273643620312213897705078125">
        <ele>22</ele>
        <time>2025-12-28T15:18:41.000Z</time>
        <extensions>
          <ns3:TrackPointExtension>
            <ns3:hr>158</ns3:hr>
            <ns3:cad>88</ns3:cad>
          </ns3:TrackPointExtension>
        </extensions>
      </trkpt>
      <trkpt lat="54.29886435158550739288330078125" lon="-8.503095097839832305908203125">
        <ele>21</ele>
        <time>2025-12-28T15:18:47.000Z</time>
        <extensions>
          <ns3:TrackPointExtension>
            <ns3:hr>160</ns3:hr>
            <ns3:cad>88</ns3:cad>
          </ns3:TrackPointExtension>
        </extensions>
      </trkpt>
      <trkpt lat="54.29887776263058185577392578125" lon="-8.503158800303936004638671875">
        <ele>20.799999237060546875</ele>
        <time>2025-12-28T15:18:48.000Z</time>
        <extensions>
          <ns3:TrackPointExtension>
            <ns3:hr>159</ns3:hr>
            <ns3:cad>89</ns3:cad>
          </ns3:TrackPointExtension>
        </extensions>
      </trkpt>
      <trkpt lat="54.29891145788133144378662109375" lon="-8.50335292518138885498046875">
        <ele>20.200000762939453125</ele>
        <time>2025-12-28T15:18:51.000Z</time>
        <extensions>
          <ns3:TrackPointExtension>
            <ns3:hr>157</ns3:hr>
            <ns3:cad>88</ns3:cad>
          </ns3:TrackPointExtension>
        </extensions>
      </trkpt>
      <trkpt lat="54.2989304848015308380126953125" lon="-8.5034895502030849456787109375">
        <ele>20.3999996185302734375</ele>
        <time>2025-12-28T15:18:53.000Z</time>
        <extensions>
          <ns3:TrackPointExtension>
            <ns3:hr>156</ns3:hr>
            <ns3:cad>88</ns3:cad>
          </ns3:TrackPointExtension>
        </extensions>
      </trkpt>
      <trkpt lat="54.29898488335311412811279296875" lon="-8.503733463585376739501953125">
        <ele>19.6000003814697265625</ele>
        <time>2025-12-28T15:18:57.000Z</time>
        <extensions>
          <ns3:TrackPointExtension>
            <ns3:hr>153</ns3:hr>
            <ns3:cad>87</ns3:cad>
          </ns3:TrackPointExtension>
        </extensions>
      </trkpt>
      <trkpt lat="54.2990189976990222930908203125" lon="-8.50388006307184696197509765625">
        <ele>19.6000003814697265625</ele>
        <time>2025-12-28T15:18:59.000Z</time>
        <extensions>
          <ns3:TrackPointExtension>
            <ns3:hr>153</ns3:hr>
            <ns3:cad>88</ns3:cad>
          </ns3:TrackPointExtension>
        </extensions>
      </trkpt>
      <trkpt lat="54.29908680729568004608154296875" lon="-8.5041852481663227081298828125">
        <ele>20</ele>
        <time>2025-12-28T15:19:04.000Z</time>
        <extensions>
          <ns3:TrackPointExtension>
            <ns3:hr>151</ns3:hr>
            <ns3:cad>89</ns3:cad>
          </ns3:TrackPointExtension>
        </extensions>
      </trkpt>
      <trkpt lat="54.299114048480987548828125" lon="-8.50431424565613269805908203125">
        <ele>19.3999996185302734375</ele>
        <time>2025-12-28T15:19:06.000Z</time>
        <extensions>
          <ns3:TrackPointExtension>
            <ns3:hr>150</ns3:hr>
            <ns3:cad>89</ns3:cad>
          </ns3:TrackPointExtension>
        </extensions>
      </trkpt>
      <trkpt lat="54.299192838370800018310546875" lon="-8.50463367998600006103515625">
        <ele>19.200000762939453125</ele>
        <time>2025-12-28T15:19:11.000Z</time>
        <extensions>
          <ns3:TrackPointExtension>
            <ns3:hr>150</ns3:hr>
            <ns3:cad>89</ns3:cad>
          </ns3:TrackPointExtension>
        </extensions>
      </trkpt>
      <trkpt lat="54.29920549504458904266357421875" lon="-8.5046960413455963134765625">
        <ele>19.3999996185302734375</ele>
        <time>2025-12-28T15:19:12.000Z</time>
        <extensions>
          <ns3:TrackPointExtension>
            <ns3:hr>150</ns3:hr>
            <ns3:cad>89</ns3:cad>
          </ns3:TrackPointExtension>
        </extensions>
      </trkpt>
      <trkpt lat="54.2992825247347354888916015625" lon="-8.50499837659299373626708984375">
        <ele>18.6000003814697265625</ele>
        <time>2025-12-28T15:19:17.000Z</time>
        <extensions>
          <ns3:TrackPointExtension>
            <ns3:hr>148</ns3:hr>
            <ns3:cad>88</ns3:cad>
          </ns3:TrackPointExtension>
        </extensions>
      </trkpt>
      <trkpt lat="54.29932502098381519317626953125" lon="-8.50512812845408916473388671875">
        <ele>18.3999996185302734375</ele>
        <time>2025-12-28T15:19:19.000Z</time>
        <extensions>
          <ns3:TrackPointExtension>
            <ns3:hr>148</ns3:hr>
            <ns3:cad>88</ns3:cad>
          </ns3:TrackPointExtension>
        </extensions>
      </trkpt>
      <trkpt lat="54.299352429807186126708984375" lon="-8.50524363107979297637939453125">
        <ele>18</ele>
        <time>2025-12-28T15:19:21.000Z</time>
        <extensions>
          <ns3:TrackPointExtension>
            <ns3:hr>148</ns3:hr>
            <ns3:cad>88</ns3:cad>
          </ns3:TrackPointExtension>
        </extensions>
      </trkpt>
      <trkpt lat="54.2993774078786373138427734375" lon="-8.50534907542169094085693359375">
        <ele>17.3999996185302734375</ele>
        <time>2025-12-28T15:19:23.000Z</time>
        <extensions>
          <ns3:TrackPointExtension>
            <ns3:hr>147</ns3:hr>
            <ns3:cad>88</ns3:cad>
          </ns3:TrackPointExtension>
        </extensions>
      </trkpt>
      <trkpt lat="54.29941001348197460174560546875" lon="-8.5054747201502323150634765625">
        <ele>16.799999237060546875</ele>
        <time>2025-12-28T15:19:25.000Z</time>
        <extensions>
          <ns3:TrackPointExtension>
            <ns3:hr>147</ns3:hr>
            <ns3:cad>88</ns3:cad>
          </ns3:TrackPointExtension>
        </extensions>
      </trkpt>
      <trkpt lat="54.29941705428063869476318359375" lon="-8.505522496998310089111328125">
        <ele>16.3999996185302734375</ele>
        <time>2025-12-28T15:19:26.000Z</time>
        <extensions>
          <ns3:TrackPointExtension>
            <ns3:hr>147</ns3:hr>
            <ns3:cad>89</ns3:cad>
          </ns3:TrackPointExtension>
        </extensions>
      </trkpt>
      <trkpt lat="54.299478828907012939453125" lon="-8.5058220662176609039306640625">
        <ele>16.6000003814697265625</ele>
        <time>2025-12-28T15:19:31.000Z</time>
        <extensions>
          <ns3:TrackPointExtension>
            <ns3:hr>146</ns3:hr>
            <ns3:cad>89</ns3:cad>
          </ns3:TrackPointExtension>
        </extensions>
      </trkpt>
      <trkpt lat="54.29949098266661167144775390625" lon="-8.5058830864727497100830078125">
        <ele>16.6000003814697265625</ele>
        <time>2025-12-28T15:19:32.000Z</time>
        <extensions>
          <ns3:TrackPointExtension>
            <ns3:hr>146</ns3:hr>
            <ns3:cad>89</ns3:cad>
          </ns3:TrackPointExtension>
        </extensions>
      </trkpt>
      <trkpt lat="54.2995618097484111785888671875" lon="-8.50619313307106494903564453125">
        <ele>16.6000003814697265625</ele>
        <time>2025-12-28T15:19:37.000Z</time>
        <extensions>
          <ns3:TrackPointExtension>
            <ns3:hr>146</ns3:hr>
            <ns3:cad>89</ns3:cad>
          </ns3:TrackPointExtension>
        </extensions>
      </trkpt>
      <trkpt lat="54.2996013723313808441162109375" lon="-8.50636311806738376617431640625">
        <ele>16.3999996185302734375</ele>
        <time>2025-12-28T15:19:40.000Z</time>
        <extensions>
          <ns3:TrackPointExtension>
            <ns3:hr>146</ns3:hr>
            <ns3:cad>89</ns3:cad>
          </ns3:TrackPointExtension>
        </extensions>
      </trkpt>
      <trkpt lat="54.2996684275567531585693359375" lon="-8.50665564648807048797607421875">
        <ele>16</ele>
        <time>2025-12-28T15:19:45.000Z</time>
        <extensions>
          <ns3:TrackPointExtension>
            <ns3:hr>146</ns3:hr>
            <ns3:cad>88</ns3:cad>
          </ns3:TrackPointExtension>
        </extensions>
      </trkpt>
      <trkpt lat="54.29969667457044124603271484375" lon="-8.506775759160518646240234375">
        <ele>15.80000019073486328125</ele>
        <time>2025-12-28T15:19:47.000Z</time>
        <extensions>
          <ns3:TrackPointExtension>
            <ns3:hr>146</ns3:hr>
            <ns3:cad>88</ns3:cad>
          </ns3:TrackPointExtension>
        </extensions>
      </trkpt>
      <trkpt lat="54.2997656576335430145263671875" lon="-8.5070672817528247833251953125">
        <ele>15.19999980926513671875</ele>
        <time>2025-12-28T15:19:52.000Z</time>
        <extensions>
          <ns3:TrackPointExtension>
            <ns3:hr>146</ns3:hr>
            <ns3:cad>87</ns3:cad>
          </ns3:TrackPointExtension>
        </extensions>
      </trkpt>
      <trkpt lat="54.2997928149998188018798828125" lon="-8.507192172110080718994140625">
        <ele>15.3999996185302734375</ele>
        <time>2025-12-28T15:19:54.000Z</time>
        <extensions>
          <ns3:TrackPointExtension>
            <ns3:hr>146</ns3:hr>
            <ns3:cad>88</ns3:cad>
          </ns3:TrackPointExtension>
        </extensions>
      </trkpt>
      <trkpt lat="54.29986112751066684722900390625" lon="-8.5074914060533046722412109375">
        <ele>15.3999996185302734375</ele>
        <time>2025-12-28T15:19:59.000Z</time>
        <extensions>
          <ns3:TrackPointExtension>
            <ns3:hr>148</ns3:hr>
            <ns3:cad>88</ns3:cad>
          </ns3:TrackPointExtension>
        </extensions>
      </trkpt>
      <trkpt lat="54.29990286938846111297607421875" lon="-8.50767170079052448272705078125">
        <ele>15.3999996185302734375</ele>
        <time>2025-12-28T15:20:02.000Z</time>
        <extensions>
          <ns3:TrackPointExtension>
            <ns3:hr>148</ns3:hr>
            <ns3:cad>88</ns3:cad>
          </ns3:TrackPointExtension>
        </extensions>
      </trkpt>
      <trkpt lat="54.299976713955402374267578125" lon="-8.50801385007798671722412109375">
        <ele>14.6000003814697265625</ele>
        <time>2025-12-28T15:20:08.000Z</time>
        <extensions>
          <ns3:TrackPointExtension>
            <ns3:hr>147</ns3:hr>
            <ns3:cad>87</ns3:cad>
          </ns3:TrackPointExtension>
        </extensions>
      </trkpt>
      <trkpt lat="54.29999037645757198333740234375" lon="-8.50806984119117259979248046875">
        <ele>14.3999996185302734375</ele>
        <time>2025-12-28T15:20:09.000Z</time>
        <extensions>
          <ns3:TrackPointExtension>
            <ns3:hr>147</ns3:hr>
            <ns3:cad>87</ns3:cad>
          </ns3:TrackPointExtension>
        </extensions>
      </trkpt>
      <trkpt lat="54.3000617064535617828369140625" lon="-8.50835834629833698272705078125">
        <ele>15.19999980926513671875</ele>
        <time>2025-12-28T15:20:14.000Z</time>
        <extensions>
          <ns3:TrackPointExtension>
            <ns3:hr>148</ns3:hr>
            <ns3:cad>88</ns3:cad>
          </ns3:TrackPointExtension>
        </extensions>
      </trkpt>
      <trkpt lat="54.300077296793460845947265625" lon="-8.50841886363923549652099609375">
        <ele>15.3999996185302734375</ele>
        <time>2025-12-28T15:20:15.000Z</time>
        <extensions>
          <ns3:TrackPointExtension>
            <ns3:hr>149</ns3:hr>
            <ns3:cad>87</ns3:cad>
          </ns3:TrackPointExtension>
        </extensions>
      </trkpt>
      <trkpt lat="54.3001534044742584228515625" lon="-8.50871558301150798797607421875">
        <ele>15.19999980926513671875</ele>
        <time>2025-12-28T15:20:20.000Z</time>
        <extensions>
          <ns3:TrackPointExtension>
            <ns3:hr>151</ns3:hr>
            <ns3:cad>87</ns3:cad>
          </ns3:TrackPointExtension>
        </extensions>
      </trkpt>
      <trkpt lat="54.30018651299178600311279296875" lon="-8.50883929990231990814208984375">
        <ele>15</ele>
        <time>2025-12-28T15:20:22.000Z</time>
        <extensions>
          <ns3:TrackPointExtension>
            <ns3:hr>151</ns3:hr>
            <ns3:cad>87</ns3:cad>
          </ns3:TrackPointExtension>
        </extensions>
      </trkpt>
      <trkpt lat="54.30026798509061336517333984375" lon="-8.50913937203586101531982421875">
        <ele>14.6000003814697265625</ele>
        <time>2025-12-28T15:20:27.000Z</time>
        <extensions>
          <ns3:TrackPointExtension>
            <ns3:hr>151</ns3:hr>
            <ns3:cad>88</ns3:cad>
          </ns3:TrackPointExtension>
        </extensions>
      </trkpt>
      <trkpt lat="54.30035121738910675048828125" lon="-8.50944682024419307708740234375">
        <ele>15.3999996185302734375</ele>
        <time>2025-12-28T15:20:32.000Z</time>
        <extensions>
          <ns3:TrackPointExtension>
            <ns3:hr>152</ns3:hr>
            <ns3:cad>87</ns3:cad>
          </ns3:TrackPointExtension>
        </extensions>
      </trkpt>
      <trkpt lat="54.30042053572833538055419921875" lon="-8.5097914002835750579833984375">
        <ele>15</ele>
        <time>2025-12-28T15:20:38.000Z</time>
        <extensions>
          <ns3:TrackPointExtension>
            <ns3:hr>152</ns3:hr>
            <ns3:cad>89</ns3:cad>
          </ns3:TrackPointExtension>
        </extensions>
      </trkpt>
      <trkpt lat="54.30049714632332324981689453125" lon="-8.51010362617671489715576171875">
        <ele>15.6000003814697265625</ele>
        <time>2025-12-28T15:20:43.000Z</time>
        <extensions>
          <ns3:TrackPointExtension>
            <ns3:hr>152</ns3:hr>
            <ns3:cad>88</ns3:cad>
          </ns3:TrackPointExtension>
        </extensions>
      </trkpt>
      <trkpt lat="54.30052899755537509918212890625" lon="-8.51022901944816112518310546875">
        <ele>15.19999980926513671875</ele>
        <time>2025-12-28T15:20:45.000Z</time>
        <extensions>
          <ns3:TrackPointExtension>
            <ns3:hr>152</ns3:hr>
            <ns3:cad>88</ns3:cad>
          </ns3:TrackPointExtension>
        </extensions>
      </trkpt>
      <trkpt lat="54.30061407387256622314453125" lon="-8.510533869266510009765625">
        <ele>14.80000019073486328125</ele>
        <time>2025-12-28T15:20:50.000Z</time>
        <extensions>
          <ns3:TrackPointExtension>
            <ns3:hr>153</ns3:hr>
            <ns3:cad>87</ns3:cad>
          </ns3:TrackPointExtension>
        </extensions>
      </trkpt>
      <trkpt lat="54.30065053515136241912841796875" lon="-8.5106607712805271148681640625">
        <ele>14.80000019073486328125</ele>
        <time>2025-12-28T15:20:52.000Z</time>
        <extensions>
          <ns3:TrackPointExtension>
            <ns3:hr>152</ns3:hr>
            <ns3:cad>87</ns3:cad>
          </ns3:TrackPointExtension>
        </extensions>
      </trkpt>
      <trkpt lat="54.30073200725018978118896484375" lon="-8.51097065024077892303466796875">
        <ele>13.80000019073486328125</ele>
        <time>2025-12-28T15:20:57.000Z</time>
        <extensions>
          <ns3:TrackPointExtension>
            <ns3:hr>152</ns3:hr>
            <ns3:cad>87</ns3:cad>
          </ns3:TrackPointExtension>
        </extensions>
      </trkpt>
      <trkpt lat="54.300793111324310302734375" lon="-8.5112153179943561553955078125">
        <ele>12.80000019073486328125</ele>
        <time>2025-12-28T15:21:01.000Z</time>
        <extensions>
          <ns3:TrackPointExtension>
            <ns3:hr>151</ns3:hr>
            <ns3:cad>88</ns3:cad>
          </ns3:TrackPointExtension>
        </extensions>
      </trkpt>
      <trkpt lat="54.3008744157850742340087890625" lon="-8.5115241073071956634521484375">
        <ele>12.19999980926513671875</ele>
        <time>2025-12-28T15:21:06.000Z</time>
        <extensions>
          <ns3:TrackPointExtension>
            <ns3:hr>152</ns3:hr>
            <ns3:cad>87</ns3:cad>
          </ns3:TrackPointExtension>
        </extensions>
      </trkpt>
      <trkpt lat="54.300906099379062652587890625" lon="-8.51165461353957653045654296875">
        <ele>12.3999996185302734375</ele>
        <time>2025-12-28T15:21:08.000Z</time>
        <extensions>
          <ns3:TrackPointExtension>
            <ns3:hr>152</ns3:hr>
            <ns3:cad>88</ns3:cad>
          </ns3:TrackPointExtension>
        </extensions>
      </trkpt>
      <trkpt lat="54.30096485652029514312744140625" lon="-8.51197647862136363983154296875">
        <ele>12</ele>
        <time>2025-12-28T15:21:13.000Z</time>
        <extensions>
          <ns3:TrackPointExtension>
            <ns3:hr>151</ns3:hr>
            <ns3:cad>87</ns3:cad>
          </ns3:TrackPointExtension>
        </extensions>
      </trkpt>
      <trkpt lat="54.30098497308790683746337890625" lon="-8.51210405118763446807861328125">
        <ele>12</ele>
        <time>2025-12-28T15:21:15.000Z</time>
        <extensions>
          <ns3:TrackPointExtension>
            <ns3:hr>150</ns3:hr>
            <ns3:cad>88</ns3:cad>
          </ns3:TrackPointExtension>
        </extensions>
      </trkpt>
      <trkpt lat="54.30105890147387981414794921875" lon="-8.5124105773866176605224609375">
        <ele>12</ele>
        <time>2025-12-28T15:21:20.000Z</time>
        <extensions>
          <ns3:TrackPointExtension>
            <ns3:hr>149</ns3:hr>
            <ns3:cad>87</ns3:cad>
          </ns3:TrackPointExtension>
        </extensions>
      </trkpt>
      <trkpt lat="54.301090501248836517333984375" lon="-8.51253203116357326507568359375">
        <ele>12.19999980926513671875</ele>
        <time>2025-12-28T15:21:22.000Z</time>
        <extensions>
          <ns3:TrackPointExtension>
            <ns3:hr>148</ns3:hr>
            <ns3:cad>87</ns3:cad>
          </ns3:TrackPointExtension>
        </extensions>
      </trkpt>
      <trkpt lat="54.30113148875534534454345703125" lon="-8.51272699423134326934814453125">
        <ele>12</ele>
        <time>2025-12-28T15:21:25.000Z</time>
        <extensions>
          <ns3:TrackPointExtension>
            <ns3:hr>145</ns3:hr>
            <ns3:cad>88</ns3:cad>
          </ns3:TrackPointExtension>
        </extensions>
      </trkpt>
      <trkpt lat="54.30116116069257259368896484375" lon="-8.51285490207374095916748046875">
        <ele>12.19999980926513671875</ele>
        <time>2025-12-28T15:21:27.000Z</time>
        <extensions>
          <ns3:TrackPointExtension>
            <ns3:hr>145</ns3:hr>
            <ns3:cad>89</ns3:cad>
          </ns3:TrackPointExtension>
        </extensions>
      </trkpt>
      <trkpt lat="54.30121497251093387603759765625" lon="-8.5131475143134593963623046875">
        <ele>12.3999996185302734375</ele>
        <time>2025-12-28T15:21:32.000Z</time>
        <extensions>
          <ns3:TrackPointExtension>
            <ns3:hr>145</ns3:hr>
            <ns3:cad>87</ns3:cad>
          </ns3:TrackPointExtension>
        </extensions>
      </trkpt>
      <trkpt lat="54.30123039521276950836181640625" lon="-8.5132665373384952545166015625">
        <ele>12.19999980926513671875</ele>
        <time>2025-12-28T15:21:34.000Z</time>
        <extensions>
          <ns3:TrackPointExtension>
            <ns3:hr>145</ns3:hr>
            <ns3:cad>86</ns3:cad>
          </ns3:TrackPointExtension>
        </extensions>
      </trkpt>
      <trkpt lat="54.3012616597115993499755859375" lon="-8.51338128559291362762451171875">
        <ele>12.19999980926513671875</ele>
        <time>2025-12-28T15:21:36.000Z</time>
        <extensions>
          <ns3:TrackPointExtension>
            <ns3:hr>145</ns3:hr>
            <ns3:cad>86</ns3:cad>
          </ns3:TrackPointExtension>
        </extensions>
      </trkpt>
      <trkpt lat="54.301341958343982696533203125" lon="-8.5136212594807147979736328125">
        <ele>13</ele>
        <time>2025-12-28T15:21:40.000Z</time>
        <extensions>
          <ns3:TrackPointExtension>
            <ns3:hr>144</ns3:hr>
            <ns3:cad>86</ns3:cad>
          </ns3:TrackPointExtension>
        </extensions>
      </trkpt>
      <trkpt lat="54.3014172278344631195068359375" lon="-8.51391655392944812774658203125">
        <ele>13.6000003814697265625</ele>
        <time>2025-12-28T15:21:45.000Z</time>
        <extensions>
          <ns3:TrackPointExtension>
            <ns3:hr>145</ns3:hr>
            <ns3:cad>87</ns3:cad>
          </ns3:TrackPointExtension>
        </extensions>
      </trkpt>
      <trkpt lat="54.301428459584712982177734375" lon="-8.5139816813170909881591796875">
        <ele>13.3999996185302734375</ele>
        <time>2025-12-28T15:21:46.000Z</time>
        <extensions>
          <ns3:TrackPointExtension>
            <ns3:hr>145</ns3:hr>
            <ns3:cad>87</ns3:cad>
          </ns3:TrackPointExtension>
        </extensions>
      </trkpt>
      <trkpt lat="54.30149358697235584259033203125" lon="-8.51427010260522365570068359375">
        <ele>13.80000019073486328125</ele>
        <time>2025-12-28T15:21:51.000Z</time>
        <extensions>
          <ns3:TrackPointExtension>
            <ns3:hr>145</ns3:hr>
            <ns3:cad>86</ns3:cad>
          </ns3:TrackPointExtension>
        </extensions>
      </trkpt>
      <trkpt lat="54.30152594111859798431396484375" lon="-8.5143836773931980133056640625">
        <ele>13.6000003814697265625</ele>
        <time>2025-12-28T15:21:53.000Z</time>
        <extensions>
          <ns3:TrackPointExtension>
            <ns3:hr>145</ns3:hr>
            <ns3:cad>87</ns3:cad>
          </ns3:TrackPointExtension>
        </extensions>
      </trkpt>
      <trkpt lat="54.30158528499305248260498046875" lon="-8.51465986110270023345947265625">
        <ele>13</ele>
        <time>2025-12-28T15:21:58.000Z</time>
        <extensions>
          <ns3:TrackPointExtension>
            <ns3:hr>146</ns3:hr>
            <ns3:cad>87</ns3:cad>
          </ns3:TrackPointExtension>
        </extensions>
      </trkpt>
      <trkpt lat="54.30164345540106296539306640625" lon="-8.51500385440886020660400390625">
        <ele>12.19999980926513671875</ele>
        <time>2025-12-28T15:22:04.000Z</time>
        <extensions>
          <ns3:TrackPointExtension>
            <ns3:hr>148</ns3:hr>
            <ns3:cad>86</ns3:cad>
          </ns3:TrackPointExtension>
        </extensions>
      </trkpt>
      <trkpt lat="54.3016559444367885589599609375" lon="-8.51512203924357891082763671875">
        <ele>12.3999996185302734375</ele>
        <time>2025-12-28T15:22:06.000Z</time>
        <extensions>
          <ns3:TrackPointExtension>
            <ns3:hr>149</ns3:hr>
            <ns3:cad>86</ns3:cad>
          </ns3:TrackPointExtension>
        </extensions>
      </trkpt>
      <trkpt lat="54.30172392167150974273681640625" lon="-8.515455722808837890625">
        <ele>11.80000019073486328125</ele>
        <time>2025-12-28T15:22:12.000Z</time>
        <extensions>
          <ns3:TrackPointExtension>
            <ns3:hr>149</ns3:hr>
            <ns3:cad>86</ns3:cad>
          </ns3:TrackPointExtension>
        </extensions>
      </trkpt>
      <trkpt lat="54.3017696030437946319580078125" lon="-8.515746407210826873779296875">
        <ele>12.6000003814697265625</ele>
        <time>2025-12-28T15:22:17.000Z</time>
        <extensions>
          <ns3:TrackPointExtension>
            <ns3:hr>150</ns3:hr>
            <ns3:cad>87</ns3:cad>
          </ns3:TrackPointExtension>
        </extensions>
      </trkpt>
      <trkpt lat="54.3018324673175811767578125" lon="-8.51604555733501911163330078125">
        <ele>12.80000019073486328125</ele>
        <time>2025-12-28T15:22:22.000Z</time>
        <extensions>
          <ns3:TrackPointExtension>
            <ns3:hr>151</ns3:hr>
            <ns3:cad>88</ns3:cad>
          </ns3:TrackPointExtension>
        </extensions>
      </trkpt>
      <trkpt lat="54.30185853503644466400146484375" lon="-8.51616793312132358551025390625">
        <ele>13</ele>
        <time>2025-12-28T15:22:24.000Z</time>
        <extensions>
          <ns3:TrackPointExtension>
            <ns3:hr>151</ns3:hr>
            <ns3:cad>88</ns3:cad>
          </ns3:TrackPointExtension>
        </extensions>
      </trkpt>
      <trkpt lat="54.30190689861774444580078125" lon="-8.51648326031863689422607421875">
        <ele>12.6000003814697265625</ele>
        <time>2025-12-28T15:22:29.000Z</time>
        <extensions>
          <ns3:TrackPointExtension>
            <ns3:hr>152</ns3:hr>
            <ns3:cad>87</ns3:cad>
          </ns3:TrackPointExtension>
        </extensions>
      </trkpt>
      <trkpt lat="54.30192056111991405487060546875" lon="-8.5165452025830745697021484375">
        <ele>12.3999996185302734375</ele>
        <time>2025-12-28T15:22:30.000Z</time>
        <extensions>
          <ns3:TrackPointExtension>
            <ns3:hr>152</ns3:hr>
            <ns3:cad>87</ns3:cad>
          </ns3:TrackPointExtension>
        </extensions>
      </trkpt>
      <trkpt lat="54.3019603751599788665771484375" lon="-8.5168466158211231231689453125">
        <ele>12.19999980926513671875</ele>
        <time>2025-12-28T15:22:35.000Z</time>
        <extensions>
          <ns3:TrackPointExtension>
            <ns3:hr>151</ns3:hr>
            <ns3:cad>87</ns3:cad>
          </ns3:TrackPointExtension>
        </extensions>
      </trkpt>
      <trkpt lat="54.30197956971824169158935546875" lon="-8.51696471683681011199951171875">
        <ele>12</ele>
        <time>2025-12-28T15:22:37.000Z</time>
        <extensions>
          <ns3:TrackPointExtension>
            <ns3:hr>151</ns3:hr>
            <ns3:cad>87</ns3:cad>
          </ns3:TrackPointExtension>
        </extensions>
      </trkpt>
      <trkpt lat="54.30202064104378223419189453125" lon="-8.51727032102644443511962890625">
        <ele>12</ele>
        <time>2025-12-28T15:22:42.000Z</time>
        <extensions>
          <ns3:TrackPointExtension>
            <ns3:hr>151</ns3:hr>
            <ns3:cad>87</ns3:cad>
          </ns3:TrackPointExtension>
        </extensions>
      </trkpt>
      <trkpt lat="54.30209708400070667266845703125" lon="-8.51761582307517528533935546875">
        <ele>12</ele>
        <time>2025-12-28T15:22:48.000Z</time>
        <extensions>
          <ns3:TrackPointExtension>
            <ns3:hr>152</ns3:hr>
            <ns3:cad>86</ns3:cad>
          </ns3:TrackPointExtension>
        </extensions>
      </trkpt>
      <trkpt lat="54.30212072096765041351318359375" lon="-8.517786562442779541015625">
        <ele>12</ele>
        <time>2025-12-28T15:22:51.000Z</time>
        <extensions>
          <ns3:TrackPointExtension>
            <ns3:hr>151</ns3:hr>
            <ns3:cad>86</ns3:cad>
          </ns3:TrackPointExtension>
        </extensions>
      </trkpt>
      <trkpt lat="54.3021826632320880889892578125" lon="-8.51812795735895633697509765625">
        <ele>12</ele>
        <time>2025-12-28T15:22:57.000Z</time>
        <extensions>
          <ns3:TrackPointExtension>
            <ns3:hr>153</ns3:hr>
            <ns3:cad>86</ns3:cad>
          </ns3:TrackPointExtension>
        </extensions>
      </trkpt>
      <trkpt lat="54.3021967448294162750244140625" lon="-8.5182484053075313568115234375">
        <ele>12.19999980926513671875</ele>
        <time>2025-12-28T15:22:59.000Z</time>
        <extensions>
          <ns3:TrackPointExtension>
            <ns3:hr>152</ns3:hr>
            <ns3:cad>86</ns3:cad>
          </ns3:TrackPointExtension>
        </extensions>
      </trkpt>
      <trkpt lat="54.302250556647777557373046875" lon="-8.518590889871120452880859375">
        <ele>13</ele>
        <time>2025-12-28T15:23:05.000Z</time>
        <extensions>
          <ns3:TrackPointExtension>
            <ns3:hr>151</ns3:hr>
            <ns3:cad>87</ns3:cad>
          </ns3:TrackPointExtension>
        </extensions>
      </trkpt>
      <trkpt lat="54.30225634016096591949462890625" lon="-8.5186462104320526123046875">
        <ele>12.80000019073486328125</ele>
        <time>2025-12-28T15:23:06.000Z</time>
        <extensions>
          <ns3:TrackPointExtension>
            <ns3:hr>151</ns3:hr>
            <ns3:cad>87</ns3:cad>
          </ns3:TrackPointExtension>
        </extensions>
      </trkpt>
      <trkpt lat="54.30230663157999515533447265625" lon="-8.51896899752318859100341796875">
        <ele>12.6000003814697265625</ele>
        <time>2025-12-28T15:23:12.000Z</time>
        <extensions>
          <ns3:TrackPointExtension>
            <ns3:hr>151</ns3:hr>
            <ns3:cad>85</ns3:cad>
          </ns3:TrackPointExtension>
        </extensions>
      </trkpt>
      <trkpt lat="54.30236647836863994598388671875" lon="-8.5193058662116527557373046875">
        <ele>12.6000003814697265625</ele>
        <time>2025-12-28T15:23:18.000Z</time>
        <extensions>
          <ns3:TrackPointExtension>
            <ns3:hr>152</ns3:hr>
            <ns3:cad>86</ns3:cad>
          </ns3:TrackPointExtension>
        </extensions>
      </trkpt>
      <trkpt lat="54.30237804539501667022705078125" lon="-8.519363366067409515380859375">
        <ele>12.3999996185302734375</ele>
        <time>2025-12-28T15:23:19.000Z</time>
        <extensions>
          <ns3:TrackPointExtension>
            <ns3:hr>152</ns3:hr>
            <ns3:cad>86</ns3:cad>
          </ns3:TrackPointExtension>
        </extensions>
      </trkpt>
      <trkpt lat="54.30244266986846923828125" lon="-8.51965178735554218292236328125">
        <ele>11.19999980926513671875</ele>
        <time>2025-12-28T15:23:24.000Z</time>
        <extensions>
          <ns3:TrackPointExtension>
            <ns3:hr>152</ns3:hr>
            <ns3:cad>86</ns3:cad>
          </ns3:TrackPointExtension>
        </extensions>
      </trkpt>
      <trkpt lat="54.30248416028916835784912109375" lon="-8.5198741592466831207275390625">
        <ele>11</ele>
        <time>2025-12-28T15:23:28.000Z</time>
        <extensions>
          <ns3:TrackPointExtension>
            <ns3:hr>152</ns3:hr>
            <ns3:cad>86</ns3:cad>
          </ns3:TrackPointExtension>
        </extensions>
      </trkpt>
      <trkpt lat="54.30254182778298854827880859375" lon="-8.52016760967671871185302734375">
        <ele>10.3999996185302734375</ele>
        <time>2025-12-28T15:23:33.000Z</time>
        <extensions>
          <ns3:TrackPointExtension>
            <ns3:hr>153</ns3:hr>
            <ns3:cad>86</ns3:cad>
          </ns3:TrackPointExtension>
        </extensions>
      </trkpt>
      <trkpt lat="54.30257116444408893585205078125" lon="-8.5203432105481624603271484375">
        <ele>10.3999996185302734375</ele>
        <time>2025-12-28T15:23:36.000Z</time>
        <extensions>
          <ns3:TrackPointExtension>
            <ns3:hr>154</ns3:hr>
            <ns3:cad>87</ns3:cad>
          </ns3:TrackPointExtension>
        </extensions>
      </trkpt>
      <trkpt lat="54.3026282452046871185302734375" lon="-8.52065510116517543792724609375">
        <ele>10.3999996185302734375</ele>
        <time>2025-12-28T15:23:41.000Z</time>
        <extensions>
          <ns3:TrackPointExtension>
            <ns3:hr>153</ns3:hr>
            <ns3:cad>87</ns3:cad>
          </ns3:TrackPointExtension>
        </extensions>
      </trkpt>
      <trkpt lat="54.30264945141971111297607421875" lon="-8.52077261544764041900634765625">
        <ele>10.3999996185302734375</ele>
        <time>2025-12-28T15:23:43.000Z</time>
        <extensions>
          <ns3:TrackPointExtension>
            <ns3:hr>153</ns3:hr>
            <ns3:cad>87</ns3:cad>
          </ns3:TrackPointExtension>
        </extensions>
      </trkpt>
      <trkpt lat="54.30270661599934101104736328125" lon="-8.52107184939086437225341796875">
        <ele>10</ele>
        <time>2025-12-28T15:23:48.000Z</time>
        <extensions>
          <ns3:TrackPointExtension>
            <ns3:hr>152</ns3:hr>
            <ns3:cad>86</ns3:cad>
          </ns3:TrackPointExtension>
        </extensions>
      </trkpt>
      <trkpt lat="54.30271533317863941192626953125" lon="-8.52113421075046062469482421875">
        <ele>9.80000019073486328125</ele>
        <time>2025-12-28T15:23:49.000Z</time>
        <extensions>
          <ns3:TrackPointExtension>
            <ns3:hr>152</ns3:hr>
            <ns3:cad>86</ns3:cad>
          </ns3:TrackPointExtension>
        </extensions>
      </trkpt>
      <trkpt lat="54.30276562459766864776611328125" lon="-8.52143947966396808624267578125">
        <ele>9.19999980926513671875</ele>
        <time>2025-12-28T15:23:54.000Z</time>
        <extensions>
          <ns3:TrackPointExtension>
            <ns3:hr>152</ns3:hr>
            <ns3:cad>86</ns3:cad>
          </ns3:TrackPointExtension>
        </extensions>
      </trkpt>
      <trkpt lat="54.30280317552387714385986328125" lon="-8.52161633782088756561279296875">
        <ele>8.80000019073486328125</ele>
        <time>2025-12-28T15:23:57.000Z</time>
        <extensions>
          <ns3:TrackPointExtension>
            <ns3:hr>152</ns3:hr>
            <ns3:cad>86</ns3:cad>
          </ns3:TrackPointExtension>
        </extensions>
      </trkpt>
      <trkpt lat="54.30286050774157047271728515625" lon="-8.5219203494489192962646484375">
        <ele>8</ele>
        <time>2025-12-28T15:24:02.000Z</time>
        <extensions>
          <ns3:TrackPointExtension>
            <ns3:hr>152</ns3:hr>
            <ns3:cad>86</ns3:cad>
          </ns3:TrackPointExtension>
        </extensions>
      </trkpt>
      <trkpt lat="54.3028812110424041748046875" lon="-8.52204767055809497833251953125">
        <ele>7.80000019073486328125</ele>
        <time>2025-12-28T15:24:04.000Z</time>
        <extensions>
          <ns3:TrackPointExtension>
            <ns3:hr>152</ns3:hr>
            <ns3:cad>86</ns3:cad>
          </ns3:TrackPointExtension>
        </extensions>
      </trkpt>
      <trkpt lat="54.302925802767276763916015625" lon="-8.5223488323390483856201171875">
        <ele>8</ele>
        <time>2025-12-28T15:24:09.000Z</time>
        <extensions>
          <ns3:TrackPointExtension>
            <ns3:hr>152</ns3:hr>
            <ns3:cad>86</ns3:cad>
          </ns3:TrackPointExtension>
        </extensions>
      </trkpt>
      <trkpt lat="54.3029447458684444427490234375" lon="-8.52246978320181369781494140625">
        <ele>7.80000019073486328125</ele>
        <time>2025-12-28T15:24:11.000Z</time>
        <extensions>
          <ns3:TrackPointExtension>
            <ns3:hr>151</ns3:hr>
            <ns3:cad>86</ns3:cad>
          </ns3:TrackPointExtension>
        </extensions>
      </trkpt>
      <trkpt lat="54.302992187440395355224609375" lon="-8.52278578095138072967529296875">
        <ele>7</ele>
        <time>2025-12-28T15:24:16.000Z</time>
        <extensions>
          <ns3:TrackPointExtension>
            <ns3:hr>151</ns3:hr>
            <ns3:cad>87</ns3:cad>
          </ns3:TrackPointExtension>
        </extensions>
      </trkpt>
      <trkpt lat="54.3030151538550853729248046875" lon="-8.5229084081947803497314453125">
        <ele>7.19999980926513671875</ele>
        <time>2025-12-28T15:24:18.000Z</time>
        <extensions>
          <ns3:TrackPointExtension>
            <ns3:hr>151</ns3:hr>
            <ns3:cad>87</ns3:cad>
          </ns3:TrackPointExtension>
        </extensions>
      </trkpt>
      <trkpt lat="54.3030701391398906707763671875" lon="-8.52322013117372989654541015625">
        <ele>7.400000095367431640625</ele>
        <time>2025-12-28T15:24:23.000Z</time>
        <extensions>
          <ns3:TrackPointExtension>
            <ns3:hr>149</ns3:hr>
            <ns3:cad>87</ns3:cad>
          </ns3:TrackPointExtension>
        </extensions>
      </trkpt>
      <trkpt lat="54.30308262817561626434326171875" lon="-8.52328165434300899505615234375">
        <ele>7.599999904632568359375</ele>
        <time>2025-12-28T15:24:24.000Z</time>
        <extensions>
          <ns3:TrackPointExtension>
            <ns3:hr>150</ns3:hr>
            <ns3:cad>87</ns3:cad>
          </ns3:TrackPointExtension>
        </extensions>
      </trkpt>
      <trkpt lat="54.30313711054623126983642578125" lon="-8.5235957242548465728759765625">
        <ele>7.400000095367431640625</ele>
        <time>2025-12-28T15:24:29.000Z</time>
        <extensions>
          <ns3:TrackPointExtension>
            <ns3:hr>148</ns3:hr>
            <ns3:cad>86</ns3:cad>
          </ns3:TrackPointExtension>
        </extensions>
      </trkpt>
      <trkpt lat="54.30314834229648113250732421875" lon="-8.52365364320576190948486328125">
        <ele>7.599999904632568359375</ele>
        <time>2025-12-28T15:24:30.000Z</time>
        <extensions>
          <ns3:TrackPointExtension>
            <ns3:hr>148</ns3:hr>
            <ns3:cad>86</ns3:cad>
          </ns3:TrackPointExtension>
        </extensions>
      </trkpt>
      <trkpt lat="54.30321522988379001617431640625" lon="-8.52400124073028564453125">
        <ele>8.19999980926513671875</ele>
        <time>2025-12-28T15:24:36.000Z</time>
        <extensions>
          <ns3:TrackPointExtension>
            <ns3:hr>148</ns3:hr>
            <ns3:cad>86</ns3:cad>
          </ns3:TrackPointExtension>
        </extensions>
      </trkpt>
      <trkpt lat="54.303247667849063873291015625" lon="-8.5241180844604969024658203125">
        <ele>8</ele>
        <time>2025-12-28T15:24:38.000Z</time>
        <extensions>
          <ns3:TrackPointExtension>
            <ns3:hr>148</ns3:hr>
            <ns3:cad>86</ns3:cad>
          </ns3:TrackPointExtension>
        </extensions>
      </trkpt>
      <trkpt lat="54.3033122085034847259521484375" lon="-8.52441899478435516357421875">
        <ele>7.400000095367431640625</ele>
        <time>2025-12-28T15:24:43.000Z</time>
        <extensions>
          <ns3:TrackPointExtension>
            <ns3:hr>148</ns3:hr>
            <ns3:cad>87</ns3:cad>
          </ns3:TrackPointExtension>
        </extensions>
      </trkpt>
      <trkpt lat="54.303373731672763824462890625" lon="-8.52469501085579395294189453125">
        <ele>7.400000095367431640625</ele>
        <time>2025-12-28T15:24:48.000Z</time>
        <extensions>
          <ns3:TrackPointExtension>
            <ns3:hr>149</ns3:hr>
            <ns3:cad>87</ns3:cad>
          </ns3:TrackPointExtension>
        </extensions>
      </trkpt>
      <trkpt lat="54.30342125706374645233154296875" lon="-8.5249881260097026824951171875">
        <ele>7.599999904632568359375</ele>
        <time>2025-12-28T15:24:53.000Z</time>
        <extensions>
          <ns3:TrackPointExtension>
            <ns3:hr>149</ns3:hr>
            <ns3:cad>86</ns3:cad>
          </ns3:TrackPointExtension>
        </extensions>
      </trkpt>
      <trkpt lat="54.30348596535623073577880859375" lon="-8.52533170022070407867431640625">
        <ele>8.19999980926513671875</ele>
        <time>2025-12-28T15:24:59.000Z</time>
        <extensions>
          <ns3:TrackPointExtension>
            <ns3:hr>150</ns3:hr>
            <ns3:cad>87</ns3:cad>
          </ns3:TrackPointExtension>
        </extensions>
      </trkpt>
      <trkpt lat="54.30350147187709808349609375" lon="-8.5253897868096828460693359375">
        <ele>8.3999996185302734375</ele>
        <time>2025-12-28T15:25:00.000Z</time>
        <extensions>
          <ns3:TrackPointExtension>
            <ns3:hr>151</ns3:hr>
            <ns3:cad>87</ns3:cad>
          </ns3:TrackPointExtension>
        </extensions>
      </trkpt>
      <trkpt lat="54.30355268530547618865966796875" lon="-8.5256861709058284759521484375">
        <ele>9</ele>
        <time>2025-12-28T15:25:05.000Z</time>
        <extensions>
          <ns3:TrackPointExtension>
            <ns3:hr>150</ns3:hr>
            <ns3:cad>87</ns3:cad>
          </ns3:TrackPointExtension>
        </extensions>
      </trkpt>
      <trkpt lat="54.30356190539896488189697265625" lon="-8.52574828080832958221435546875">
        <ele>9</ele>
        <time>2025-12-28T15:25:06.000Z</time>
        <extensions>
          <ns3:TrackPointExtension>
            <ns3:hr>150</ns3:hr>
            <ns3:cad>87</ns3:cad>
          </ns3:TrackPointExtension>
        </extensions>
      </trkpt>
      <trkpt lat="54.3036067485809326171875" lon="-8.5260475985705852508544921875">
        <ele>9</ele>
        <time>2025-12-28T15:25:11.000Z</time>
        <extensions>
          <ns3:TrackPointExtension>
            <ns3:hr>150</ns3:hr>
            <ns3:cad>87</ns3:cad>
          </ns3:TrackPointExtension>
        </extensions>
      </trkpt>
      <trkpt lat="54.3036136217415332794189453125" lon="-8.52610610425472259521484375">
        <ele>8.80000019073486328125</ele>
        <time>2025-12-28T15:25:12.000Z</time>
        <extensions>
          <ns3:TrackPointExtension>
            <ns3:hr>149</ns3:hr>
            <ns3:cad>87</ns3:cad>
          </ns3:TrackPointExtension>
        </extensions>
      </trkpt>
      <trkpt lat="54.3036515079438686370849609375" lon="-8.52646007202565670013427734375">
        <ele>9.19999980926513671875</ele>
        <time>2025-12-28T15:25:18.000Z</time>
        <extensions>
          <ns3:TrackPointExtension>
            <ns3:hr>149</ns3:hr>
            <ns3:cad>87</ns3:cad>
          </ns3:TrackPointExtension>
        </extensions>
      </trkpt>
      <trkpt lat="54.30365645326673984527587890625" lon="-8.52652042172849178314208984375">
        <ele>9</ele>
        <time>2025-12-28T15:25:19.000Z</time>
        <extensions>
          <ns3:TrackPointExtension>
            <ns3:hr>149</ns3:hr>
            <ns3:cad>87</ns3:cad>
          </ns3:TrackPointExtension>
        </extensions>
      </trkpt>
      <trkpt lat="54.303697608411312103271484375" lon="-8.52683834731578826904296875">
        <ele>9</ele>
        <time>2025-12-28T15:25:24.000Z</time>
        <extensions>
          <ns3:TrackPointExtension>
            <ns3:hr>149</ns3:hr>
            <ns3:cad>87</ns3:cad>
          </ns3:TrackPointExtension>
        </extensions>
      </trkpt>
      <trkpt lat="54.30371378548443317413330078125" lon="-8.526954017579555511474609375">
        <ele>9.19999980926513671875</ele>
        <time>2025-12-28T15:25:26.000Z</time>
        <extensions>
          <ns3:TrackPointExtension>
            <ns3:hr>150</ns3:hr>
            <ns3:cad>87</ns3:cad>
          </ns3:TrackPointExtension>
        </extensions>
      </trkpt>
      <trkpt lat="54.30376089178025722503662109375" lon="-8.527286946773529052734375">
        <ele>10</ele>
        <time>2025-12-28T15:25:31.000Z</time>
        <extensions>
          <ns3:TrackPointExtension>
            <ns3:hr>150</ns3:hr>
            <ns3:cad>88</ns3:cad>
          </ns3:TrackPointExtension>
        </extensions>
      </trkpt>
      <trkpt lat="54.3037752248346805572509765625" lon="-8.52735576219856739044189453125">
        <ele>10</ele>
        <time>2025-12-28T15:25:32.000Z</time>
        <extensions>
          <ns3:TrackPointExtension>
            <ns3:hr>150</ns3:hr>
            <ns3:cad>88</ns3:cad>
          </ns3:TrackPointExtension>
        </extensions>
      </trkpt>
      <trkpt lat="54.3038077466189861297607421875" lon="-8.5276763699948787689208984375">
        <ele>9.19999980926513671875</ele>
        <time>2025-12-28T15:25:37.000Z</time>
        <extensions>
          <ns3:TrackPointExtension>
            <ns3:hr>149</ns3:hr>
            <ns3:cad>88</ns3:cad>
          </ns3:TrackPointExtension>
        </extensions>
      </trkpt>
      <trkpt lat="54.303814284503459930419921875" lon="-8.52774082683026790618896484375">
        <ele>9</ele>
        <time>2025-12-28T15:25:38.000Z</time>
        <extensions>
          <ns3:TrackPointExtension>
            <ns3:hr>150</ns3:hr>
            <ns3:cad>87</ns3:cad>
          </ns3:TrackPointExtension>
        </extensions>
      </trkpt>
      <trkpt lat="54.30384538136422634124755859375" lon="-8.5280575789511203765869140625">
        <ele>8</ele>
        <time>2025-12-28T15:25:43.000Z</time>
        <extensions>
          <ns3:TrackPointExtension>
            <ns3:hr>149</ns3:hr>
            <ns3:cad>87</ns3:cad>
          </ns3:TrackPointExtension>
        </extensions>
      </trkpt>
      <trkpt lat="54.303846471011638641357421875" lon="-8.528114743530750274658203125">
        <ele>8</ele>
        <time>2025-12-28T15:25:44.000Z</time>
        <extensions>
          <ns3:TrackPointExtension>
            <ns3:hr>149</ns3:hr>
            <ns3:cad>87</ns3:cad>
          </ns3:TrackPointExtension>
        </extensions>
      </trkpt>
      <trkpt lat="54.3038798309862613677978515625" lon="-8.5283906757831573486328125">
        <ele>7.400000095367431640625</ele>
        <time>2025-12-28T15:25:49.000Z</time>
        <extensions>
          <ns3:TrackPointExtension>
            <ns3:hr>147</ns3:hr>
            <ns3:cad>87</ns3:cad>
          </ns3:TrackPointExtension>
        </extensions>
      </trkpt>
      <trkpt lat="54.3038986064493656158447265625" lon="-8.5286241956055164337158203125">
        <ele>7.400000095367431640625</ele>
        <time>2025-12-28T15:25:53.000Z</time>
        <extensions>
          <ns3:TrackPointExtension>
            <ns3:hr>147</ns3:hr>
            <ns3:cad>88</ns3:cad>
          </ns3:TrackPointExtension>
        </extensions>
      </trkpt>
      <trkpt lat="54.30392836220562458038330078125" lon="-8.52897296659648418426513671875">
        <ele>7.599999904632568359375</ele>
        <time>2025-12-28T15:25:59.000Z</time>
        <extensions>
          <ns3:TrackPointExtension>
            <ns3:hr>146</ns3:hr>
            <ns3:cad>88</ns3:cad>
          </ns3:TrackPointExtension>
        </extensions>
      </trkpt>
      <trkpt lat="54.30393121205270290374755859375" lon="-8.52905158884823322296142578125">
        <ele>7.599999904632568359375</ele>
        <time>2025-12-28T15:26:00.000Z</time>
        <extensions>
          <ns3:TrackPointExtension>
            <ns3:hr>146</ns3:hr>
            <ns3:cad>88</ns3:cad>
          </ns3:TrackPointExtension>
        </extensions>
      </trkpt>
      <trkpt lat="54.30397630669176578521728515625" lon="-8.5293638147413730621337890625">
        <ele>8</ele>
        <time>2025-12-28T15:26:05.000Z</time>
        <extensions>
          <ns3:TrackPointExtension>
            <ns3:hr>146</ns3:hr>
            <ns3:cad>88</ns3:cad>
          </ns3:TrackPointExtension>
        </extensions>
      </trkpt>
      <trkpt lat="54.303971193730831146240234375" lon="-8.52948174811899662017822265625">
        <ele>8</ele>
        <time>2025-12-28T15:26:07.000Z</time>
        <extensions>
          <ns3:TrackPointExtension>
            <ns3:hr>146</ns3:hr>
            <ns3:cad>86</ns3:cad>
          </ns3:TrackPointExtension>
        </extensions>
      </trkpt>
      <trkpt lat="54.30397161282598972320556640625" lon="-8.5298476181924343109130859375">
        <ele>8</ele>
        <time>2025-12-28T15:26:13.000Z</time>
        <extensions>
          <ns3:TrackPointExtension>
            <ns3:hr>148</ns3:hr>
            <ns3:cad>87</ns3:cad>
          </ns3:TrackPointExtension>
        </extensions>
      </trkpt>
      <trkpt lat="54.3039495684206485748291015625" lon="-8.53013503365218639373779296875">
        <ele>8.19999980926513671875</ele>
        <time>2025-12-28T15:26:18.000Z</time>
        <extensions>
          <ns3:TrackPointExtension>
            <ns3:hr>151</ns3:hr>
            <ns3:cad>87</ns3:cad>
          </ns3:TrackPointExtension>
        </extensions>
      </trkpt>
      <trkpt lat="54.3039539270102977752685546875" lon="-8.53044281713664531707763671875">
        <ele>8.19999980926513671875</ele>
        <time>2025-12-28T15:26:23.000Z</time>
        <extensions>
          <ns3:TrackPointExtension>
            <ns3:hr>154</ns3:hr>
            <ns3:cad>87</ns3:cad>
          </ns3:TrackPointExtension>
        </extensions>
      </trkpt>
      <trkpt lat="54.30397965945303440093994140625" lon="-8.5307887382805347442626953125">
        <ele>9</ele>
        <time>2025-12-28T15:26:28.000Z</time>
        <extensions>
          <ns3:TrackPointExtension>
            <ns3:hr>155</ns3:hr>
            <ns3:cad>87</ns3:cad>
          </ns3:TrackPointExtension>
        </extensions>
      </trkpt>
      <trkpt lat="54.30398426949977874755859375" lon="-8.5308638401329517364501953125">
        <ele>9</ele>
        <time>2025-12-28T15:26:29.000Z</time>
        <extensions>
          <ns3:TrackPointExtension>
            <ns3:hr>155</ns3:hr>
            <ns3:cad>87</ns3:cad>
          </ns3:TrackPointExtension>
        </extensions>
      </trkpt>
      <trkpt lat="54.3040253408253192901611328125" lon="-8.53119350038468837738037109375">
        <ele>9.3999996185302734375</ele>
        <time>2025-12-28T15:26:34.000Z</time>
        <extensions>
          <ns3:TrackPointExtension>
            <ns3:hr>155</ns3:hr>
            <ns3:cad>87</ns3:cad>
          </ns3:TrackPointExtension>
        </extensions>
      </trkpt>
      <trkpt lat="54.30402257479727268218994140625" lon="-8.53126105852425098419189453125">
        <ele>9.3999996185302734375</ele>
        <time>2025-12-28T15:26:35.000Z</time>
        <extensions>
          <ns3:TrackPointExtension>
            <ns3:hr>156</ns3:hr>
            <ns3:cad>87</ns3:cad>
          </ns3:TrackPointExtension>
        </extensions>
      </trkpt>
      <trkpt lat="54.30401368997991085052490234375" lon="-8.53160287253558635711669921875">
        <ele>9.6000003814697265625</ele>
        <time>2025-12-28T15:26:40.000Z</time>
        <extensions>
          <ns3:TrackPointExtension>
            <ns3:hr>156</ns3:hr>
            <ns3:cad>87</ns3:cad>
          </ns3:TrackPointExtension>
        </extensions>
      </trkpt>
      <trkpt lat="54.30401586927473545074462890625" lon="-8.53179984726011753082275390625">
        <ele>9.80000019073486328125</ele>
        <time>2025-12-28T15:26:43.000Z</time>
        <extensions>
          <ns3:TrackPointExtension>
            <ns3:hr>157</ns3:hr>
            <ns3:cad>86</ns3:cad>
          </ns3:TrackPointExtension>
        </extensions>
      </trkpt>
      <trkpt lat="54.3040350638329982757568359375" lon="-8.53211601264774799346923828125">
        <ele>11</ele>
        <time>2025-12-28T15:26:48.000Z</time>
        <extensions>
          <ns3:TrackPointExtension>
            <ns3:hr>159</ns3:hr>
            <ns3:cad>88</ns3:cad>
          </ns3:TrackPointExtension>
        </extensions>
      </trkpt>
      <trkpt lat="54.30403766222298145294189453125" lon="-8.53216580115258693695068359375">
        <ele>11.19999980926513671875</ele>
        <time>2025-12-28T15:26:49.000Z</time>
        <extensions>
          <ns3:TrackPointExtension>
            <ns3:hr>159</ns3:hr>
            <ns3:cad>88</ns3:cad>
          </ns3:TrackPointExtension>
        </extensions>
      </trkpt>
      <trkpt lat="54.3040307052433490753173828125" lon="-8.532486073672771453857421875">
        <ele>11.3999996185302734375</ele>
        <time>2025-12-28T15:26:54.000Z</time>
        <extensions>
          <ns3:TrackPointExtension>
            <ns3:hr>158</ns3:hr>
            <ns3:cad>86</ns3:cad>
          </ns3:TrackPointExtension>
        </extensions>
      </trkpt>
      <trkpt lat="54.3040370754897594451904296875" lon="-8.53254030458629131317138671875">
        <ele>11.6000003814697265625</ele>
        <time>2025-12-28T15:26:55.000Z</time>
        <extensions>
          <ns3:TrackPointExtension>
            <ns3:hr>158</ns3:hr>
            <ns3:cad>86</ns3:cad>
          </ns3:TrackPointExtension>
        </extensions>
      </trkpt>
      <trkpt lat="54.30406951345503330230712890625" lon="-8.5328967869281768798828125">
        <ele>12.6000003814697265625</ele>
        <time>2025-12-28T15:27:01.000Z</time>
        <extensions>
          <ns3:TrackPointExtension>
            <ns3:hr>160</ns3:hr>
            <ns3:cad>85</ns3:cad>
          </ns3:TrackPointExtension>
        </extensions>
      </trkpt>
      <trkpt lat="54.30407873354852199554443359375" lon="-8.53296694345772266387939453125">
        <ele>12.80000019073486328125</ele>
        <time>2025-12-28T15:27:02.000Z</time>
        <extensions>
          <ns3:TrackPointExtension>
            <ns3:hr>160</ns3:hr>
            <ns3:cad>85</ns3:cad>
          </ns3:TrackPointExtension>
        </extensions>
      </trkpt>
      <trkpt lat="54.30407487787306308746337890625" lon="-8.53331143967807292938232421875">
        <ele>12.80000019073486328125</ele>
        <time>2025-12-28T15:27:08.000Z</time>
        <extensions>
          <ns3:TrackPointExtension>
            <ns3:hr>160</ns3:hr>
            <ns3:cad>87</ns3:cad>
          </ns3:TrackPointExtension>
        </extensions>
      </trkpt>
      <trkpt lat="54.30409767664968967437744140625" lon="-8.5335282795131206512451171875">
        <ele>13.6000003814697265625</ele>
        <time>2025-12-28T15:27:12.000Z</time>
        <extensions>
          <ns3:TrackPointExtension>
            <ns3:hr>160</ns3:hr>
            <ns3:cad>86</ns3:cad>
          </ns3:TrackPointExtension>
        </extensions>
      </trkpt>
      <trkpt lat="54.30413573049008846282958984375" lon="-8.53386380709707736968994140625">
        <ele>14.19999980926513671875</ele>
        <time>2025-12-28T15:27:18.000Z</time>
        <extensions>
          <ns3:TrackPointExtension>
            <ns3:hr>160</ns3:hr>
            <ns3:cad>86</ns3:cad>
          </ns3:TrackPointExtension>
        </extensions>
      </trkpt>
      <trkpt lat="54.30417831055819988250732421875" lon="-8.53416387923061847686767578125">
        <ele>15.19999980926513671875</ele>
        <time>2025-12-28T15:27:23.000Z</time>
        <extensions>
          <ns3:TrackPointExtension>
            <ns3:hr>159</ns3:hr>
            <ns3:cad>86</ns3:cad>
          </ns3:TrackPointExtension>
        </extensions>
      </trkpt>
      <trkpt lat="54.304199516773223876953125" lon="-8.53428139351308345794677734375">
        <ele>15.3999996185302734375</ele>
        <time>2025-12-28T15:27:25.000Z</time>
        <extensions>
          <ns3:TrackPointExtension>
            <ns3:hr>159</ns3:hr>
            <ns3:cad>86</ns3:cad>
          </ns3:TrackPointExtension>
        </extensions>
      </trkpt>
      <trkpt lat="54.30426062084734439849853515625" lon="-8.53458783589303493499755859375">
        <ele>15.6000003814697265625</ele>
        <time>2025-12-28T15:27:30.000Z</time>
        <extensions>
          <ns3:TrackPointExtension>
            <ns3:hr>159</ns3:hr>
            <ns3:cad>86</ns3:cad>
          </ns3:TrackPointExtension>
        </extensions>
      </trkpt>
      <trkpt lat="54.30427554063498973846435546875" lon="-8.53464516811072826385498046875">
        <ele>15.6000003814697265625</ele>
        <time>2025-12-28T15:27:31.000Z</time>
        <extensions>
          <ns3:TrackPointExtension>
            <ns3:hr>159</ns3:hr>
            <ns3:cad>86</ns3:cad>
          </ns3:TrackPointExtension>
        </extensions>
      </trkpt>
      <trkpt lat="54.304338656365871429443359375" lon="-8.53499720804393291473388671875">
        <ele>15.80000019073486328125</ele>
        <time>2025-12-28T15:27:37.000Z</time>
        <extensions>
          <ns3:TrackPointExtension>
            <ns3:hr>158</ns3:hr>
            <ns3:cad>86</ns3:cad>
          </ns3:TrackPointExtension>
        </extensions>
      </trkpt>
      <trkpt lat="54.30435131303966045379638671875" lon="-8.53506007231771945953369140625">
        <ele>16</ele>
        <time>2025-12-28T15:27:38.000Z</time>
        <extensions>
          <ns3:TrackPointExtension>
            <ns3:hr>158</ns3:hr>
            <ns3:cad>86</ns3:cad>
          </ns3:TrackPointExtension>
        </extensions>
      </trkpt>
      <trkpt lat="54.30441300384700298309326171875" lon="-8.53536031208932399749755859375">
        <ele>17.200000762939453125</ele>
        <time>2025-12-28T15:27:43.000Z</time>
        <extensions>
          <ns3:TrackPointExtension>
            <ns3:hr>158</ns3:hr>
            <ns3:cad>87</ns3:cad>
          </ns3:TrackPointExtension>
        </extensions>
      </trkpt>
      <trkpt lat="54.30444284342229366302490234375" lon="-8.53556784801185131072998046875">
        <ele>17.3999996185302734375</ele>
        <time>2025-12-28T15:27:47.000Z</time>
        <extensions>
          <ns3:TrackPointExtension>
            <ns3:hr>157</ns3:hr>
            <ns3:cad>83</ns3:cad>
          </ns3:TrackPointExtension>
        </extensions>
      </trkpt>
      <trkpt lat="54.3044880218803882598876953125" lon="-8.53590848855674266815185546875">
        <ele>17.799999237060546875</ele>
        <time>2025-12-28T15:27:53.000Z</time>
        <extensions>
          <ns3:TrackPointExtension>
            <ns3:hr>156</ns3:hr>
            <ns3:cad>86</ns3:cad>
          </ns3:TrackPointExtension>
        </extensions>
      </trkpt>
      <trkpt lat="54.30452498607337474822998046875" lon="-8.5362171940505504608154296875">
        <ele>18.3999996185302734375</ele>
        <time>2025-12-28T15:27:58.000Z</time>
        <extensions>
          <ns3:TrackPointExtension>
            <ns3:hr>153</ns3:hr>
            <ns3:cad>87</ns3:cad>
          </ns3:TrackPointExtension>
        </extensions>
      </trkpt>
      <trkpt lat="54.30452699773013591766357421875" lon="-8.53626673109829425811767578125">
        <ele>18.6000003814697265625</ele>
        <time>2025-12-28T15:27:59.000Z</time>
        <extensions>
          <ns3:TrackPointExtension>
            <ns3:hr>153</ns3:hr>
            <ns3:cad>87</ns3:cad>
          </ns3:TrackPointExtension>
        </extensions>
      </trkpt>
      <trkpt lat="54.3045629560947418212890625" lon="-8.53656931780278682708740234375">
        <ele>19.799999237060546875</ele>
        <time>2025-12-28T15:28:04.000Z</time>
        <extensions>
          <ns3:TrackPointExtension>
            <ns3:hr>153</ns3:hr>
            <ns3:cad>87</ns3:cad>
          </ns3:TrackPointExtension>
        </extensions>
      </trkpt>
      <trkpt lat="54.3045879341661930084228515625" lon="-8.53669253177940845489501953125">
        <ele>20.3999996185302734375</ele>
        <time>2025-12-28T15:28:06.000Z</time>
        <extensions>
          <ns3:TrackPointExtension>
            <ns3:hr>153</ns3:hr>
            <ns3:cad>87</ns3:cad>
          </ns3:TrackPointExtension>
        </extensions>
      </trkpt>
      <trkpt lat="54.30464518256485462188720703125" lon="-8.53703074157238006591796875">
        <ele>20.799999237060546875</ele>
        <time>2025-12-28T15:28:12.000Z</time>
        <extensions>
          <ns3:TrackPointExtension>
            <ns3:hr>153</ns3:hr>
            <ns3:cad>86</ns3:cad>
          </ns3:TrackPointExtension>
        </extensions>
      </trkpt>
      <trkpt lat="54.30465348064899444580078125" lon="-8.537075333297252655029296875">
        <ele>20.799999237060546875</ele>
        <time>2025-12-28T15:28:13.000Z</time>
        <extensions>
          <ns3:TrackPointExtension>
            <ns3:hr>153</ns3:hr>
            <ns3:cad>86</ns3:cad>
          </ns3:TrackPointExtension>
        </extensions>
      </trkpt>
      <trkpt lat="54.304693378508090972900390625" lon="-8.53733651340007781982421875">
        <ele>20.6000003814697265625</ele>
        <time>2025-12-28T15:28:18.000Z</time>
        <extensions>
          <ns3:TrackPointExtension>
            <ns3:hr>154</ns3:hr>
            <ns3:cad>85</ns3:cad>
          </ns3:TrackPointExtension>
        </extensions>
      </trkpt>
      <trkpt lat="54.30471651256084442138671875" lon="-8.53748143650591373443603515625">
        <ele>20.200000762939453125</ele>
        <time>2025-12-28T15:28:21.000Z</time>
        <extensions>
          <ns3:TrackPointExtension>
            <ns3:hr>157</ns3:hr>
            <ns3:cad>86</ns3:cad>
          </ns3:TrackPointExtension>
        </extensions>
      </trkpt>
      <trkpt lat="54.3047126568853855133056640625" lon="-8.53769618086516857147216796875">
        <ele>20</ele>
        <time>2025-12-28T15:28:25.000Z</time>
        <extensions>
          <ns3:TrackPointExtension>
            <ns3:hr>156</ns3:hr>
            <ns3:cad>85</ns3:cad>
          </ns3:TrackPointExtension>
        </extensions>
      </trkpt>
      <trkpt lat="54.30474341847002506256103515625" lon="-8.53800932876765727996826171875">
        <ele>19.200000762939453125</ele>
        <time>2025-12-28T15:28:30.000Z</time>
        <extensions>
          <ns3:TrackPointExtension>
            <ns3:hr>156</ns3:hr>
            <ns3:cad>86</ns3:cad>
          </ns3:TrackPointExtension>
        </extensions>
      </trkpt>
      <trkpt lat="54.3047840707004070281982421875" lon="-8.53837176226079463958740234375">
        <ele>19.3999996185302734375</ele>
        <time>2025-12-28T15:28:36.000Z</time>
        <extensions>
          <ns3:TrackPointExtension>
            <ns3:hr>158</ns3:hr>
            <ns3:cad>87</ns3:cad>
          </ns3:TrackPointExtension>
        </extensions>
      </trkpt>
      <trkpt lat="54.30482304655015468597412109375" lon="-8.53872464038431644439697265625">
        <ele>18.6000003814697265625</ele>
        <time>2025-12-28T15:28:42.000Z</time>
        <extensions>
          <ns3:TrackPointExtension>
            <ns3:hr>156</ns3:hr>
            <ns3:cad>86</ns3:cad>
          </ns3:TrackPointExtension>
        </extensions>
      </trkpt>
      <trkpt lat="54.30488741956651210784912109375" lon="-8.539025299251079559326171875">
        <ele>17.6000003814697265625</ele>
        <time>2025-12-28T15:28:47.000Z</time>
        <extensions>
          <ns3:TrackPointExtension>
            <ns3:hr>155</ns3:hr>
            <ns3:cad>86</ns3:cad>
          </ns3:TrackPointExtension>
        </extensions>
      </trkpt>
      <trkpt lat="54.304944835603237152099609375" lon="-8.53934607468545436859130859375">
        <ele>16.3999996185302734375</ele>
        <time>2025-12-28T15:28:52.000Z</time>
        <extensions>
          <ns3:TrackPointExtension>
            <ns3:hr>155</ns3:hr>
            <ns3:cad>86</ns3:cad>
          </ns3:TrackPointExtension>
        </extensions>
      </trkpt>
      <trkpt lat="54.3049661256372928619384765625" lon="-8.53947599418461322784423828125">
        <ele>16.200000762939453125</ele>
        <time>2025-12-28T15:28:54.000Z</time>
        <extensions>
          <ns3:TrackPointExtension>
            <ns3:hr>155</ns3:hr>
            <ns3:cad>86</ns3:cad>
          </ns3:TrackPointExtension>
        </extensions>
      </trkpt>
      <trkpt lat="54.30501013062894344329833984375" lon="-8.5398160479962825775146484375">
        <ele>16.200000762939453125</ele>
        <time>2025-12-28T15:28:59.000Z</time>
        <extensions>
          <ns3:TrackPointExtension>
            <ns3:hr>153</ns3:hr>
            <ns3:cad>86</ns3:cad>
          </ns3:TrackPointExtension>
        </extensions>
      </trkpt>
      <trkpt lat="54.30503343231976032257080078125" lon="-8.5400212369859218597412109375">
        <ele>15.6000003814697265625</ele>
        <time>2025-12-28T15:29:02.000Z</time>
        <extensions>
          <ns3:TrackPointExtension>
            <ns3:hr>152</ns3:hr>
            <ns3:cad>87</ns3:cad>
          </ns3:TrackPointExtension>
        </extensions>
      </trkpt>
      <trkpt lat="54.30508204735815525054931640625" lon="-8.5403694212436676025390625">
        <ele>15.6000003814697265625</ele>
        <time>2025-12-28T15:29:07.000Z</time>
        <extensions>
          <ns3:TrackPointExtension>
            <ns3:hr>151</ns3:hr>
            <ns3:cad>87</ns3:cad>
          </ns3:TrackPointExtension>
        </extensions>
      </trkpt>
      <trkpt lat="54.30512814782559871673583984375" lon="-8.54064929299056529998779296875">
        <ele>15.3999996185302734375</ele>
        <time>2025-12-28T15:29:11.000Z</time>
        <extensions>
          <ns3:TrackPointExtension>
            <ns3:hr>150</ns3:hr>
            <ns3:cad>87</ns3:cad>
          </ns3:TrackPointExtension>
        </extensions>
      </trkpt>
      <trkpt lat="54.3051691353321075439453125" lon="-8.54096160270273685455322265625">
        <ele>15.3999996185302734375</ele>
        <time>2025-12-28T15:29:16.000Z</time>
        <extensions>
          <ns3:TrackPointExtension>
            <ns3:hr>150</ns3:hr>
            <ns3:cad>86</ns3:cad>
          </ns3:TrackPointExtension>
        </extensions>
      </trkpt>
      <trkpt lat="54.305181205272674560546875" lon="-8.54102379642426967620849609375">
        <ele>15.19999980926513671875</ele>
        <time>2025-12-28T15:29:17.000Z</time>
        <extensions>
          <ns3:TrackPointExtension>
            <ns3:hr>150</ns3:hr>
            <ns3:cad>86</ns3:cad>
          </ns3:TrackPointExtension>
        </extensions>
      </trkpt>
      <trkpt lat="54.30523275397717952728271484375" lon="-8.54132856242358684539794921875">
        <ele>15.19999980926513671875</ele>
        <time>2025-12-28T15:29:22.000Z</time>
        <extensions>
          <ns3:TrackPointExtension>
            <ns3:hr>150</ns3:hr>
            <ns3:cad>86</ns3:cad>
          </ns3:TrackPointExtension>
        </extensions>
      </trkpt>
      <trkpt lat="54.30525354109704494476318359375" lon="-8.5414354316890239715576171875">
        <ele>15.3999996185302734375</ele>
        <time>2025-12-28T15:29:24.000Z</time>
        <extensions>
          <ns3:TrackPointExtension>
            <ns3:hr>150</ns3:hr>
            <ns3:cad>86</ns3:cad>
          </ns3:TrackPointExtension>
        </extensions>
      </trkpt>
      <trkpt lat="54.30531841702759265899658203125" lon="-8.54179342277348041534423828125">
        <ele>15.6000003814697265625</ele>
        <time>2025-12-28T15:29:30.000Z</time>
        <extensions>
          <ns3:TrackPointExtension>
            <ns3:hr>152</ns3:hr>
            <ns3:cad>85</ns3:cad>
          </ns3:TrackPointExtension>
        </extensions>
      </trkpt>
      <trkpt lat="54.305327050387859344482421875" lon="-8.5418474860489368438720703125">
        <ele>15.80000019073486328125</ele>
        <time>2025-12-28T15:29:31.000Z</time>
        <extensions>
          <ns3:TrackPointExtension>
            <ns3:hr>152</ns3:hr>
            <ns3:cad>85</ns3:cad>
          </ns3:TrackPointExtension>
        </extensions>
      </trkpt>
      <trkpt lat="54.30534171871840953826904296875" lon="-8.5421639867126941680908203125">
        <ele>15.6000003814697265625</ele>
        <time>2025-12-28T15:29:37.000Z</time>
        <extensions>
          <ns3:TrackPointExtension>
            <ns3:hr>153</ns3:hr>
            <ns3:cad>86</ns3:cad>
          </ns3:TrackPointExtension>
        </extensions>
      </trkpt>
      <trkpt lat="54.3053416348993778228759765625" lon="-8.54222911410033702850341796875">
        <ele>15.3999996185302734375</ele>
        <time>2025-12-28T15:29:38.000Z</time>
        <extensions>
          <ns3:TrackPointExtension>
            <ns3:hr>154</ns3:hr>
            <ns3:cad>86</ns3:cad>
          </ns3:TrackPointExtension>
        </extensions>
      </trkpt>
      <trkpt lat="54.30538714863359928131103515625" lon="-8.54256254620850086212158203125">
        <ele>15.6000003814697265625</ele>
        <time>2025-12-28T15:29:44.000Z</time>
        <extensions>
          <ns3:TrackPointExtension>
            <ns3:hr>156</ns3:hr>
            <ns3:cad>86</ns3:cad>
          </ns3:TrackPointExtension>
        </extensions>
      </trkpt>
      <trkpt lat="54.30542461574077606201171875" lon="-8.54292690753936767578125">
        <ele>15.6000003814697265625</ele>
        <time>2025-12-28T15:29:50.000Z</time>
        <extensions>
          <ns3:TrackPointExtension>
            <ns3:hr>156</ns3:hr>
            <ns3:cad>87</ns3:cad>
          </ns3:TrackPointExtension>
        </extensions>
      </trkpt>
      <trkpt lat="54.30542486719787120819091796875" lon="-8.54297912679612636566162109375">
        <ele>15.3999996185302734375</ele>
        <time>2025-12-28T15:29:51.000Z</time>
        <extensions>
          <ns3:TrackPointExtension>
            <ns3:hr>156</ns3:hr>
            <ns3:cad>87</ns3:cad>
          </ns3:TrackPointExtension>
        </extensions>
      </trkpt>
      <trkpt lat="54.30542453192174434661865234375" lon="-8.54304484091699123382568359375">
        <ele>15</ele>
        <time>2025-12-28T15:29:52.000Z</time>
        <extensions>
          <ns3:TrackPointExtension>
            <ns3:hr>156</ns3:hr>
            <ns3:cad>87</ns3:cad>
          </ns3:TrackPointExtension>
        </extensions>
      </trkpt>
      <trkpt lat="54.30545747280120849609375" lon="-8.54335765354335308074951171875">
        <ele>15</ele>
        <time>2025-12-28T15:29:57.000Z</time>
        <extensions>
          <ns3:TrackPointExtension>
            <ns3:hr>157</ns3:hr>
            <ns3:cad>86</ns3:cad>
          </ns3:TrackPointExtension>
        </extensions>
      </trkpt>
      <trkpt lat="54.305470883846282958984375" lon="-8.543424122035503387451171875">
        <ele>14.80000019073486328125</ele>
        <time>2025-12-28T15:29:58.000Z</time>
        <extensions>
          <ns3:TrackPointExtension>
            <ns3:hr>157</ns3:hr>
            <ns3:cad>86</ns3:cad>
          </ns3:TrackPointExtension>
        </extensions>
      </trkpt>
      <trkpt lat="54.30553416721522808074951171875" lon="-8.5436992160975933074951171875">
        <ele>13.80000019073486328125</ele>
        <time>2025-12-28T15:30:03.000Z</time>
        <extensions>
          <ns3:TrackPointExtension>
            <ns3:hr>157</ns3:hr>
            <ns3:cad>86</ns3:cad>
          </ns3:TrackPointExtension>
        </extensions>
      </trkpt>
      <trkpt lat="54.3055733107030391693115234375" lon="-8.5440334863960742950439453125">
        <ele>13.6000003814697265625</ele>
        <time>2025-12-28T15:30:08.000Z</time>
        <extensions>
          <ns3:TrackPointExtension>
            <ns3:hr>158</ns3:hr>
            <ns3:cad>86</ns3:cad>
          </ns3:TrackPointExtension>
        </extensions>
      </trkpt>
      <trkpt lat="54.3055894039571285247802734375" lon="-8.54420472867786884307861328125">
        <ele>13.19999980926513671875</ele>
        <time>2025-12-28T15:30:11.000Z</time>
        <extensions>
          <ns3:TrackPointExtension>
            <ns3:hr>157</ns3:hr>
            <ns3:cad>87</ns3:cad>
          </ns3:TrackPointExtension>
        </extensions>
      </trkpt>
      <trkpt lat="54.30563759990036487579345703125" lon="-8.5445082373917102813720703125">
        <ele>13</ele>
        <time>2025-12-28T15:30:16.000Z</time>
        <extensions>
          <ns3:TrackPointExtension>
            <ns3:hr>157</ns3:hr>
            <ns3:cad>85</ns3:cad>
          </ns3:TrackPointExtension>
        </extensions>
      </trkpt>
      <trkpt lat="54.305651597678661346435546875" lon="-8.544644527137279510498046875">
        <ele>13</ele>
        <time>2025-12-28T15:30:18.000Z</time>
        <extensions>
          <ns3:TrackPointExtension>
            <ns3:hr>156</ns3:hr>
            <ns3:cad>86</ns3:cad>
          </ns3:TrackPointExtension>
        </extensions>
      </trkpt>
      <trkpt lat="54.305674396455287933349609375" lon="-8.54495926760137081146240234375">
        <ele>12.3999996185302734375</ele>
        <time>2025-12-28T15:30:23.000Z</time>
        <extensions>
          <ns3:TrackPointExtension>
            <ns3:hr>155</ns3:hr>
            <ns3:cad>87</ns3:cad>
          </ns3:TrackPointExtension>
        </extensions>
      </trkpt>
      <trkpt lat="54.305685125291347503662109375" lon="-8.5452468506991863250732421875">
        <ele>12.3999996185302734375</ele>
        <time>2025-12-28T15:30:27.000Z</time>
        <extensions>
          <ns3:TrackPointExtension>
            <ns3:hr>154</ns3:hr>
            <ns3:cad>87</ns3:cad>
          </ns3:TrackPointExtension>
        </extensions>
      </trkpt>
      <trkpt lat="54.3057047389447689056396484375" lon="-8.5456193424761295318603515625">
        <ele>11.19999980926513671875</ele>
        <time>2025-12-28T15:30:32.000Z</time>
        <extensions>
          <ns3:TrackPointExtension>
            <ns3:hr>153</ns3:hr>
            <ns3:cad>88</ns3:cad>
          </ns3:TrackPointExtension>
        </extensions>
      </trkpt>
      <trkpt lat="54.3057189881801605224609375" lon="-8.545665107667446136474609375">
        <ele>11.19999980926513671875</ele>
        <time>2025-12-28T15:30:33.000Z</time>
        <extensions>
          <ns3:TrackPointExtension>
            <ns3:hr>153</ns3:hr>
            <ns3:cad>87</ns3:cad>
          </ns3:TrackPointExtension>
        </extensions>
      </trkpt>
      <trkpt lat="54.3057530187070369720458984375" lon="-8.54586401022970676422119140625">
        <ele>10.80000019073486328125</ele>
        <time>2025-12-28T15:30:36.000Z</time>
        <extensions>
          <ns3:TrackPointExtension>
            <ns3:hr>150</ns3:hr>
            <ns3:cad>87</ns3:cad>
          </ns3:TrackPointExtension>
        </extensions>
      </trkpt>
      <trkpt lat="54.30576148442924022674560546875" lon="-8.54606484062969684600830078125">
        <ele>9.3999996185302734375</ele>
        <time>2025-12-28T15:30:39.000Z</time>
        <extensions>
          <ns3:TrackPointExtension>
            <ns3:hr>151</ns3:hr>
            <ns3:cad>87</ns3:cad>
          </ns3:TrackPointExtension>
        </extensions>
      </trkpt>
      <trkpt lat="54.305813200771808624267578125" lon="-8.54640179313719272613525390625">
        <ele>9.3999996185302734375</ele>
        <time>2025-12-28T15:30:44.000Z</time>
        <extensions>
          <ns3:TrackPointExtension>
            <ns3:hr>150</ns3:hr>
            <ns3:cad>87</ns3:cad>
          </ns3:TrackPointExtension>
        </extensions>
      </trkpt>
      <trkpt lat="54.30583155713975429534912109375" lon="-8.54661519639194011688232421875">
        <ele>8.80000019073486328125</ele>
        <time>2025-12-28T15:30:47.000Z</time>
        <extensions>
          <ns3:TrackPointExtension>
            <ns3:hr>150</ns3:hr>
            <ns3:cad>87</ns3:cad>
          </ns3:TrackPointExtension>
        </extensions>
      </trkpt>
      <trkpt lat="54.30586139671504497528076171875" lon="-8.54695064015686511993408203125">
        <ele>8.80000019073486328125</ele>
        <time>2025-12-28T15:30:52.000Z</time>
        <extensions>
          <ns3:TrackPointExtension>
            <ns3:hr>149</ns3:hr>
            <ns3:cad>87</ns3:cad>
          </ns3:TrackPointExtension>
        </extensions>
      </trkpt>
      <trkpt lat="54.305872879922389984130859375" lon="-8.54728122241795063018798828125">
        <ele>9</ele>
        <time>2025-12-28T15:30:57.000Z</time>
        <extensions>
          <ns3:TrackPointExtension>
            <ns3:hr>149</ns3:hr>
            <ns3:cad>88</ns3:cad>
          </ns3:TrackPointExtension>
        </extensions>
      </trkpt>
      <trkpt lat="54.3059008754789829254150390625" lon="-8.54759504087269306182861328125">
        <ele>9</ele>
        <time>2025-12-28T15:31:02.000Z</time>
        <extensions>
          <ns3:TrackPointExtension>
            <ns3:hr>148</ns3:hr>
            <ns3:cad>88</ns3:cad>
          </ns3:TrackPointExtension>
        </extensions>
      </trkpt>
      <trkpt lat="54.3059139512479305267333984375" lon="-8.5477171652019023895263671875">
        <ele>8.80000019073486328125</ele>
        <time>2025-12-28T15:31:04.000Z</time>
        <extensions>
          <ns3:TrackPointExtension>
            <ns3:hr>148</ns3:hr>
            <ns3:cad>87</ns3:cad>
          </ns3:TrackPointExtension>
        </extensions>
      </trkpt>
      <trkpt lat="54.3059458024799823760986328125" lon="-8.54802402667701244354248046875">
        <ele>8</ele>
        <time>2025-12-28T15:31:09.000Z</time>
        <extensions>
          <ns3:TrackPointExtension>
            <ns3:hr>148</ns3:hr>
            <ns3:cad>86</ns3:cad>
          </ns3:TrackPointExtension>
        </extensions>
      </trkpt>
      <trkpt lat="54.305982850492000579833984375" lon="-8.5482911579310894012451171875">
        <ele>8.80000019073486328125</ele>
        <time>2025-12-28T15:31:13.000Z</time>
        <extensions>
          <ns3:TrackPointExtension>
            <ns3:hr>148</ns3:hr>
            <ns3:cad>86</ns3:cad>
          </ns3:TrackPointExtension>
        </extensions>
      </trkpt>
      <trkpt lat="54.30606842972338199615478515625" lon="-8.5485984385013580322265625">
        <ele>9.19999980926513671875</ele>
        <time>2025-12-28T15:31:18.000Z</time>
        <extensions>
          <ns3:TrackPointExtension>
            <ns3:hr>148</ns3:hr>
            <ns3:cad>87</ns3:cad>
          </ns3:TrackPointExtension>
        </extensions>
      </trkpt>
      <trkpt lat="54.30613079108297824859619140625" lon="-8.5489372350275516510009765625">
        <ele>9.19999980926513671875</ele>
        <time>2025-12-28T15:31:24.000Z</time>
        <extensions>
          <ns3:TrackPointExtension>
            <ns3:hr>148</ns3:hr>
            <ns3:cad>86</ns3:cad>
          </ns3:TrackPointExtension>
        </extensions>
      </trkpt>
      <trkpt lat="54.30617303587496280670166015625" lon="-8.549227416515350341796875">
        <ele>8.6000003814697265625</ele>
        <time>2025-12-28T15:31:29.000Z</time>
        <extensions>
          <ns3:TrackPointExtension>
            <ns3:hr>151</ns3:hr>
            <ns3:cad>85</ns3:cad>
          </ns3:TrackPointExtension>
        </extensions>
      </trkpt>
      <trkpt lat="54.3062098324298858642578125" lon="-8.549503348767757415771484375">
        <ele>9.19999980926513671875</ele>
        <time>2025-12-28T15:31:33.000Z</time>
        <extensions>
          <ns3:TrackPointExtension>
            <ns3:hr>153</ns3:hr>
            <ns3:cad>88</ns3:cad>
          </ns3:TrackPointExtension>
        </extensions>
      </trkpt>
      <trkpt lat="54.3062344752252101898193359375" lon="-8.54981356300413608551025390625">
        <ele>9</ele>
        <time>2025-12-28T15:31:38.000Z</time>
        <extensions>
          <ns3:TrackPointExtension>
            <ns3:hr>154</ns3:hr>
            <ns3:cad>86</ns3:cad>
          </ns3:TrackPointExtension>
        </extensions>
      </trkpt>
      <trkpt lat="54.30624428205192089080810546875" lon="-8.54993107728660106658935546875">
        <ele>9</ele>
        <time>2025-12-28T15:31:40.000Z</time>
        <extensions>
          <ns3:TrackPointExtension>
            <ns3:hr>154</ns3:hr>
            <ns3:cad>85</ns3:cad>
          </ns3:TrackPointExtension>
        </extensions>
      </trkpt>
      <trkpt lat="54.3062814138829708099365234375" lon="-8.55027557350695133209228515625">
        <ele>9.19999980926513671875</ele>
        <time>2025-12-28T15:31:46.000Z</time>
        <extensions>
          <ns3:TrackPointExtension>
            <ns3:hr>155</ns3:hr>
            <ns3:cad>86</ns3:cad>
          </ns3:TrackPointExtension>
        </extensions>
      </trkpt>
      <trkpt lat="54.30634754709899425506591796875" lon="-8.550627529621124267578125">
        <ele>9</ele>
        <time>2025-12-28T15:31:52.000Z</time>
        <extensions>
          <ns3:TrackPointExtension>
            <ns3:hr>155</ns3:hr>
            <ns3:cad>87</ns3:cad>
          </ns3:TrackPointExtension>
        </extensions>
      </trkpt>
      <trkpt lat="54.30637721903622150421142578125" lon="-8.5507701896131038665771484375">
        <ele>8.80000019073486328125</ele>
        <time>2025-12-28T15:31:54.000Z</time>
        <extensions>
          <ns3:TrackPointExtension>
            <ns3:hr>155</ns3:hr>
            <ns3:cad>87</ns3:cad>
          </ns3:TrackPointExtension>
        </extensions>
      </trkpt>
      <trkpt lat="54.30641560815274715423583984375" lon="-8.551110327243804931640625">
        <ele>8.19999980926513671875</ele>
        <time>2025-12-28T15:31:59.000Z</time>
        <extensions>
          <ns3:TrackPointExtension>
            <ns3:hr>155</ns3:hr>
            <ns3:cad>88</ns3:cad>
          </ns3:TrackPointExtension>
        </extensions>
      </trkpt>
      <trkpt lat="54.30643052794039249420166015625" lon="-8.5512372292578220367431640625">
        <ele>8.3999996185302734375</ele>
        <time>2025-12-28T15:32:01.000Z</time>
        <extensions>
          <ns3:TrackPointExtension>
            <ns3:hr>154</ns3:hr>
            <ns3:cad>88</ns3:cad>
          </ns3:TrackPointExtension>
        </extensions>
      </trkpt>
      <trkpt lat="54.30644561536610126495361328125" lon="-8.5514953918755054473876953125">
        <ele>7.80000019073486328125</ele>
        <time>2025-12-28T15:32:05.000Z</time>
        <extensions>
          <ns3:TrackPointExtension>
            <ns3:hr>151</ns3:hr>
            <ns3:cad>87</ns3:cad>
          </ns3:TrackPointExtension>
        </extensions>
      </trkpt>
      <trkpt lat="54.3064416758716106414794921875" lon="-8.5517258942127227783203125">
        <ele>7.599999904632568359375</ele>
        <time>2025-12-28T15:32:08.000Z</time>
        <extensions>
          <ns3:TrackPointExtension>
            <ns3:hr>152</ns3:hr>
            <ns3:cad>86</ns3:cad>
          </ns3:TrackPointExtension>
        </extensions>
      </trkpt>
      <trkpt lat="54.30643673054873943328857421875" lon="-8.55204977095127105712890625">
        <ele>7.400000095367431640625</ele>
        <time>2025-12-28T15:32:12.000Z</time>
        <extensions>
          <ns3:TrackPointExtension>
            <ns3:hr>150</ns3:hr>
            <ns3:cad>88</ns3:cad>
          </ns3:TrackPointExtension>
        </extensions>
      </trkpt>
      <trkpt lat="54.3064389936625957489013671875" lon="-8.552373312413692474365234375">
        <ele>8</ele>
        <time>2025-12-28T15:32:17.000Z</time>
        <extensions>
          <ns3:TrackPointExtension>
            <ns3:hr>151</ns3:hr>
            <ns3:cad>86</ns3:cad>
          </ns3:TrackPointExtension>
        </extensions>
      </trkpt>
      <trkpt lat="54.30643354542553424835205078125" lon="-8.55271898210048675537109375">
        <ele>9.19999980926513671875</ele>
        <time>2025-12-28T15:32:23.000Z</time>
        <extensions>
          <ns3:TrackPointExtension>
            <ns3:hr>151</ns3:hr>
            <ns3:cad>86</ns3:cad>
          </ns3:TrackPointExtension>
        </extensions>
      </trkpt>
      <trkpt lat="54.30643438361585140228271484375" lon="-8.552778661251068115234375">
        <ele>9.3999996185302734375</ele>
        <time>2025-12-28T15:32:24.000Z</time>
        <extensions>
          <ns3:TrackPointExtension>
            <ns3:hr>151</ns3:hr>
            <ns3:cad>86</ns3:cad>
          </ns3:TrackPointExtension>
        </extensions>
      </trkpt>
      <trkpt lat="54.3064034543931484222412109375" lon="-8.55310513637959957122802734375">
        <ele>10</ele>
        <time>2025-12-28T15:32:30.000Z</time>
        <extensions>
          <ns3:TrackPointExtension>
            <ns3:hr>152</ns3:hr>
            <ns3:cad>85</ns3:cad>
          </ns3:TrackPointExtension>
        </extensions>
      </trkpt>
      <trkpt lat="54.306393563747406005859375" lon="-8.55316481553018093109130859375">
        <ele>9.80000019073486328125</ele>
        <time>2025-12-28T15:32:31.000Z</time>
        <extensions>
          <ns3:TrackPointExtension>
            <ns3:hr>153</ns3:hr>
            <ns3:cad>85</ns3:cad>
          </ns3:TrackPointExtension>
        </extensions>
      </trkpt>
      <trkpt lat="54.30635123513638973236083984375" lon="-8.55346555821597576141357421875">
        <ele>9.6000003814697265625</ele>
        <time>2025-12-28T15:32:36.000Z</time>
        <extensions>
          <ns3:TrackPointExtension>
            <ns3:hr>154</ns3:hr>
            <ns3:cad>86</ns3:cad>
          </ns3:TrackPointExtension>
        </extensions>
      </trkpt>
      <trkpt lat="54.306324832141399383544921875" lon="-8.55359296314418315887451171875">
        <ele>9.80000019073486328125</ele>
        <time>2025-12-28T15:32:38.000Z</time>
        <extensions>
          <ns3:TrackPointExtension>
            <ns3:hr>154</ns3:hr>
            <ns3:cad>86</ns3:cad>
          </ns3:TrackPointExtension>
        </extensions>
      </trkpt>
      <trkpt lat="54.3062545917928218841552734375" lon="-8.55389756150543689727783203125">
        <ele>8.19999980926513671875</ele>
        <time>2025-12-28T15:32:43.000Z</time>
        <extensions>
          <ns3:TrackPointExtension>
            <ns3:hr>154</ns3:hr>
            <ns3:cad>86</ns3:cad>
          </ns3:TrackPointExtension>
        </extensions>
      </trkpt>
      <trkpt lat="54.3061902187764644622802734375" lon="-8.554158993065357208251953125">
        <ele>7.400000095367431640625</ele>
        <time>2025-12-28T15:32:47.000Z</time>
        <extensions>
          <ns3:TrackPointExtension>
            <ns3:hr>154</ns3:hr>
            <ns3:cad>87</ns3:cad>
          </ns3:TrackPointExtension>
        </extensions>
      </trkpt>
      <trkpt lat="54.3061030469834804534912109375" lon="-8.5544555447995662689208984375">
        <ele>6.400000095367431640625</ele>
        <time>2025-12-28T15:32:52.000Z</time>
        <extensions>
          <ns3:TrackPointExtension>
            <ns3:hr>154</ns3:hr>
            <ns3:cad>86</ns3:cad>
          </ns3:TrackPointExtension>
        </extensions>
      </trkpt>
      <trkpt lat="54.3060809187591075897216796875" lon="-8.55451446957886219024658203125">
        <ele>6</ele>
        <time>2025-12-28T15:32:53.000Z</time>
        <extensions>
          <ns3:TrackPointExtension>
            <ns3:hr>154</ns3:hr>
            <ns3:cad>86</ns3:cad>
          </ns3:TrackPointExtension>
        </extensions>
      </trkpt>
      <trkpt lat="54.305981509387493133544921875" lon="-8.55481102131307125091552734375">
        <ele>4.80000019073486328125</ele>
        <time>2025-12-28T15:32:58.000Z</time>
        <extensions>
          <ns3:TrackPointExtension>
            <ns3:hr>155</ns3:hr>
            <ns3:cad>87</ns3:cad>
          </ns3:TrackPointExtension>
        </extensions>
      </trkpt>
      <trkpt lat="54.305966086685657501220703125" lon="-8.55492484755814075469970703125">
        <ele>4.599999904632568359375</ele>
        <time>2025-12-28T15:33:00.000Z</time>
        <extensions>
          <ns3:TrackPointExtension>
            <ns3:hr>155</ns3:hr>
            <ns3:cad>87</ns3:cad>
          </ns3:TrackPointExtension>
        </extensions>
      </trkpt>
      <trkpt lat="54.30590808391571044921875" lon="-8.55519826523959636688232421875">
        <ele>5.19999980926513671875</ele>
        <time>2025-12-28T15:33:05.000Z</time>
        <extensions>
          <ns3:TrackPointExtension>
            <ns3:hr>155</ns3:hr>
            <ns3:cad>85</ns3:cad>
          </ns3:TrackPointExtension>
        </extensions>
      </trkpt>
      <trkpt lat="54.3058214150369167327880859375" lon="-8.555510826408863067626953125">
        <ele>6</ele>
        <time>2025-12-28T15:33:11.000Z</time>
        <extensions>
          <ns3:TrackPointExtension>
            <ns3:hr>155</ns3:hr>
            <ns3:cad>85</ns3:cad>
          </ns3:TrackPointExtension>
        </extensions>
      </trkpt>
      <trkpt lat="54.3057536892592906951904296875" lon="-8.55583839118480682373046875">
        <ele>6.599999904632568359375</ele>
        <time>2025-12-28T15:33:17.000Z</time>
        <extensions>
          <ns3:TrackPointExtension>
            <ns3:hr>154</ns3:hr>
            <ns3:cad>85</ns3:cad>
          </ns3:TrackPointExtension>
        </extensions>
      </trkpt>
      <trkpt lat="54.30574472062289714813232421875" lon="-8.5558908618986606597900390625">
        <ele>6.80000019073486328125</ele>
        <time>2025-12-28T15:33:18.000Z</time>
        <extensions>
          <ns3:TrackPointExtension>
            <ns3:hr>154</ns3:hr>
            <ns3:cad>85</ns3:cad>
          </ns3:TrackPointExtension>
        </extensions>
      </trkpt>
      <trkpt lat="54.30569560267031192779541015625" lon="-8.55620451271533966064453125">
        <ele>7.400000095367431640625</ele>
        <time>2025-12-28T15:33:24.000Z</time>
        <extensions>
          <ns3:TrackPointExtension>
            <ns3:hr>154</ns3:hr>
            <ns3:cad>86</ns3:cad>
          </ns3:TrackPointExtension>
        </extensions>
      </trkpt>
      <trkpt lat="54.30563676171004772186279296875" lon="-8.55655764229595661163330078125">
        <ele>7.599999904632568359375</ele>
        <time>2025-12-28T15:33:30.000Z</time>
        <extensions>
          <ns3:TrackPointExtension>
            <ns3:hr>155</ns3:hr>
            <ns3:cad>86</ns3:cad>
          </ns3:TrackPointExtension>
        </extensions>
      </trkpt>
      <trkpt lat="54.30562804453074932098388671875" lon="-8.55660441331565380096435546875">
        <ele>7.599999904632568359375</ele>
        <time>2025-12-28T15:33:31.000Z</time>
        <extensions>
          <ns3:TrackPointExtension>
            <ns3:hr>155</ns3:hr>
            <ns3:cad>86</ns3:cad>
          </ns3:TrackPointExtension>
        </extensions>
      </trkpt>
      <trkpt lat="54.30557507090270519256591796875" lon="-8.5569240152835845947265625">
        <ele>7.599999904632568359375</ele>
        <time>2025-12-28T15:33:36.000Z</time>
        <extensions>
          <ns3:TrackPointExtension>
            <ns3:hr>154</ns3:hr>
            <ns3:cad>87</ns3:cad>
          </ns3:TrackPointExtension>
        </extensions>
      </trkpt>
      <trkpt lat="54.30554070509970188140869140625" lon="-8.55710950680077075958251953125">
        <ele>7.19999980926513671875</ele>
        <time>2025-12-28T15:33:39.000Z</time>
        <extensions>
          <ns3:TrackPointExtension>
            <ns3:hr>154</ns3:hr>
            <ns3:cad>87</ns3:cad>
          </ns3:TrackPointExtension>
        </extensions>
      </trkpt>
      <trkpt lat="54.3054965324699878692626953125" lon="-8.55741150677204132080078125">
        <ele>7.400000095367431640625</ele>
        <time>2025-12-28T15:33:44.000Z</time>
        <extensions>
          <ns3:TrackPointExtension>
            <ns3:hr>154</ns3:hr>
            <ns3:cad>86</ns3:cad>
          </ns3:TrackPointExtension>
        </extensions>
      </trkpt>
      <trkpt lat="54.305475242435932159423828125" lon="-8.5575313679873943328857421875">
        <ele>7.19999980926513671875</ele>
        <time>2025-12-28T15:33:46.000Z</time>
        <extensions>
          <ns3:TrackPointExtension>
            <ns3:hr>154</ns3:hr>
            <ns3:cad>86</ns3:cad>
          </ns3:TrackPointExtension>
        </extensions>
      </trkpt>
      <trkpt lat="54.3054221011698246002197265625" lon="-8.557834625244140625">
        <ele>6.599999904632568359375</ele>
        <time>2025-12-28T15:33:51.000Z</time>
        <extensions>
          <ns3:TrackPointExtension>
            <ns3:hr>153</ns3:hr>
            <ns3:cad>86</ns3:cad>
          </ns3:TrackPointExtension>
        </extensions>
      </trkpt>
      <trkpt lat="54.30536753498017787933349609375" lon="-8.55814039707183837890625">
        <ele>7.19999980926513671875</ele>
        <time>2025-12-28T15:33:56.000Z</time>
        <extensions>
          <ns3:TrackPointExtension>
            <ns3:hr>153</ns3:hr>
            <ns3:cad>85</ns3:cad>
          </ns3:TrackPointExtension>
        </extensions>
      </trkpt>
      <trkpt lat="54.3053567223250865936279296875" lon="-8.5582025907933712005615234375">
        <ele>7.400000095367431640625</ele>
        <time>2025-12-28T15:33:57.000Z</time>
        <extensions>
          <ns3:TrackPointExtension>
            <ns3:hr>153</ns3:hr>
            <ns3:cad>85</ns3:cad>
          </ns3:TrackPointExtension>
        </extensions>
      </trkpt>
      <trkpt lat="54.3052900023758411407470703125" lon="-8.558516912162303924560546875">
        <ele>7.400000095367431640625</ele>
        <time>2025-12-28T15:34:02.000Z</time>
        <extensions>
          <ns3:TrackPointExtension>
            <ns3:hr>153</ns3:hr>
            <ns3:cad>86</ns3:cad>
          </ns3:TrackPointExtension>
        </extensions>
      </trkpt>
      <trkpt lat="54.30523686110973358154296875" lon="-8.55876644141972064971923828125">
        <ele>7</ele>
        <time>2025-12-28T15:34:06.000Z</time>
        <extensions>
          <ns3:TrackPointExtension>
            <ns3:hr>154</ns3:hr>
            <ns3:cad>86</ns3:cad>
          </ns3:TrackPointExtension>
        </extensions>
      </trkpt>
      <trkpt lat="54.30519285611808300018310546875" lon="-8.5590934194624423980712890625">
        <ele>6.80000019073486328125</ele>
        <time>2025-12-28T15:34:11.000Z</time>
        <extensions>
          <ns3:TrackPointExtension>
            <ns3:hr>154</ns3:hr>
            <ns3:cad>87</ns3:cad>
          </ns3:TrackPointExtension>
        </extensions>
      </trkpt>
      <trkpt lat="54.305161423981189727783203125" lon="-8.559267930686473846435546875">
        <ele>6.80000019073486328125</ele>
        <time>2025-12-28T15:34:14.000Z</time>
        <extensions>
          <ns3:TrackPointExtension>
            <ns3:hr>154</ns3:hr>
            <ns3:cad>87</ns3:cad>
          </ns3:TrackPointExtension>
        </extensions>
      </trkpt>
      <trkpt lat="54.30511356331408023834228515625" lon="-8.55957227759063243865966796875">
        <ele>6.599999904632568359375</ele>
        <time>2025-12-28T15:34:19.000Z</time>
        <extensions>
          <ns3:TrackPointExtension>
            <ns3:hr>153</ns3:hr>
            <ns3:cad>85</ns3:cad>
          </ns3:TrackPointExtension>
        </extensions>
      </trkpt>
      <trkpt lat="54.3050844781100749969482421875" lon="-8.55973052792251110076904296875">
        <ele>7</ele>
        <time>2025-12-28T15:34:22.000Z</time>
        <extensions>
          <ns3:TrackPointExtension>
            <ns3:hr>153</ns3:hr>
            <ns3:cad>86</ns3:cad>
          </ns3:TrackPointExtension>
        </extensions>
      </trkpt>
      <trkpt lat="54.305044747889041900634765625" lon="-8.56004702858626842498779296875">
        <ele>6.80000019073486328125</ele>
        <time>2025-12-28T15:34:27.000Z</time>
        <extensions>
          <ns3:TrackPointExtension>
            <ns3:hr>154</ns3:hr>
            <ns3:cad>86</ns3:cad>
          </ns3:TrackPointExtension>
        </extensions>
      </trkpt>
      <trkpt lat="54.30502991192042827606201171875" lon="-8.56017057783901691436767578125">
        <ele>7.19999980926513671875</ele>
        <time>2025-12-28T15:34:29.000Z</time>
        <extensions>
          <ns3:TrackPointExtension>
            <ns3:hr>154</ns3:hr>
            <ns3:cad>87</ns3:cad>
          </ns3:TrackPointExtension>
        </extensions>
      </trkpt>
      <trkpt lat="54.3049879185855388641357421875" lon="-8.560474254190921783447265625">
        <ele>8</ele>
        <time>2025-12-28T15:34:34.000Z</time>
        <extensions>
          <ns3:TrackPointExtension>
            <ns3:hr>154</ns3:hr>
            <ns3:cad>86</ns3:cad>
          </ns3:TrackPointExtension>
        </extensions>
      </trkpt>
      <trkpt lat="54.304945170879364013671875" lon="-8.5607295669615268707275390625">
        <ele>8</ele>
        <time>2025-12-28T15:34:38.000Z</time>
        <extensions>
          <ns3:TrackPointExtension>
            <ns3:hr>155</ns3:hr>
            <ns3:cad>86</ns3:cad>
          </ns3:TrackPointExtension>
        </extensions>
      </trkpt>
      <trkpt lat="54.30490904487669467926025390625" lon="-8.56105352751910686492919921875">
        <ele>8.3999996185302734375</ele>
        <time>2025-12-28T15:34:43.000Z</time>
        <extensions>
          <ns3:TrackPointExtension>
            <ns3:hr>155</ns3:hr>
            <ns3:cad>86</ns3:cad>
          </ns3:TrackPointExtension>
        </extensions>
      </trkpt>
      <trkpt lat="54.3049044348299503326416015625" lon="-8.5611707903444766998291015625">
        <ele>8.6000003814697265625</ele>
        <time>2025-12-28T15:34:45.000Z</time>
        <extensions>
          <ns3:TrackPointExtension>
            <ns3:hr>155</ns3:hr>
            <ns3:cad>87</ns3:cad>
          </ns3:TrackPointExtension>
        </extensions>
      </trkpt>
      <trkpt lat="54.30492010898888111114501953125" lon="-8.56148838065564632415771484375">
        <ele>8.80000019073486328125</ele>
        <time>2025-12-28T15:34:50.000Z</time>
        <extensions>
          <ns3:TrackPointExtension>
            <ns3:hr>156</ns3:hr>
            <ns3:cad>86</ns3:cad>
          </ns3:TrackPointExtension>
        </extensions>
      </trkpt>
      <trkpt lat="54.304924048483371734619140625" lon="-8.5616773925721645355224609375">
        <ele>8.80000019073486328125</ele>
        <time>2025-12-28T15:34:53.000Z</time>
        <extensions>
          <ns3:TrackPointExtension>
            <ns3:hr>156</ns3:hr>
            <ns3:cad>86</ns3:cad>
          </ns3:TrackPointExtension>
        </extensions>
      </trkpt>
      <trkpt lat="54.30493452586233615875244140625" lon="-8.56201141141355037689208984375">
        <ele>8</ele>
        <time>2025-12-28T15:34:58.000Z</time>
        <extensions>
          <ns3:TrackPointExtension>
            <ns3:hr>157</ns3:hr>
            <ns3:cad>86</ns3:cad>
          </ns3:TrackPointExtension>
        </extensions>
      </trkpt>
      <trkpt lat="54.30492580868303775787353515625" lon="-8.5621353797614574432373046875">
        <ele>7.80000019073486328125</ele>
        <time>2025-12-28T15:35:00.000Z</time>
        <extensions>
          <ns3:TrackPointExtension>
            <ns3:hr>157</ns3:hr>
            <ns3:cad>87</ns3:cad>
          </ns3:TrackPointExtension>
        </extensions>
      </trkpt>
      <trkpt lat="54.30489957332611083984375" lon="-8.56244978494942188262939453125">
        <ele>8.19999980926513671875</ele>
        <time>2025-12-28T15:35:05.000Z</time>
        <extensions>
          <ns3:TrackPointExtension>
            <ns3:hr>157</ns3:hr>
            <ns3:cad>86</ns3:cad>
          </ns3:TrackPointExtension>
        </extensions>
      </trkpt>
      <trkpt lat="54.30489177815616130828857421875" lon="-8.56261842884123325347900390625">
        <ele>8.3999996185302734375</ele>
        <time>2025-12-28T15:35:08.000Z</time>
        <extensions>
          <ns3:TrackPointExtension>
            <ns3:hr>157</ns3:hr>
            <ns3:cad>85</ns3:cad>
          </ns3:TrackPointExtension>
        </extensions>
      </trkpt>
      <trkpt lat="54.30489085614681243896484375" lon="-8.56296979822218418121337890625">
        <ele>8.80000019073486328125</ele>
        <time>2025-12-28T15:35:14.000Z</time>
        <extensions>
          <ns3:TrackPointExtension>
            <ns3:hr>157</ns3:hr>
            <ns3:cad>85</ns3:cad>
          </ns3:TrackPointExtension>
        </extensions>
      </trkpt>
      <trkpt lat="54.3048729188740253448486328125" lon="-8.56329652480781078338623046875">
        <ele>9</ele>
        <time>2025-12-28T15:35:19.000Z</time>
        <extensions>
          <ns3:TrackPointExtension>
            <ns3:hr>157</ns3:hr>
            <ns3:cad>86</ns3:cad>
          </ns3:TrackPointExtension>
        </extensions>
      </trkpt>
      <trkpt lat="54.30487652309238910675048828125" lon="-8.56336466968059539794921875">
        <ele>9</ele>
        <time>2025-12-28T15:35:20.000Z</time>
        <extensions>
          <ns3:TrackPointExtension>
            <ns3:hr>157</ns3:hr>
            <ns3:cad>87</ns3:cad>
          </ns3:TrackPointExtension>
        </extensions>
      </trkpt>
      <trkpt lat="54.3049124814569950103759765625" lon="-8.56369399465620517730712890625">
        <ele>9.6000003814697265625</ele>
        <time>2025-12-28T15:35:25.000Z</time>
        <extensions>
          <ns3:TrackPointExtension>
            <ns3:hr>156</ns3:hr>
            <ns3:cad>88</ns3:cad>
          </ns3:TrackPointExtension>
        </extensions>
      </trkpt>
      <trkpt lat="54.3049386329948902130126953125" lon="-8.563812263309955596923828125">
        <ele>9.80000019073486328125</ele>
        <time>2025-12-28T15:35:27.000Z</time>
        <extensions>
          <ns3:TrackPointExtension>
            <ns3:hr>155</ns3:hr>
            <ns3:cad>88</ns3:cad>
          </ns3:TrackPointExtension>
        </extensions>
      </trkpt>
      <trkpt lat="54.30498951114714145660400390625" lon="-8.564167656004428863525390625">
        <ele>10.3999996185302734375</ele>
        <time>2025-12-28T15:35:33.000Z</time>
        <extensions>
          <ns3:TrackPointExtension>
            <ns3:hr>155</ns3:hr>
            <ns3:cad>84</ns3:cad>
          </ns3:TrackPointExtension>
        </extensions>
      </trkpt>
      <trkpt lat="54.3050201050937175750732421875" lon="-8.5643592663109302520751953125">
        <ele>10.80000019073486328125</ele>
        <time>2025-12-28T15:35:36.000Z</time>
        <extensions>
          <ns3:TrackPointExtension>
            <ns3:hr>156</ns3:hr>
            <ns3:cad>85</ns3:cad>
          </ns3:TrackPointExtension>
        </extensions>
      </trkpt>
      <trkpt lat="54.30506729520857334136962890625" lon="-8.56469512917101383209228515625">
        <ele>11.6000003814697265625</ele>
        <time>2025-12-28T15:35:42.000Z</time>
        <extensions>
          <ns3:TrackPointExtension>
            <ns3:hr>157</ns3:hr>
            <ns3:cad>85</ns3:cad>
          </ns3:TrackPointExtension>
        </extensions>
      </trkpt>
      <trkpt lat="54.30508640594780445098876953125" lon="-8.5648527927696704864501953125">
        <ele>12.3999996185302734375</ele>
        <time>2025-12-28T15:35:45.000Z</time>
        <extensions>
          <ns3:TrackPointExtension>
            <ns3:hr>158</ns3:hr>
            <ns3:cad>85</ns3:cad>
          </ns3:TrackPointExtension>
        </extensions>
      </trkpt>
      <trkpt lat="54.30512395687401294708251953125" lon="-8.56519821099936962127685546875">
        <ele>13.19999980926513671875</ele>
        <time>2025-12-28T15:35:52.000Z</time>
        <extensions>
          <ns3:TrackPointExtension>
            <ns3:hr>158</ns3:hr>
            <ns3:cad>84</ns3:cad>
          </ns3:TrackPointExtension>
        </extensions>
      </trkpt>
      <trkpt lat="54.30513233877718448638916015625" lon="-8.5652427189052104949951171875">
        <ele>13.3999996185302734375</ele>
        <time>2025-12-28T15:35:53.000Z</time>
        <extensions>
          <ns3:TrackPointExtension>
            <ns3:hr>158</ns3:hr>
            <ns3:cad>84</ns3:cad>
          </ns3:TrackPointExtension>
        </extensions>
      </trkpt>
      <trkpt lat="54.30515631102025508880615234375" lon="-8.56557749211788177490234375">
        <ele>13.80000019073486328125</ele>
        <time>2025-12-28T15:36:00.000Z</time>
        <extensions>
          <ns3:TrackPointExtension>
            <ns3:hr>159</ns3:hr>
            <ns3:cad>84</ns3:cad>
          </ns3:TrackPointExtension>
        </extensions>
      </trkpt>
      <trkpt lat="54.3051585741341114044189453125" lon="-8.56562870554625988006591796875">
        <ele>13.80000019073486328125</ele>
        <time>2025-12-28T15:36:01.000Z</time>
        <extensions>
          <ns3:TrackPointExtension>
            <ns3:hr>159</ns3:hr>
            <ns3:cad>84</ns3:cad>
          </ns3:TrackPointExtension>
        </extensions>
      </trkpt>
      <trkpt lat="54.3052308261394500732421875" lon="-8.56587127782404422760009765625">
        <ele>14</ele>
        <time>2025-12-28T15:36:07.000Z</time>
        <extensions>
          <ns3:TrackPointExtension>
            <ns3:hr>159</ns3:hr>
            <ns3:cad>83</ns3:cad>
          </ns3:TrackPointExtension>
        </extensions>
      </trkpt>
      <trkpt lat="54.305336438119411468505859375" lon="-8.5658844374120235443115234375">
        <ele>14.6000003814697265625</ele>
        <time>2025-12-28T15:36:11.000Z</time>
        <extensions>
          <ns3:TrackPointExtension>
            <ns3:hr>157</ns3:hr>
            <ns3:cad>83</ns3:cad>
          </ns3:TrackPointExtension>
        </extensions>
      </trkpt>
      <trkpt lat="54.3055149726569652557373046875" lon="-8.56580170802772045135498046875">
        <ele>16.200000762939453125</ele>
        <time>2025-12-28T15:36:17.000Z</time>
        <extensions>
          <ns3:TrackPointExtension>
            <ns3:hr>157</ns3:hr>
            <ns3:cad>86</ns3:cad>
          </ns3:TrackPointExtension>
        </extensions>
      </trkpt>
      <trkpt lat="54.30557347834110260009765625" lon="-8.56577455066144466400146484375">
        <ele>16.799999237060546875</ele>
        <time>2025-12-28T15:36:19.000Z</time>
        <extensions>
          <ns3:TrackPointExtension>
            <ns3:hr>158</ns3:hr>
            <ns3:cad>86</ns3:cad>
          </ns3:TrackPointExtension>
        </extensions>
      </trkpt>
      <trkpt lat="54.30576265789568424224853515625" lon="-8.56569525785744190216064453125">
        <ele>18.3999996185302734375</ele>
        <time>2025-12-28T15:36:25.000Z</time>
        <extensions>
          <ns3:TrackPointExtension>
            <ns3:hr>156</ns3:hr>
            <ns3:cad>85</ns3:cad>
          </ns3:TrackPointExtension>
        </extensions>
      </trkpt>
      <trkpt lat="54.305829964578151702880859375" lon="-8.5656718723475933074951171875">
        <ele>18.799999237060546875</ele>
        <time>2025-12-28T15:36:27.000Z</time>
        <extensions>
          <ns3:TrackPointExtension>
            <ns3:hr>157</ns3:hr>
            <ns3:cad>85</ns3:cad>
          </ns3:TrackPointExtension>
        </extensions>
      </trkpt>
      <trkpt lat="54.3060207366943359375" lon="-8.56557480990886688232421875">
        <ele>19.799999237060546875</ele>
        <time>2025-12-28T15:36:33.000Z</time>
        <extensions>
          <ns3:TrackPointExtension>
            <ns3:hr>158</ns3:hr>
            <ns3:cad>86</ns3:cad>
          </ns3:TrackPointExtension>
        </extensions>
      </trkpt>
      <trkpt lat="54.306063987314701080322265625" lon="-8.56556885875761508941650390625">
        <ele>20</ele>
        <time>2025-12-28T15:36:34.000Z</time>
        <extensions>
          <ns3:TrackPointExtension>
            <ns3:hr>158</ns3:hr>
            <ns3:cad>86</ns3:cad>
          </ns3:TrackPointExtension>
        </extensions>
      </trkpt>
      <trkpt lat="54.30617555044591426849365234375" lon="-8.5656507499516010284423828125">
        <ele>20.6000003814697265625</ele>
        <time>2025-12-28T15:36:38.000Z</time>
        <extensions>
          <ns3:TrackPointExtension>
            <ns3:hr>159</ns3:hr>
            <ns3:cad>84</ns3:cad>
          </ns3:TrackPointExtension>
        </extensions>
      </trkpt>
      <trkpt lat="54.3061878718435764312744140625" lon="-8.565714620053768157958984375">
        <ele>20.3999996185302734375</ele>
        <time>2025-12-28T15:36:39.000Z</time>
        <extensions>
          <ns3:TrackPointExtension>
            <ns3:hr>158</ns3:hr>
            <ns3:cad>84</ns3:cad>
          </ns3:TrackPointExtension>
        </extensions>
      </trkpt>
      <trkpt lat="54.30619616992771625518798828125" lon="-8.5660782270133495330810546875">
        <ele>18.799999237060546875</ele>
        <time>2025-12-28T15:36:44.000Z</time>
        <extensions>
          <ns3:TrackPointExtension>
            <ns3:hr>159</ns3:hr>
            <ns3:cad>85</ns3:cad>
          </ns3:TrackPointExtension>
        </extensions>
      </trkpt>
      <trkpt lat="54.30620111525058746337890625" lon="-8.56615173630416393280029296875">
        <ele>18.6000003814697265625</ele>
        <time>2025-12-28T15:36:45.000Z</time>
        <extensions>
          <ns3:TrackPointExtension>
            <ns3:hr>160</ns3:hr>
            <ns3:cad>85</ns3:cad>
          </ns3:TrackPointExtension>
        </extensions>
      </trkpt>
      <trkpt lat="54.306212179362773895263671875" lon="-8.5664966516196727752685546875">
        <ele>17.6000003814697265625</ele>
        <time>2025-12-28T15:36:50.000Z</time>
        <extensions>
          <ns3:TrackPointExtension>
            <ns3:hr>159</ns3:hr>
            <ns3:cad>89</ns3:cad>
          </ns3:TrackPointExtension>
        </extensions>
      </trkpt>
      <trkpt lat="54.30621963925659656524658203125" lon="-8.56662263162434101104736328125">
        <ele>17.200000762939453125</ele>
        <time>2025-12-28T15:36:52.000Z</time>
        <extensions>
          <ns3:TrackPointExtension>
            <ns3:hr>159</ns3:hr>
            <ns3:cad>88</ns3:cad>
          </ns3:TrackPointExtension>
        </extensions>
      </trkpt>
      <trkpt lat="54.3062405101954936981201171875" lon="-8.56695069931447505950927734375">
        <ele>17</ele>
        <time>2025-12-28T15:36:57.000Z</time>
        <extensions>
          <ns3:TrackPointExtension>
            <ns3:hr>159</ns3:hr>
            <ns3:cad>85</ns3:cad>
          </ns3:TrackPointExtension>
        </extensions>
      </trkpt>
      <trkpt lat="54.30624227039515972137451171875" lon="-8.56701808981597423553466796875">
        <ele>17</ele>
        <time>2025-12-28T15:36:58.000Z</time>
        <extensions>
          <ns3:TrackPointExtension>
            <ns3:hr>159</ns3:hr>
            <ns3:cad>85</ns3:cad>
          </ns3:TrackPointExtension>
        </extensions>
      </trkpt>
      <trkpt lat="54.30618577636778354644775390625" lon="-8.56732218526303768157958984375">
        <ele>16.799999237060546875</ele>
        <time>2025-12-28T15:37:03.000Z</time>
        <extensions>
          <ns3:TrackPointExtension>
            <ns3:hr>160</ns3:hr>
            <ns3:cad>84</ns3:cad>
          </ns3:TrackPointExtension>
        </extensions>
      </trkpt>
      <trkpt lat="54.30612727068364620208740234375" lon="-8.56737532652914524078369140625">
        <ele>16.6000003814697265625</ele>
        <time>2025-12-28T15:37:05.000Z</time>
        <extensions>
          <ns3:TrackPointExtension>
            <ns3:hr>161</ns3:hr>
            <ns3:cad>84</ns3:cad>
          </ns3:TrackPointExtension>
        </extensions>
      </trkpt>
      <trkpt lat="54.3060864508152008056640625" lon="-8.56738236732780933380126953125">
        <ele>16.3999996185302734375</ele>
        <time>2025-12-28T15:37:06.000Z</time>
        <extensions>
          <ns3:TrackPointExtension>
            <ns3:hr>159</ns3:hr>
            <ns3:cad>84</ns3:cad>
          </ns3:TrackPointExtension>
        </extensions>
      </trkpt>
      <trkpt lat="54.3058780767023563385009765625" lon="-8.56738488189876079559326171875">
        <ele>16.3999996185302734375</ele>
        <time>2025-12-28T15:37:11.000Z</time>
        <extensions>
          <ns3:TrackPointExtension>
            <ns3:hr>159</ns3:hr>
            <ns3:cad>84</ns3:cad>
          </ns3:TrackPointExtension>
        </extensions>
      </trkpt>
      <trkpt lat="54.30584027431905269622802734375" lon="-8.5673827864229679107666015625">
        <ele>16.3999996185302734375</ele>
        <time>2025-12-28T15:37:12.000Z</time>
        <extensions>
          <ns3:TrackPointExtension>
            <ns3:hr>159</ns3:hr>
            <ns3:cad>84</ns3:cad>
          </ns3:TrackPointExtension>
        </extensions>
      </trkpt>
      <trkpt lat="54.3057178147137165069580078125" lon="-8.56736778281629085540771484375">
        <ele>16.200000762939453125</ele>
        <time>2025-12-28T15:37:15.000Z</time>
        <extensions>
          <ns3:TrackPointExtension>
            <ns3:hr>156</ns3:hr>
            <ns3:cad>84</ns3:cad>
          </ns3:TrackPointExtension>
        </extensions>
      </trkpt>
      <trkpt lat="54.305545650422573089599609375" lon="-8.56732335872948169708251953125">
        <ele>15</ele>
        <time>2025-12-28T15:37:19.000Z</time>
        <extensions>
          <ns3:TrackPointExtension>
            <ns3:hr>156</ns3:hr>
            <ns3:cad>86</ns3:cad>
          </ns3:TrackPointExtension>
        </extensions>
      </trkpt>
      <trkpt lat="54.30536535568535327911376953125" lon="-8.5672456584870815277099609375">
        <ele>13.6000003814697265625</ele>
        <time>2025-12-28T15:37:23.000Z</time>
        <extensions>
          <ns3:TrackPointExtension>
            <ns3:hr>155</ns3:hr>
            <ns3:cad>86</ns3:cad>
          </ns3:TrackPointExtension>
        </extensions>
      </trkpt>
      <trkpt lat="54.30524147115647792816162109375" lon="-8.5671645216643810272216796875">
        <ele>12.19999980926513671875</ele>
        <time>2025-12-28T15:37:26.000Z</time>
        <extensions>
          <ns3:TrackPointExtension>
            <ns3:hr>155</ns3:hr>
            <ns3:cad>86</ns3:cad>
          </ns3:TrackPointExtension>
        </extensions>
      </trkpt>
      <trkpt lat="54.3050492741167545318603515625" lon="-8.5669918544590473175048828125">
        <ele>9.3999996185302734375</ele>
        <time>2025-12-28T15:37:31.000Z</time>
        <extensions>
          <ns3:TrackPointExtension>
            <ns3:hr>155</ns3:hr>
            <ns3:cad>86</ns3:cad>
          </ns3:TrackPointExtension>
        </extensions>
      </trkpt>
      <trkpt lat="54.30501432158052921295166015625" lon="-8.5669434070587158203125">
        <ele>9</ele>
        <time>2025-12-28T15:37:32.000Z</time>
        <extensions>
          <ns3:TrackPointExtension>
            <ns3:hr>155</ns3:hr>
            <ns3:cad>86</ns3:cad>
          </ns3:TrackPointExtension>
        </extensions>
      </trkpt>
      <trkpt lat="54.3049024231731891632080078125" lon="-8.5667031817138195037841796875">
        <ele>7.599999904632568359375</ele>
        <time>2025-12-28T15:37:36.000Z</time>
        <extensions>
          <ns3:TrackPointExtension>
            <ns3:hr>154</ns3:hr>
            <ns3:cad>86</ns3:cad>
          </ns3:TrackPointExtension>
        </extensions>
      </trkpt>
      <trkpt lat="54.3048826418817043304443359375" lon="-8.56664123944938182830810546875">
        <ele>7.599999904632568359375</ele>
        <time>2025-12-28T15:37:37.000Z</time>
        <extensions>
          <ns3:TrackPointExtension>
            <ns3:hr>154</ns3:hr>
            <ns3:cad>86</ns3:cad>
          </ns3:TrackPointExtension>
        </extensions>
      </trkpt>
      <trkpt lat="54.30486730299890041351318359375" lon="-8.566575944423675537109375">
        <ele>7.400000095367431640625</ele>
        <time>2025-12-28T15:37:38.000Z</time>
        <extensions>
          <ns3:TrackPointExtension>
            <ns3:hr>154</ns3:hr>
            <ns3:cad>86</ns3:cad>
          </ns3:TrackPointExtension>
        </extensions>
      </trkpt>
      <trkpt lat="54.30484400130808353424072265625" lon="-8.56642733328044414520263671875">
        <ele>7</ele>
        <time>2025-12-28T15:37:40.000Z</time>
        <extensions>
          <ns3:TrackPointExtension>
            <ns3:hr>153</ns3:hr>
            <ns3:cad>87</ns3:cad>
          </ns3:TrackPointExtension>
        </extensions>
      </trkpt>
      <trkpt lat="54.3048209510743618011474609375" lon="-8.56628785841166973114013671875">
        <ele>7</ele>
        <time>2025-12-28T15:37:42.000Z</time>
        <extensions>
          <ns3:TrackPointExtension>
            <ns3:hr>153</ns3:hr>
            <ns3:cad>87</ns3:cad>
          </ns3:TrackPointExtension>
        </extensions>
      </trkpt>
      <trkpt lat="54.3047585897147655487060546875" lon="-8.5659327171742916107177734375">
        <ele>7</ele>
        <time>2025-12-28T15:37:47.000Z</time>
        <extensions>
          <ns3:TrackPointExtension>
            <ns3:hr>152</ns3:hr>
            <ns3:cad>86</ns3:cad>
          </ns3:TrackPointExtension>
        </extensions>
      </trkpt>
      <trkpt lat="54.30472983978688716888427734375" lon="-8.565632812678813934326171875">
        <ele>6.80000019073486328125</ele>
        <time>2025-12-28T15:37:51.000Z</time>
        <extensions>
          <ns3:TrackPointExtension>
            <ns3:hr>152</ns3:hr>
            <ns3:cad>86</ns3:cad>
          </ns3:TrackPointExtension>
        </extensions>
      </trkpt>
      <trkpt lat="54.3047160096466541290283203125" lon="-8.56540851294994354248046875">
        <ele>6.80000019073486328125</ele>
        <time>2025-12-28T15:37:54.000Z</time>
        <extensions>
          <ns3:TrackPointExtension>
            <ns3:hr>151</ns3:hr>
            <ns3:cad>87</ns3:cad>
          </ns3:TrackPointExtension>
        </extensions>
      </trkpt>
      <trkpt lat="54.30468675680458545684814453125" lon="-8.565064854919910430908203125">
        <ele>7.19999980926513671875</ele>
        <time>2025-12-28T15:37:59.000Z</time>
        <extensions>
          <ns3:TrackPointExtension>
            <ns3:hr>152</ns3:hr>
            <ns3:cad>86</ns3:cad>
          </ns3:TrackPointExtension>
        </extensions>
      </trkpt>
      <trkpt lat="54.30468759499490261077880859375" lon="-8.56499277055263519287109375">
        <ele>7.19999980926513671875</ele>
        <time>2025-12-28T15:38:00.000Z</time>
        <extensions>
          <ns3:TrackPointExtension>
            <ns3:hr>152</ns3:hr>
            <ns3:cad>87</ns3:cad>
          </ns3:TrackPointExtension>
        </extensions>
      </trkpt>
      <trkpt lat="54.3046943843364715576171875" lon="-8.564628660678863525390625">
        <ele>7</ele>
        <time>2025-12-28T15:38:05.000Z</time>
        <extensions>
          <ns3:TrackPointExtension>
            <ns3:hr>152</ns3:hr>
            <ns3:cad>87</ns3:cad>
          </ns3:TrackPointExtension>
        </extensions>
      </trkpt>
      <trkpt lat="54.30469312705099582672119140625" lon="-8.5645574145019054412841796875">
        <ele>6.80000019073486328125</ele>
        <time>2025-12-28T15:38:06.000Z</time>
        <extensions>
          <ns3:TrackPointExtension>
            <ns3:hr>151</ns3:hr>
            <ns3:cad>87</ns3:cad>
          </ns3:TrackPointExtension>
        </extensions>
      </trkpt>
      <trkpt lat="54.30469572544097900390625" lon="-8.56418073177337646484375">
        <ele>6.400000095367431640625</ele>
        <time>2025-12-28T15:38:11.000Z</time>
        <extensions>
          <ns3:TrackPointExtension>
            <ns3:hr>151</ns3:hr>
            <ns3:cad>87</ns3:cad>
          </ns3:TrackPointExtension>
        </extensions>
      </trkpt>
      <trkpt lat="54.304686672985553741455078125" lon="-8.56400831602513790130615234375">
        <ele>6.19999980926513671875</ele>
        <time>2025-12-28T15:38:14.000Z</time>
        <extensions>
          <ns3:TrackPointExtension>
            <ns3:hr>151</ns3:hr>
            <ns3:cad>86</ns3:cad>
          </ns3:TrackPointExtension>
        </extensions>
      </trkpt>
      <trkpt lat="54.30467418394982814788818359375" lon="-8.56369416229426860809326171875">
        <ele>6</ele>
        <time>2025-12-28T15:38:19.000Z</time>
        <extensions>
          <ns3:TrackPointExtension>
            <ns3:hr>151</ns3:hr>
            <ns3:cad>86</ns3:cad>
          </ns3:TrackPointExtension>
        </extensions>
      </trkpt>
      <trkpt lat="54.3046787939965724945068359375" lon="-8.56362819671630859375">
        <ele>6.19999980926513671875</ele>
        <time>2025-12-28T15:38:20.000Z</time>
        <extensions>
          <ns3:TrackPointExtension>
            <ns3:hr>151</ns3:hr>
            <ns3:cad>85</ns3:cad>
          </ns3:TrackPointExtension>
        </extensions>
      </trkpt>
      <trkpt lat="54.30468407459557056427001953125" lon="-8.5635546036064624786376953125">
        <ele>6.19999980926513671875</ele>
        <time>2025-12-28T15:38:21.000Z</time>
        <extensions>
          <ns3:TrackPointExtension>
            <ns3:hr>151</ns3:hr>
            <ns3:cad>85</ns3:cad>
          </ns3:TrackPointExtension>
        </extensions>
      </trkpt>
      <trkpt lat="54.3046704120934009552001953125" lon="-8.56320667080581188201904296875">
        <ele>6</ele>
        <time>2025-12-28T15:38:26.000Z</time>
        <extensions>
          <ns3:TrackPointExtension>
            <ns3:hr>151</ns3:hr>
            <ns3:cad>86</ns3:cad>
          </ns3:TrackPointExtension>
        </extensions>
      </trkpt>
      <trkpt lat="54.30465037934482097625732421875" lon="-8.56292973272502422332763671875">
        <ele>5.80000019073486328125</ele>
        <time>2025-12-28T15:38:30.000Z</time>
        <extensions>
          <ns3:TrackPointExtension>
            <ns3:hr>152</ns3:hr>
            <ns3:cad>86</ns3:cad>
          </ns3:TrackPointExtension>
        </extensions>
      </trkpt>
      <trkpt lat="54.30464065633714199066162109375" lon="-8.56260485015809535980224609375">
        <ele>5.599999904632568359375</ele>
        <time>2025-12-28T15:38:35.000Z</time>
        <extensions>
          <ns3:TrackPointExtension>
            <ns3:hr>152</ns3:hr>
            <ns3:cad>86</ns3:cad>
          </ns3:TrackPointExtension>
        </extensions>
      </trkpt>
      <trkpt lat="54.30463445372879505157470703125" lon="-8.56235884130001068115234375">
        <ele>5.599999904632568359375</ele>
        <time>2025-12-28T15:38:39.000Z</time>
        <extensions>
          <ns3:TrackPointExtension>
            <ns3:hr>152</ns3:hr>
            <ns3:cad>86</ns3:cad>
          </ns3:TrackPointExtension>
        </extensions>
      </trkpt>
      <trkpt lat="54.30462975986301898956298828125" lon="-8.56229052878916263580322265625">
        <ele>5.400000095367431640625</ele>
        <time>2025-12-28T15:38:40.000Z</time>
        <extensions>
          <ns3:TrackPointExtension>
            <ns3:hr>152</ns3:hr>
            <ns3:cad>87</ns3:cad>
          </ns3:TrackPointExtension>
        </extensions>
      </trkpt>
      <trkpt lat="54.304636381566524505615234375" lon="-8.5619908757507801055908203125">
        <ele>5.599999904632568359375</ele>
        <time>2025-12-28T15:38:45.000Z</time>
        <extensions>
          <ns3:TrackPointExtension>
            <ns3:hr>154</ns3:hr>
            <ns3:cad>85</ns3:cad>
          </ns3:TrackPointExtension>
        </extensions>
      </trkpt>
      <trkpt lat="54.3046697415411472320556640625" lon="-8.56166607700288295745849609375">
        <ele>6</ele>
        <time>2025-12-28T15:38:50.000Z</time>
        <extensions>
          <ns3:TrackPointExtension>
            <ns3:hr>154</ns3:hr>
            <ns3:cad>86</ns3:cad>
          </ns3:TrackPointExtension>
        </extensions>
      </trkpt>
      <trkpt lat="54.3046710826456546783447265625" lon="-8.5614665038883686065673828125">
        <ele>6</ele>
        <time>2025-12-28T15:38:53.000Z</time>
        <extensions>
          <ns3:TrackPointExtension>
            <ns3:hr>155</ns3:hr>
            <ns3:cad>87</ns3:cad>
          </ns3:TrackPointExtension>
        </extensions>
      </trkpt>
      <trkpt lat="54.3046965636312961578369140625" lon="-8.56115863658487796783447265625">
        <ele>6.400000095367431640625</ele>
        <time>2025-12-28T15:38:58.000Z</time>
        <extensions>
          <ns3:TrackPointExtension>
            <ns3:hr>155</ns3:hr>
            <ns3:cad>87</ns3:cad>
          </ns3:TrackPointExtension>
        </extensions>
      </trkpt>
      <trkpt lat="54.30471760220825672149658203125" lon="-8.56093366630375385284423828125">
        <ele>5.80000019073486328125</ele>
        <time>2025-12-28T15:39:02.000Z</time>
        <extensions>
          <ns3:TrackPointExtension>
            <ns3:hr>156</ns3:hr>
            <ns3:cad>86</ns3:cad>
          </ns3:TrackPointExtension>
        </extensions>
      </trkpt>
      <trkpt lat="54.30474861524999141693115234375" lon="-8.56057114899158477783203125">
        <ele>5.80000019073486328125</ele>
        <time>2025-12-28T15:39:08.000Z</time>
        <extensions>
          <ns3:TrackPointExtension>
            <ns3:hr>157</ns3:hr>
            <ns3:cad>85</ns3:cad>
          </ns3:TrackPointExtension>
        </extensions>
      </trkpt>
      <trkpt lat="54.30476755835115909576416015625" lon="-8.56038649566471576690673828125">
        <ele>5.80000019073486328125</ele>
        <time>2025-12-28T15:39:11.000Z</time>
        <extensions>
          <ns3:TrackPointExtension>
            <ns3:hr>158</ns3:hr>
            <ns3:cad>86</ns3:cad>
          </ns3:TrackPointExtension>
        </extensions>
      </trkpt>
      <trkpt lat="54.30480376817286014556884765625" lon="-8.56003470718860626220703125">
        <ele>5</ele>
        <time>2025-12-28T15:39:17.000Z</time>
        <extensions>
          <ns3:TrackPointExtension>
            <ns3:hr>159</ns3:hr>
            <ns3:cad>85</ns3:cad>
          </ns3:TrackPointExtension>
        </extensions>
      </trkpt>
      <trkpt lat="54.30484416894614696502685546875" lon="-8.55972281657159328460693359375">
        <ele>5.19999980926513671875</ele>
        <time>2025-12-28T15:39:22.000Z</time>
        <extensions>
          <ns3:TrackPointExtension>
            <ns3:hr>158</ns3:hr>
            <ns3:cad>86</ns3:cad>
          </ns3:TrackPointExtension>
        </extensions>
      </trkpt>
      <trkpt lat="54.30489362217485904693603515625" lon="-8.55942173860967159271240234375">
        <ele>5.400000095367431640625</ele>
        <time>2025-12-28T15:39:27.000Z</time>
        <extensions>
          <ns3:TrackPointExtension>
            <ns3:hr>159</ns3:hr>
            <ns3:cad>87</ns3:cad>
          </ns3:TrackPointExtension>
        </extensions>
      </trkpt>
      <trkpt lat="54.30494911037385463714599609375" lon="-8.55910976417362689971923828125">
        <ele>5.19999980926513671875</ele>
        <time>2025-12-28T15:39:32.000Z</time>
        <extensions>
          <ns3:TrackPointExtension>
            <ns3:hr>159</ns3:hr>
            <ns3:cad>87</ns3:cad>
          </ns3:TrackPointExtension>
        </extensions>
      </trkpt>
      <trkpt lat="54.3049584142863750457763671875" lon="-8.5590562038123607635498046875">
        <ele>5.599999904632568359375</ele>
        <time>2025-12-28T15:39:33.000Z</time>
        <extensions>
          <ns3:TrackPointExtension>
            <ns3:hr>160</ns3:hr>
            <ns3:cad>87</ns3:cad>
          </ns3:TrackPointExtension>
        </extensions>
      </trkpt>
      <trkpt lat="54.30501230992376804351806640625" lon="-8.5587618313729763031005859375">
        <ele>6</ele>
        <time>2025-12-28T15:39:38.000Z</time>
        <extensions>
          <ns3:TrackPointExtension>
            <ns3:hr>160</ns3:hr>
            <ns3:cad>87</ns3:cad>
          </ns3:TrackPointExtension>
        </extensions>
      </trkpt>
      <trkpt lat="54.30506545118987560272216796875" lon="-8.55843250639736652374267578125">
        <ele>4.599999904632568359375</ele>
        <time>2025-12-28T15:39:44.000Z</time>
        <extensions>
          <ns3:TrackPointExtension>
            <ns3:hr>159</ns3:hr>
            <ns3:cad>87</ns3:cad>
          </ns3:TrackPointExtension>
        </extensions>
      </trkpt>
      <trkpt lat="54.3050752580165863037109375" lon="-8.55837668292224407196044921875">
        <ele>3.7999999523162841796875</ele>
        <time>2025-12-28T15:39:45.000Z</time>
        <extensions>
          <ns3:TrackPointExtension>
            <ns3:hr>160</ns3:hr>
            <ns3:cad>87</ns3:cad>
          </ns3:TrackPointExtension>
        </extensions>
      </trkpt>
      <trkpt lat="54.30513887666165828704833984375" lon="-8.55803310871124267578125">
        <ele>3.400000095367431640625</ele>
        <time>2025-12-28T15:39:51.000Z</time>
        <extensions>
          <ns3:TrackPointExtension>
            <ns3:hr>160</ns3:hr>
            <ns3:cad>87</ns3:cad>
          </ns3:TrackPointExtension>
        </extensions>
      </trkpt>
      <trkpt lat="54.3051713146269321441650390625" lon="-8.5578458569943904876708984375">
        <ele>0</ele>
        <time>2025-12-28T15:39:54.000Z</time>
        <extensions>
          <ns3:TrackPointExtension>
            <ns3:hr>159</ns3:hr>
            <ns3:cad>86</ns3:cad>
          </ns3:TrackPointExtension>
        </extensions>
      </trkpt>
      <trkpt lat="54.3052254617214202880859375" lon="-8.55754855088889598846435546875">
        <ele>0</ele>
        <time>2025-12-28T15:39:59.000Z</time>
        <extensions>
          <ns3:TrackPointExtension>
            <ns3:hr>158</ns3:hr>
            <ns3:cad>87</ns3:cad>
          </ns3:TrackPointExtension>
        </extensions>
      </trkpt>
      <trkpt lat="54.30526913143694400787353515625" lon="-8.55731184594333171844482421875">
        <ele>1.2000000476837158203125</ele>
        <time>2025-12-28T15:40:03.000Z</time>
        <extensions>
          <ns3:TrackPointExtension>
            <ns3:hr>158</ns3:hr>
            <ns3:cad>88</ns3:cad>
          </ns3:TrackPointExtension>
        </extensions>
      </trkpt>
      <trkpt lat="54.3053312413394451141357421875" lon="-8.55698679573833942413330078125">
        <ele>2.7999999523162841796875</ele>
        <time>2025-12-28T15:40:08.000Z</time>
        <extensions>
          <ns3:TrackPointExtension>
            <ns3:hr>158</ns3:hr>
            <ns3:cad>87</ns3:cad>
          </ns3:TrackPointExtension>
        </extensions>
      </trkpt>
      <trkpt lat="54.305380694568157196044921875" lon="-8.55667767114937305450439453125">
        <ele>4</ele>
        <time>2025-12-28T15:40:13.000Z</time>
        <extensions>
          <ns3:TrackPointExtension>
            <ns3:hr>157</ns3:hr>
            <ns3:cad>88</ns3:cad>
          </ns3:TrackPointExtension>
        </extensions>
      </trkpt>
      <trkpt lat="54.3054056726396083831787109375" lon="-8.55647130869328975677490234375">
        <ele>4</ele>
        <time>2025-12-28T15:40:16.000Z</time>
        <extensions>
          <ns3:TrackPointExtension>
            <ns3:hr>156</ns3:hr>
            <ns3:cad>88</ns3:cad>
          </ns3:TrackPointExtension>
        </extensions>
      </trkpt>
      <trkpt lat="54.30546526797115802764892578125" lon="-8.5561634413897991180419921875">
        <ele>4.400000095367431640625</ele>
        <time>2025-12-28T15:40:21.000Z</time>
        <extensions>
          <ns3:TrackPointExtension>
            <ns3:hr>155</ns3:hr>
            <ns3:cad>88</ns3:cad>
          </ns3:TrackPointExtension>
        </extensions>
      </trkpt>
      <trkpt lat="54.30548186413943767547607421875" lon="-8.55604047887027263641357421875">
        <ele>4.400000095367431640625</ele>
        <time>2025-12-28T15:40:23.000Z</time>
        <extensions>
          <ns3:TrackPointExtension>
            <ns3:hr>155</ns3:hr>
            <ns3:cad>88</ns3:cad>
          </ns3:TrackPointExtension>
        </extensions>
      </trkpt>
      <trkpt lat="54.3055381067097187042236328125" lon="-8.55572498403489589691162109375">
        <ele>4.19999980926513671875</ele>
        <time>2025-12-28T15:40:28.000Z</time>
        <extensions>
          <ns3:TrackPointExtension>
            <ns3:hr>154</ns3:hr>
            <ns3:cad>86</ns3:cad>
          </ns3:TrackPointExtension>
        </extensions>
      </trkpt>
      <trkpt lat="54.3055870570242404937744140625" lon="-8.55541351251304149627685546875">
        <ele>4</ele>
        <time>2025-12-28T15:40:33.000Z</time>
        <extensions>
          <ns3:TrackPointExtension>
            <ns3:hr>154</ns3:hr>
            <ns3:cad>87</ns3:cad>
          </ns3:TrackPointExtension>
        </extensions>
      </trkpt>
      <trkpt lat="54.30563625879585742950439453125" lon="-8.555074632167816162109375">
        <ele>3.400000095367431640625</ele>
        <time>2025-12-28T15:40:39.000Z</time>
        <extensions>
          <ns3:TrackPointExtension>
            <ns3:hr>154</ns3:hr>
            <ns3:cad>86</ns3:cad>
          </ns3:TrackPointExtension>
        </extensions>
      </trkpt>
      <trkpt lat="54.30565754882991313934326171875" lon="-8.554961979389190673828125">
        <ele>3.599999904632568359375</ele>
        <time>2025-12-28T15:40:41.000Z</time>
        <extensions>
          <ns3:TrackPointExtension>
            <ns3:hr>154</ns3:hr>
            <ns3:cad>86</ns3:cad>
          </ns3:TrackPointExtension>
        </extensions>
      </trkpt>
      <trkpt lat="54.30570884607732295989990234375" lon="-8.554659225046634674072265625">
        <ele>3.7999999523162841796875</ele>
        <time>2025-12-28T15:40:46.000Z</time>
        <extensions>
          <ns3:TrackPointExtension>
            <ns3:hr>155</ns3:hr>
            <ns3:cad>86</ns3:cad>
          </ns3:TrackPointExtension>
        </extensions>
      </trkpt>
      <trkpt lat="54.3057597242295742034912109375" lon="-8.55437281541526317596435546875">
        <ele>4</ele>
        <time>2025-12-28T15:40:51.000Z</time>
        <extensions>
          <ns3:TrackPointExtension>
            <ns3:hr>156</ns3:hr>
            <ns3:cad>86</ns3:cad>
          </ns3:TrackPointExtension>
        </extensions>
      </trkpt>
      <trkpt lat="54.30581261403858661651611328125" lon="-8.55407257564365863800048828125">
        <ele>4.19999980926513671875</ele>
        <time>2025-12-28T15:40:56.000Z</time>
        <extensions>
          <ns3:TrackPointExtension>
            <ns3:hr>155</ns3:hr>
            <ns3:cad>86</ns3:cad>
          </ns3:TrackPointExtension>
        </extensions>
      </trkpt>
      <trkpt lat="54.305867850780487060546875" lon="-8.55378876440227031707763671875">
        <ele>4.599999904632568359375</ele>
        <time>2025-12-28T15:41:01.000Z</time>
        <extensions>
          <ns3:TrackPointExtension>
            <ns3:hr>156</ns3:hr>
            <ns3:cad>87</ns3:cad>
          </ns3:TrackPointExtension>
        </extensions>
      </trkpt>
      <trkpt lat="54.30591923184692859649658203125" lon="-8.5534517280757427215576171875">
        <ele>4.599999904632568359375</ele>
        <time>2025-12-28T15:41:07.000Z</time>
        <extensions>
          <ns3:TrackPointExtension>
            <ns3:hr>158</ns3:hr>
            <ns3:cad>87</ns3:cad>
          </ns3:TrackPointExtension>
        </extensions>
      </trkpt>
      <trkpt lat="54.30594228208065032958984375" lon="-8.5533357225358486175537109375">
        <ele>4.80000019073486328125</ele>
        <time>2025-12-28T15:41:09.000Z</time>
        <extensions>
          <ns3:TrackPointExtension>
            <ns3:hr>158</ns3:hr>
            <ns3:cad>87</ns3:cad>
          </ns3:TrackPointExtension>
        </extensions>
      </trkpt>
      <trkpt lat="54.30599902756512165069580078125" lon="-8.552998937666416168212890625">
        <ele>4.19999980926513671875</ele>
        <time>2025-12-28T15:41:15.000Z</time>
        <extensions>
          <ns3:TrackPointExtension>
            <ns3:hr>159</ns3:hr>
            <ns3:cad>87</ns3:cad>
          </ns3:TrackPointExtension>
        </extensions>
      </trkpt>
      <trkpt lat="54.30602618493139743804931640625" lon="-8.55282518081367015838623046875">
        <ele>3.7999999523162841796875</ele>
        <time>2025-12-28T15:41:18.000Z</time>
        <extensions>
          <ns3:TrackPointExtension>
            <ns3:hr>159</ns3:hr>
            <ns3:cad>86</ns3:cad>
          </ns3:TrackPointExtension>
        </extensions>
      </trkpt>
      <trkpt lat="54.3060671724379062652587890625" lon="-8.55252175591886043548583984375">
        <ele>4.19999980926513671875</ele>
        <time>2025-12-28T15:41:23.000Z</time>
        <extensions>
          <ns3:TrackPointExtension>
            <ns3:hr>158</ns3:hr>
            <ns3:cad>87</ns3:cad>
          </ns3:TrackPointExtension>
        </extensions>
      </trkpt>
      <trkpt lat="54.30610195733606815338134765625" lon="-8.55225789360702037811279296875">
        <ele>3.599999904632568359375</ele>
        <time>2025-12-28T15:41:27.000Z</time>
        <extensions>
          <ns3:TrackPointExtension>
            <ns3:hr>158</ns3:hr>
            <ns3:cad>87</ns3:cad>
          </ns3:TrackPointExtension>
        </extensions>
      </trkpt>
      <trkpt lat="54.30613347329199314117431640625" lon="-8.5519433207809925079345703125">
        <ele>3.7999999523162841796875</ele>
        <time>2025-12-28T15:41:32.000Z</time>
        <extensions>
          <ns3:TrackPointExtension>
            <ns3:hr>157</ns3:hr>
            <ns3:cad>88</ns3:cad>
          </ns3:TrackPointExtension>
        </extensions>
      </trkpt>
      <trkpt lat="54.3061535060405731201171875" lon="-8.5516727529466152191162109375">
        <ele>4.80000019073486328125</ele>
        <time>2025-12-28T15:41:36.000Z</time>
        <extensions>
          <ns3:TrackPointExtension>
            <ns3:hr>156</ns3:hr>
            <ns3:cad>87</ns3:cad>
          </ns3:TrackPointExtension>
        </extensions>
      </trkpt>
      <trkpt lat="54.30615375749766826629638671875" lon="-8.5513301007449626922607421875">
        <ele>5</ele>
        <time>2025-12-28T15:41:41.000Z</time>
        <extensions>
          <ns3:TrackPointExtension>
            <ns3:hr>155</ns3:hr>
            <ns3:cad>89</ns3:cad>
          </ns3:TrackPointExtension>
        </extensions>
      </trkpt>
      <trkpt lat="54.30615610443055629730224609375" lon="-8.551184423267841339111328125">
        <ele>5</ele>
        <time>2025-12-28T15:41:43.000Z</time>
        <extensions>
          <ns3:TrackPointExtension>
            <ns3:hr>154</ns3:hr>
            <ns3:cad>88</ns3:cad>
          </ns3:TrackPointExtension>
        </extensions>
      </trkpt>
      <trkpt lat="54.30615023709833621978759765625" lon="-8.55083900503814220428466796875">
        <ele>6</ele>
        <time>2025-12-28T15:41:48.000Z</time>
        <extensions>
          <ns3:TrackPointExtension>
            <ns3:hr>155</ns3:hr>
            <ns3:cad>87</ns3:cad>
          </ns3:TrackPointExtension>
        </extensions>
      </trkpt>
      <trkpt lat="54.30614889599382877349853515625" lon="-8.5504962690174579620361328125">
        <ele>7.19999980926513671875</ele>
        <time>2025-12-28T15:41:53.000Z</time>
        <extensions>
          <ns3:TrackPointExtension>
            <ns3:hr>154</ns3:hr>
            <ns3:cad>88</ns3:cad>
          </ns3:TrackPointExtension>
        </extensions>
      </trkpt>
      <trkpt lat="54.30614789016544818878173828125" lon="-8.55042896233499050140380859375">
        <ele>7.400000095367431640625</ele>
        <time>2025-12-28T15:41:54.000Z</time>
        <extensions>
          <ns3:TrackPointExtension>
            <ns3:hr>154</ns3:hr>
            <ns3:cad>88</ns3:cad>
          </ns3:TrackPointExtension>
        </extensions>
      </trkpt>
      <trkpt lat="54.3061429448425769805908203125" lon="-8.5500993020832538604736328125">
        <ele>7.599999904632568359375</ele>
        <time>2025-12-28T15:41:59.000Z</time>
        <extensions>
          <ns3:TrackPointExtension>
            <ns3:hr>155</ns3:hr>
            <ns3:cad>88</ns3:cad>
          </ns3:TrackPointExtension>
        </extensions>
      </trkpt>
      <trkpt lat="54.30613934062421321868896484375" lon="-8.5499558039009571075439453125">
        <ele>7.80000019073486328125</ele>
        <time>2025-12-28T15:42:01.000Z</time>
        <extensions>
          <ns3:TrackPointExtension>
            <ns3:hr>157</ns3:hr>
            <ns3:cad>88</ns3:cad>
          </ns3:TrackPointExtension>
        </extensions>
      </trkpt>
      <trkpt lat="54.30610916577279567718505859375" lon="-8.54963184334337711334228515625">
        <ele>7.80000019073486328125</ele>
        <time>2025-12-28T15:42:06.000Z</time>
        <extensions>
          <ns3:TrackPointExtension>
            <ns3:hr>157</ns3:hr>
            <ns3:cad>88</ns3:cad>
          </ns3:TrackPointExtension>
        </extensions>
      </trkpt>
      <trkpt lat="54.30608452297747135162353515625" lon="-8.54943470098078250885009765625">
        <ele>7.400000095367431640625</ele>
        <time>2025-12-28T15:42:09.000Z</time>
        <extensions>
          <ns3:TrackPointExtension>
            <ns3:hr>158</ns3:hr>
            <ns3:cad>87</ns3:cad>
          </ns3:TrackPointExtension>
        </extensions>
      </trkpt>
      <trkpt lat="54.306044541299343109130859375" lon="-8.5491053760051727294921875">
        <ele>7.19999980926513671875</ele>
        <time>2025-12-28T15:42:14.000Z</time>
        <extensions>
          <ns3:TrackPointExtension>
            <ns3:hr>158</ns3:hr>
            <ns3:cad>87</ns3:cad>
          </ns3:TrackPointExtension>
        </extensions>
      </trkpt>
      <trkpt lat="54.30602517910301685333251953125" lon="-8.54898744262754917144775390625">
        <ele>7.400000095367431640625</ele>
        <time>2025-12-28T15:42:16.000Z</time>
        <extensions>
          <ns3:TrackPointExtension>
            <ns3:hr>159</ns3:hr>
            <ns3:cad>87</ns3:cad>
          </ns3:TrackPointExtension>
        </extensions>
      </trkpt>
      <trkpt lat="54.30599785409867763519287109375" lon="-8.54867915622889995574951171875">
        <ele>8.19999980926513671875</ele>
        <time>2025-12-28T15:42:21.000Z</time>
        <extensions>
          <ns3:TrackPointExtension>
            <ns3:hr>160</ns3:hr>
            <ns3:cad>87</ns3:cad>
          </ns3:TrackPointExtension>
        </extensions>
      </trkpt>
      <trkpt lat="54.30597756989300251007080078125" lon="-8.54851420037448406219482421875">
        <ele>8.19999980926513671875</ele>
        <time>2025-12-28T15:42:24.000Z</time>
        <extensions>
          <ns3:TrackPointExtension>
            <ns3:hr>159</ns3:hr>
            <ns3:cad>87</ns3:cad>
          </ns3:TrackPointExtension>
        </extensions>
      </trkpt>
      <trkpt lat="54.30594337172806262969970703125" lon="-8.5482026450335979461669921875">
        <ele>7.80000019073486328125</ele>
        <time>2025-12-28T15:42:29.000Z</time>
        <extensions>
          <ns3:TrackPointExtension>
            <ns3:hr>160</ns3:hr>
            <ns3:cad>86</ns3:cad>
          </ns3:TrackPointExtension>
        </extensions>
      </trkpt>
      <trkpt lat="54.30593716911971569061279296875" lon="-8.54813667945563793182373046875">
        <ele>7.80000019073486328125</ele>
        <time>2025-12-28T15:42:30.000Z</time>
        <extensions>
          <ns3:TrackPointExtension>
            <ns3:hr>160</ns3:hr>
            <ns3:cad>86</ns3:cad>
          </ns3:TrackPointExtension>
        </extensions>
      </trkpt>
      <trkpt lat="54.3059109337627887725830078125" lon="-8.54778078384697437286376953125">
        <ele>8.3999996185302734375</ele>
        <time>2025-12-28T15:42:36.000Z</time>
        <extensions>
          <ns3:TrackPointExtension>
            <ns3:hr>160</ns3:hr>
            <ns3:cad>87</ns3:cad>
          </ns3:TrackPointExtension>
        </extensions>
      </trkpt>
      <trkpt lat="54.305899702012538909912109375" lon="-8.54765756987035274505615234375">
        <ele>8.80000019073486328125</ele>
        <time>2025-12-28T15:42:38.000Z</time>
        <extensions>
          <ns3:TrackPointExtension>
            <ns3:hr>160</ns3:hr>
            <ns3:cad>87</ns3:cad>
          </ns3:TrackPointExtension>
        </extensions>
      </trkpt>
      <trkpt lat="54.30586441420018672943115234375" lon="-8.54734878055751323699951171875">
        <ele>9</ele>
        <time>2025-12-28T15:42:43.000Z</time>
        <extensions>
          <ns3:TrackPointExtension>
            <ns3:hr>159</ns3:hr>
            <ns3:cad>87</ns3:cad>
          </ns3:TrackPointExtension>
        </extensions>
      </trkpt>
      <trkpt lat="54.30585904978215694427490234375" lon="-8.547285832464694976806640625">
        <ele>8.80000019073486328125</ele>
        <time>2025-12-28T15:42:44.000Z</time>
        <extensions>
          <ns3:TrackPointExtension>
            <ns3:hr>160</ns3:hr>
            <ns3:cad>87</ns3:cad>
          </ns3:TrackPointExtension>
        </extensions>
      </trkpt>
      <trkpt lat="54.3058264441788196563720703125" lon="-8.54697125963866710662841796875">
        <ele>8.6000003814697265625</ele>
        <time>2025-12-28T15:42:49.000Z</time>
        <extensions>
          <ns3:TrackPointExtension>
            <ns3:hr>158</ns3:hr>
            <ns3:cad>87</ns3:cad>
          </ns3:TrackPointExtension>
        </extensions>
      </trkpt>
      <trkpt lat="54.3058210797607898712158203125" lon="-8.54679339565336704254150390625">
        <ele>8.3999996185302734375</ele>
        <time>2025-12-28T15:42:52.000Z</time>
        <extensions>
          <ns3:TrackPointExtension>
            <ns3:hr>157</ns3:hr>
            <ns3:cad>87</ns3:cad>
          </ns3:TrackPointExtension>
        </extensions>
      </trkpt>
      <trkpt lat="54.305803813040256500244140625" lon="-8.54643766768276691436767578125">
        <ele>9.19999980926513671875</ele>
        <time>2025-12-28T15:42:58.000Z</time>
        <extensions>
          <ns3:TrackPointExtension>
            <ns3:hr>157</ns3:hr>
            <ns3:cad>86</ns3:cad>
          </ns3:TrackPointExtension>
        </extensions>
      </trkpt>
      <trkpt lat="54.30579601787030696868896484375" lon="-8.54630288667976856231689453125">
        <ele>9.19999980926513671875</ele>
        <time>2025-12-28T15:43:00.000Z</time>
        <extensions>
          <ns3:TrackPointExtension>
            <ns3:hr>157</ns3:hr>
            <ns3:cad>86</ns3:cad>
          </ns3:TrackPointExtension>
        </extensions>
      </trkpt>
      <trkpt lat="54.3057714588940143585205078125" lon="-8.54594447650015354156494140625">
        <ele>10.19999980926513671875</ele>
        <time>2025-12-28T15:43:06.000Z</time>
        <extensions>
          <ns3:TrackPointExtension>
            <ns3:hr>157</ns3:hr>
            <ns3:cad>85</ns3:cad>
          </ns3:TrackPointExtension>
        </extensions>
      </trkpt>
      <trkpt lat="54.30575410835444927215576171875" lon="-8.5458416305482387542724609375">
        <ele>10.80000019073486328125</ele>
        <time>2025-12-28T15:43:08.000Z</time>
        <extensions>
          <ns3:TrackPointExtension>
            <ns3:hr>157</ns3:hr>
            <ns3:cad>86</ns3:cad>
          </ns3:TrackPointExtension>
        </extensions>
      </trkpt>
      <trkpt lat="54.3057164736092090606689453125" lon="-8.54552663862705230712890625">
        <ele>11.6000003814697265625</ele>
        <time>2025-12-28T15:43:14.000Z</time>
        <extensions>
          <ns3:TrackPointExtension>
            <ns3:hr>157</ns3:hr>
            <ns3:cad>86</ns3:cad>
          </ns3:TrackPointExtension>
        </extensions>
      </trkpt>
      <trkpt lat="54.30571001954376697540283203125" lon="-8.5453583300113677978515625">
        <ele>12.19999980926513671875</ele>
        <time>2025-12-28T15:43:17.000Z</time>
        <extensions>
          <ns3:TrackPointExtension>
            <ns3:hr>157</ns3:hr>
            <ns3:cad>85</ns3:cad>
          </ns3:TrackPointExtension>
        </extensions>
      </trkpt>
      <trkpt lat="54.3056762404739856719970703125" lon="-8.54505063034594058990478515625">
        <ele>12.19999980926513671875</ele>
        <time>2025-12-28T15:43:23.000Z</time>
        <extensions>
          <ns3:TrackPointExtension>
            <ns3:hr>158</ns3:hr>
            <ns3:cad>84</ns3:cad>
          </ns3:TrackPointExtension>
        </extensions>
      </trkpt>
      <trkpt lat="54.305673055350780487060546875" lon="-8.544993214309215545654296875">
        <ele>12.3999996185302734375</ele>
        <time>2025-12-28T15:43:24.000Z</time>
        <extensions>
          <ns3:TrackPointExtension>
            <ns3:hr>158</ns3:hr>
            <ns3:cad>85</ns3:cad>
          </ns3:TrackPointExtension>
        </extensions>
      </trkpt>
      <trkpt lat="54.3056412041187286376953125" lon="-8.54466355405747890472412109375">
        <ele>13</ele>
        <time>2025-12-28T15:43:30.000Z</time>
        <extensions>
          <ns3:TrackPointExtension>
            <ns3:hr>159</ns3:hr>
            <ns3:cad>86</ns3:cad>
          </ns3:TrackPointExtension>
        </extensions>
      </trkpt>
      <trkpt lat="54.30563273839652538299560546875" lon="-8.54461577720940113067626953125">
        <ele>13</ele>
        <time>2025-12-28T15:43:31.000Z</time>
        <extensions>
          <ns3:TrackPointExtension>
            <ns3:hr>159</ns3:hr>
            <ns3:cad>86</ns3:cad>
          </ns3:TrackPointExtension>
        </extensions>
      </trkpt>
      <trkpt lat="54.3055875599384307861328125" lon="-8.54427698068320751190185546875">
        <ele>13</ele>
        <time>2025-12-28T15:43:37.000Z</time>
        <extensions>
          <ns3:TrackPointExtension>
            <ns3:hr>159</ns3:hr>
            <ns3:cad>86</ns3:cad>
          </ns3:TrackPointExtension>
        </extensions>
      </trkpt>
      <trkpt lat="54.3055795133113861083984375" lon="-8.54422048665583133697509765625">
        <ele>13.19999980926513671875</ele>
        <time>2025-12-28T15:43:38.000Z</time>
        <extensions>
          <ns3:TrackPointExtension>
            <ns3:hr>159</ns3:hr>
            <ns3:cad>86</ns3:cad>
          </ns3:TrackPointExtension>
        </extensions>
      </trkpt>
      <trkpt lat="54.305545650422573089599609375" lon="-8.543864674866199493408203125">
        <ele>13.3999996185302734375</ele>
        <time>2025-12-28T15:43:44.000Z</time>
        <extensions>
          <ns3:TrackPointExtension>
            <ns3:hr>159</ns3:hr>
            <ns3:cad>87</ns3:cad>
          </ns3:TrackPointExtension>
        </extensions>
      </trkpt>
      <trkpt lat="54.30553768761456012725830078125" lon="-8.5437451489269733428955078125">
        <ele>13.6000003814697265625</ele>
        <time>2025-12-28T15:43:46.000Z</time>
        <extensions>
          <ns3:TrackPointExtension>
            <ns3:hr>159</ns3:hr>
            <ns3:cad>87</ns3:cad>
          </ns3:TrackPointExtension>
        </extensions>
      </trkpt>
      <trkpt lat="54.30553450249135494232177734375" lon="-8.5433988086879253387451171875">
        <ele>15</ele>
        <time>2025-12-28T15:43:51.000Z</time>
        <extensions>
          <ns3:TrackPointExtension>
            <ns3:hr>158</ns3:hr>
            <ns3:cad>85</ns3:cad>
          </ns3:TrackPointExtension>
        </extensions>
      </trkpt>
      <trkpt lat="54.30550432763993740081787109375" lon="-8.5432903468608856201171875">
        <ele>15</ele>
        <time>2025-12-28T15:43:53.000Z</time>
        <extensions>
          <ns3:TrackPointExtension>
            <ns3:hr>158</ns3:hr>
            <ns3:cad>85</ns3:cad>
          </ns3:TrackPointExtension>
        </extensions>
      </trkpt>
      <trkpt lat="54.3054254539310932159423828125" lon="-8.54304567910730838775634765625">
        <ele>15</ele>
        <time>2025-12-28T15:43:58.000Z</time>
        <extensions>
          <ns3:TrackPointExtension>
            <ns3:hr>158</ns3:hr>
            <ns3:cad>85</ns3:cad>
          </ns3:TrackPointExtension>
        </extensions>
      </trkpt>
      <trkpt lat="54.30537457577884197235107421875" lon="-8.5427041165530681610107421875">
        <ele>15.6000003814697265625</ele>
        <time>2025-12-28T15:44:04.000Z</time>
        <extensions>
          <ns3:TrackPointExtension>
            <ns3:hr>157</ns3:hr>
            <ns3:cad>86</ns3:cad>
          </ns3:TrackPointExtension>
        </extensions>
      </trkpt>
      <trkpt lat="54.3053684569895267486572265625" lon="-8.5426464490592479705810546875">
        <ele>15.6000003814697265625</ele>
        <time>2025-12-28T15:44:05.000Z</time>
        <extensions>
          <ns3:TrackPointExtension>
            <ns3:hr>157</ns3:hr>
            <ns3:cad>86</ns3:cad>
          </ns3:TrackPointExtension>
        </extensions>
      </trkpt>
      <trkpt lat="54.3053064309060573577880859375" lon="-8.54241401888430118560791015625">
        <ele>15.19999980926513671875</ele>
        <time>2025-12-28T15:44:10.000Z</time>
        <extensions>
          <ns3:TrackPointExtension>
            <ns3:hr>156</ns3:hr>
            <ns3:cad>86</ns3:cad>
          </ns3:TrackPointExtension>
        </extensions>
      </trkpt>
      <trkpt lat="54.305255971848964691162109375" lon="-8.542099781334400177001953125">
        <ele>15.19999980926513671875</ele>
        <time>2025-12-28T15:44:15.000Z</time>
        <extensions>
          <ns3:TrackPointExtension>
            <ns3:hr>157</ns3:hr>
            <ns3:cad>87</ns3:cad>
          </ns3:TrackPointExtension>
        </extensions>
      </trkpt>
      <trkpt lat="54.3052496016025543212890625" lon="-8.54197916574776172637939453125">
        <ele>15.19999980926513671875</ele>
        <time>2025-12-28T15:44:17.000Z</time>
        <extensions>
          <ns3:TrackPointExtension>
            <ns3:hr>156</ns3:hr>
            <ns3:cad>88</ns3:cad>
          </ns3:TrackPointExtension>
        </extensions>
      </trkpt>
      <trkpt lat="54.3052058480679988861083984375" lon="-8.54165084660053253173828125">
        <ele>15</ele>
        <time>2025-12-28T15:44:22.000Z</time>
        <extensions>
          <ns3:TrackPointExtension>
            <ns3:hr>155</ns3:hr>
            <ns3:cad>87</ns3:cad>
          </ns3:TrackPointExtension>
        </extensions>
      </trkpt>
      <trkpt lat="54.30515631102025508880615234375" lon="-8.54133510030806064605712890625">
        <ele>14.80000019073486328125</ele>
        <time>2025-12-28T15:44:27.000Z</time>
        <extensions>
          <ns3:TrackPointExtension>
            <ns3:hr>155</ns3:hr>
            <ns3:cad>87</ns3:cad>
          </ns3:TrackPointExtension>
        </extensions>
      </trkpt>
      <trkpt lat="54.30513652972877025604248046875" lon="-8.5411392152309417724609375">
        <ele>14.6000003814697265625</ele>
        <time>2025-12-28T15:44:30.000Z</time>
        <extensions>
          <ns3:TrackPointExtension>
            <ns3:hr>155</ns3:hr>
            <ns3:cad>86</ns3:cad>
          </ns3:TrackPointExtension>
        </extensions>
      </trkpt>
      <trkpt lat="54.3050833046436309814453125" lon="-8.540789522230625152587890625">
        <ele>15</ele>
        <time>2025-12-28T15:44:36.000Z</time>
        <extensions>
          <ns3:TrackPointExtension>
            <ns3:hr>155</ns3:hr>
            <ns3:cad>87</ns3:cad>
          </ns3:TrackPointExtension>
        </extensions>
      </trkpt>
      <trkpt lat="54.3050690554082393646240234375" lon="-8.54066806845366954803466796875">
        <ele>14.80000019073486328125</ele>
        <time>2025-12-28T15:44:38.000Z</time>
        <extensions>
          <ns3:TrackPointExtension>
            <ns3:hr>155</ns3:hr>
            <ns3:cad>87</ns3:cad>
          </ns3:TrackPointExtension>
        </extensions>
      </trkpt>
      <trkpt lat="54.3050211109220981597900390625" lon="-8.540369756519794464111328125">
        <ele>15.19999980926513671875</ele>
        <time>2025-12-28T15:44:43.000Z</time>
        <extensions>
          <ns3:TrackPointExtension>
            <ns3:hr>155</ns3:hr>
            <ns3:cad>86</ns3:cad>
          </ns3:TrackPointExtension>
        </extensions>
      </trkpt>
      <trkpt lat="54.30499814450740814208984375" lon="-8.540251068770885467529296875">
        <ele>15.3999996185302734375</ele>
        <time>2025-12-28T15:44:45.000Z</time>
        <extensions>
          <ns3:TrackPointExtension>
            <ns3:hr>155</ns3:hr>
            <ns3:cad>86</ns3:cad>
          </ns3:TrackPointExtension>
        </extensions>
      </trkpt>
      <trkpt lat="54.30496000684797763824462890625" lon="-8.53989223949611186981201171875">
        <ele>15.6000003814697265625</ele>
        <time>2025-12-28T15:44:51.000Z</time>
        <extensions>
          <ns3:TrackPointExtension>
            <ns3:hr>156</ns3:hr>
            <ns3:cad>86</ns3:cad>
          </ns3:TrackPointExtension>
        </extensions>
      </trkpt>
      <trkpt lat="54.30493368767201900482177734375" lon="-8.53972393088042736053466796875">
        <ele>16</ele>
        <time>2025-12-28T15:44:54.000Z</time>
        <extensions>
          <ns3:TrackPointExtension>
            <ns3:hr>156</ns3:hr>
            <ns3:cad>86</ns3:cad>
          </ns3:TrackPointExtension>
        </extensions>
      </trkpt>
      <trkpt lat="54.304893873631954193115234375" lon="-8.5393795184791088104248046875">
        <ele>16.3999996185302734375</ele>
        <time>2025-12-28T15:45:00.000Z</time>
        <extensions>
          <ns3:TrackPointExtension>
            <ns3:hr>157</ns3:hr>
            <ns3:cad>86</ns3:cad>
          </ns3:TrackPointExtension>
        </extensions>
      </trkpt>
      <trkpt lat="54.30488809011876583099365234375" lon="-8.53932545520365238189697265625">
        <ele>16.6000003814697265625</ele>
        <time>2025-12-28T15:45:01.000Z</time>
        <extensions>
          <ns3:TrackPointExtension>
            <ns3:hr>157</ns3:hr>
            <ns3:cad>87</ns3:cad>
          </ns3:TrackPointExtension>
        </extensions>
      </trkpt>
      <trkpt lat="54.30481835268437862396240234375" lon="-8.53899923153221607208251953125">
        <ele>17.6000003814697265625</ele>
        <time>2025-12-28T15:45:07.000Z</time>
        <extensions>
          <ns3:TrackPointExtension>
            <ns3:hr>157</ns3:hr>
            <ns3:cad>88</ns3:cad>
          </ns3:TrackPointExtension>
        </extensions>
      </trkpt>
      <trkpt lat="54.3047934584319591522216796875" lon="-8.53888272307813167572021484375">
        <ele>18</ele>
        <time>2025-12-28T15:45:09.000Z</time>
        <extensions>
          <ns3:TrackPointExtension>
            <ns3:hr>157</ns3:hr>
            <ns3:cad>86</ns3:cad>
          </ns3:TrackPointExtension>
        </extensions>
      </trkpt>
      <trkpt lat="54.304768145084381103515625" lon="-8.53853881359100341796875">
        <ele>18.6000003814697265625</ele>
        <time>2025-12-28T15:45:15.000Z</time>
        <extensions>
          <ns3:TrackPointExtension>
            <ns3:hr>158</ns3:hr>
            <ns3:cad>85</ns3:cad>
          </ns3:TrackPointExtension>
        </extensions>
      </trkpt>
      <trkpt lat="54.30474056862294673919677734375" lon="-8.5382124222815036773681640625">
        <ele>19.200000762939453125</ele>
        <time>2025-12-28T15:45:20.000Z</time>
        <extensions>
          <ns3:TrackPointExtension>
            <ns3:hr>159</ns3:hr>
            <ns3:cad>86</ns3:cad>
          </ns3:TrackPointExtension>
        </extensions>
      </trkpt>
      <trkpt lat="54.30472833104431629180908203125" lon="-8.5381004400551319122314453125">
        <ele>19.200000762939453125</ele>
        <time>2025-12-28T15:45:22.000Z</time>
        <extensions>
          <ns3:TrackPointExtension>
            <ns3:hr>159</ns3:hr>
            <ns3:cad>86</ns3:cad>
          </ns3:TrackPointExtension>
        </extensions>
      </trkpt>
      <trkpt lat="54.3046831525862216949462890625" lon="-8.5377463884651660919189453125">
        <ele>20</ele>
        <time>2025-12-28T15:45:28.000Z</time>
        <extensions>
          <ns3:TrackPointExtension>
            <ns3:hr>158</ns3:hr>
            <ns3:cad>87</ns3:cad>
          </ns3:TrackPointExtension>
        </extensions>
      </trkpt>
      <trkpt lat="54.30467083118855953216552734375" lon="-8.5374188236892223358154296875">
        <ele>20.3999996185302734375</ele>
        <time>2025-12-28T15:45:33.000Z</time>
        <extensions>
          <ns3:TrackPointExtension>
            <ns3:hr>159</ns3:hr>
            <ns3:cad>86</ns3:cad>
          </ns3:TrackPointExtension>
        </extensions>
      </trkpt>
      <trkpt lat="54.30464115925133228302001953125" lon="-8.537109196186065673828125">
        <ele>20.799999237060546875</ele>
        <time>2025-12-28T15:45:38.000Z</time>
        <extensions>
          <ns3:TrackPointExtension>
            <ns3:hr>160</ns3:hr>
            <ns3:cad>86</ns3:cad>
          </ns3:TrackPointExtension>
        </extensions>
      </trkpt>
      <trkpt lat="54.30462305434048175811767578125" lon="-8.53698371909558773040771484375">
        <ele>20.6000003814697265625</ele>
        <time>2025-12-28T15:45:40.000Z</time>
        <extensions>
          <ns3:TrackPointExtension>
            <ns3:hr>159</ns3:hr>
            <ns3:cad>86</ns3:cad>
          </ns3:TrackPointExtension>
        </extensions>
      </trkpt>
      <trkpt lat="54.3045842461287975311279296875" lon="-8.5366530530154705047607421875">
        <ele>20.3999996185302734375</ele>
        <time>2025-12-28T15:45:45.000Z</time>
        <extensions>
          <ns3:TrackPointExtension>
            <ns3:hr>159</ns3:hr>
            <ns3:cad>86</ns3:cad>
          </ns3:TrackPointExtension>
        </extensions>
      </trkpt>
      <trkpt lat="54.3045715056359767913818359375" lon="-8.53653344325721263885498046875">
        <ele>19.799999237060546875</ele>
        <time>2025-12-28T15:45:47.000Z</time>
        <extensions>
          <ns3:TrackPointExtension>
            <ns3:hr>159</ns3:hr>
            <ns3:cad>87</ns3:cad>
          </ns3:TrackPointExtension>
        </extensions>
      </trkpt>
      <trkpt lat="54.30448642931878566741943359375" lon="-8.5362165234982967376708984375">
        <ele>18</ele>
        <time>2025-12-28T15:45:52.000Z</time>
        <extensions>
          <ns3:TrackPointExtension>
            <ns3:hr>159</ns3:hr>
            <ns3:cad>87</ns3:cad>
          </ns3:TrackPointExtension>
        </extensions>
      </trkpt>
      <trkpt lat="54.304481483995914459228515625" lon="-8.53614066727459430694580078125">
        <ele>17.799999237060546875</ele>
        <time>2025-12-28T15:45:53.000Z</time>
        <extensions>
          <ns3:TrackPointExtension>
            <ns3:hr>159</ns3:hr>
            <ns3:cad>87</ns3:cad>
          </ns3:TrackPointExtension>
        </extensions>
      </trkpt>
      <trkpt lat="54.30444695055484771728515625" lon="-8.53581813164055347442626953125">
        <ele>17.3999996185302734375</ele>
        <time>2025-12-28T15:45:58.000Z</time>
        <extensions>
          <ns3:TrackPointExtension>
            <ns3:hr>158</ns3:hr>
            <ns3:cad>85</ns3:cad>
          </ns3:TrackPointExtension>
        </extensions>
      </trkpt>
      <trkpt lat="54.30442415177822113037109375" lon="-8.5355020500719547271728515625">
        <ele>17.200000762939453125</ele>
        <time>2025-12-28T15:46:03.000Z</time>
        <extensions>
          <ns3:TrackPointExtension>
            <ns3:hr>159</ns3:hr>
            <ns3:cad>88</ns3:cad>
          </ns3:TrackPointExtension>
        </extensions>
      </trkpt>
      <trkpt lat="54.3044100701808929443359375" lon="-8.53539149276912212371826171875">
        <ele>17.200000762939453125</ele>
        <time>2025-12-28T15:46:05.000Z</time>
        <extensions>
          <ns3:TrackPointExtension>
            <ns3:hr>159</ns3:hr>
            <ns3:cad>88</ns3:cad>
          </ns3:TrackPointExtension>
        </extensions>
      </trkpt>
      <trkpt lat="54.30438182316720485687255859375" lon="-8.53519686497747898101806640625">
        <ele>16.6000003814697265625</ele>
        <time>2025-12-28T15:46:09.000Z</time>
        <extensions>
          <ns3:TrackPointExtension>
            <ns3:hr>158</ns3:hr>
            <ns3:cad>85</ns3:cad>
          </ns3:TrackPointExtension>
        </extensions>
      </trkpt>
      <trkpt lat="54.30436841212213039398193359375" lon="-8.5348512791097164154052734375">
        <ele>16</ele>
        <time>2025-12-28T15:46:15.000Z</time>
        <extensions>
          <ns3:TrackPointExtension>
            <ns3:hr>158</ns3:hr>
            <ns3:cad>87</ns3:cad>
          </ns3:TrackPointExtension>
        </extensions>
      </trkpt>
      <trkpt lat="54.30436623282730579376220703125" lon="-8.53450116701424121856689453125">
        <ele>16</ele>
        <time>2025-12-28T15:46:21.000Z</time>
        <extensions>
          <ns3:TrackPointExtension>
            <ns3:hr>158</ns3:hr>
            <ns3:cad>86</ns3:cad>
          </ns3:TrackPointExtension>
        </extensions>
      </trkpt>
      <trkpt lat="54.30436857976019382476806640625" lon="-8.534443415701389312744140625">
        <ele>16</ele>
        <time>2025-12-28T15:46:22.000Z</time>
        <extensions>
          <ns3:TrackPointExtension>
            <ns3:hr>158</ns3:hr>
            <ns3:cad>86</ns3:cad>
          </ns3:TrackPointExtension>
        </extensions>
      </trkpt>
      <trkpt lat="54.3043683283030986785888671875" lon="-8.5341187007725238800048828125">
        <ele>16</ele>
        <time>2025-12-28T15:46:28.000Z</time>
        <extensions>
          <ns3:TrackPointExtension>
            <ns3:hr>158</ns3:hr>
            <ns3:cad>87</ns3:cad>
          </ns3:TrackPointExtension>
        </extensions>
      </trkpt>
      <trkpt lat="54.304371178150177001953125" lon="-8.53401434607803821563720703125">
        <ele>16</ele>
        <time>2025-12-28T15:46:30.000Z</time>
        <extensions>
          <ns3:TrackPointExtension>
            <ns3:hr>157</ns3:hr>
            <ns3:cad>86</ns3:cad>
          </ns3:TrackPointExtension>
        </extensions>
      </trkpt>
      <trkpt lat="54.30436589755117893218994140625" lon="-8.53367337025701999664306640625">
        <ele>15.80000019073486328125</ele>
        <time>2025-12-28T15:46:36.000Z</time>
        <extensions>
          <ns3:TrackPointExtension>
            <ns3:hr>158</ns3:hr>
            <ns3:cad>86</ns3:cad>
          </ns3:TrackPointExtension>
        </extensions>
      </trkpt>
      <trkpt lat="54.30437243543565273284912109375" lon="-8.53355652652680873870849609375">
        <ele>15.80000019073486328125</ele>
        <time>2025-12-28T15:46:38.000Z</time>
        <extensions>
          <ns3:TrackPointExtension>
            <ns3:hr>157</ns3:hr>
            <ns3:cad>85</ns3:cad>
          </ns3:TrackPointExtension>
        </extensions>
      </trkpt>
      <trkpt lat="54.30445692501962184906005859375" lon="-8.5334072448313236236572265625">
        <ele>16.799999237060546875</ele>
        <time>2025-12-28T15:46:42.000Z</time>
        <extensions>
          <ns3:TrackPointExtension>
            <ns3:hr>155</ns3:hr>
            <ns3:cad>85</ns3:cad>
          </ns3:TrackPointExtension>
        </extensions>
      </trkpt>
      <trkpt lat="54.30460293777287006378173828125" lon="-8.5333676822483539581298828125">
        <ele>18.200000762939453125</ele>
        <time>2025-12-28T15:46:47.000Z</time>
        <extensions>
          <ns3:TrackPointExtension>
            <ns3:hr>157</ns3:hr>
            <ns3:cad>84</ns3:cad>
          </ns3:TrackPointExtension>
        </extensions>
      </trkpt>
      <trkpt lat="54.3048078753054141998291015625" lon="-8.53333557955920696258544921875">
        <ele>20</ele>
        <time>2025-12-28T15:46:53.000Z</time>
        <extensions>
          <ns3:TrackPointExtension>
            <ns3:hr>157</ns3:hr>
            <ns3:cad>85</ns3:cad>
          </ns3:TrackPointExtension>
        </extensions>
      </trkpt>
      <trkpt lat="54.30484500713646411895751953125" lon="-8.53332392871379852294921875">
        <ele>20.200000762939453125</ele>
        <time>2025-12-28T15:46:54.000Z</time>
        <extensions>
          <ns3:TrackPointExtension>
            <ns3:hr>157</ns3:hr>
            <ns3:cad>85</ns3:cad>
          </ns3:TrackPointExtension>
        </extensions>
      </trkpt>
      <trkpt lat="54.305036030709743499755859375" lon="-8.53324421681463718414306640625">
        <ele>21.6000003814697265625</ele>
        <time>2025-12-28T15:47:00.000Z</time>
        <extensions>
          <ns3:TrackPointExtension>
            <ns3:hr>157</ns3:hr>
            <ns3:cad>85</ns3:cad>
          </ns3:TrackPointExtension>
        </extensions>
      </trkpt>
      <trkpt lat="54.30510006844997406005859375" lon="-8.53323985822498798370361328125">
        <ele>22.200000762939453125</ele>
        <time>2025-12-28T15:47:02.000Z</time>
        <extensions>
          <ns3:TrackPointExtension>
            <ns3:hr>157</ns3:hr>
            <ns3:cad>86</ns3:cad>
          </ns3:TrackPointExtension>
        </extensions>
      </trkpt>
      <trkpt lat="54.30529394187033176422119140625" lon="-8.5331973619759082794189453125">
        <ele>23.6000003814697265625</ele>
        <time>2025-12-28T15:47:08.000Z</time>
        <extensions>
          <ns3:TrackPointExtension>
            <ns3:hr>157</ns3:hr>
            <ns3:cad>86</ns3:cad>
          </ns3:TrackPointExtension>
        </extensions>
      </trkpt>
      <trkpt lat="54.30534943006932735443115234375" lon="-8.53318772278726100921630859375">
        <ele>24</ele>
        <time>2025-12-28T15:47:10.000Z</time>
        <extensions>
          <ns3:TrackPointExtension>
            <ns3:hr>157</ns3:hr>
            <ns3:cad>86</ns3:cad>
          </ns3:TrackPointExtension>
        </extensions>
      </trkpt>
      <trkpt lat="54.3055347539484500885009765625" lon="-8.5331784188747406005859375">
        <ele>25</ele>
        <time>2025-12-28T15:47:16.000Z</time>
        <extensions>
          <ns3:TrackPointExtension>
            <ns3:hr>157</ns3:hr>
            <ns3:cad>86</ns3:cad>
          </ns3:TrackPointExtension>
        </extensions>
      </trkpt>
      <trkpt lat="54.30556903593242168426513671875" lon="-8.53319761343300342559814453125">
        <ele>25</ele>
        <time>2025-12-28T15:47:17.000Z</time>
        <extensions>
          <ns3:TrackPointExtension>
            <ns3:hr>157</ns3:hr>
            <ns3:cad>84</ns3:cad>
          </ns3:TrackPointExtension>
        </extensions>
      </trkpt>
      <trkpt lat="54.30559921078383922576904296875" lon="-8.5332355834543704986572265625">
        <ele>25</ele>
        <time>2025-12-28T15:47:18.000Z</time>
        <extensions>
          <ns3:TrackPointExtension>
            <ns3:hr>157</ns3:hr>
            <ns3:cad>84</ns3:cad>
          </ns3:TrackPointExtension>
        </extensions>
      </trkpt>
      <trkpt lat="54.30567397736012935638427734375" lon="-8.5333841107785701751708984375">
        <ele>25.6000003814697265625</ele>
        <time>2025-12-28T15:47:21.000Z</time>
        <extensions>
          <ns3:TrackPointExtension>
            <ns3:hr>158</ns3:hr>
            <ns3:cad>85</ns3:cad>
          </ns3:TrackPointExtension>
        </extensions>
      </trkpt>
      <trkpt lat="54.30581177584826946258544921875" lon="-8.5336737893521785736083984375">
        <ele>25.799999237060546875</ele>
        <time>2025-12-28T15:47:26.000Z</time>
        <extensions>
          <ns3:TrackPointExtension>
            <ns3:hr>158</ns3:hr>
            <ns3:cad>87</ns3:cad>
          </ns3:TrackPointExtension>
        </extensions>
      </trkpt>
      <trkpt lat="54.3058395199477672576904296875" lon="-8.5337331332266330718994140625">
        <ele>25.6000003814697265625</ele>
        <time>2025-12-28T15:47:27.000Z</time>
        <extensions>
          <ns3:TrackPointExtension>
            <ns3:hr>159</ns3:hr>
            <ns3:cad>87</ns3:cad>
          </ns3:TrackPointExtension>
        </extensions>
      </trkpt>
      <trkpt lat="54.3059437908232212066650390625" lon="-8.5339980013668537139892578125">
        <ele>25.6000003814697265625</ele>
        <time>2025-12-28T15:47:32.000Z</time>
        <extensions>
          <ns3:TrackPointExtension>
            <ns3:hr>160</ns3:hr>
            <ns3:cad>86</ns3:cad>
          </ns3:TrackPointExtension>
        </extensions>
      </trkpt>
      <trkpt lat="54.30595326237380504608154296875" lon="-8.5340487957000732421875">
        <ele>25.6000003814697265625</ele>
        <time>2025-12-28T15:47:33.000Z</time>
        <extensions>
          <ns3:TrackPointExtension>
            <ns3:hr>160</ns3:hr>
            <ns3:cad>85</ns3:cad>
          </ns3:TrackPointExtension>
        </extensions>
      </trkpt>
      <trkpt lat="54.3060044758021831512451171875" lon="-8.53438968770205974578857421875">
        <ele>25.799999237060546875</ele>
        <time>2025-12-28T15:47:39.000Z</time>
        <extensions>
          <ns3:TrackPointExtension>
            <ns3:hr>161</ns3:hr>
            <ns3:cad>85</ns3:cad>
          </ns3:TrackPointExtension>
        </extensions>
      </trkpt>
      <trkpt lat="54.30601109750568866729736328125" lon="-8.53444400243461132049560546875">
        <ele>25.799999237060546875</ele>
        <time>2025-12-28T15:47:40.000Z</time>
        <extensions>
          <ns3:TrackPointExtension>
            <ns3:hr>161</ns3:hr>
            <ns3:cad>85</ns3:cad>
          </ns3:TrackPointExtension>
        </extensions>
      </trkpt>
      <trkpt lat="54.30606566369533538818359375" lon="-8.5347567312419414520263671875">
        <ele>27</ele>
        <time>2025-12-28T15:47:46.000Z</time>
        <extensions>
          <ns3:TrackPointExtension>
            <ns3:hr>162</ns3:hr>
            <ns3:cad>84</ns3:cad>
          </ns3:TrackPointExtension>
        </extensions>
      </trkpt>
      <trkpt lat="54.3060822598636150360107421875" lon="-8.53485454805195331573486328125">
        <ele>27</ele>
        <time>2025-12-28T15:47:48.000Z</time>
        <extensions>
          <ns3:TrackPointExtension>
            <ns3:hr>162</ns3:hr>
            <ns3:cad>83</ns3:cad>
          </ns3:TrackPointExtension>
        </extensions>
      </trkpt>
      <trkpt lat="54.3061352334916591644287109375" lon="-8.535159565508365631103515625">
        <ele>27.200000762939453125</ele>
        <time>2025-12-28T15:47:54.000Z</time>
        <extensions>
          <ns3:TrackPointExtension>
            <ns3:hr>161</ns3:hr>
            <ns3:cad>84</ns3:cad>
          </ns3:TrackPointExtension>
        </extensions>
      </trkpt>
      <trkpt lat="54.30615895427763462066650390625" lon="-8.5353210009634494781494140625">
        <ele>27.3999996185302734375</ele>
        <time>2025-12-28T15:47:57.000Z</time>
        <extensions>
          <ns3:TrackPointExtension>
            <ns3:hr>160</ns3:hr>
            <ns3:cad>85</ns3:cad>
          </ns3:TrackPointExtension>
        </extensions>
      </trkpt>
      <trkpt lat="54.30620606057345867156982421875" lon="-8.53564227931201457977294921875">
        <ele>28.200000762939453125</ele>
        <time>2025-12-28T15:48:03.000Z</time>
        <extensions>
          <ns3:TrackPointExtension>
            <ns3:hr>159</ns3:hr>
            <ns3:cad>85</ns3:cad>
          </ns3:TrackPointExtension>
        </extensions>
      </trkpt>
      <trkpt lat="54.306232295930385589599609375" lon="-8.53581092320382595062255859375">
        <ele>28.799999237060546875</ele>
        <time>2025-12-28T15:48:06.000Z</time>
        <extensions>
          <ns3:TrackPointExtension>
            <ns3:hr>158</ns3:hr>
            <ns3:cad>85</ns3:cad>
          </ns3:TrackPointExtension>
        </extensions>
      </trkpt>
      <trkpt lat="54.30626523680984973907470703125" lon="-8.5361340455710887908935546875">
        <ele>29.799999237060546875</ele>
        <time>2025-12-28T15:48:12.000Z</time>
        <extensions>
          <ns3:TrackPointExtension>
            <ns3:hr>157</ns3:hr>
            <ns3:cad>86</ns3:cad>
          </ns3:TrackPointExtension>
        </extensions>
      </trkpt>
      <trkpt lat="54.306266494095325469970703125" lon="-8.536190874874591827392578125">
        <ele>30</ele>
        <time>2025-12-28T15:48:13.000Z</time>
        <extensions>
          <ns3:TrackPointExtension>
            <ns3:hr>157</ns3:hr>
            <ns3:cad>86</ns3:cad>
          </ns3:TrackPointExtension>
        </extensions>
      </trkpt>
      <trkpt lat="54.30629901587963104248046875" lon="-8.53651835583150386810302734375">
        <ele>30.799999237060546875</ele>
        <time>2025-12-28T15:48:19.000Z</time>
        <extensions>
          <ns3:TrackPointExtension>
            <ns3:hr>158</ns3:hr>
            <ns3:cad>85</ns3:cad>
          </ns3:TrackPointExtension>
        </extensions>
      </trkpt>
      <trkpt lat="54.30632893927395343780517578125" lon="-8.5366889275610446929931640625">
        <ele>31</ele>
        <time>2025-12-28T15:48:22.000Z</time>
        <extensions>
          <ns3:TrackPointExtension>
            <ns3:hr>158</ns3:hr>
            <ns3:cad>85</ns3:cad>
          </ns3:TrackPointExtension>
        </extensions>
      </trkpt>
      <trkpt lat="54.3063796497881412506103515625" lon="-8.53701087646186351776123046875">
        <ele>32.40000152587890625</ele>
        <time>2025-12-28T15:48:29.000Z</time>
        <extensions>
          <ns3:TrackPointExtension>
            <ns3:hr>159</ns3:hr>
            <ns3:cad>85</ns3:cad>
          </ns3:TrackPointExtension>
        </extensions>
      </trkpt>
      <trkpt lat="54.3064272589981555938720703125" lon="-8.53730692528188228607177734375">
        <ele>32.59999847412109375</ele>
        <time>2025-12-28T15:48:35.000Z</time>
        <extensions>
          <ns3:TrackPointExtension>
            <ns3:hr>159</ns3:hr>
            <ns3:cad>83</ns3:cad>
          </ns3:TrackPointExtension>
        </extensions>
      </trkpt>
      <trkpt lat="54.3064378201961517333984375" lon="-8.537352941930294036865234375">
        <ele>32.799999237060546875</ele>
        <time>2025-12-28T15:48:36.000Z</time>
        <extensions>
          <ns3:TrackPointExtension>
            <ns3:hr>159</ns3:hr>
            <ns3:cad>83</ns3:cad>
          </ns3:TrackPointExtension>
        </extensions>
      </trkpt>
      <trkpt lat="54.3064980022609233856201171875" lon="-8.53766634128987789154052734375">
        <ele>33.200000762939453125</ele>
        <time>2025-12-28T15:48:42.000Z</time>
        <extensions>
          <ns3:TrackPointExtension>
            <ns3:hr>160</ns3:hr>
            <ns3:cad>84</ns3:cad>
          </ns3:TrackPointExtension>
        </extensions>
      </trkpt>
      <trkpt lat="54.30654368363320827484130859375" lon="-8.5378848575055599212646484375">
        <ele>33.59999847412109375</ele>
        <time>2025-12-28T15:48:46.000Z</time>
        <extensions>
          <ns3:TrackPointExtension>
            <ns3:hr>160</ns3:hr>
            <ns3:cad>84</ns3:cad>
          </ns3:TrackPointExtension>
        </extensions>
      </trkpt>
      <trkpt lat="54.3066502176225185394287109375" lon="-8.5380090773105621337890625">
        <ele>35</ele>
        <time>2025-12-28T15:48:50.000Z</time>
        <extensions>
          <ns3:TrackPointExtension>
            <ns3:hr>160</ns3:hr>
            <ns3:cad>84</ns3:cad>
          </ns3:TrackPointExtension>
        </extensions>
      </trkpt>
      <trkpt lat="54.30680620484054088592529296875" lon="-8.53798518888652324676513671875">
        <ele>35.59999847412109375</ele>
        <time>2025-12-28T15:48:55.000Z</time>
        <extensions>
          <ns3:TrackPointExtension>
            <ns3:hr>156</ns3:hr>
            <ns3:cad>84</ns3:cad>
          </ns3:TrackPointExtension>
        </extensions>
      </trkpt>
      <trkpt lat="54.30700485594570636749267578125" lon="-8.5379111766815185546875">
        <ele>36.40000152587890625</ele>
        <time>2025-12-28T15:49:01.000Z</time>
        <extensions>
          <ns3:TrackPointExtension>
            <ns3:hr>158</ns3:hr>
            <ns3:cad>86</ns3:cad>
          </ns3:TrackPointExtension>
        </extensions>
      </trkpt>
      <trkpt lat="54.30707157589495182037353515625" lon="-8.53787303902208805084228515625">
        <ele>36.59999847412109375</ele>
        <time>2025-12-28T15:49:03.000Z</time>
        <extensions>
          <ns3:TrackPointExtension>
            <ns3:hr>158</ns3:hr>
            <ns3:cad>86</ns3:cad>
          </ns3:TrackPointExtension>
        </extensions>
      </trkpt>
      <trkpt lat="54.30726997554302215576171875" lon="-8.53777983225882053375244140625">
        <ele>37</ele>
        <time>2025-12-28T15:49:09.000Z</time>
        <extensions>
          <ns3:TrackPointExtension>
            <ns3:hr>159</ns3:hr>
            <ns3:cad>86</ns3:cad>
          </ns3:TrackPointExtension>
        </extensions>
      </trkpt>
      <trkpt lat="54.30730425752699375152587890625" lon="-8.537764661014080047607421875">
        <ele>37</ele>
        <time>2025-12-28T15:49:10.000Z</time>
        <extensions>
          <ns3:TrackPointExtension>
            <ns3:hr>160</ns3:hr>
            <ns3:cad>86</ns3:cad>
          </ns3:TrackPointExtension>
        </extensions>
      </trkpt>
      <trkpt lat="54.30750877596437931060791015625" lon="-8.53764630854129791259765625">
        <ele>37</ele>
        <time>2025-12-28T15:49:16.000Z</time>
        <extensions>
          <ns3:TrackPointExtension>
            <ns3:hr>158</ns3:hr>
            <ns3:cad>86</ns3:cad>
          </ns3:TrackPointExtension>
        </extensions>
      </trkpt>
      <trkpt lat="54.3075464107096195220947265625" lon="-8.537629880011081695556640625">
        <ele>37</ele>
        <time>2025-12-28T15:49:17.000Z</time>
        <extensions>
          <ns3:TrackPointExtension>
            <ns3:hr>158</ns3:hr>
            <ns3:cad>86</ns3:cad>
          </ns3:TrackPointExtension>
        </extensions>
      </trkpt>
      <trkpt lat="54.3077257834374904632568359375" lon="-8.53754698298871517181396484375">
        <ele>37</ele>
        <time>2025-12-28T15:49:22.000Z</time>
        <extensions>
          <ns3:TrackPointExtension>
            <ns3:hr>159</ns3:hr>
            <ns3:cad>87</ns3:cad>
          </ns3:TrackPointExtension>
        </extensions>
      </trkpt>
      <trkpt lat="54.3079071678221225738525390625" lon="-8.53746928274631500244140625">
        <ele>36.799999237060546875</ele>
        <time>2025-12-28T15:49:27.000Z</time>
        <extensions>
          <ns3:TrackPointExtension>
            <ns3:hr>158</ns3:hr>
            <ns3:cad>86</ns3:cad>
          </ns3:TrackPointExtension>
        </extensions>
      </trkpt>
      <trkpt lat="54.307943880558013916015625" lon="-8.53745075874030590057373046875">
        <ele>36.799999237060546875</ele>
        <time>2025-12-28T15:49:28.000Z</time>
        <extensions>
          <ns3:TrackPointExtension>
            <ns3:hr>158</ns3:hr>
            <ns3:cad>86</ns3:cad>
          </ns3:TrackPointExtension>
        </extensions>
      </trkpt>
      <trkpt lat="54.3081421963870525360107421875" lon="-8.53737766854465007781982421875">
        <ele>36</ele>
        <time>2025-12-28T15:49:33.000Z</time>
        <extensions>
          <ns3:TrackPointExtension>
            <ns3:hr>158</ns3:hr>
            <ns3:cad>85</ns3:cad>
          </ns3:TrackPointExtension>
        </extensions>
      </trkpt>
      <trkpt lat="54.30822609923779964447021484375" lon="-8.5373464040458202362060546875">
        <ele>35.59999847412109375</ele>
        <time>2025-12-28T15:49:35.000Z</time>
        <extensions>
          <ns3:TrackPointExtension>
            <ns3:hr>159</ns3:hr>
            <ns3:cad>85</ns3:cad>
          </ns3:TrackPointExtension>
        </extensions>
      </trkpt>
      <trkpt lat="54.30843397043645381927490234375" lon="-8.5372889041900634765625">
        <ele>34</ele>
        <time>2025-12-28T15:49:40.000Z</time>
        <extensions>
          <ns3:TrackPointExtension>
            <ns3:hr>159</ns3:hr>
            <ns3:cad>85</ns3:cad>
          </ns3:TrackPointExtension>
        </extensions>
      </trkpt>
      <trkpt lat="54.30851477198302745819091796875" lon="-8.53726409375667572021484375">
        <ele>33.40000152587890625</ele>
        <time>2025-12-28T15:49:42.000Z</time>
        <extensions>
          <ns3:TrackPointExtension>
            <ns3:hr>159</ns3:hr>
            <ns3:cad>84</ns3:cad>
          </ns3:TrackPointExtension>
        </extensions>
      </trkpt>
      <trkpt lat="54.30870252661406993865966796875" lon="-8.53735269047319889068603515625">
        <ele>32.40000152587890625</ele>
        <time>2025-12-28T15:49:47.000Z</time>
        <extensions>
          <ns3:TrackPointExtension>
            <ns3:hr>161</ns3:hr>
            <ns3:cad>84</ns3:cad>
          </ns3:TrackPointExtension>
        </extensions>
      </trkpt>
      <trkpt lat="54.30879523046314716339111328125" lon="-8.5375861264765262603759765625">
        <ele>31.200000762939453125</ele>
        <time>2025-12-28T15:49:51.000Z</time>
        <extensions>
          <ns3:TrackPointExtension>
            <ns3:hr>160</ns3:hr>
            <ns3:cad>85</ns3:cad>
          </ns3:TrackPointExtension>
        </extensions>
      </trkpt>
      <trkpt lat="54.30891676805913448333740234375" lon="-8.53790245950222015380859375">
        <ele>30.200000762939453125</ele>
        <time>2025-12-28T15:49:56.000Z</time>
        <extensions>
          <ns3:TrackPointExtension>
            <ns3:hr>159</ns3:hr>
            <ns3:cad>87</ns3:cad>
          </ns3:TrackPointExtension>
        </extensions>
      </trkpt>
      <trkpt lat="54.30894476361572742462158203125" lon="-8.5379542596638202667236328125">
        <ele>30.3999996185302734375</ele>
        <time>2025-12-28T15:49:57.000Z</time>
        <extensions>
          <ns3:TrackPointExtension>
            <ns3:hr>159</ns3:hr>
            <ns3:cad>86</ns3:cad>
          </ns3:TrackPointExtension>
        </extensions>
      </trkpt>
      <trkpt lat="54.30910804308950901031494140625" lon="-8.53817529045045375823974609375">
        <ele>29.6000003814697265625</ele>
        <time>2025-12-28T15:50:02.000Z</time>
        <extensions>
          <ns3:TrackPointExtension>
            <ns3:hr>157</ns3:hr>
            <ns3:cad>85</ns3:cad>
          </ns3:TrackPointExtension>
        </extensions>
      </trkpt>
      <trkpt lat="54.309199489653110504150390625" lon="-8.53830403648316860198974609375">
        <ele>29.3999996185302734375</ele>
        <time>2025-12-28T15:50:05.000Z</time>
        <extensions>
          <ns3:TrackPointExtension>
            <ns3:hr>158</ns3:hr>
            <ns3:cad>86</ns3:cad>
          </ns3:TrackPointExtension>
        </extensions>
      </trkpt>
      <trkpt lat="54.30925958789885044097900390625" lon="-8.5383711755275726318359375">
        <ele>29.3999996185302734375</ele>
        <time>2025-12-28T15:50:07.000Z</time>
        <extensions>
          <ns3:TrackPointExtension>
            <ns3:hr>157</ns3:hr>
            <ns3:cad>85</ns3:cad>
          </ns3:TrackPointExtension>
        </extensions>
      </trkpt>
      <trkpt lat="54.309326894581317901611328125" lon="-8.53842037729918956756591796875">
        <ele>29.3999996185302734375</ele>
        <time>2025-12-28T15:50:09.000Z</time>
        <extensions>
          <ns3:TrackPointExtension>
            <ns3:hr>157</ns3:hr>
            <ns3:cad>84</ns3:cad>
          </ns3:TrackPointExtension>
        </extensions>
      </trkpt>
      <trkpt lat="54.30939587764441967010498046875" lon="-8.53843630291521549224853515625">
        <ele>29.6000003814697265625</ele>
        <time>2025-12-28T15:50:11.000Z</time>
        <extensions>
          <ns3:TrackPointExtension>
            <ns3:hr>156</ns3:hr>
            <ns3:cad>84</ns3:cad>
          </ns3:TrackPointExtension>
        </extensions>
      </trkpt>
      <trkpt lat="54.30954717099666595458984375" lon="-8.5383455269038677215576171875">
        <ele>30.6000003814697265625</ele>
        <time>2025-12-28T15:50:16.000Z</time>
        <extensions>
          <ns3:TrackPointExtension>
            <ns3:hr>156</ns3:hr>
            <ns3:cad>85</ns3:cad>
          </ns3:TrackPointExtension>
        </extensions>
      </trkpt>
      <trkpt lat="54.30973048321902751922607421875" lon="-8.5382050462067127227783203125">
        <ele>32.200000762939453125</ele>
        <time>2025-12-28T15:50:22.000Z</time>
        <extensions>
          <ns3:TrackPointExtension>
            <ns3:hr>156</ns3:hr>
            <ns3:cad>87</ns3:cad>
          </ns3:TrackPointExtension>
        </extensions>
      </trkpt>
      <trkpt lat="54.30981514044106006622314453125" lon="-8.53813053108751773834228515625">
        <ele>33</ele>
        <time>2025-12-28T15:50:25.000Z</time>
        <extensions>
          <ns3:TrackPointExtension>
            <ns3:hr>155</ns3:hr>
            <ns3:cad>85</ns3:cad>
          </ns3:TrackPointExtension>
        </extensions>
      </trkpt>
      <trkpt lat="54.3098467402160167694091796875" lon="-8.538105301558971405029296875">
        <ele>33.40000152587890625</ele>
        <time>2025-12-28T15:50:26.000Z</time>
        <extensions>
          <ns3:TrackPointExtension>
            <ns3:hr>156</ns3:hr>
            <ns3:cad>85</ns3:cad>
          </ns3:TrackPointExtension>
        </extensions>
      </trkpt>
      <trkpt lat="54.31001949124038219451904296875" lon="-8.5379562713205814361572265625">
        <ele>35</ele>
        <time>2025-12-28T15:50:33.000Z</time>
        <extensions>
          <ns3:TrackPointExtension>
            <ns3:hr>157</ns3:hr>
            <ns3:cad>85</ns3:cad>
          </ns3:TrackPointExtension>
        </extensions>
      </trkpt>
      <trkpt lat="54.31008470244705677032470703125" lon="-8.53788770735263824462890625">
        <ele>35.59999847412109375</ele>
        <time>2025-12-28T15:50:40.000Z</time>
        <extensions>
          <ns3:TrackPointExtension>
            <ns3:hr>157</ns3:hr>
            <ns3:cad>54</ns3:cad>
          </ns3:TrackPointExtension>
        </extensions>
      </trkpt>
      <trkpt lat="54.31018142960965633392333984375" lon="-8.53781805373728275299072265625">
        <ele>36.59999847412109375</ele>
        <time>2025-12-28T15:50:48.000Z</time>
        <extensions>
          <ns3:TrackPointExtension>
            <ns3:hr>157</ns3:hr>
            <ns3:cad>50</ns3:cad>
          </ns3:TrackPointExtension>
        </extensions>
      </trkpt>
      <trkpt lat="54.31026323698461055755615234375" lon="-8.53776834905147552490234375">
        <ele>37.200000762939453125</ele>
        <time>2025-12-28T15:50:55.000Z</time>
        <extensions>
          <ns3:TrackPointExtension>
            <ns3:hr>154</ns3:hr>
            <ns3:cad>49</ns3:cad>
          </ns3:TrackPointExtension>
        </extensions>
      </trkpt>
      <trkpt lat="54.3103027157485485076904296875" lon="-8.537730462849140167236328125">
        <ele>37.40000152587890625</ele>
        <time>2025-12-28T15:50:59.000Z</time>
        <extensions>
          <ns3:TrackPointExtension>
            <ns3:hr>152</ns3:hr>
            <ns3:cad>50</ns3:cad>
          </ns3:TrackPointExtension>
        </extensions>
      </trkpt>
      <trkpt lat="54.31036566384136676788330078125" lon="-8.5376535169780254364013671875">
        <ele>37.59999847412109375</ele>
        <time>2025-12-28T15:51:05.000Z</time>
        <extensions>
          <ns3:TrackPointExtension>
            <ns3:hr>149</ns3:hr>
            <ns3:cad>50</ns3:cad>
          </ns3:TrackPointExtension>
        </extensions>
      </trkpt>
      <trkpt lat="54.310379661619663238525390625" lon="-8.53762007318437099456787109375">
        <ele>37.59999847412109375</ele>
        <time>2025-12-28T15:51:07.000Z</time>
        <extensions>
          <ns3:TrackPointExtension>
            <ns3:hr>148</ns3:hr>
            <ns3:cad>50</ns3:cad>
          </ns3:TrackPointExtension>
        </extensions>
      </trkpt>
      <trkpt lat="54.310401119291782379150390625" lon="-8.53753994219005107879638671875">
        <ele>37.59999847412109375</ele>
        <time>2025-12-28T15:51:11.000Z</time>
        <extensions>
          <ns3:TrackPointExtension>
            <ns3:hr>145</ns3:hr>
            <ns3:cad>52</ns3:cad>
          </ns3:TrackPointExtension>
        </extensions>
      </trkpt>
      <trkpt lat="54.31041226722300052642822265625" lon="-8.5375036485493183135986328125">
        <ele>37.59999847412109375</ele>
        <time>2025-12-28T15:51:13.000Z</time>
        <extensions>
          <ns3:TrackPointExtension>
            <ns3:hr>142</ns3:hr>
            <ns3:cad>51</ns3:cad>
          </ns3:TrackPointExtension>
        </extensions>
      </trkpt>
      <trkpt lat="54.3104316294193267822265625" lon="-8.537443466484546661376953125">
        <ele>37.799999237060546875</ele>
        <time>2025-12-28T15:51:16.000Z</time>
        <extensions>
          <ns3:TrackPointExtension>
            <ns3:hr>139</ns3:hr>
            <ns3:cad>52</ns3:cad>
          </ns3:TrackPointExtension>
        </extensions>
      </trkpt>
      <trkpt lat="54.3104442022740840911865234375" lon="-8.5374013893306255340576171875">
        <ele>37.799999237060546875</ele>
        <time>2025-12-28T15:51:19.000Z</time>
        <extensions>
          <ns3:TrackPointExtension>
            <ns3:hr>136</ns3:hr>
            <ns3:cad>53</ns3:cad>
          </ns3:TrackPointExtension>
        </extensions>
      </trkpt>
      <trkpt lat="54.3104549311101436614990234375" lon="-8.537365011870861053466796875">
        <ele>37.799999237060546875</ele>
        <time>2025-12-28T15:51:22.000Z</time>
        <extensions>
          <ns3:TrackPointExtension>
            <ns3:hr>134</ns3:hr>
            <ns3:cad>51</ns3:cad>
          </ns3:TrackPointExtension>
        </extensions>
      </trkpt>
      <trkpt lat="54.31047026999294757843017578125" lon="-8.53731145150959491729736328125">
        <ele>37.799999237060546875</ele>
        <time>2025-12-28T15:51:25.000Z</time>
        <extensions>
          <ns3:TrackPointExtension>
            <ns3:hr>131</ns3:hr>
            <ns3:cad>49</ns3:cad>
          </ns3:TrackPointExtension>
        </extensions>
      </trkpt>
      <trkpt lat="54.3104908056557178497314453125" lon="-8.53724137879908084869384765625">
        <ele>38</ele>
        <time>2025-12-28T15:51:29.000Z</time>
        <extensions>
          <ns3:TrackPointExtension>
            <ns3:hr>128</ns3:hr>
            <ns3:cad>49</ns3:cad>
          </ns3:TrackPointExtension>
        </extensions>
      </trkpt>
      <trkpt lat="54.31050597690045833587646484375" lon="-8.53716393001377582550048828125">
        <ele>38</ele>
        <time>2025-12-28T15:51:33.000Z</time>
        <extensions>
          <ns3:TrackPointExtension>
            <ns3:hr>124</ns3:hr>
            <ns3:cad>49</ns3:cad>
          </ns3:TrackPointExtension>
        </extensions>
      </trkpt>
      <trkpt lat="54.3105125986039638519287109375" lon="-8.53712537325918674468994140625">
        <ele>38</ele>
        <time>2025-12-28T15:51:35.000Z</time>
        <extensions>
          <ns3:TrackPointExtension>
            <ns3:hr>121</ns3:hr>
            <ns3:cad>50</ns3:cad>
          </ns3:TrackPointExtension>
        </extensions>
      </trkpt>
      <trkpt lat="54.310563392937183380126953125" lon="-8.5369786061346530914306640625">
        <ele>38.40000152587890625</ele>
        <time>2025-12-28T15:51:43.000Z</time>
        <extensions>
          <ns3:TrackPointExtension>
            <ns3:hr>118</ns3:hr>
            <ns3:cad>49</ns3:cad>
          </ns3:TrackPointExtension>
        </extensions>
      </trkpt>
      <trkpt lat="54.31058510206639766693115234375" lon="-8.5369189269840717315673828125">
        <ele>38.59999847412109375</ele>
        <time>2025-12-28T15:51:46.000Z</time>
        <extensions>
          <ns3:TrackPointExtension>
            <ns3:hr>117</ns3:hr>
            <ns3:cad>52</ns3:cad>
          </ns3:TrackPointExtension>
        </extensions>
      </trkpt>
      <trkpt lat="54.31068987585604190826416015625" lon="-8.5367821343243122100830078125">
        <ele>39.40000152587890625</ele>
        <time>2025-12-28T15:51:56.000Z</time>
        <extensions>
          <ns3:TrackPointExtension>
            <ns3:hr>118</ns3:hr>
            <ns3:cad>53</ns3:cad>
          </ns3:TrackPointExtension>
        </extensions>
      </trkpt>
      <trkpt lat="54.31081543676555156707763671875" lon="-8.53666755370795726776123046875">
        <ele>40.200000762939453125</ele>
        <time>2025-12-28T15:52:07.000Z</time>
        <extensions>
          <ns3:TrackPointExtension>
            <ns3:hr>115</ns3:hr>
            <ns3:cad>54</ns3:cad>
          </ns3:TrackPointExtension>
        </extensions>
      </trkpt>
      <trkpt lat="54.310839660465717315673828125" lon="-8.536656238138675689697265625">
        <ele>40.200000762939453125</ele>
        <time>2025-12-28T15:52:09.000Z</time>
        <extensions>
          <ns3:TrackPointExtension>
            <ns3:hr>115</ns3:hr>
            <ns3:cad>52</ns3:cad>
          </ns3:TrackPointExtension>
        </extensions>
      </trkpt>
      <trkpt lat="54.31093923747539520263671875" lon="-8.5365927033126354217529296875">
        <ele>40.799999237060546875</ele>
        <time>2025-12-28T15:52:17.000Z</time>
        <extensions>
          <ns3:TrackPointExtension>
            <ns3:hr>112</ns3:hr>
            <ns3:cad>52</ns3:cad>
          </ns3:TrackPointExtension>
        </extensions>
      </trkpt>
      <trkpt lat="54.3109627068042755126953125" lon="-8.53657736442983150482177734375">
        <ele>41</ele>
        <time>2025-12-28T15:52:19.000Z</time>
        <extensions>
          <ns3:TrackPointExtension>
            <ns3:hr>112</ns3:hr>
            <ns3:cad>51</ns3:cad>
          </ns3:TrackPointExtension>
        </extensions>
      </trkpt>
      <trkpt lat="54.31107091717422008514404296875" lon="-8.53650209493935108184814453125">
        <ele>41.799999237060546875</ele>
        <time>2025-12-28T15:52:28.000Z</time>
        <extensions>
          <ns3:TrackPointExtension>
            <ns3:hr>112</ns3:hr>
            <ns3:cad>51</ns3:cad>
          </ns3:TrackPointExtension>
        </extensions>
      </trkpt>
      <trkpt lat="54.3111301772296428680419921875" lon="-8.53646345436573028564453125">
        <ele>42.59999847412109375</ele>
        <time>2025-12-28T15:52:33.000Z</time>
        <extensions>
          <ns3:TrackPointExtension>
            <ns3:hr>115</ns3:hr>
            <ns3:cad>51</ns3:cad>
          </ns3:TrackPointExtension>
        </extensions>
      </trkpt>
      <trkpt lat="54.31125833652913570404052734375" lon="-8.5363794676959514617919921875">
        <ele>44.200000762939453125</ele>
        <time>2025-12-28T15:52:44.000Z</time>
        <extensions>
          <ns3:TrackPointExtension>
            <ns3:hr>113</ns3:hr>
            <ns3:cad>52</ns3:cad>
          </ns3:TrackPointExtension>
        </extensions>
      </trkpt>
      <trkpt lat="54.31143335066735744476318359375" lon="-8.53627511300146579742431640625">
        <ele>45</ele>
        <time>2025-12-28T15:52:58.000Z</time>
        <extensions>
          <ns3:TrackPointExtension>
            <ns3:hr>109</ns3:hr>
            <ns3:cad>53</ns3:cad>
          </ns3:TrackPointExtension>
        </extensions>
      </trkpt>
      <trkpt lat="54.3114919401705265045166015625" lon="-8.53622767142951488494873046875">
        <ele>45</ele>
        <time>2025-12-28T15:53:03.000Z</time>
        <extensions>
          <ns3:TrackPointExtension>
            <ns3:hr>112</ns3:hr>
            <ns3:cad>54</ns3:cad>
          </ns3:TrackPointExtension>
        </extensions>
      </trkpt>
      <trkpt lat="54.311543069779872894287109375" lon="-8.53619531728327274322509765625">
        <ele>45</ele>
        <time>2025-12-28T15:53:07.000Z</time>
        <extensions>
          <ns3:TrackPointExtension>
            <ns3:hr>113</ns3:hr>
            <ns3:cad>54</ns3:cad>
          </ns3:TrackPointExtension>
        </extensions>
      </trkpt>
      <trkpt lat="54.31161783635616302490234375" lon="-8.53612021543085575103759765625">
        <ele>45</ele>
        <time>2025-12-28T15:53:14.000Z</time>
        <extensions>
          <ns3:TrackPointExtension>
            <ns3:hr>110</ns3:hr>
            <ns3:cad>50</ns3:cad>
          </ns3:TrackPointExtension>
        </extensions>
      </trkpt>
      <trkpt lat="54.31165136396884918212890625" lon="-8.5360921360552310943603515625">
        <ele>44.799999237060546875</ele>
        <time>2025-12-28T15:53:17.000Z</time>
        <extensions>
          <ns3:TrackPointExtension>
            <ns3:hr>108</ns3:hr>
            <ns3:cad>51</ns3:cad>
          </ns3:TrackPointExtension>
        </extensions>
      </trkpt>
      <trkpt lat="54.31168891489505767822265625" lon="-8.53606338612735271453857421875">
        <ele>44.40000152587890625</ele>
        <time>2025-12-28T15:53:20.000Z</time>
        <extensions>
          <ns3:TrackPointExtension>
            <ns3:hr>105</ns3:hr>
            <ns3:cad>50</ns3:cad>
          </ns3:TrackPointExtension>
        </extensions>
      </trkpt>
      <trkpt lat="54.31177147664129734039306640625" lon="-8.53597856126725673675537109375">
        <ele>43.799999237060546875</ele>
        <time>2025-12-28T15:53:26.000Z</time>
        <extensions>
          <ns3:TrackPointExtension>
            <ns3:hr>108</ns3:hr>
            <ns3:cad>55</ns3:cad>
          </ns3:TrackPointExtension>
        </extensions>
      </trkpt>
      <trkpt lat="54.31178220547735691070556640625" lon="-8.53596732951700687408447265625">
        <ele>43.799999237060546875</ele>
        <time>2025-12-28T15:53:27.000Z</time>
        <extensions>
          <ns3:TrackPointExtension>
            <ns3:hr>104</ns3:hr>
            <ns3:cad>55</ns3:cad>
          </ns3:TrackPointExtension>
        </extensions>
      </trkpt>
      <trkpt lat="54.31188278831541538238525390625" lon="-8.53592826984822750091552734375">
        <ele>43</ele>
        <time>2025-12-28T15:53:35.000Z</time>
        <extensions>
          <ns3:TrackPointExtension>
            <ns3:hr>105</ns3:hr>
            <ns3:cad>56</ns3:cad>
          </ns3:TrackPointExtension>
        </extensions>
      </trkpt>
      <trkpt lat="54.311978258192539215087890625" lon="-8.53583372198045253753662109375">
        <ele>42.40000152587890625</ele>
        <time>2025-12-28T15:53:42.000Z</time>
        <extensions>
          <ns3:TrackPointExtension>
            <ns3:hr>104</ns3:hr>
            <ns3:cad>58</ns3:cad>
          </ns3:TrackPointExtension>
        </extensions>
      </trkpt>
      <trkpt lat="54.31209937669336795806884765625" lon="-8.53578276000916957855224609375">
        <ele>41.59999847412109375</ele>
        <time>2025-12-28T15:53:50.000Z</time>
        <extensions>
          <ns3:TrackPointExtension>
            <ns3:hr>104</ns3:hr>
            <ns3:cad>58</ns3:cad>
          </ns3:TrackPointExtension>
        </extensions>
      </trkpt>
      <trkpt lat="54.31217011995613574981689453125" lon="-8.53573012165725231170654296875">
        <ele>41</ele>
        <time>2025-12-28T15:53:56.000Z</time>
        <extensions>
          <ns3:TrackPointExtension>
            <ns3:hr>103</ns3:hr>
            <ns3:cad>62</ns3:cad>
          </ns3:TrackPointExtension>
        </extensions>
      </trkpt>
      <trkpt lat="54.3122885562479496002197265625" lon="-8.5356245934963226318359375">
        <ele>40.59999847412109375</ele>
        <time>2025-12-28T15:54:05.000Z</time>
        <extensions>
          <ns3:TrackPointExtension>
            <ns3:hr>102</ns3:hr>
            <ns3:cad>59</ns3:cad>
          </ns3:TrackPointExtension>
        </extensions>
      </trkpt>
      <trkpt lat="54.31241889484226703643798828125" lon="-8.53552660904824733734130859375">
        <ele>40.200000762939453125</ele>
        <time>2025-12-28T15:54:16.000Z</time>
        <extensions>
          <ns3:TrackPointExtension>
            <ns3:hr>102</ns3:hr>
            <ns3:cad>55</ns3:cad>
          </ns3:TrackPointExtension>
        </extensions>
      </trkpt>
      <trkpt lat="54.31257211603224277496337890625" lon="-8.5354242660105228424072265625">
        <ele>40.40000152587890625</ele>
        <time>2025-12-28T15:54:28.000Z</time>
        <extensions>
          <ns3:TrackPointExtension>
            <ns3:hr>101</ns3:hr>
            <ns3:cad>55</ns3:cad>
          </ns3:TrackPointExtension>
        </extensions>
      </trkpt>
      <trkpt lat="54.31262190453708171844482421875" lon="-8.5352901555597782135009765625">
        <ele>40.59999847412109375</ele>
        <time>2025-12-28T15:54:36.000Z</time>
        <extensions>
          <ns3:TrackPointExtension>
            <ns3:hr>104</ns3:hr>
            <ns3:cad>53</ns3:cad>
          </ns3:TrackPointExtension>
        </extensions>
      </trkpt>
      <trkpt lat="54.3125430308282375335693359375" lon="-8.5351030714809894561767578125">
        <ele>41</ele>
        <time>2025-12-28T15:54:46.000Z</time>
        <extensions>
          <ns3:TrackPointExtension>
            <ns3:hr>105</ns3:hr>
            <ns3:cad>54</ns3:cad>
          </ns3:TrackPointExtension>
        </extensions>
      </trkpt>
      <trkpt lat="54.31249751709401607513427734375" lon="-8.5350299812853336334228515625">
        <ele>41.200000762939453125</ele>
        <time>2025-12-28T15:54:51.000Z</time>
        <extensions>
          <ns3:TrackPointExtension>
            <ns3:hr>109</ns3:hr>
            <ns3:cad>53</ns3:cad>
          </ns3:TrackPointExtension>
        </extensions>
      </trkpt>
      <trkpt lat="54.31245979852974414825439453125" lon="-8.5349602438509464263916015625">
        <ele>41.200000762939453125</ele>
        <time>2025-12-28T15:54:55.000Z</time>
        <extensions>
          <ns3:TrackPointExtension>
            <ns3:hr>106</ns3:hr>
            <ns3:cad>53</ns3:cad>
          </ns3:TrackPointExtension>
        </extensions>
      </trkpt>
      <trkpt lat="54.3124283663928508758544921875" lon="-8.53491171263158321380615234375">
        <ele>41.40000152587890625</ele>
        <time>2025-12-28T15:54:58.000Z</time>
        <extensions>
          <ns3:TrackPointExtension>
            <ns3:hr>106</ns3:hr>
            <ns3:cad>52</ns3:cad>
          </ns3:TrackPointExtension>
        </extensions>
      </trkpt>
      <trkpt lat="54.3123639933764934539794921875" lon="-8.5348016582429409027099609375">
        <ele>41.799999237060546875</ele>
        <time>2025-12-28T15:55:04.000Z</time>
        <extensions>
          <ns3:TrackPointExtension>
            <ns3:hr>109</ns3:hr>
            <ns3:cad>54</ns3:cad>
          </ns3:TrackPointExtension>
        </extensions>
      </trkpt>
      <trkpt lat="54.31233935058116912841796875" lon="-8.5347574017941951751708984375">
        <ele>42</ele>
        <time>2025-12-28T15:55:06.000Z</time>
        <extensions>
          <ns3:TrackPointExtension>
            <ns3:hr>106</ns3:hr>
            <ns3:cad>56</ns3:cad>
          </ns3:TrackPointExtension>
        </extensions>
      </trkpt>
      <trkpt lat="54.3123036436736583709716796875" lon="-8.534692861139774322509765625">
        <ele>42.200000762939453125</ele>
        <time>2025-12-28T15:55:08.000Z</time>
        <extensions>
          <ns3:TrackPointExtension>
            <ns3:hr>106</ns3:hr>
            <ns3:cad>56</ns3:cad>
          </ns3:TrackPointExtension>
        </extensions>
      </trkpt>
      <trkpt lat="54.312200881540775299072265625" lon="-8.5344915278255939483642578125">
        <ele>42.799999237060546875</ele>
        <time>2025-12-28T15:55:13.000Z</time>
        <extensions>
          <ns3:TrackPointExtension>
            <ns3:hr>107</ns3:hr>
            <ns3:cad>86</ns3:cad>
          </ns3:TrackPointExtension>
        </extensions>
      </trkpt>
      <trkpt lat="54.31218956597149372100830078125" lon="-8.5344636999070644378662109375">
        <ele>43</ele>
        <time>2025-12-28T15:55:14.000Z</time>
        <extensions>
          <ns3:TrackPointExtension>
            <ns3:hr>110</ns3:hr>
            <ns3:cad>88</ns3:cad>
          </ns3:TrackPointExtension>
        </extensions>
      </trkpt>
      <trkpt lat="54.3121812678873538970947265625" lon="-8.53444031439721584320068359375">
        <ele>43</ele>
        <time>2025-12-28T15:55:15.000Z</time>
        <extensions>
          <ns3:TrackPointExtension>
            <ns3:hr>114</ns3:hr>
            <ns3:cad>88</ns3:cad>
          </ns3:TrackPointExtension>
        </extensions>
      </trkpt>
      <trkpt lat="54.312172047793865203857421875" lon="-8.53441785089671611785888671875">
        <ele>43.200000762939453125</ele>
        <time>2025-12-28T15:55:16.000Z</time>
        <extensions>
          <ns3:TrackPointExtension>
            <ns3:hr>117</ns3:hr>
            <ns3:cad>88</ns3:cad>
          </ns3:TrackPointExtension>
        </extensions>
      </trkpt>
      <trkpt lat="54.31216291151940822601318359375" lon="-8.5343983210623264312744140625">
        <ele>43.200000762939453125</ele>
        <time>2025-12-28T15:55:17.000Z</time>
        <extensions>
          <ns3:TrackPointExtension>
            <ns3:hr>120</ns3:hr>
            <ns3:cad>88</ns3:cad>
          </ns3:TrackPointExtension>
        </extensions>
      </trkpt>
      <trkpt lat="54.31213240139186382293701171875" lon="-8.53433520533144474029541015625">
        <ele>43.40000152587890625</ele>
        <time>2025-12-28T15:55:20.000Z</time>
        <extensions>
          <ns3:TrackPointExtension>
            <ns3:hr>123</ns3:hr>
            <ns3:cad>88</ns3:cad>
          </ns3:TrackPointExtension>
        </extensions>
      </trkpt>
      <trkpt lat="54.31204221211373805999755859375" lon="-8.53412599302828311920166015625">
        <ele>44</ele>
        <time>2025-12-28T15:55:29.000Z</time>
        <extensions>
          <ns3:TrackPointExtension>
            <ns3:hr>124</ns3:hr>
            <ns3:cad>59</ns3:cad>
          </ns3:TrackPointExtension>
        </extensions>
      </trkpt>
      <trkpt lat="54.31198035366833209991455078125" lon="-8.53401585482060909271240234375">
        <ele>44.200000762939453125</ele>
        <time>2025-12-28T15:55:35.000Z</time>
        <extensions>
          <ns3:TrackPointExtension>
            <ns3:hr>121</ns3:hr>
            <ns3:cad>58</ns3:cad>
          </ns3:TrackPointExtension>
        </extensions>
      </trkpt>
      <trkpt lat="54.31192670948803424835205078125" lon="-8.53390269912779331207275390625">
        <ele>44.200000762939453125</ele>
        <time>2025-12-28T15:55:41.000Z</time>
        <extensions>
          <ns3:TrackPointExtension>
            <ns3:hr>119</ns3:hr>
            <ns3:cad>58</ns3:cad>
          </ns3:TrackPointExtension>
        </extensions>
      </trkpt>
      <trkpt lat="54.31184984743595123291015625" lon="-8.53373053483664989471435546875">
        <ele>44.40000152587890625</ele>
        <time>2025-12-28T15:55:50.000Z</time>
        <extensions>
          <ns3:TrackPointExtension>
            <ns3:hr>116</ns3:hr>
            <ns3:cad>57</ns3:cad>
          </ns3:TrackPointExtension>
        </extensions>
      </trkpt>
      <trkpt lat="54.311808608472347259521484375" lon="-8.5336365737020969390869140625">
        <ele>44.59999847412109375</ele>
        <time>2025-12-28T15:55:54.000Z</time>
        <extensions>
          <ns3:TrackPointExtension>
            <ns3:hr>117</ns3:hr>
            <ns3:cad>58</ns3:cad>
          </ns3:TrackPointExtension>
        </extensions>
      </trkpt>
      <trkpt lat="54.311704337596893310546875" lon="-8.53343389928340911865234375">
        <ele>45</ele>
        <time>2025-12-28T15:56:05.000Z</time>
        <extensions>
          <ns3:TrackPointExtension>
            <ns3:hr>115</ns3:hr>
            <ns3:cad>56</ns3:cad>
          </ns3:TrackPointExtension>
        </extensions>
      </trkpt>
      <trkpt lat="54.31165697984397411346435546875" lon="-8.53331848047673702239990234375">
        <ele>45.200000762939453125</ele>
        <time>2025-12-28T15:56:11.000Z</time>
        <extensions>
          <ns3:TrackPointExtension>
            <ns3:hr>112</ns3:hr>
            <ns3:cad>57</ns3:cad>
          </ns3:TrackPointExtension>
        </extensions>
      </trkpt>
      <trkpt lat="54.3116277270019054412841796875" lon="-8.53325796313583850860595703125">
        <ele>45</ele>
        <time>2025-12-28T15:56:14.000Z</time>
        <extensions>
          <ns3:TrackPointExtension>
            <ns3:hr>108</ns3:hr>
            <ns3:cad>57</ns3:cad>
          </ns3:TrackPointExtension>
        </extensions>
      </trkpt>
      <trkpt lat="54.31159906089305877685546875" lon="-8.53319023735821247100830078125">
        <ele>45</ele>
        <time>2025-12-28T15:56:17.000Z</time>
        <extensions>
          <ns3:TrackPointExtension>
            <ns3:hr>106</ns3:hr>
            <ns3:cad>56</ns3:cad>
          </ns3:TrackPointExtension>
        </extensions>
      </trkpt>
      <trkpt lat="54.311540387570858001708984375" lon="-8.5330602340400218963623046875">
        <ele>44.799999237060546875</ele>
        <time>2025-12-28T15:56:24.000Z</time>
        <extensions>
          <ns3:TrackPointExtension>
            <ns3:hr>103</ns3:hr>
            <ns3:cad>56</ns3:cad>
          </ns3:TrackPointExtension>
        </extensions>
      </trkpt>
      <trkpt lat="54.3114795349538326263427734375" lon="-8.5329298116266727447509765625">
        <ele>44.59999847412109375</ele>
        <time>2025-12-28T15:56:31.000Z</time>
        <extensions>
          <ns3:TrackPointExtension>
            <ns3:hr>101</ns3:hr>
            <ns3:cad>56</ns3:cad>
          </ns3:TrackPointExtension>
        </extensions>
      </trkpt>
      <trkpt lat="54.31138448417186737060546875" lon="-8.5327152349054813385009765625">
        <ele>44.200000762939453125</ele>
        <time>2025-12-28T15:56:42.000Z</time>
        <extensions>
          <ns3:TrackPointExtension>
            <ns3:hr>101</ns3:hr>
            <ns3:cad>57</ns3:cad>
          </ns3:TrackPointExtension>
        </extensions>
      </trkpt>
      <trkpt lat="54.3112689815461635589599609375" lon="-8.532429076731204986572265625">
        <ele>44</ele>
        <time>2025-12-28T15:56:54.000Z</time>
        <extensions>
          <ns3:TrackPointExtension>
            <ns3:hr>101</ns3:hr>
            <ns3:cad>117</ns3:cad>
          </ns3:TrackPointExtension>
        </extensions>
      </trkpt>
      <trkpt lat="54.31125062517821788787841796875" lon="-8.53238842450082302093505859375">
        <ele>44</ele>
        <time>2025-12-28T15:56:55.000Z</time>
        <extensions>
          <ns3:TrackPointExtension>
            <ns3:hr>101</ns3:hr>
            <ns3:cad>82</ns3:cad>
          </ns3:TrackPointExtension>
        </extensions>
      </trkpt>
      <trkpt lat="54.3112123198807239532470703125" lon="-8.5323055274784564971923828125">
        <ele>44</ele>
        <time>2025-12-28T15:56:57.000Z</time>
        <extensions>
          <ns3:TrackPointExtension>
            <ns3:hr>104</ns3:hr>
            <ns3:cad>86</ns3:cad>
          </ns3:TrackPointExtension>
        </extensions>
      </trkpt>
      <trkpt lat="54.31117351166903972625732421875" lon="-8.532212488353252410888671875">
        <ele>44</ele>
        <time>2025-12-28T15:56:59.000Z</time>
        <extensions>
          <ns3:TrackPointExtension>
            <ns3:hr>107</ns3:hr>
            <ns3:cad>86</ns3:cad>
          </ns3:TrackPointExtension>
        </extensions>
      </trkpt>
      <trkpt lat="54.3111321888864040374755859375" lon="-8.53210846893489360809326171875">
        <ele>44.200000762939453125</ele>
        <time>2025-12-28T15:57:01.000Z</time>
        <extensions>
          <ns3:TrackPointExtension>
            <ns3:hr>110</ns3:hr>
            <ns3:cad>88</ns3:cad>
          </ns3:TrackPointExtension>
        </extensions>
      </trkpt>
      <trkpt lat="54.3111134134232997894287109375" lon="-8.53206270374357700347900390625">
        <ele>44.40000152587890625</ele>
        <time>2025-12-28T15:57:02.000Z</time>
        <extensions>
          <ns3:TrackPointExtension>
            <ns3:hr>112</ns3:hr>
            <ns3:cad>89</ns3:cad>
          </ns3:TrackPointExtension>
        </extensions>
      </trkpt>
      <trkpt lat="54.31105683557689189910888671875" lon="-8.53192557580769062042236328125">
        <ele>45</ele>
        <time>2025-12-28T15:57:05.000Z</time>
        <extensions>
          <ns3:TrackPointExtension>
            <ns3:hr>115</ns3:hr>
            <ns3:cad>89</ns3:cad>
          </ns3:TrackPointExtension>
        </extensions>
      </trkpt>
      <trkpt lat="54.31100151501595973968505859375" lon="-8.5317997634410858154296875">
        <ele>45</ele>
        <time>2025-12-28T15:57:08.000Z</time>
        <extensions>
          <ns3:TrackPointExtension>
            <ns3:hr>118</ns3:hr>
            <ns3:cad>88</ns3:cad>
          </ns3:TrackPointExtension>
        </extensions>
      </trkpt>
      <trkpt lat="54.3109363876283168792724609375" lon="-8.5316644795238971710205078125">
        <ele>45.40000152587890625</ele>
        <time>2025-12-28T15:57:11.000Z</time>
        <extensions>
          <ns3:TrackPointExtension>
            <ns3:hr>121</ns3:hr>
            <ns3:cad>89</ns3:cad>
          </ns3:TrackPointExtension>
        </extensions>
      </trkpt>
      <trkpt lat="54.31082029826939105987548828125" lon="-8.531468175351619720458984375">
        <ele>45.200000762939453125</ele>
        <time>2025-12-28T15:57:16.000Z</time>
        <extensions>
          <ns3:TrackPointExtension>
            <ns3:hr>124</ns3:hr>
            <ns3:cad>88</ns3:cad>
          </ns3:TrackPointExtension>
        </extensions>
      </trkpt>
      <trkpt lat="54.31074972264468669891357421875" lon="-8.53134470991790294647216796875">
        <ele>45</ele>
        <time>2025-12-28T15:57:19.000Z</time>
        <extensions>
          <ns3:TrackPointExtension>
            <ns3:hr>126</ns3:hr>
            <ns3:cad>90</ns3:cad>
          </ns3:TrackPointExtension>
        </extensions>
      </trkpt>
      <trkpt lat="54.310668669641017913818359375" lon="-8.53117489255964756011962890625">
        <ele>45</ele>
        <time>2025-12-28T15:57:23.000Z</time>
        <extensions>
          <ns3:TrackPointExtension>
            <ns3:hr>129</ns3:hr>
            <ns3:cad>89</ns3:cad>
          </ns3:TrackPointExtension>
        </extensions>
      </trkpt>
      <trkpt lat="54.3106220662593841552734375" lon="-8.53108403272926807403564453125">
        <ele>45</ele>
        <time>2025-12-28T15:57:25.000Z</time>
        <extensions>
          <ns3:TrackPointExtension>
            <ns3:hr>129</ns3:hr>
            <ns3:cad>89</ns3:cad>
          </ns3:TrackPointExtension>
        </extensions>
      </trkpt>
      <trkpt lat="54.310506395995616912841796875" lon="-8.5308474116027355194091796875">
        <ele>44</ele>
        <time>2025-12-28T15:57:30.000Z</time>
        <extensions>
          <ns3:TrackPointExtension>
            <ns3:hr>131</ns3:hr>
            <ns3:cad>89</ns3:cad>
          </ns3:TrackPointExtension>
        </extensions>
      </trkpt>
      <trkpt lat="54.31048468686640262603759765625" lon="-8.53079997003078460693359375">
        <ele>44</ele>
        <time>2025-12-28T15:57:31.000Z</time>
        <extensions>
          <ns3:TrackPointExtension>
            <ns3:hr>132</ns3:hr>
            <ns3:cad>89</ns3:cad>
          </ns3:TrackPointExtension>
        </extensions>
      </trkpt>
      <trkpt lat="54.31037186644971370697021484375" lon="-8.53058782406151294708251953125">
        <ele>44</ele>
        <time>2025-12-28T15:57:36.000Z</time>
        <extensions>
          <ns3:TrackPointExtension>
            <ns3:hr>136</ns3:hr>
            <ns3:cad>89</ns3:cad>
          </ns3:TrackPointExtension>
        </extensions>
      </trkpt>
      <trkpt lat="54.31034873239696025848388671875" lon="-8.53054583072662353515625">
        <ele>44</ele>
        <time>2025-12-28T15:57:37.000Z</time>
        <extensions>
          <ns3:TrackPointExtension>
            <ns3:hr>135</ns3:hr>
            <ns3:cad>89</ns3:cad>
          </ns3:TrackPointExtension>
        </extensions>
      </trkpt>
      <trkpt lat="54.310281760990619659423828125" lon="-8.5304145701229572296142578125">
        <ele>43.59999847412109375</ele>
        <time>2025-12-28T15:57:40.000Z</time>
        <extensions>
          <ns3:TrackPointExtension>
            <ns3:hr>138</ns3:hr>
            <ns3:cad>89</ns3:cad>
          </ns3:TrackPointExtension>
        </extensions>
      </trkpt>
      <trkpt lat="54.3101572059094905853271484375" lon="-8.530171327292919158935546875">
        <ele>43</ele>
        <time>2025-12-28T15:57:45.000Z</time>
        <extensions>
          <ns3:TrackPointExtension>
            <ns3:hr>140</ns3:hr>
            <ns3:cad>88</ns3:cad>
          </ns3:TrackPointExtension>
        </extensions>
      </trkpt>
      <trkpt lat="54.3100167252123355865478515625" lon="-8.52990620769560337066650390625">
        <ele>42.799999237060546875</ele>
        <time>2025-12-28T15:57:51.000Z</time>
        <extensions>
          <ns3:TrackPointExtension>
            <ns3:hr>141</ns3:hr>
            <ns3:cad>88</ns3:cad>
          </ns3:TrackPointExtension>
        </extensions>
      </trkpt>
      <trkpt lat="54.30999585427343845367431640625" lon="-8.529863543808460235595703125">
        <ele>42.59999847412109375</ele>
        <time>2025-12-28T15:57:52.000Z</time>
        <extensions>
          <ns3:TrackPointExtension>
            <ns3:hr>141</ns3:hr>
            <ns3:cad>88</ns3:cad>
          </ns3:TrackPointExtension>
        </extensions>
      </trkpt>
      <trkpt lat="54.30986903607845306396484375" lon="-8.5296333767473697662353515625">
        <ele>42.40000152587890625</ele>
        <time>2025-12-28T15:57:57.000Z</time>
        <extensions>
          <ns3:TrackPointExtension>
            <ns3:hr>141</ns3:hr>
            <ns3:cad>89</ns3:cad>
          </ns3:TrackPointExtension>
        </extensions>
      </trkpt>
      <trkpt lat="54.30984615348279476165771484375" lon="-8.5295783914625644683837890625">
        <ele>42.59999847412109375</ele>
        <time>2025-12-28T15:57:58.000Z</time>
        <extensions>
          <ns3:TrackPointExtension>
            <ns3:hr>142</ns3:hr>
            <ns3:cad>88</ns3:cad>
          </ns3:TrackPointExtension>
        </extensions>
      </trkpt>
      <trkpt lat="54.3097156472504138946533203125" lon="-8.52935669012367725372314453125">
        <ele>42.200000762939453125</ele>
        <time>2025-12-28T15:58:03.000Z</time>
        <extensions>
          <ns3:TrackPointExtension>
            <ns3:hr>143</ns3:hr>
            <ns3:cad>89</ns3:cad>
          </ns3:TrackPointExtension>
        </extensions>
      </trkpt>
      <trkpt lat="54.3096415512263774871826171875" lon="-8.5292129404842853546142578125">
        <ele>42</ele>
        <time>2025-12-28T15:58:06.000Z</time>
        <extensions>
          <ns3:TrackPointExtension>
            <ns3:hr>143</ns3:hr>
            <ns3:cad>88</ns3:cad>
          </ns3:TrackPointExtension>
        </extensions>
      </trkpt>
      <trkpt lat="54.30953116156160831451416015625" lon="-8.5289646685123443603515625">
        <ele>42.59999847412109375</ele>
        <time>2025-12-28T15:58:11.000Z</time>
        <extensions>
          <ns3:TrackPointExtension>
            <ns3:hr>142</ns3:hr>
            <ns3:cad>87</ns3:cad>
          </ns3:TrackPointExtension>
        </extensions>
      </trkpt>
      <trkpt lat="54.30947114713490009307861328125" lon="-8.5288370959460735321044921875">
        <ele>42.200000762939453125</ele>
        <time>2025-12-28T15:58:14.000Z</time>
        <extensions>
          <ns3:TrackPointExtension>
            <ns3:hr>142</ns3:hr>
            <ns3:cad>89</ns3:cad>
          </ns3:TrackPointExtension>
        </extensions>
      </trkpt>
      <trkpt lat="54.30936218239367008209228515625" lon="-8.52855253033339977264404296875">
        <ele>41.799999237060546875</ele>
        <time>2025-12-28T15:58:20.000Z</time>
        <extensions>
          <ns3:TrackPointExtension>
            <ns3:hr>142</ns3:hr>
            <ns3:cad>87</ns3:cad>
          </ns3:TrackPointExtension>
        </extensions>
      </trkpt>
      <trkpt lat="54.30926553905010223388671875" lon="-8.528246171772480010986328125">
        <ele>41.59999847412109375</ele>
        <time>2025-12-28T15:58:26.000Z</time>
        <extensions>
          <ns3:TrackPointExtension>
            <ns3:hr>141</ns3:hr>
            <ns3:cad>88</ns3:cad>
          </ns3:TrackPointExtension>
        </extensions>
      </trkpt>
      <trkpt lat="54.309247434139251708984375" lon="-8.52819579653441905975341796875">
        <ele>41.40000152587890625</ele>
        <time>2025-12-28T15:58:27.000Z</time>
        <extensions>
          <ns3:TrackPointExtension>
            <ns3:hr>141</ns3:hr>
            <ns3:cad>88</ns3:cad>
          </ns3:TrackPointExtension>
        </extensions>
      </trkpt>
      <trkpt lat="54.3091379664838314056396484375" lon="-8.5279258154332637786865234375">
        <ele>40.200000762939453125</ele>
        <time>2025-12-28T15:58:32.000Z</time>
        <extensions>
          <ns3:TrackPointExtension>
            <ns3:hr>141</ns3:hr>
            <ns3:cad>89</ns3:cad>
          </ns3:TrackPointExtension>
        </extensions>
      </trkpt>
      <trkpt lat="54.30911793373525142669677734375" lon="-8.52787476964294910430908203125">
        <ele>40</ele>
        <time>2025-12-28T15:58:33.000Z</time>
        <extensions>
          <ns3:TrackPointExtension>
            <ns3:hr>142</ns3:hr>
            <ns3:cad>89</ns3:cad>
          </ns3:TrackPointExtension>
        </extensions>
      </trkpt>
      <trkpt lat="54.30907987989485263824462890625" lon="-8.527769409120082855224609375">
        <ele>39.59999847412109375</ele>
        <time>2025-12-28T15:58:35.000Z</time>
        <extensions>
          <ns3:TrackPointExtension>
            <ns3:hr>141</ns3:hr>
            <ns3:cad>89</ns3:cad>
          </ns3:TrackPointExtension>
        </extensions>
      </trkpt>
      <trkpt lat="54.30897728540003299713134765625" lon="-8.52744963951408863067626953125">
        <ele>38.59999847412109375</ele>
        <time>2025-12-28T15:58:41.000Z</time>
        <extensions>
          <ns3:TrackPointExtension>
            <ns3:hr>140</ns3:hr>
            <ns3:cad>89</ns3:cad>
          </ns3:TrackPointExtension>
        </extensions>
      </trkpt>
      <trkpt lat="54.308960437774658203125" lon="-8.52739465422928333282470703125">
        <ele>38.40000152587890625</ele>
        <time>2025-12-28T15:58:42.000Z</time>
        <extensions>
          <ns3:TrackPointExtension>
            <ns3:hr>141</ns3:hr>
            <ns3:cad>88</ns3:cad>
          </ns3:TrackPointExtension>
        </extensions>
      </trkpt>
      <trkpt lat="54.30887217633426189422607421875" lon="-8.527110926806926727294921875">
        <ele>37.59999847412109375</ele>
        <time>2025-12-28T15:58:47.000Z</time>
        <extensions>
          <ns3:TrackPointExtension>
            <ns3:hr>142</ns3:hr>
            <ns3:cad>89</ns3:cad>
          </ns3:TrackPointExtension>
        </extensions>
      </trkpt>
      <trkpt lat="54.30883948691189289093017578125" lon="-8.52700456045567989349365234375">
        <ele>37.799999237060546875</ele>
        <time>2025-12-28T15:58:49.000Z</time>
        <extensions>
          <ns3:TrackPointExtension>
            <ns3:hr>142</ns3:hr>
            <ns3:cad>89</ns3:cad>
          </ns3:TrackPointExtension>
        </extensions>
      </trkpt>
      <trkpt lat="54.308762289583683013916015625" lon="-8.52679149247705936431884765625">
        <ele>37.40000152587890625</ele>
        <time>2025-12-28T15:58:53.000Z</time>
        <extensions>
          <ns3:TrackPointExtension>
            <ns3:hr>139</ns3:hr>
            <ns3:cad>88</ns3:cad>
          </ns3:TrackPointExtension>
        </extensions>
      </trkpt>
      <trkpt lat="54.30870487354695796966552734375" lon="-8.52662368677556514739990234375">
        <ele>37.200000762939453125</ele>
        <time>2025-12-28T15:58:56.000Z</time>
        <extensions>
          <ns3:TrackPointExtension>
            <ns3:hr>138</ns3:hr>
            <ns3:cad>88</ns3:cad>
          </ns3:TrackPointExtension>
        </extensions>
      </trkpt>
      <trkpt lat="54.30860127322375774383544921875" lon="-8.5263406299054622650146484375">
        <ele>37.40000152587890625</ele>
        <time>2025-12-28T15:59:01.000Z</time>
        <extensions>
          <ns3:TrackPointExtension>
            <ns3:hr>138</ns3:hr>
            <ns3:cad>89</ns3:cad>
          </ns3:TrackPointExtension>
        </extensions>
      </trkpt>
      <trkpt lat="54.30853975005447864532470703125" lon="-8.526184894144535064697265625">
        <ele>36.799999237060546875</ele>
        <time>2025-12-28T15:59:04.000Z</time>
        <extensions>
          <ns3:TrackPointExtension>
            <ns3:hr>138</ns3:hr>
            <ns3:cad>87</ns3:cad>
          </ns3:TrackPointExtension>
        </extensions>
      </trkpt>
      <trkpt lat="54.30844050832092761993408203125" lon="-8.52587903849780559539794921875">
        <ele>36.59999847412109375</ele>
        <time>2025-12-28T15:59:10.000Z</time>
        <extensions>
          <ns3:TrackPointExtension>
            <ns3:hr>139</ns3:hr>
            <ns3:cad>88</ns3:cad>
          </ns3:TrackPointExtension>
        </extensions>
      </trkpt>
      <trkpt lat="54.30832483805716037750244140625" lon="-8.52556304074823856353759765625">
        <ele>36.200000762939453125</ele>
        <time>2025-12-28T15:59:16.000Z</time>
        <extensions>
          <ns3:TrackPointExtension>
            <ns3:hr>141</ns3:hr>
            <ns3:cad>88</ns3:cad>
          </ns3:TrackPointExtension>
        </extensions>
      </trkpt>
      <trkpt lat="54.3083094991743564605712890625" lon="-8.52549531497061252593994140625">
        <ele>36.200000762939453125</ele>
        <time>2025-12-28T15:59:17.000Z</time>
        <extensions>
          <ns3:TrackPointExtension>
            <ns3:hr>142</ns3:hr>
            <ns3:cad>88</ns3:cad>
          </ns3:TrackPointExtension>
        </extensions>
      </trkpt>
      <trkpt lat="54.30822593159973621368408203125" lon="-8.52515903301537036895751953125">
        <ele>36.200000762939453125</ele>
        <time>2025-12-28T15:59:22.000Z</time>
        <extensions>
          <ns3:TrackPointExtension>
            <ns3:hr>144</ns3:hr>
            <ns3:cad>88</ns3:cad>
          </ns3:TrackPointExtension>
        </extensions>
      </trkpt>
      <trkpt lat="54.308213107287883758544921875" lon="-8.5251037962734699249267578125">
        <ele>36.40000152587890625</ele>
        <time>2025-12-28T15:59:23.000Z</time>
        <extensions>
          <ns3:TrackPointExtension>
            <ns3:hr>145</ns3:hr>
            <ns3:cad>88</ns3:cad>
          </ns3:TrackPointExtension>
        </extensions>
      </trkpt>
      <trkpt lat="54.308133311569690704345703125" lon="-8.52478587068617343902587890625">
        <ele>37.200000762939453125</ele>
        <time>2025-12-28T15:59:29.000Z</time>
        <extensions>
          <ns3:TrackPointExtension>
            <ns3:hr>145</ns3:hr>
            <ns3:cad>87</ns3:cad>
          </ns3:TrackPointExtension>
        </extensions>
      </trkpt>
      <trkpt lat="54.3080610595643520355224609375" lon="-8.52445788681507110595703125">
        <ele>38</ele>
        <time>2025-12-28T15:59:36.000Z</time>
        <extensions>
          <ns3:TrackPointExtension>
            <ns3:hr>145</ns3:hr>
            <ns3:cad>86</ns3:cad>
          </ns3:TrackPointExtension>
        </extensions>
      </trkpt>
      <trkpt lat="54.30804873816668987274169921875" lon="-8.5244101099669933319091796875">
        <ele>38.200000762939453125</ele>
        <time>2025-12-28T15:59:37.000Z</time>
        <extensions>
          <ns3:TrackPointExtension>
            <ns3:hr>145</ns3:hr>
            <ns3:cad>86</ns3:cad>
          </ns3:TrackPointExtension>
        </extensions>
      </trkpt>
      <trkpt lat="54.30798084475100040435791015625" lon="-8.52412252686917781829833984375">
        <ele>39</ele>
        <time>2025-12-28T15:59:43.000Z</time>
        <extensions>
          <ns3:TrackPointExtension>
            <ns3:hr>144</ns3:hr>
            <ns3:cad>87</ns3:cad>
          </ns3:TrackPointExtension>
        </extensions>
      </trkpt>
      <trkpt lat="54.30795720778405666351318359375" lon="-8.52402127347886562347412109375">
        <ele>38.799999237060546875</ele>
        <time>2025-12-28T15:59:45.000Z</time>
        <extensions>
          <ns3:TrackPointExtension>
            <ns3:hr>144</ns3:hr>
            <ns3:cad>87</ns3:cad>
          </ns3:TrackPointExtension>
        </extensions>
      </trkpt>
      <trkpt lat="54.30788822472095489501953125" lon="-8.52369957603514194488525390625">
        <ele>39</ele>
        <time>2025-12-28T15:59:51.000Z</time>
        <extensions>
          <ns3:TrackPointExtension>
            <ns3:hr>143</ns3:hr>
            <ns3:cad>87</ns3:cad>
          </ns3:TrackPointExtension>
        </extensions>
      </trkpt>
      <trkpt lat="54.30786048062145709991455078125" lon="-8.52351643145084381103515625">
        <ele>39.40000152587890625</ele>
        <time>2025-12-28T15:59:54.000Z</time>
        <extensions>
          <ns3:TrackPointExtension>
            <ns3:hr>142</ns3:hr>
            <ns3:cad>86</ns3:cad>
          </ns3:TrackPointExtension>
        </extensions>
      </trkpt>
      <trkpt lat="54.30780314840376377105712890625" lon="-8.5232346318662166595458984375">
        <ele>40</ele>
        <time>2025-12-28T16:00:00.000Z</time>
        <extensions>
          <ns3:TrackPointExtension>
            <ns3:hr>139</ns3:hr>
            <ns3:cad>87</ns3:cad>
          </ns3:TrackPointExtension>
        </extensions>
      </trkpt>
      <trkpt lat="54.30774045176804065704345703125" lon="-8.52293573319911956787109375">
        <ele>40</ele>
        <time>2025-12-28T16:00:05.000Z</time>
        <extensions>
          <ns3:TrackPointExtension>
            <ns3:hr>139</ns3:hr>
            <ns3:cad>88</ns3:cad>
          </ns3:TrackPointExtension>
        </extensions>
      </trkpt>
      <trkpt lat="54.30772821418941020965576171875" lon="-8.52287597022950649261474609375">
        <ele>40</ele>
        <time>2025-12-28T16:00:06.000Z</time>
        <extensions>
          <ns3:TrackPointExtension>
            <ns3:hr>139</ns3:hr>
            <ns3:cad>88</ns3:cad>
          </ns3:TrackPointExtension>
        </extensions>
      </trkpt>
      <trkpt lat="54.30764925666153430938720703125" lon="-8.52254622615873813629150390625">
        <ele>40</ele>
        <time>2025-12-28T16:00:12.000Z</time>
        <extensions>
          <ns3:TrackPointExtension>
            <ns3:hr>139</ns3:hr>
            <ns3:cad>86</ns3:cad>
          </ns3:TrackPointExtension>
        </extensions>
      </trkpt>
      <trkpt lat="54.30763500742614269256591796875" lon="-8.5224923305213451385498046875">
        <ele>40</ele>
        <time>2025-12-28T16:00:13.000Z</time>
        <extensions>
          <ns3:TrackPointExtension>
            <ns3:hr>142</ns3:hr>
            <ns3:cad>86</ns3:cad>
          </ns3:TrackPointExtension>
        </extensions>
      </trkpt>
      <trkpt lat="54.30762042291462421417236328125" lon="-8.522437848150730133056640625">
        <ele>39.799999237060546875</ele>
        <time>2025-12-28T16:00:14.000Z</time>
        <extensions>
          <ns3:TrackPointExtension>
            <ns3:hr>139</ns3:hr>
            <ns3:cad>86</ns3:cad>
          </ns3:TrackPointExtension>
        </extensions>
      </trkpt>
      <trkpt lat="54.30754892528057098388671875" lon="-8.5221258737146854400634765625">
        <ele>40</ele>
        <time>2025-12-28T16:00:20.000Z</time>
        <extensions>
          <ns3:TrackPointExtension>
            <ns3:hr>139</ns3:hr>
            <ns3:cad>87</ns3:cad>
          </ns3:TrackPointExtension>
        </extensions>
      </trkpt>
      <trkpt lat="54.307504333555698394775390625" lon="-8.521973155438899993896484375">
        <ele>40</ele>
        <time>2025-12-28T16:00:23.000Z</time>
        <extensions>
          <ns3:TrackPointExtension>
            <ns3:hr>139</ns3:hr>
            <ns3:cad>87</ns3:cad>
          </ns3:TrackPointExtension>
        </extensions>
      </trkpt>
      <trkpt lat="54.30743300355970859527587890625" lon="-8.52165590040385723114013671875">
        <ele>41</ele>
        <time>2025-12-28T16:00:29.000Z</time>
        <extensions>
          <ns3:TrackPointExtension>
            <ns3:hr>141</ns3:hr>
            <ns3:cad>86</ns3:cad>
          </ns3:TrackPointExtension>
        </extensions>
      </trkpt>
      <trkpt lat="54.30742210708558559417724609375" lon="-8.52161030285060405731201171875">
        <ele>41</ele>
        <time>2025-12-28T16:00:30.000Z</time>
        <extensions>
          <ns3:TrackPointExtension>
            <ns3:hr>142</ns3:hr>
            <ns3:cad>87</ns3:cad>
          </ns3:TrackPointExtension>
        </extensions>
      </trkpt>
      <trkpt lat="54.3073573149740695953369140625" lon="-8.52130939252674579620361328125">
        <ele>41.59999847412109375</ele>
        <time>2025-12-28T16:00:36.000Z</time>
        <extensions>
          <ns3:TrackPointExtension>
            <ns3:hr>143</ns3:hr>
            <ns3:cad>86</ns3:cad>
          </ns3:TrackPointExtension>
        </extensions>
      </trkpt>
      <trkpt lat="54.30729520507156848907470703125" lon="-8.52099574171006679534912109375">
        <ele>42.40000152587890625</ele>
        <time>2025-12-28T16:00:42.000Z</time>
        <extensions>
          <ns3:TrackPointExtension>
            <ns3:hr>144</ns3:hr>
            <ns3:cad>86</ns3:cad>
          </ns3:TrackPointExtension>
        </extensions>
      </trkpt>
      <trkpt lat="54.30728062056005001068115234375" lon="-8.5209467075765132904052734375">
        <ele>42.59999847412109375</ele>
        <time>2025-12-28T16:00:43.000Z</time>
        <extensions>
          <ns3:TrackPointExtension>
            <ns3:hr>144</ns3:hr>
            <ns3:cad>86</ns3:cad>
          </ns3:TrackPointExtension>
        </extensions>
      </trkpt>
      <trkpt lat="54.30720266886055469512939453125" lon="-8.5206149518489837646484375">
        <ele>43</ele>
        <time>2025-12-28T16:00:50.000Z</time>
        <extensions>
          <ns3:TrackPointExtension>
            <ns3:hr>144</ns3:hr>
            <ns3:cad>87</ns3:cad>
          </ns3:TrackPointExtension>
        </extensions>
      </trkpt>
      <trkpt lat="54.30718280375003814697265625" lon="-8.52051059715449810028076171875">
        <ele>43.200000762939453125</ele>
        <time>2025-12-28T16:00:52.000Z</time>
        <extensions>
          <ns3:TrackPointExtension>
            <ns3:hr>145</ns3:hr>
            <ns3:cad>87</ns3:cad>
          </ns3:TrackPointExtension>
        </extensions>
      </trkpt>
      <trkpt lat="54.30711113847792148590087890625" lon="-8.5202248580753803253173828125">
        <ele>43.799999237060546875</ele>
        <time>2025-12-28T16:00:58.000Z</time>
        <extensions>
          <ns3:TrackPointExtension>
            <ns3:hr>146</ns3:hr>
            <ns3:cad>87</ns3:cad>
          </ns3:TrackPointExtension>
        </extensions>
      </trkpt>
      <trkpt lat="54.30709890089929103851318359375" lon="-8.5201749019324779510498046875">
        <ele>43.799999237060546875</ele>
        <time>2025-12-28T16:00:59.000Z</time>
        <extensions>
          <ns3:TrackPointExtension>
            <ns3:hr>146</ns3:hr>
            <ns3:cad>87</ns3:cad>
          </ns3:TrackPointExtension>
        </extensions>
      </trkpt>
      <trkpt lat="54.30704944767057895660400390625" lon="-8.5198369435966014862060546875">
        <ele>43.59999847412109375</ele>
        <time>2025-12-28T16:01:05.000Z</time>
        <extensions>
          <ns3:TrackPointExtension>
            <ns3:hr>147</ns3:hr>
            <ns3:cad>89</ns3:cad>
          </ns3:TrackPointExtension>
        </extensions>
      </trkpt>
      <trkpt lat="54.30703788064420223236083984375" lon="-8.5196736641228199005126953125">
        <ele>44</ele>
        <time>2025-12-28T16:01:08.000Z</time>
        <extensions>
          <ns3:TrackPointExtension>
            <ns3:hr>147</ns3:hr>
            <ns3:cad>88</ns3:cad>
          </ns3:TrackPointExtension>
        </extensions>
      </trkpt>
      <trkpt lat="54.307015500962734222412109375" lon="-8.51934425532817840576171875">
        <ele>43.59999847412109375</ele>
        <time>2025-12-28T16:01:14.000Z</time>
        <extensions>
          <ns3:TrackPointExtension>
            <ns3:hr>149</ns3:hr>
            <ns3:cad>86</ns3:cad>
          </ns3:TrackPointExtension>
        </extensions>
      </trkpt>
      <trkpt lat="54.3070133216679096221923828125" lon="-8.51922129280865192413330078125">
        <ele>43.200000762939453125</ele>
        <time>2025-12-28T16:01:16.000Z</time>
        <extensions>
          <ns3:TrackPointExtension>
            <ns3:hr>152</ns3:hr>
            <ns3:cad>87</ns3:cad>
          </ns3:TrackPointExtension>
        </extensions>
      </trkpt>
      <trkpt lat="54.30698976851999759674072265625" lon="-8.51886020042002201080322265625">
        <ele>43</ele>
        <time>2025-12-28T16:01:22.000Z</time>
        <extensions>
          <ns3:TrackPointExtension>
            <ns3:hr>153</ns3:hr>
            <ns3:cad>87</ns3:cad>
          </ns3:TrackPointExtension>
        </extensions>
      </trkpt>
      <trkpt lat="54.3069915287196636199951171875" lon="-8.5187442786991596221923828125">
        <ele>43.200000762939453125</ele>
        <time>2025-12-28T16:01:24.000Z</time>
        <extensions>
          <ns3:TrackPointExtension>
            <ns3:hr>152</ns3:hr>
            <ns3:cad>87</ns3:cad>
          </ns3:TrackPointExtension>
        </extensions>
      </trkpt>
      <trkpt lat="54.30700334720313549041748046875" lon="-8.518392741680145263671875">
        <ele>43.59999847412109375</ele>
        <time>2025-12-28T16:01:30.000Z</time>
        <extensions>
          <ns3:TrackPointExtension>
            <ns3:hr>149</ns3:hr>
            <ns3:cad>88</ns3:cad>
          </ns3:TrackPointExtension>
        </extensions>
      </trkpt>
      <trkpt lat="54.30700753815472126007080078125" lon="-8.51827078498899936676025390625">
        <ele>43.59999847412109375</ele>
        <time>2025-12-28T16:01:32.000Z</time>
        <extensions>
          <ns3:TrackPointExtension>
            <ns3:hr>149</ns3:hr>
            <ns3:cad>88</ns3:cad>
          </ns3:TrackPointExtension>
        </extensions>
      </trkpt>
      <trkpt lat="54.30701910518109798431396484375" lon="-8.5179604031145572662353515625">
        <ele>43.59999847412109375</ele>
        <time>2025-12-28T16:01:37.000Z</time>
        <extensions>
          <ns3:TrackPointExtension>
            <ns3:hr>148</ns3:hr>
            <ns3:cad>87</ns3:cad>
          </ns3:TrackPointExtension>
        </extensions>
      </trkpt>
      <trkpt lat="54.30705850012600421905517578125" lon="-8.517651446163654327392578125">
        <ele>44.200000762939453125</ele>
        <time>2025-12-28T16:01:42.000Z</time>
        <extensions>
          <ns3:TrackPointExtension>
            <ns3:hr>148</ns3:hr>
            <ns3:cad>87</ns3:cad>
          </ns3:TrackPointExtension>
        </extensions>
      </trkpt>
      <trkpt lat="54.3070709891617298126220703125" lon="-8.51759545505046844482421875">
        <ele>44.40000152587890625</ele>
        <time>2025-12-28T16:01:43.000Z</time>
        <extensions>
          <ns3:TrackPointExtension>
            <ns3:hr>148</ns3:hr>
            <ns3:cad>87</ns3:cad>
          </ns3:TrackPointExtension>
        </extensions>
      </trkpt>
      <trkpt lat="54.30716780014336109161376953125" lon="-8.51730049587786197662353515625">
        <ele>44</ele>
        <time>2025-12-28T16:01:48.000Z</time>
        <extensions>
          <ns3:TrackPointExtension>
            <ns3:hr>149</ns3:hr>
            <ns3:cad>86</ns3:cad>
          </ns3:TrackPointExtension>
        </extensions>
      </trkpt>
      <trkpt lat="54.307241477072238922119140625" lon="-8.51713704876601696014404296875">
        <ele>43.40000152587890625</ele>
        <time>2025-12-28T16:01:51.000Z</time>
        <extensions>
          <ns3:TrackPointExtension>
            <ns3:hr>150</ns3:hr>
            <ns3:cad>87</ns3:cad>
          </ns3:TrackPointExtension>
        </extensions>
      </trkpt>
      <trkpt lat="54.307329989969730377197265625" lon="-8.5168080590665340423583984375">
        <ele>42.40000152587890625</ele>
        <time>2025-12-28T16:01:56.000Z</time>
        <extensions>
          <ns3:TrackPointExtension>
            <ns3:hr>150</ns3:hr>
            <ns3:cad>89</ns3:cad>
          </ns3:TrackPointExtension>
        </extensions>
      </trkpt>
      <trkpt lat="54.3073417246341705322265625" lon="-8.51673807017505168914794921875">
        <ele>42.40000152587890625</ele>
        <time>2025-12-28T16:01:57.000Z</time>
        <extensions>
          <ns3:TrackPointExtension>
            <ns3:hr>150</ns3:hr>
            <ns3:cad>89</ns3:cad>
          </ns3:TrackPointExtension>
        </extensions>
      </trkpt>
      <trkpt lat="54.307395033538341522216796875" lon="-8.516409583389759063720703125">
        <ele>42.200000762939453125</ele>
        <time>2025-12-28T16:02:02.000Z</time>
        <extensions>
          <ns3:TrackPointExtension>
            <ns3:hr>149</ns3:hr>
            <ns3:cad>91</ns3:cad>
          </ns3:TrackPointExtension>
        </extensions>
      </trkpt>
      <trkpt lat="54.3074002303183078765869140625" lon="-8.5163413546979427337646484375">
        <ele>42</ele>
        <time>2025-12-28T16:02:03.000Z</time>
        <extensions>
          <ns3:TrackPointExtension>
            <ns3:hr>148</ns3:hr>
            <ns3:cad>91</ns3:cad>
          </ns3:TrackPointExtension>
        </extensions>
      </trkpt>
      <trkpt lat="54.30738690309226512908935546875" lon="-8.5160674341022968292236328125">
        <ele>41</ele>
        <time>2025-12-28T16:02:07.000Z</time>
        <extensions>
          <ns3:TrackPointExtension>
            <ns3:hr>145</ns3:hr>
            <ns3:cad>88</ns3:cad>
          </ns3:TrackPointExtension>
        </extensions>
      </trkpt>
      <trkpt lat="54.3073727376759052276611328125" lon="-8.515930809080600738525390625">
        <ele>40.59999847412109375</ele>
        <time>2025-12-28T16:02:09.000Z</time>
        <extensions>
          <ns3:TrackPointExtension>
            <ns3:hr>145</ns3:hr>
            <ns3:cad>88</ns3:cad>
          </ns3:TrackPointExtension>
        </extensions>
      </trkpt>
      <trkpt lat="54.30732605047523975372314453125" lon="-8.51558958180248737335205078125">
        <ele>39.59999847412109375</ele>
        <time>2025-12-28T16:02:14.000Z</time>
        <extensions>
          <ns3:TrackPointExtension>
            <ns3:hr>143</ns3:hr>
            <ns3:cad>88</ns3:cad>
          </ns3:TrackPointExtension>
        </extensions>
      </trkpt>
      <trkpt lat="54.30732554756104946136474609375" lon="-8.51545102894306182861328125">
        <ele>39.40000152587890625</ele>
        <time>2025-12-28T16:02:16.000Z</time>
        <extensions>
          <ns3:TrackPointExtension>
            <ns3:hr>142</ns3:hr>
            <ns3:cad>88</ns3:cad>
          </ns3:TrackPointExtension>
        </extensions>
      </trkpt>
      <trkpt lat="54.307332336902618408203125" lon="-8.51509437896311283111572265625">
        <ele>38.40000152587890625</ele>
        <time>2025-12-28T16:02:21.000Z</time>
        <extensions>
          <ns3:TrackPointExtension>
            <ns3:hr>143</ns3:hr>
            <ns3:cad>87</ns3:cad>
          </ns3:TrackPointExtension>
        </extensions>
      </trkpt>
      <trkpt lat="54.30731364525854587554931640625" lon="-8.514969237148761749267578125">
        <ele>38.40000152587890625</ele>
        <time>2025-12-28T16:02:23.000Z</time>
        <extensions>
          <ns3:TrackPointExtension>
            <ns3:hr>143</ns3:hr>
            <ns3:cad>88</ns3:cad>
          </ns3:TrackPointExtension>
        </extensions>
      </trkpt>
      <trkpt lat="54.30722798220813274383544921875" lon="-8.51466086693108081817626953125">
        <ele>38.59999847412109375</ele>
        <time>2025-12-28T16:02:28.000Z</time>
        <extensions>
          <ns3:TrackPointExtension>
            <ns3:hr>143</ns3:hr>
            <ns3:cad>88</ns3:cad>
          </ns3:TrackPointExtension>
        </extensions>
      </trkpt>
      <trkpt lat="54.307188503444194793701171875" lon="-8.51453371345996856689453125">
        <ele>38.799999237060546875</ele>
        <time>2025-12-28T16:02:30.000Z</time>
        <extensions>
          <ns3:TrackPointExtension>
            <ns3:hr>145</ns3:hr>
            <ns3:cad>88</ns3:cad>
          </ns3:TrackPointExtension>
        </extensions>
      </trkpt>
      <trkpt lat="54.307099319994449615478515625" lon="-8.514240346848964691162109375">
        <ele>37.59999847412109375</ele>
        <time>2025-12-28T16:02:35.000Z</time>
        <extensions>
          <ns3:TrackPointExtension>
            <ns3:hr>144</ns3:hr>
            <ns3:cad>86</ns3:cad>
          </ns3:TrackPointExtension>
        </extensions>
      </trkpt>
      <trkpt lat="54.3070388026535511016845703125" lon="-8.51406122557818889617919921875">
        <ele>37</ele>
        <time>2025-12-28T16:02:38.000Z</time>
        <extensions>
          <ns3:TrackPointExtension>
            <ns3:hr>145</ns3:hr>
            <ns3:cad>86</ns3:cad>
          </ns3:TrackPointExtension>
        </extensions>
      </trkpt>
      <trkpt lat="54.3069482780992984771728515625" lon="-8.5137828625738620758056640625">
        <ele>35.200000762939453125</ele>
        <time>2025-12-28T16:02:43.000Z</time>
        <extensions>
          <ns3:TrackPointExtension>
            <ns3:hr>147</ns3:hr>
            <ns3:cad>87</ns3:cad>
          </ns3:TrackPointExtension>
        </extensions>
      </trkpt>
      <trkpt lat="54.306928999722003936767578125" lon="-8.51369963027536869049072265625">
        <ele>34.59999847412109375</ele>
        <time>2025-12-28T16:02:45.000Z</time>
        <extensions>
          <ns3:TrackPointExtension>
            <ns3:hr>148</ns3:hr>
            <ns3:cad>85</ns3:cad>
          </ns3:TrackPointExtension>
        </extensions>
      </trkpt>
      <trkpt lat="54.30692288093268871307373046875" lon="-8.51358689367771148681640625">
        <ele>33.799999237060546875</ele>
        <time>2025-12-28T16:02:47.000Z</time>
        <extensions>
          <ns3:TrackPointExtension>
            <ns3:hr>147</ns3:hr>
            <ns3:cad>84</ns3:cad>
          </ns3:TrackPointExtension>
        </extensions>
      </trkpt>
      <trkpt lat="54.3069295026361942291259765625" lon="-8.513451777398586273193359375">
        <ele>33.40000152587890625</ele>
        <time>2025-12-28T16:02:49.000Z</time>
        <extensions>
          <ns3:TrackPointExtension>
            <ns3:hr>146</ns3:hr>
            <ns3:cad>84</ns3:cad>
          </ns3:TrackPointExtension>
        </extensions>
      </trkpt>
      <trkpt lat="54.3069315142929553985595703125" lon="-8.51324767805635929107666015625">
        <ele>32.799999237060546875</ele>
        <time>2025-12-28T16:02:52.000Z</time>
        <extensions>
          <ns3:TrackPointExtension>
            <ns3:hr>143</ns3:hr>
            <ns3:cad>87</ns3:cad>
          </ns3:TrackPointExtension>
        </extensions>
      </trkpt>
      <trkpt lat="54.30695489980280399322509765625" lon="-8.5129892639815807342529296875">
        <ele>32.200000762939453125</ele>
        <time>2025-12-28T16:02:56.000Z</time>
        <extensions>
          <ns3:TrackPointExtension>
            <ns3:hr>141</ns3:hr>
            <ns3:cad>87</ns3:cad>
          </ns3:TrackPointExtension>
        </extensions>
      </trkpt>
      <trkpt lat="54.3070210330188274383544921875" lon="-8.512678630650043487548828125">
        <ele>32</ele>
        <time>2025-12-28T16:03:01.000Z</time>
        <extensions>
          <ns3:TrackPointExtension>
            <ns3:hr>140</ns3:hr>
            <ns3:cad>86</ns3:cad>
          </ns3:TrackPointExtension>
        </extensions>
      </trkpt>
      <trkpt lat="54.30705313570797443389892578125" lon="-8.5125644691288471221923828125">
        <ele>31.799999237060546875</ele>
        <time>2025-12-28T16:03:03.000Z</time>
        <extensions>
          <ns3:TrackPointExtension>
            <ns3:hr>140</ns3:hr>
            <ns3:cad>86</ns3:cad>
          </ns3:TrackPointExtension>
        </extensions>
      </trkpt>
      <trkpt lat="54.307132847607135772705078125" lon="-8.512270934879779815673828125">
        <ele>31.799999237060546875</ele>
        <time>2025-12-28T16:03:08.000Z</time>
        <extensions>
          <ns3:TrackPointExtension>
            <ns3:hr>140</ns3:hr>
            <ns3:cad>88</ns3:cad>
          </ns3:TrackPointExtension>
        </extensions>
      </trkpt>
      <trkpt lat="54.30722035467624664306640625" lon="-8.51193733513355255126953125">
        <ele>31.200000762939453125</ele>
        <time>2025-12-28T16:03:14.000Z</time>
        <extensions>
          <ns3:TrackPointExtension>
            <ns3:hr>142</ns3:hr>
            <ns3:cad>85</ns3:cad>
          </ns3:TrackPointExtension>
        </extensions>
      </trkpt>
      <trkpt lat="54.3072966299951076507568359375" lon="-8.51160817779600620269775390625">
        <ele>31.6000003814697265625</ele>
        <time>2025-12-28T16:03:20.000Z</time>
        <extensions>
          <ns3:TrackPointExtension>
            <ns3:hr>143</ns3:hr>
            <ns3:cad>85</ns3:cad>
          </ns3:TrackPointExtension>
        </extensions>
      </trkpt>
      <trkpt lat="54.3073167465627193450927734375" lon="-8.511488400399684906005859375">
        <ele>32</ele>
        <time>2025-12-28T16:03:22.000Z</time>
        <extensions>
          <ns3:TrackPointExtension>
            <ns3:hr>143</ns3:hr>
            <ns3:cad>85</ns3:cad>
          </ns3:TrackPointExtension>
        </extensions>
      </trkpt>
      <trkpt lat="54.30736561305820941925048828125" lon="-8.5111333429813385009765625">
        <ele>32.40000152587890625</ele>
        <time>2025-12-28T16:03:28.000Z</time>
        <extensions>
          <ns3:TrackPointExtension>
            <ns3:hr>143</ns3:hr>
            <ns3:cad>87</ns3:cad>
          </ns3:TrackPointExtension>
        </extensions>
      </trkpt>
      <trkpt lat="54.30737064220011234283447265625" lon="-8.51101188920438289642333984375">
        <ele>32.40000152587890625</ele>
        <time>2025-12-28T16:03:30.000Z</time>
        <extensions>
          <ns3:TrackPointExtension>
            <ns3:hr>144</ns3:hr>
            <ns3:cad>86</ns3:cad>
          </ns3:TrackPointExtension>
        </extensions>
      </trkpt>
      <trkpt lat="54.30738790892064571380615234375" lon="-8.51066529750823974609375">
        <ele>33.200000762939453125</ele>
        <time>2025-12-28T16:03:36.000Z</time>
        <extensions>
          <ns3:TrackPointExtension>
            <ns3:hr>144</ns3:hr>
            <ns3:cad>87</ns3:cad>
          </ns3:TrackPointExtension>
        </extensions>
      </trkpt>
      <trkpt lat="54.30741087533533573150634765625" lon="-8.5105132497847080230712890625">
        <ele>33.59999847412109375</ele>
        <time>2025-12-28T16:03:39.000Z</time>
        <extensions>
          <ns3:TrackPointExtension>
            <ns3:hr>146</ns3:hr>
            <ns3:cad>86</ns3:cad>
          </ns3:TrackPointExtension>
        </extensions>
      </trkpt>
      <trkpt lat="54.30742713622748851776123046875" lon="-8.51030060090124607086181640625">
        <ele>33.799999237060546875</ele>
        <time>2025-12-28T16:03:43.000Z</time>
        <extensions>
          <ns3:TrackPointExtension>
            <ns3:hr>149</ns3:hr>
            <ns3:cad>86</ns3:cad>
          </ns3:TrackPointExtension>
        </extensions>
      </trkpt>
      <trkpt lat="54.30744423530995845794677734375" lon="-8.5101545043289661407470703125">
        <ele>34.40000152587890625</ele>
        <time>2025-12-28T16:03:46.000Z</time>
        <extensions>
          <ns3:TrackPointExtension>
            <ns3:hr>150</ns3:hr>
            <ns3:cad>86</ns3:cad>
          </ns3:TrackPointExtension>
        </extensions>
      </trkpt>
      <trkpt lat="54.3074900843203067779541015625" lon="-8.5098403505980968475341796875">
        <ele>35.40000152587890625</ele>
        <time>2025-12-28T16:03:52.000Z</time>
        <extensions>
          <ns3:TrackPointExtension>
            <ns3:hr>150</ns3:hr>
            <ns3:cad>86</ns3:cad>
          </ns3:TrackPointExtension>
        </extensions>
      </trkpt>
      <trkpt lat="54.30753149092197418212890625" lon="-8.50952829234302043914794921875">
        <ele>35.59999847412109375</ele>
        <time>2025-12-28T16:03:58.000Z</time>
        <extensions>
          <ns3:TrackPointExtension>
            <ns3:hr>149</ns3:hr>
            <ns3:cad>87</ns3:cad>
          </ns3:TrackPointExtension>
        </extensions>
      </trkpt>
      <trkpt lat="54.307579435408115386962890625" lon="-8.50920810364186763763427734375">
        <ele>36</ele>
        <time>2025-12-28T16:04:04.000Z</time>
        <extensions>
          <ns3:TrackPointExtension>
            <ns3:hr>150</ns3:hr>
            <ns3:cad>86</ns3:cad>
          </ns3:TrackPointExtension>
        </extensions>
      </trkpt>
      <trkpt lat="54.30759251117706298828125" lon="-8.5091014020144939422607421875">
        <ele>36.200000762939453125</ele>
        <time>2025-12-28T16:04:06.000Z</time>
        <extensions>
          <ns3:TrackPointExtension>
            <ns3:hr>150</ns3:hr>
            <ns3:cad>86</ns3:cad>
          </ns3:TrackPointExtension>
        </extensions>
      </trkpt>
      <trkpt lat="54.3076510168612003326416015625" lon="-8.508800826966762542724609375">
        <ele>36.59999847412109375</ele>
        <time>2025-12-28T16:04:12.000Z</time>
        <extensions>
          <ns3:TrackPointExtension>
            <ns3:hr>149</ns3:hr>
            <ns3:cad>85</ns3:cad>
          </ns3:TrackPointExtension>
        </extensions>
      </trkpt>
      <trkpt lat="54.307669289410114288330078125" lon="-8.50870166905224323272705078125">
        <ele>36.59999847412109375</ele>
        <time>2025-12-28T16:04:14.000Z</time>
        <extensions>
          <ns3:TrackPointExtension>
            <ns3:hr>148</ns3:hr>
            <ns3:cad>85</ns3:cad>
          </ns3:TrackPointExtension>
        </extensions>
      </trkpt>
      <trkpt lat="54.3077324889600276947021484375" lon="-8.50836404599249362945556640625">
        <ele>37</ele>
        <time>2025-12-28T16:04:21.000Z</time>
        <extensions>
          <ns3:TrackPointExtension>
            <ns3:hr>148</ns3:hr>
            <ns3:cad>85</ns3:cad>
          </ns3:TrackPointExtension>
        </extensions>
      </trkpt>
      <trkpt lat="54.3077422119677066802978515625" lon="-8.5083158500492572784423828125">
        <ele>37.200000762939453125</ele>
        <time>2025-12-28T16:04:22.000Z</time>
        <extensions>
          <ns3:TrackPointExtension>
            <ns3:hr>148</ns3:hr>
            <ns3:cad>85</ns3:cad>
          </ns3:TrackPointExtension>
        </extensions>
      </trkpt>
      <trkpt lat="54.3077914975583553314208984375" lon="-8.50801058113574981689453125">
        <ele>37.59999847412109375</ele>
        <time>2025-12-28T16:04:28.000Z</time>
        <extensions>
          <ns3:TrackPointExtension>
            <ns3:hr>148</ns3:hr>
            <ns3:cad>86</ns3:cad>
          </ns3:TrackPointExtension>
        </extensions>
      </trkpt>
      <trkpt lat="54.30783248506486415863037109375" lon="-8.50770371966063976287841796875">
        <ele>38.200000762939453125</ele>
        <time>2025-12-28T16:04:34.000Z</time>
        <extensions>
          <ns3:TrackPointExtension>
            <ns3:hr>150</ns3:hr>
            <ns3:cad>87</ns3:cad>
          </ns3:TrackPointExtension>
        </extensions>
      </trkpt>
      <trkpt lat="54.30783835239708423614501953125" lon="-8.50765912793576717376708984375">
        <ele>38.200000762939453125</ele>
        <time>2025-12-28T16:04:35.000Z</time>
        <extensions>
          <ns3:TrackPointExtension>
            <ns3:hr>150</ns3:hr>
            <ns3:cad>87</ns3:cad>
          </ns3:TrackPointExtension>
        </extensions>
      </trkpt>
      <trkpt lat="54.30788361467421054840087890625" lon="-8.50735352374613285064697265625">
        <ele>39.200000762939453125</ele>
        <time>2025-12-28T16:04:41.000Z</time>
        <extensions>
          <ns3:TrackPointExtension>
            <ns3:hr>150</ns3:hr>
            <ns3:cad>86</ns3:cad>
          </ns3:TrackPointExtension>
        </extensions>
      </trkpt>
      <trkpt lat="54.30790163576602935791015625" lon="-8.50720323622226715087890625">
        <ele>39.799999237060546875</ele>
        <time>2025-12-28T16:04:44.000Z</time>
        <extensions>
          <ns3:TrackPointExtension>
            <ns3:hr>150</ns3:hr>
            <ns3:cad>85</ns3:cad>
          </ns3:TrackPointExtension>
        </extensions>
      </trkpt>
      <trkpt lat="54.30795335210859775543212890625" lon="-8.50691330619156360626220703125">
        <ele>40.59999847412109375</ele>
        <time>2025-12-28T16:04:50.000Z</time>
        <extensions>
          <ns3:TrackPointExtension>
            <ns3:hr>152</ns3:hr>
            <ns3:cad>84</ns3:cad>
          </ns3:TrackPointExtension>
        </extensions>
      </trkpt>
      <trkpt lat="54.3079966865479946136474609375" lon="-8.5066143237054347991943359375">
        <ele>41.200000762939453125</ele>
        <time>2025-12-28T16:04:56.000Z</time>
        <extensions>
          <ns3:TrackPointExtension>
            <ns3:hr>152</ns3:hr>
            <ns3:cad>85</ns3:cad>
          </ns3:TrackPointExtension>
        </extensions>
      </trkpt>
      <trkpt lat="54.30801219306886196136474609375" lon="-8.50651114247739315032958984375">
        <ele>41.59999847412109375</ele>
        <time>2025-12-28T16:04:58.000Z</time>
        <extensions>
          <ns3:TrackPointExtension>
            <ns3:hr>153</ns3:hr>
            <ns3:cad>86</ns3:cad>
          </ns3:TrackPointExtension>
        </extensions>
      </trkpt>
      <trkpt lat="54.30806114338338375091552734375" lon="-8.506205119192600250244140625">
        <ele>42.40000152587890625</ele>
        <time>2025-12-28T16:05:04.000Z</time>
        <extensions>
          <ns3:TrackPointExtension>
            <ns3:hr>153</ns3:hr>
            <ns3:cad>86</ns3:cad>
          </ns3:TrackPointExtension>
        </extensions>
      </trkpt>
      <trkpt lat="54.3080868758261203765869140625" lon="-8.50605986081063747406005859375">
        <ele>42.799999237060546875</ele>
        <time>2025-12-28T16:05:07.000Z</time>
        <extensions>
          <ns3:TrackPointExtension>
            <ns3:hr>152</ns3:hr>
            <ns3:cad>85</ns3:cad>
          </ns3:TrackPointExtension>
        </extensions>
      </trkpt>
      <trkpt lat="54.308138005435466766357421875" lon="-8.5057519935071468353271484375">
        <ele>44</ele>
        <time>2025-12-28T16:05:13.000Z</time>
        <extensions>
          <ns3:TrackPointExtension>
            <ns3:hr>151</ns3:hr>
            <ns3:cad>85</ns3:cad>
          </ns3:TrackPointExtension>
        </extensions>
      </trkpt>
      <trkpt lat="54.30815736763179302215576171875" lon="-8.5056497342884540557861328125">
        <ele>44.200000762939453125</ele>
        <time>2025-12-28T16:05:15.000Z</time>
        <extensions>
          <ns3:TrackPointExtension>
            <ns3:hr>151</ns3:hr>
            <ns3:cad>85</ns3:cad>
          </ns3:TrackPointExtension>
        </extensions>
      </trkpt>
      <trkpt lat="54.30821185000240802764892578125" lon="-8.50533046759665012359619140625">
        <ele>44.59999847412109375</ele>
        <time>2025-12-28T16:05:21.000Z</time>
        <extensions>
          <ns3:TrackPointExtension>
            <ns3:hr>150</ns3:hr>
            <ns3:cad>86</ns3:cad>
          </ns3:TrackPointExtension>
        </extensions>
      </trkpt>
      <trkpt lat="54.30824420414865016937255859375" lon="-8.50516341626644134521484375">
        <ele>44.799999237060546875</ele>
        <time>2025-12-28T16:05:24.000Z</time>
        <extensions>
          <ns3:TrackPointExtension>
            <ns3:hr>150</ns3:hr>
            <ns3:cad>86</ns3:cad>
          </ns3:TrackPointExtension>
        </extensions>
      </trkpt>
      <trkpt lat="54.30830472148954868316650390625" lon="-8.5048262961208820343017578125">
        <ele>45</ele>
        <time>2025-12-28T16:05:30.000Z</time>
        <extensions>
          <ns3:TrackPointExtension>
            <ns3:hr>149</ns3:hr>
            <ns3:cad>86</ns3:cad>
          </ns3:TrackPointExtension>
        </extensions>
      </trkpt>
      <trkpt lat="54.30832936428487300872802734375" lon="-8.50471959449350833892822265625">
        <ele>44.799999237060546875</ele>
        <time>2025-12-28T16:05:32.000Z</time>
        <extensions>
          <ns3:TrackPointExtension>
            <ns3:hr>150</ns3:hr>
            <ns3:cad>86</ns3:cad>
          </ns3:TrackPointExtension>
        </extensions>
      </trkpt>
      <trkpt lat="54.30839340202510356903076171875" lon="-8.504391945898532867431640625">
        <ele>43.799999237060546875</ele>
        <time>2025-12-28T16:05:38.000Z</time>
        <extensions>
          <ns3:TrackPointExtension>
            <ns3:hr>151</ns3:hr>
            <ns3:cad>86</ns3:cad>
          </ns3:TrackPointExtension>
        </extensions>
      </trkpt>
      <trkpt lat="54.3084013648331165313720703125" lon="-8.50433318875730037689208984375">
        <ele>43.59999847412109375</ele>
        <time>2025-12-28T16:05:39.000Z</time>
        <extensions>
          <ns3:TrackPointExtension>
            <ns3:hr>151</ns3:hr>
            <ns3:cad>86</ns3:cad>
          </ns3:TrackPointExtension>
        </extensions>
      </trkpt>
      <trkpt lat="54.30841502733528614044189453125" lon="-8.504153229296207427978515625">
        <ele>43.59999847412109375</ele>
        <time>2025-12-28T16:05:42.000Z</time>
        <extensions>
          <ns3:TrackPointExtension>
            <ns3:hr>154</ns3:hr>
            <ns3:cad>87</ns3:cad>
          </ns3:TrackPointExtension>
        </extensions>
      </trkpt>
      <trkpt lat="54.30842198431491851806640625" lon="-8.50384242832660675048828125">
        <ele>43</ele>
        <time>2025-12-28T16:05:47.000Z</time>
        <extensions>
          <ns3:TrackPointExtension>
            <ns3:hr>154</ns3:hr>
            <ns3:cad>87</ns3:cad>
          </ns3:TrackPointExtension>
        </extensions>
      </trkpt>
      <trkpt lat="54.30844210088253021240234375" lon="-8.5034848563373088836669921875">
        <ele>42.59999847412109375</ele>
        <time>2025-12-28T16:05:53.000Z</time>
        <extensions>
          <ns3:TrackPointExtension>
            <ns3:hr>154</ns3:hr>
            <ns3:cad>86</ns3:cad>
          </ns3:TrackPointExtension>
        </extensions>
      </trkpt>
      <trkpt lat="54.30846196599304676055908203125" lon="-8.50330707617104053497314453125">
        <ele>42.200000762939453125</ele>
        <time>2025-12-28T16:05:56.000Z</time>
        <extensions>
          <ns3:TrackPointExtension>
            <ns3:hr>155</ns3:hr>
            <ns3:cad>85</ns3:cad>
          </ns3:TrackPointExtension>
        </extensions>
      </trkpt>
      <trkpt lat="54.30851007811725139617919921875" lon="-8.50299158133566379547119140625">
        <ele>41.40000152587890625</ele>
        <time>2025-12-28T16:06:01.000Z</time>
        <extensions>
          <ns3:TrackPointExtension>
            <ns3:hr>155</ns3:hr>
            <ns3:cad>87</ns3:cad>
          </ns3:TrackPointExtension>
        </extensions>
      </trkpt>
      <trkpt lat="54.308541677892208099365234375" lon="-8.502792678773403167724609375">
        <ele>41.200000762939453125</ele>
        <time>2025-12-28T16:06:04.000Z</time>
        <extensions>
          <ns3:TrackPointExtension>
            <ns3:hr>155</ns3:hr>
            <ns3:cad>86</ns3:cad>
          </ns3:TrackPointExtension>
        </extensions>
      </trkpt>
      <trkpt lat="54.3085968308150768280029296875" lon="-8.5024528764188289642333984375">
        <ele>40.799999237060546875</ele>
        <time>2025-12-28T16:06:09.000Z</time>
        <extensions>
          <ns3:TrackPointExtension>
            <ns3:hr>155</ns3:hr>
            <ns3:cad>87</ns3:cad>
          </ns3:TrackPointExtension>
        </extensions>
      </trkpt>
      <trkpt lat="54.30864058434963226318359375" lon="-8.502189852297306060791015625">
        <ele>40.799999237060546875</ele>
        <time>2025-12-28T16:06:13.000Z</time>
        <extensions>
          <ns3:TrackPointExtension>
            <ns3:hr>157</ns3:hr>
            <ns3:cad>87</ns3:cad>
          </ns3:TrackPointExtension>
        </extensions>
      </trkpt>
      <trkpt lat="54.308682493865489959716796875" lon="-8.501884751021862030029296875">
        <ele>41</ele>
        <time>2025-12-28T16:06:18.000Z</time>
        <extensions>
          <ns3:TrackPointExtension>
            <ns3:hr>156</ns3:hr>
            <ns3:cad>86</ns3:cad>
          </ns3:TrackPointExtension>
        </extensions>
      </trkpt>
      <trkpt lat="54.308698587119579315185546875" lon="-8.50175240077078342437744140625">
        <ele>41</ele>
        <time>2025-12-28T16:06:20.000Z</time>
        <extensions>
          <ns3:TrackPointExtension>
            <ns3:hr>155</ns3:hr>
            <ns3:cad>87</ns3:cad>
          </ns3:TrackPointExtension>
        </extensions>
      </trkpt>
      <trkpt lat="54.308729432523250579833984375" lon="-8.501393236219882965087890625">
        <ele>41.59999847412109375</ele>
        <time>2025-12-28T16:06:26.000Z</time>
        <extensions>
          <ns3:TrackPointExtension>
            <ns3:hr>153</ns3:hr>
            <ns3:cad>86</ns3:cad>
          </ns3:TrackPointExtension>
        </extensions>
      </trkpt>
      <trkpt lat="54.3087413348257541656494140625" lon="-8.50120523013174533843994140625">
        <ele>41.59999847412109375</ele>
        <time>2025-12-28T16:06:29.000Z</time>
        <extensions>
          <ns3:TrackPointExtension>
            <ns3:hr>153</ns3:hr>
            <ns3:cad>87</ns3:cad>
          </ns3:TrackPointExtension>
        </extensions>
      </trkpt>
      <trkpt lat="54.30874795652925968170166015625" lon="-8.50086383521556854248046875">
        <ele>42</ele>
        <time>2025-12-28T16:06:34.000Z</time>
        <extensions>
          <ns3:TrackPointExtension>
            <ns3:hr>152</ns3:hr>
            <ns3:cad>86</ns3:cad>
          </ns3:TrackPointExtension>
        </extensions>
      </trkpt>
      <trkpt lat="54.30874628014862537384033203125" lon="-8.50073265843093395233154296875">
        <ele>42</ele>
        <time>2025-12-28T16:06:36.000Z</time>
        <extensions>
          <ns3:TrackPointExtension>
            <ns3:hr>152</ns3:hr>
            <ns3:cad>86</ns3:cad>
          </ns3:TrackPointExtension>
        </extensions>
      </trkpt>
      <trkpt lat="54.308746196329593658447265625" lon="-8.500418923795223236083984375">
        <ele>41.59999847412109375</ele>
        <time>2025-12-28T16:06:41.000Z</time>
        <extensions>
          <ns3:TrackPointExtension>
            <ns3:hr>153</ns3:hr>
            <ns3:cad>86</ns3:cad>
          </ns3:TrackPointExtension>
        </extensions>
      </trkpt>
      <trkpt lat="54.30874929763376712799072265625" lon="-8.50035614334046840667724609375">
        <ele>41.59999847412109375</ele>
        <time>2025-12-28T16:06:42.000Z</time>
        <extensions>
          <ns3:TrackPointExtension>
            <ns3:hr>153</ns3:hr>
            <ns3:cad>86</ns3:cad>
          </ns3:TrackPointExtension>
        </extensions>
      </trkpt>
      <trkpt lat="54.3087659776210784912109375" lon="-8.49999739788472652435302734375">
        <ele>41.799999237060546875</ele>
        <time>2025-12-28T16:06:48.000Z</time>
        <extensions>
          <ns3:TrackPointExtension>
            <ns3:hr>152</ns3:hr>
            <ns3:cad>85</ns3:cad>
          </ns3:TrackPointExtension>
        </extensions>
      </trkpt>
      <trkpt lat="54.30879036895930767059326171875" lon="-8.49995012395083904266357421875">
        <ele>41.799999237060546875</ele>
        <time>2025-12-28T16:06:49.000Z</time>
        <extensions>
          <ns3:TrackPointExtension>
            <ns3:hr>151</ns3:hr>
            <ns3:cad>84</ns3:cad>
          </ns3:TrackPointExtension>
        </extensions>
      </trkpt>
      <trkpt lat="54.3088499642908573150634765625" lon="-8.49992749281227588653564453125">
        <ele>42</ele>
        <time>2025-12-28T16:06:51.000Z</time>
        <extensions>
          <ns3:TrackPointExtension>
            <ns3:hr>152</ns3:hr>
            <ns3:cad>84</ns3:cad>
          </ns3:TrackPointExtension>
        </extensions>
      </trkpt>
      <trkpt lat="54.30888122878968715667724609375" lon="-8.4999483637511730194091796875">
        <ele>42.200000762939453125</ele>
        <time>2025-12-28T16:06:52.000Z</time>
        <extensions>
          <ns3:TrackPointExtension>
            <ns3:hr>153</ns3:hr>
            <ns3:cad>86</ns3:cad>
          </ns3:TrackPointExtension>
        </extensions>
      </trkpt>
      <trkpt lat="54.3090370483696460723876953125" lon="-8.50012111477553844451904296875">
        <ele>42.59999847412109375</ele>
        <time>2025-12-28T16:06:57.000Z</time>
        <extensions>
          <ns3:TrackPointExtension>
            <ns3:hr>152</ns3:hr>
            <ns3:cad>86</ns3:cad>
          </ns3:TrackPointExtension>
        </extensions>
      </trkpt>
      <trkpt lat="54.309120364487171173095703125" lon="-8.50024416111409664154052734375">
        <ele>42</ele>
        <time>2025-12-28T16:07:00.000Z</time>
        <extensions>
          <ns3:TrackPointExtension>
            <ns3:hr>151</ns3:hr>
            <ns3:cad>85</ns3:cad>
          </ns3:TrackPointExtension>
        </extensions>
      </trkpt>
      <trkpt lat="54.3092804588377475738525390625" lon="-8.50043443031609058380126953125">
        <ele>41.59999847412109375</ele>
        <time>2025-12-28T16:07:05.000Z</time>
        <extensions>
          <ns3:TrackPointExtension>
            <ns3:hr>151</ns3:hr>
            <ns3:cad>86</ns3:cad>
          </ns3:TrackPointExtension>
        </extensions>
      </trkpt>
      <trkpt lat="54.30934692732989788055419921875" lon="-8.5005117952823638916015625">
        <ele>41.799999237060546875</ele>
        <time>2025-12-28T16:07:07.000Z</time>
        <extensions>
          <ns3:TrackPointExtension>
            <ns3:hr>150</ns3:hr>
            <ns3:cad>86</ns3:cad>
          </ns3:TrackPointExtension>
        </extensions>
      </trkpt>
      <trkpt lat="54.30938196368515491485595703125" lon="-8.50055010057985782623291015625">
        <ele>42</ele>
        <time>2025-12-28T16:07:08.000Z</time>
        <extensions>
          <ns3:TrackPointExtension>
            <ns3:hr>150</ns3:hr>
            <ns3:cad>87</ns3:cad>
          </ns3:TrackPointExtension>
        </extensions>
      </trkpt>
      <trkpt lat="54.30956586264073848724365234375" lon="-8.50073249079287052154541015625">
        <ele>41.40000152587890625</ele>
        <time>2025-12-28T16:07:13.000Z</time>
        <extensions>
          <ns3:TrackPointExtension>
            <ns3:hr>149</ns3:hr>
            <ns3:cad>87</ns3:cad>
          </ns3:TrackPointExtension>
        </extensions>
      </trkpt>
      <trkpt lat="54.30967331863939762115478515625" lon="-8.500824607908725738525390625">
        <ele>41</ele>
        <time>2025-12-28T16:07:16.000Z</time>
        <extensions>
          <ns3:TrackPointExtension>
            <ns3:hr>150</ns3:hr>
            <ns3:cad>87</ns3:cad>
          </ns3:TrackPointExtension>
        </extensions>
      </trkpt>
      <trkpt lat="54.30986694060266017913818359375" lon="-8.5009686090052127838134765625">
        <ele>41.200000762939453125</ele>
        <time>2025-12-28T16:07:21.000Z</time>
        <extensions>
          <ns3:TrackPointExtension>
            <ns3:hr>150</ns3:hr>
            <ns3:cad>87</ns3:cad>
          </ns3:TrackPointExtension>
        </extensions>
      </trkpt>
      <trkpt lat="54.3099728040397167205810546875" lon="-8.5010433755815029144287109375">
        <ele>41</ele>
        <time>2025-12-28T16:07:24.000Z</time>
        <extensions>
          <ns3:TrackPointExtension>
            <ns3:hr>150</ns3:hr>
            <ns3:cad>86</ns3:cad>
          </ns3:TrackPointExtension>
        </extensions>
      </trkpt>
      <trkpt lat="54.31010465137660503387451171875" lon="-8.501049242913722991943359375">
        <ele>41</ele>
        <time>2025-12-28T16:07:28.000Z</time>
        <extensions>
          <ns3:TrackPointExtension>
            <ns3:hr>148</ns3:hr>
            <ns3:cad>84</ns3:cad>
          </ns3:TrackPointExtension>
        </extensions>
      </trkpt>
      <trkpt lat="54.3101347424089908599853515625" lon="-8.5010269470512866973876953125">
        <ele>41</ele>
        <time>2025-12-28T16:07:29.000Z</time>
        <extensions>
          <ns3:TrackPointExtension>
            <ns3:hr>151</ns3:hr>
            <ns3:cad>84</ns3:cad>
          </ns3:TrackPointExtension>
        </extensions>
      </trkpt>
      <trkpt lat="54.3102058209478855133056640625" lon="-8.50092007778584957122802734375">
        <ele>41</ele>
        <time>2025-12-28T16:07:32.000Z</time>
        <extensions>
          <ns3:TrackPointExtension>
            <ns3:hr>151</ns3:hr>
            <ns3:cad>83</ns3:cad>
          </ns3:TrackPointExtension>
        </extensions>
      </trkpt>
      <trkpt lat="54.3102685175836086273193359375" lon="-8.50079032592475414276123046875">
        <ele>41.200000762939453125</ele>
        <time>2025-12-28T16:07:35.000Z</time>
        <extensions>
          <ns3:TrackPointExtension>
            <ns3:hr>148</ns3:hr>
            <ns3:cad>83</ns3:cad>
          </ns3:TrackPointExtension>
        </extensions>
      </trkpt>
      <trkpt lat="54.31035677902400493621826171875" lon="-8.50055529735982418060302734375">
        <ele>41.40000152587890625</ele>
        <time>2025-12-28T16:07:40.000Z</time>
        <extensions>
          <ns3:TrackPointExtension>
            <ns3:hr>151</ns3:hr>
            <ns3:cad>84</ns3:cad>
          </ns3:TrackPointExtension>
        </extensions>
      </trkpt>
      <trkpt lat="54.3103734590113162994384765625" lon="-8.5005049221217632293701171875">
        <ele>41.59999847412109375</ele>
        <time>2025-12-28T16:07:41.000Z</time>
        <extensions>
          <ns3:TrackPointExtension>
            <ns3:hr>152</ns3:hr>
            <ns3:cad>84</ns3:cad>
          </ns3:TrackPointExtension>
        </extensions>
      </trkpt>
      <trkpt lat="54.3104589544236660003662109375" lon="-8.5002340190112590789794921875">
        <ele>41.799999237060546875</ele>
        <time>2025-12-28T16:07:47.000Z</time>
        <extensions>
          <ns3:TrackPointExtension>
            <ns3:hr>151</ns3:hr>
            <ns3:cad>85</ns3:cad>
          </ns3:TrackPointExtension>
        </extensions>
      </trkpt>
      <trkpt lat="54.31047228164970874786376953125" lon="-8.5001867450773715972900390625">
        <ele>41.799999237060546875</ele>
        <time>2025-12-28T16:07:48.000Z</time>
        <extensions>
          <ns3:TrackPointExtension>
            <ns3:hr>151</ns3:hr>
            <ns3:cad>85</ns3:cad>
          </ns3:TrackPointExtension>
        </extensions>
      </trkpt>
      <trkpt lat="54.310568086802959442138671875" lon="-8.499885834753513336181640625">
        <ele>42.40000152587890625</ele>
        <time>2025-12-28T16:07:55.000Z</time>
        <extensions>
          <ns3:TrackPointExtension>
            <ns3:hr>151</ns3:hr>
            <ns3:cad>84</ns3:cad>
          </ns3:TrackPointExtension>
        </extensions>
      </trkpt>
      <trkpt lat="54.31057889945805072784423828125" lon="-8.49984325468540191650390625">
        <ele>42.59999847412109375</ele>
        <time>2025-12-28T16:07:56.000Z</time>
        <extensions>
          <ns3:TrackPointExtension>
            <ns3:hr>150</ns3:hr>
            <ns3:cad>84</ns3:cad>
          </ns3:TrackPointExtension>
        </extensions>
      </trkpt>
      <trkpt lat="54.31066623888909816741943359375" lon="-8.499539159238338470458984375">
        <ele>43.59999847412109375</ele>
        <time>2025-12-28T16:08:03.000Z</time>
        <extensions>
          <ns3:TrackPointExtension>
            <ns3:hr>148</ns3:hr>
            <ns3:cad>86</ns3:cad>
          </ns3:TrackPointExtension>
        </extensions>
      </trkpt>
      <trkpt lat="54.31067830882966518402099609375" lon="-8.499492891132831573486328125">
        <ele>43.59999847412109375</ele>
        <time>2025-12-28T16:08:04.000Z</time>
        <extensions>
          <ns3:TrackPointExtension>
            <ns3:hr>148</ns3:hr>
            <ns3:cad>86</ns3:cad>
          </ns3:TrackPointExtension>
        </extensions>
      </trkpt>
      <trkpt lat="54.31076891720294952392578125" lon="-8.4991886280477046966552734375">
        <ele>44.799999237060546875</ele>
        <time>2025-12-28T16:08:11.000Z</time>
        <extensions>
          <ns3:TrackPointExtension>
            <ns3:hr>149</ns3:hr>
            <ns3:cad>86</ns3:cad>
          </ns3:TrackPointExtension>
        </extensions>
      </trkpt>
      <trkpt lat="54.31086287833750247955322265625" lon="-8.49887472577393054962158203125">
        <ele>45.200000762939453125</ele>
        <time>2025-12-28T16:08:18.000Z</time>
        <extensions>
          <ns3:TrackPointExtension>
            <ns3:hr>151</ns3:hr>
            <ns3:cad>86</ns3:cad>
          </ns3:TrackPointExtension>
        </extensions>
      </trkpt>
      <trkpt lat="54.310904033482074737548828125" lon="-8.49873282015323638916015625">
        <ele>45.59999847412109375</ele>
        <time>2025-12-28T16:08:21.000Z</time>
        <extensions>
          <ns3:TrackPointExtension>
            <ns3:hr>152</ns3:hr>
            <ns3:cad>86</ns3:cad>
          </ns3:TrackPointExtension>
        </extensions>
      </trkpt>
      <trkpt lat="54.3109900318086147308349609375" lon="-8.49844791926443576812744140625">
        <ele>46</ele>
        <time>2025-12-28T16:08:27.000Z</time>
        <extensions>
          <ns3:TrackPointExtension>
            <ns3:hr>154</ns3:hr>
            <ns3:cad>86</ns3:cad>
          </ns3:TrackPointExtension>
        </extensions>
      </trkpt>
      <trkpt lat="54.31102917529642581939697265625" lon="-8.49830710329115390777587890625">
        <ele>46</ele>
        <time>2025-12-28T16:08:30.000Z</time>
        <extensions>
          <ns3:TrackPointExtension>
            <ns3:hr>156</ns3:hr>
            <ns3:cad>85</ns3:cad>
          </ns3:TrackPointExtension>
        </extensions>
      </trkpt>
      <trkpt lat="54.3111134134232997894287109375" lon="-8.4980171732604503631591796875">
        <ele>47</ele>
        <time>2025-12-28T16:08:36.000Z</time>
        <extensions>
          <ns3:TrackPointExtension>
            <ns3:hr>154</ns3:hr>
            <ns3:cad>86</ns3:cad>
          </ns3:TrackPointExtension>
        </extensions>
      </trkpt>
      <trkpt lat="54.3111502937972545623779296875" lon="-8.49786269478499889373779296875">
        <ele>47</ele>
        <time>2025-12-28T16:08:39.000Z</time>
        <extensions>
          <ns3:TrackPointExtension>
            <ns3:hr>154</ns3:hr>
            <ns3:cad>86</ns3:cad>
          </ns3:TrackPointExtension>
        </extensions>
      </trkpt>
      <trkpt lat="54.31123101152479648590087890625" lon="-8.4975444339215755462646484375">
        <ele>47</ele>
        <time>2025-12-28T16:08:45.000Z</time>
        <extensions>
          <ns3:TrackPointExtension>
            <ns3:hr>153</ns3:hr>
            <ns3:cad>86</ns3:cad>
          </ns3:TrackPointExtension>
        </extensions>
      </trkpt>
      <trkpt lat="54.3112451769411563873291015625" lon="-8.497489280998706817626953125">
        <ele>47</ele>
        <time>2025-12-28T16:08:46.000Z</time>
        <extensions>
          <ns3:TrackPointExtension>
            <ns3:hr>153</ns3:hr>
            <ns3:cad>86</ns3:cad>
          </ns3:TrackPointExtension>
        </extensions>
      </trkpt>
      <trkpt lat="54.3113293312489986419677734375" lon="-8.4971536695957183837890625">
        <ele>47</ele>
        <time>2025-12-28T16:08:52.000Z</time>
        <extensions>
          <ns3:TrackPointExtension>
            <ns3:hr>151</ns3:hr>
            <ns3:cad>86</ns3:cad>
          </ns3:TrackPointExtension>
        </extensions>
      </trkpt>
      <trkpt lat="54.31137434206902980804443359375" lon="-8.49696733988821506500244140625">
        <ele>46.59999847412109375</ele>
        <time>2025-12-28T16:08:55.000Z</time>
        <extensions>
          <ns3:TrackPointExtension>
            <ns3:hr>151</ns3:hr>
            <ns3:cad>86</ns3:cad>
          </ns3:TrackPointExtension>
        </extensions>
      </trkpt>
      <trkpt lat="54.3114550597965717315673828125" lon="-8.49665905348956584930419921875">
        <ele>44.799999237060546875</ele>
        <time>2025-12-28T16:09:00.000Z</time>
        <extensions>
          <ns3:TrackPointExtension>
            <ns3:hr>151</ns3:hr>
            <ns3:cad>87</ns3:cad>
          </ns3:TrackPointExtension>
        </extensions>
      </trkpt>
      <trkpt lat="54.3114681355655193328857421875" lon="-8.49659702740609645843505859375">
        <ele>44.799999237060546875</ele>
        <time>2025-12-28T16:09:01.000Z</time>
        <extensions>
          <ns3:TrackPointExtension>
            <ns3:hr>151</ns3:hr>
            <ns3:cad>87</ns3:cad>
          </ns3:TrackPointExtension>
        </extensions>
      </trkpt>
      <trkpt lat="54.31153510697185993194580078125" lon="-8.49628505297005176544189453125">
        <ele>44.59999847412109375</ele>
        <time>2025-12-28T16:09:06.000Z</time>
        <extensions>
          <ns3:TrackPointExtension>
            <ns3:hr>149</ns3:hr>
            <ns3:cad>87</ns3:cad>
          </ns3:TrackPointExtension>
        </extensions>
      </trkpt>
      <trkpt lat="54.31159428320825099945068359375" lon="-8.49598900415003299713134765625">
        <ele>44.200000762939453125</ele>
        <time>2025-12-28T16:09:11.000Z</time>
        <extensions>
          <ns3:TrackPointExtension>
            <ns3:hr>149</ns3:hr>
            <ns3:cad>85</ns3:cad>
          </ns3:TrackPointExtension>
        </extensions>
      </trkpt>
      <trkpt lat="54.3116572313010692596435546875" lon="-8.4956947155296802520751953125">
        <ele>42.799999237060546875</ele>
        <time>2025-12-28T16:09:16.000Z</time>
        <extensions>
          <ns3:TrackPointExtension>
            <ns3:hr>148</ns3:hr>
            <ns3:cad>85</ns3:cad>
          </ns3:TrackPointExtension>
        </extensions>
      </trkpt>
      <trkpt lat="54.31172973476350307464599609375" lon="-8.49538986571133136749267578125">
        <ele>41</ele>
        <time>2025-12-28T16:09:21.000Z</time>
        <extensions>
          <ns3:TrackPointExtension>
            <ns3:hr>148</ns3:hr>
            <ns3:cad>85</ns3:cad>
          </ns3:TrackPointExtension>
        </extensions>
      </trkpt>
      <trkpt lat="54.3117433972656726837158203125" lon="-8.49532532505691051483154296875">
        <ele>40.59999847412109375</ele>
        <time>2025-12-28T16:09:22.000Z</time>
        <extensions>
          <ns3:TrackPointExtension>
            <ns3:hr>148</ns3:hr>
            <ns3:cad>85</ns3:cad>
          </ns3:TrackPointExtension>
        </extensions>
      </trkpt>
      <trkpt lat="54.3118211813271045684814453125" lon="-8.49502190016210079193115234375">
        <ele>40</ele>
        <time>2025-12-28T16:09:27.000Z</time>
        <extensions>
          <ns3:TrackPointExtension>
            <ns3:hr>147</ns3:hr>
            <ns3:cad>87</ns3:cad>
          </ns3:TrackPointExtension>
        </extensions>
      </trkpt>
      <trkpt lat="54.31184842251241207122802734375" lon="-8.4948934055864810943603515625">
        <ele>39.59999847412109375</ele>
        <time>2025-12-28T16:09:29.000Z</time>
        <extensions>
          <ns3:TrackPointExtension>
            <ns3:hr>147</ns3:hr>
            <ns3:cad>87</ns3:cad>
          </ns3:TrackPointExtension>
        </extensions>
      </trkpt>
      <trkpt lat="54.31193257682025432586669921875" lon="-8.49456709809601306915283203125">
        <ele>39</ele>
        <time>2025-12-28T16:09:34.000Z</time>
        <extensions>
          <ns3:TrackPointExtension>
            <ns3:hr>149</ns3:hr>
            <ns3:cad>87</ns3:cad>
          </ns3:TrackPointExtension>
        </extensions>
      </trkpt>
      <trkpt lat="54.31196518242359161376953125" lon="-8.494448997080326080322265625">
        <ele>39</ele>
        <time>2025-12-28T16:09:36.000Z</time>
        <extensions>
          <ns3:TrackPointExtension>
            <ns3:hr>148</ns3:hr>
            <ns3:cad>87</ns3:cad>
          </ns3:TrackPointExtension>
        </extensions>
      </trkpt>
      <trkpt lat="54.312040619552135467529296875" lon="-8.494142554700374603271484375">
        <ele>38.40000152587890625</ele>
        <time>2025-12-28T16:09:41.000Z</time>
        <extensions>
          <ns3:TrackPointExtension>
            <ns3:hr>147</ns3:hr>
            <ns3:cad>88</ns3:cad>
          </ns3:TrackPointExtension>
        </extensions>
      </trkpt>
      <trkpt lat="54.31208797730505466461181640625" lon="-8.49395044147968292236328125">
        <ele>38.59999847412109375</ele>
        <time>2025-12-28T16:09:44.000Z</time>
        <extensions>
          <ns3:TrackPointExtension>
            <ns3:hr>148</ns3:hr>
            <ns3:cad>87</ns3:cad>
          </ns3:TrackPointExtension>
        </extensions>
      </trkpt>
      <trkpt lat="54.3121567927300930023193359375" lon="-8.49364609457552433013916015625">
        <ele>38.200000762939453125</ele>
        <time>2025-12-28T16:09:49.000Z</time>
        <extensions>
          <ns3:TrackPointExtension>
            <ns3:hr>148</ns3:hr>
            <ns3:cad>87</ns3:cad>
          </ns3:TrackPointExtension>
        </extensions>
      </trkpt>
      <trkpt lat="54.312173388898372650146484375" lon="-8.49359043873846530914306640625">
        <ele>38</ele>
        <time>2025-12-28T16:09:50.000Z</time>
        <extensions>
          <ns3:TrackPointExtension>
            <ns3:hr>148</ns3:hr>
            <ns3:cad>88</ns3:cad>
          </ns3:TrackPointExtension>
        </extensions>
      </trkpt>
      <trkpt lat="54.3122466467320919036865234375" lon="-8.4932800568640232086181640625">
        <ele>37.40000152587890625</ele>
        <time>2025-12-28T16:09:55.000Z</time>
        <extensions>
          <ns3:TrackPointExtension>
            <ns3:hr>149</ns3:hr>
            <ns3:cad>87</ns3:cad>
          </ns3:TrackPointExtension>
        </extensions>
      </trkpt>
      <trkpt lat="54.31227573193609714508056640625" lon="-8.49314670078456401824951171875">
        <ele>37.200000762939453125</ele>
        <time>2025-12-28T16:09:57.000Z</time>
        <extensions>
          <ns3:TrackPointExtension>
            <ns3:hr>149</ns3:hr>
            <ns3:cad>87</ns3:cad>
          </ns3:TrackPointExtension>
        </extensions>
      </trkpt>
      <trkpt lat="54.312349073588848114013671875" lon="-8.4928433597087860107421875">
        <ele>37.200000762939453125</ele>
        <time>2025-12-28T16:10:02.000Z</time>
        <extensions>
          <ns3:TrackPointExtension>
            <ns3:hr>150</ns3:hr>
            <ns3:cad>87</ns3:cad>
          </ns3:TrackPointExtension>
        </extensions>
      </trkpt>
      <trkpt lat="54.312377907335758209228515625" lon="-8.49272157065570354461669921875">
        <ele>37</ele>
        <time>2025-12-28T16:10:04.000Z</time>
        <extensions>
          <ns3:TrackPointExtension>
            <ns3:hr>150</ns3:hr>
            <ns3:cad>87</ns3:cad>
          </ns3:TrackPointExtension>
        </extensions>
      </trkpt>
      <trkpt lat="54.31245678104460239410400390625" lon="-8.4924381785094738006591796875">
        <ele>36.799999237060546875</ele>
        <time>2025-12-28T16:10:09.000Z</time>
        <extensions>
          <ns3:TrackPointExtension>
            <ns3:hr>150</ns3:hr>
            <ns3:cad>88</ns3:cad>
          </ns3:TrackPointExtension>
        </extensions>
      </trkpt>
      <trkpt lat="54.31248796172440052032470703125" lon="-8.49232795648276805877685546875">
        <ele>36.40000152587890625</ele>
        <time>2025-12-28T16:10:11.000Z</time>
        <extensions>
          <ns3:TrackPointExtension>
            <ns3:hr>150</ns3:hr>
            <ns3:cad>87</ns3:cad>
          </ns3:TrackPointExtension>
        </extensions>
      </trkpt>
      <trkpt lat="54.31255803443491458892822265625" lon="-8.49203978665173053741455078125">
        <ele>36.200000762939453125</ele>
        <time>2025-12-28T16:10:16.000Z</time>
        <extensions>
          <ns3:TrackPointExtension>
            <ns3:hr>149</ns3:hr>
            <ns3:cad>87</ns3:cad>
          </ns3:TrackPointExtension>
        </extensions>
      </trkpt>
      <trkpt lat="54.3126167915761470794677734375" lon="-8.491807021200656890869140625">
        <ele>36.799999237060546875</ele>
        <time>2025-12-28T16:10:20.000Z</time>
        <extensions>
          <ns3:TrackPointExtension>
            <ns3:hr>149</ns3:hr>
            <ns3:cad>87</ns3:cad>
          </ns3:TrackPointExtension>
        </extensions>
      </trkpt>
      <trkpt lat="54.31265274994075298309326171875" lon="-8.4916482679545879364013671875">
        <ele>37</ele>
        <time>2025-12-28T16:10:23.000Z</time>
        <extensions>
          <ns3:TrackPointExtension>
            <ns3:hr>149</ns3:hr>
            <ns3:cad>86</ns3:cad>
          </ns3:TrackPointExtension>
        </extensions>
      </trkpt>
    </trkseg>
  </trk>
</gpx>
