"Statistic Label","Year","Age Group","NUTS 3 Region","UNIT","VALUE"
"Total period of fertility rate","1969","All ages","Border","%",""
"Total period of fertility rate","1969","All ages","Dublin","%",""
"Total period of fertility rate","1969","All ages","Mid-East","%",""
"Total period of fertility rate","1969","All ages","Midland","%",""
"Total period of fertility rate","1969","All ages","Mid-West","%",""
"Total period of fertility rate","1969","All ages","South-East","%",""
"Total period of fertility rate","1969","All ages","South-West","%",""
"Total period of fertility rate","1969","All ages","West","%",""
"Total period of fertility rate","1969","All ages","Ireland","%","3.85"
"Total period of fertility rate","1969","15 - 19 years","Border","%",""
"Total period of fertility rate","1969","15 - 19 years","Dublin","%",""
"Total period of fertility rate","1969","15 - 19 years","Mid-East","%",""
"Total period of fertility rate","1969","15 - 19 years","Midland","%",""
"Total period of fertility rate","1969","15 - 19 years","Mid-West","%",""
"Total period of fertility rate","1969","15 - 19 years","South-East","%",""
"Total period of fertility rate","1969","15 - 19 years","South-West","%",""
"Total period of fertility rate","1969","15 - 19 years","West","%",""
"Total period of fertility rate","1969","15 - 19 years","Ireland","%",""
"Total period of fertility rate","1969","20 - 24 years","Border","%",""
"Total period of fertility rate","1969","20 - 24 years","Dublin","%",""
"Total period of fertility rate","1969","20 - 24 years","Mid-East","%",""
"Total period of fertility rate","1969","20 - 24 years","Midland","%",""
"Total period of fertility rate","1969","20 - 24 years","Mid-West","%",""
"Total period of fertility rate","1969","20 - 24 years","South-East","%",""
"Total period of fertility rate","1969","20 - 24 years","South-West","%",""
"Total period of fertility rate","1969","20 - 24 years","West","%",""
"Total period of fertility rate","1969","20 - 24 years","Ireland","%",""
"Total period of fertility rate","1969","25 - 29 years","Border","%",""
"Total period of fertility rate","1969","25 - 29 years","Dublin","%",""
"Total period of fertility rate","1969","25 - 29 years","Mid-East","%",""
"Total period of fertility rate","1969","25 - 29 years","Midland","%",""
"Total period of fertility rate","1969","25 - 29 years","Mid-West","%",""
"Total period of fertility rate","1969","25 - 29 years","South-East","%",""
"Total period of fertility rate","1969","25 - 29 years","South-West","%",""
"Total period of fertility rate","1969","25 - 29 years","West","%",""
"Total period of fertility rate","1969","25 - 29 years","Ireland","%",""
"Total period of fertility rate","1969","30 - 34 years","Border","%",""
"Total period of fertility rate","1969","30 - 34 years","Dublin","%",""
"Total period of fertility rate","1969","30 - 34 years","Mid-East","%",""
"Total period of fertility rate","1969","30 - 34 years","Midland","%",""
"Total period of fertility rate","1969","30 - 34 years","Mid-West","%",""
"Total period of fertility rate","1969","30 - 34 years","South-East","%",""
"Total period of fertility rate","1969","30 - 34 years","South-West","%",""
"Total period of fertility rate","1969","30 - 34 years","West","%",""
"Total period of fertility rate","1969","30 - 34 years","Ireland","%",""
"Total period of fertility rate","1969","35 - 39 years","Border","%",""
"Total period of fertility rate","1969","35 - 39 years","Dublin","%",""
"Total period of fertility rate","1969","35 - 39 years","Mid-East","%",""
"Total period of fertility rate","1969","35 - 39 years","Midland","%",""
"Total period of fertility rate","1969","35 - 39 years","Mid-West","%",""
"Total period of fertility rate","1969","35 - 39 years","South-East","%",""
"Total period of fertility rate","1969","35 - 39 years","South-West","%",""
"Total period of fertility rate","1969","35 - 39 years","West","%",""
"Total period of fertility rate","1969","35 - 39 years","Ireland","%",""
"Total period of fertility rate","1969","40 - 44 years","Border","%",""
"Total period of fertility rate","1969","40 - 44 years","Dublin","%",""
"Total period of fertility rate","1969","40 - 44 years","Mid-East","%",""
"Total period of fertility rate","1969","40 - 44 years","Midland","%",""
"Total period of fertility rate","1969","40 - 44 years","Mid-West","%",""
"Total period of fertility rate","1969","40 - 44 years","South-East","%",""
"Total period of fertility rate","1969","40 - 44 years","South-West","%",""
"Total period of fertility rate","1969","40 - 44 years","West","%",""
"Total period of fertility rate","1969","40 - 44 years","Ireland","%",""
"Total period of fertility rate","1969","45 - 49 years","Border","%",""
"Total period of fertility rate","1969","45 - 49 years","Dublin","%",""
"Total period of fertility rate","1969","45 - 49 years","Mid-East","%",""
"Total period of fertility rate","1969","45 - 49 years","Midland","%",""
"Total period of fertility rate","1969","45 - 49 years","Mid-West","%",""
"Total period of fertility rate","1969","45 - 49 years","South-East","%",""
"Total period of fertility rate","1969","45 - 49 years","South-West","%",""
"Total period of fertility rate","1969","45 - 49 years","West","%",""
"Total period of fertility rate","1969","45 - 49 years","Ireland","%",""
"Total period of fertility rate","1970","All ages","Border","%",""
"Total period of fertility rate","1970","All ages","Dublin","%",""
"Total period of fertility rate","1970","All ages","Mid-East","%",""
"Total period of fertility rate","1970","All ages","Midland","%",""
"Total period of fertility rate","1970","All ages","Mid-West","%",""
"Total period of fertility rate","1970","All ages","South-East","%",""
"Total period of fertility rate","1970","All ages","South-West","%",""
"Total period of fertility rate","1970","All ages","West","%",""
"Total period of fertility rate","1970","All ages","Ireland","%","3.87"
"Total period of fertility rate","1970","15 - 19 years","Border","%",""
"Total period of fertility rate","1970","15 - 19 years","Dublin","%",""
"Total period of fertility rate","1970","15 - 19 years","Mid-East","%",""
"Total period of fertility rate","1970","15 - 19 years","Midland","%",""
"Total period of fertility rate","1970","15 - 19 years","Mid-West","%",""
"Total period of fertility rate","1970","15 - 19 years","South-East","%",""
"Total period of fertility rate","1970","15 - 19 years","South-West","%",""
"Total period of fertility rate","1970","15 - 19 years","West","%",""
"Total period of fertility rate","1970","15 - 19 years","Ireland","%",""
"Total period of fertility rate","1970","20 - 24 years","Border","%",""
"Total period of fertility rate","1970","20 - 24 years","Dublin","%",""
"Total period of fertility rate","1970","20 - 24 years","Mid-East","%",""
"Total period of fertility rate","1970","20 - 24 years","Midland","%",""
"Total period of fertility rate","1970","20 - 24 years","Mid-West","%",""
"Total period of fertility rate","1970","20 - 24 years","South-East","%",""
"Total period of fertility rate","1970","20 - 24 years","South-West","%",""
"Total period of fertility rate","1970","20 - 24 years","West","%",""
"Total period of fertility rate","1970","20 - 24 years","Ireland","%",""
"Total period of fertility rate","1970","25 - 29 years","Border","%",""
"Total period of fertility rate","1970","25 - 29 years","Dublin","%",""
"Total period of fertility rate","1970","25 - 29 years","Mid-East","%",""
"Total period of fertility rate","1970","25 - 29 years","Midland","%",""
"Total period of fertility rate","1970","25 - 29 years","Mid-West","%",""
"Total period of fertility rate","1970","25 - 29 years","South-East","%",""
"Total period of fertility rate","1970","25 - 29 years","South-West","%",""
"Total period of fertility rate","1970","25 - 29 years","West","%",""
"Total period of fertility rate","1970","25 - 29 years","Ireland","%",""
"Total period of fertility rate","1970","30 - 34 years","Border","%",""
"Total period of fertility rate","1970","30 - 34 years","Dublin","%",""
"Total period of fertility rate","1970","30 - 34 years","Mid-East","%",""
"Total period of fertility rate","1970","30 - 34 years","Midland","%",""
"Total period of fertility rate","1970","30 - 34 years","Mid-West","%",""
"Total period of fertility rate","1970","30 - 34 years","South-East","%",""
"Total period of fertility rate","1970","30 - 34 years","South-West","%",""
"Total period of fertility rate","1970","30 - 34 years","West","%",""
"Total period of fertility rate","1970","30 - 34 years","Ireland","%",""
"Total period of fertility rate","1970","35 - 39 years","Border","%",""
"Total period of fertility rate","1970","35 - 39 years","Dublin","%",""
"Total period of fertility rate","1970","35 - 39 years","Mid-East","%",""
"Total period of fertility rate","1970","35 - 39 years","Midland","%",""
"Total period of fertility rate","1970","35 - 39 years","Mid-West","%",""
"Total period of fertility rate","1970","35 - 39 years","South-East","%",""
"Total period of fertility rate","1970","35 - 39 years","South-West","%",""
"Total period of fertility rate","1970","35 - 39 years","West","%",""
"Total period of fertility rate","1970","35 - 39 years","Ireland","%",""
"Total period of fertility rate","1970","40 - 44 years","Border","%",""
"Total period of fertility rate","1970","40 - 44 years","Dublin","%",""
"Total period of fertility rate","1970","40 - 44 years","Mid-East","%",""
"Total period of fertility rate","1970","40 - 44 years","Midland","%",""
"Total period of fertility rate","1970","40 - 44 years","Mid-West","%",""
"Total period of fertility rate","1970","40 - 44 years","South-East","%",""
"Total period of fertility rate","1970","40 - 44 years","South-West","%",""
"Total period of fertility rate","1970","40 - 44 years","West","%",""
"Total period of fertility rate","1970","40 - 44 years","Ireland","%",""
"Total period of fertility rate","1970","45 - 49 years","Border","%",""
"Total period of fertility rate","1970","45 - 49 years","Dublin","%",""
"Total period of fertility rate","1970","45 - 49 years","Mid-East","%",""
"Total period of fertility rate","1970","45 - 49 years","Midland","%",""
"Total period of fertility rate","1970","45 - 49 years","Mid-West","%",""
"Total period of fertility rate","1970","45 - 49 years","South-East","%",""
"Total period of fertility rate","1970","45 - 49 years","South-West","%",""
"Total period of fertility rate","1970","45 - 49 years","West","%",""
"Total period of fertility rate","1970","45 - 49 years","Ireland","%",""
"Total period of fertility rate","1971","All ages","Border","%",""
"Total period of fertility rate","1971","All ages","Dublin","%",""
"Total period of fertility rate","1971","All ages","Mid-East","%",""
"Total period of fertility rate","1971","All ages","Midland","%",""
"Total period of fertility rate","1971","All ages","Mid-West","%",""
"Total period of fertility rate","1971","All ages","South-East","%",""
"Total period of fertility rate","1971","All ages","South-West","%",""
"Total period of fertility rate","1971","All ages","West","%",""
"Total period of fertility rate","1971","All ages","Ireland","%","3.98"
"Total period of fertility rate","1971","15 - 19 years","Border","%",""
"Total period of fertility rate","1971","15 - 19 years","Dublin","%",""
"Total period of fertility rate","1971","15 - 19 years","Mid-East","%",""
"Total period of fertility rate","1971","15 - 19 years","Midland","%",""
"Total period of fertility rate","1971","15 - 19 years","Mid-West","%",""
"Total period of fertility rate","1971","15 - 19 years","South-East","%",""
"Total period of fertility rate","1971","15 - 19 years","South-West","%",""
"Total period of fertility rate","1971","15 - 19 years","West","%",""
"Total period of fertility rate","1971","15 - 19 years","Ireland","%",""
"Total period of fertility rate","1971","20 - 24 years","Border","%",""
"Total period of fertility rate","1971","20 - 24 years","Dublin","%",""
"Total period of fertility rate","1971","20 - 24 years","Mid-East","%",""
"Total period of fertility rate","1971","20 - 24 years","Midland","%",""
"Total period of fertility rate","1971","20 - 24 years","Mid-West","%",""
"Total period of fertility rate","1971","20 - 24 years","South-East","%",""
"Total period of fertility rate","1971","20 - 24 years","South-West","%",""
"Total period of fertility rate","1971","20 - 24 years","West","%",""
"Total period of fertility rate","1971","20 - 24 years","Ireland","%",""
"Total period of fertility rate","1971","25 - 29 years","Border","%",""
"Total period of fertility rate","1971","25 - 29 years","Dublin","%",""
"Total period of fertility rate","1971","25 - 29 years","Mid-East","%",""
"Total period of fertility rate","1971","25 - 29 years","Midland","%",""
"Total period of fertility rate","1971","25 - 29 years","Mid-West","%",""
"Total period of fertility rate","1971","25 - 29 years","South-East","%",""
"Total period of fertility rate","1971","25 - 29 years","South-West","%",""
"Total period of fertility rate","1971","25 - 29 years","West","%",""
"Total period of fertility rate","1971","25 - 29 years","Ireland","%",""
"Total period of fertility rate","1971","30 - 34 years","Border","%",""
"Total period of fertility rate","1971","30 - 34 years","Dublin","%",""
"Total period of fertility rate","1971","30 - 34 years","Mid-East","%",""
"Total period of fertility rate","1971","30 - 34 years","Midland","%",""
"Total period of fertility rate","1971","30 - 34 years","Mid-West","%",""
"Total period of fertility rate","1971","30 - 34 years","South-East","%",""
"Total period of fertility rate","1971","30 - 34 years","South-West","%",""
"Total period of fertility rate","1971","30 - 34 years","West","%",""
"Total period of fertility rate","1971","30 - 34 years","Ireland","%",""
"Total period of fertility rate","1971","35 - 39 years","Border","%",""
"Total period of fertility rate","1971","35 - 39 years","Dublin","%",""
"Total period of fertility rate","1971","35 - 39 years","Mid-East","%",""
"Total period of fertility rate","1971","35 - 39 years","Midland","%",""
"Total period of fertility rate","1971","35 - 39 years","Mid-West","%",""
"Total period of fertility rate","1971","35 - 39 years","South-East","%",""
"Total period of fertility rate","1971","35 - 39 years","South-West","%",""
"Total period of fertility rate","1971","35 - 39 years","West","%",""
"Total period of fertility rate","1971","35 - 39 years","Ireland","%",""
"Total period of fertility rate","1971","40 - 44 years","Border","%",""
"Total period of fertility rate","1971","40 - 44 years","Dublin","%",""
"Total period of fertility rate","1971","40 - 44 years","Mid-East","%",""
"Total period of fertility rate","1971","40 - 44 years","Midland","%",""
"Total period of fertility rate","1971","40 - 44 years","Mid-West","%",""
"Total period of fertility rate","1971","40 - 44 years","South-East","%",""
"Total period of fertility rate","1971","40 - 44 years","South-West","%",""
"Total period of fertility rate","1971","40 - 44 years","West","%",""
"Total period of fertility rate","1971","40 - 44 years","Ireland","%",""
"Total period of fertility rate","1971","45 - 49 years","Border","%",""
"Total period of fertility rate","1971","45 - 49 years","Dublin","%",""
"Total period of fertility rate","1971","45 - 49 years","Mid-East","%",""
"Total period of fertility rate","1971","45 - 49 years","Midland","%",""
"Total period of fertility rate","1971","45 - 49 years","Mid-West","%",""
"Total period of fertility rate","1971","45 - 49 years","South-East","%",""
"Total period of fertility rate","1971","45 - 49 years","South-West","%",""
"Total period of fertility rate","1971","45 - 49 years","West","%",""
"Total period of fertility rate","1971","45 - 49 years","Ireland","%",""
"Total period of fertility rate","1972","All ages","Border","%",""
"Total period of fertility rate","1972","All ages","Dublin","%",""
"Total period of fertility rate","1972","All ages","Mid-East","%",""
"Total period of fertility rate","1972","All ages","Midland","%",""
"Total period of fertility rate","1972","All ages","Mid-West","%",""
"Total period of fertility rate","1972","All ages","South-East","%",""
"Total period of fertility rate","1972","All ages","South-West","%",""
"Total period of fertility rate","1972","All ages","West","%",""
"Total period of fertility rate","1972","All ages","Ireland","%","3.88"
"Total period of fertility rate","1972","15 - 19 years","Border","%",""
"Total period of fertility rate","1972","15 - 19 years","Dublin","%",""
"Total period of fertility rate","1972","15 - 19 years","Mid-East","%",""
"Total period of fertility rate","1972","15 - 19 years","Midland","%",""
"Total period of fertility rate","1972","15 - 19 years","Mid-West","%",""
"Total period of fertility rate","1972","15 - 19 years","South-East","%",""
"Total period of fertility rate","1972","15 - 19 years","South-West","%",""
"Total period of fertility rate","1972","15 - 19 years","West","%",""
"Total period of fertility rate","1972","15 - 19 years","Ireland","%",""
"Total period of fertility rate","1972","20 - 24 years","Border","%",""
"Total period of fertility rate","1972","20 - 24 years","Dublin","%",""
"Total period of fertility rate","1972","20 - 24 years","Mid-East","%",""
"Total period of fertility rate","1972","20 - 24 years","Midland","%",""
"Total period of fertility rate","1972","20 - 24 years","Mid-West","%",""
"Total period of fertility rate","1972","20 - 24 years","South-East","%",""
"Total period of fertility rate","1972","20 - 24 years","South-West","%",""
"Total period of fertility rate","1972","20 - 24 years","West","%",""
"Total period of fertility rate","1972","20 - 24 years","Ireland","%",""
"Total period of fertility rate","1972","25 - 29 years","Border","%",""
"Total period of fertility rate","1972","25 - 29 years","Dublin","%",""
"Total period of fertility rate","1972","25 - 29 years","Mid-East","%",""
"Total period of fertility rate","1972","25 - 29 years","Midland","%",""
"Total period of fertility rate","1972","25 - 29 years","Mid-West","%",""
"Total period of fertility rate","1972","25 - 29 years","South-East","%",""
"Total period of fertility rate","1972","25 - 29 years","South-West","%",""
"Total period of fertility rate","1972","25 - 29 years","West","%",""
"Total period of fertility rate","1972","25 - 29 years","Ireland","%",""
"Total period of fertility rate","1972","30 - 34 years","Border","%",""
"Total period of fertility rate","1972","30 - 34 years","Dublin","%",""
"Total period of fertility rate","1972","30 - 34 years","Mid-East","%",""
"Total period of fertility rate","1972","30 - 34 years","Midland","%",""
"Total period of fertility rate","1972","30 - 34 years","Mid-West","%",""
"Total period of fertility rate","1972","30 - 34 years","South-East","%",""
"Total period of fertility rate","1972","30 - 34 years","South-West","%",""
"Total period of fertility rate","1972","30 - 34 years","West","%",""
"Total period of fertility rate","1972","30 - 34 years","Ireland","%",""
"Total period of fertility rate","1972","35 - 39 years","Border","%",""
"Total period of fertility rate","1972","35 - 39 years","Dublin","%",""
"Total period of fertility rate","1972","35 - 39 years","Mid-East","%",""
"Total period of fertility rate","1972","35 - 39 years","Midland","%",""
"Total period of fertility rate","1972","35 - 39 years","Mid-West","%",""
"Total period of fertility rate","1972","35 - 39 years","South-East","%",""
"Total period of fertility rate","1972","35 - 39 years","South-West","%",""
"Total period of fertility rate","1972","35 - 39 years","West","%",""
"Total period of fertility rate","1972","35 - 39 years","Ireland","%",""
"Total period of fertility rate","1972","40 - 44 years","Border","%",""
"Total period of fertility rate","1972","40 - 44 years","Dublin","%",""
"Total period of fertility rate","1972","40 - 44 years","Mid-East","%",""
"Total period of fertility rate","1972","40 - 44 years","Midland","%",""
"Total period of fertility rate","1972","40 - 44 years","Mid-West","%",""
"Total period of fertility rate","1972","40 - 44 years","South-East","%",""
"Total period of fertility rate","1972","40 - 44 years","South-West","%",""
"Total period of fertility rate","1972","40 - 44 years","West","%",""
"Total period of fertility rate","1972","40 - 44 years","Ireland","%",""
"Total period of fertility rate","1972","45 - 49 years","Border","%",""
"Total period of fertility rate","1972","45 - 49 years","Dublin","%",""
"Total period of fertility rate","1972","45 - 49 years","Mid-East","%",""
"Total period of fertility rate","1972","45 - 49 years","Midland","%",""
"Total period of fertility rate","1972","45 - 49 years","Mid-West","%",""
"Total period of fertility rate","1972","45 - 49 years","South-East","%",""
"Total period of fertility rate","1972","45 - 49 years","South-West","%",""
"Total period of fertility rate","1972","45 - 49 years","West","%",""
"Total period of fertility rate","1972","45 - 49 years","Ireland","%",""
"Total period of fertility rate","1973","All ages","Border","%",""
"Total period of fertility rate","1973","All ages","Dublin","%",""
"Total period of fertility rate","1973","All ages","Mid-East","%",""
"Total period of fertility rate","1973","All ages","Midland","%",""
"Total period of fertility rate","1973","All ages","Mid-West","%",""
"Total period of fertility rate","1973","All ages","South-East","%",""
"Total period of fertility rate","1973","All ages","South-West","%",""
"Total period of fertility rate","1973","All ages","West","%",""
"Total period of fertility rate","1973","All ages","Ireland","%","3.74"
"Total period of fertility rate","1973","15 - 19 years","Border","%",""
"Total period of fertility rate","1973","15 - 19 years","Dublin","%",""
"Total period of fertility rate","1973","15 - 19 years","Mid-East","%",""
"Total period of fertility rate","1973","15 - 19 years","Midland","%",""
"Total period of fertility rate","1973","15 - 19 years","Mid-West","%",""
"Total period of fertility rate","1973","15 - 19 years","South-East","%",""
"Total period of fertility rate","1973","15 - 19 years","South-West","%",""
"Total period of fertility rate","1973","15 - 19 years","West","%",""
"Total period of fertility rate","1973","15 - 19 years","Ireland","%",""
"Total period of fertility rate","1973","20 - 24 years","Border","%",""
"Total period of fertility rate","1973","20 - 24 years","Dublin","%",""
"Total period of fertility rate","1973","20 - 24 years","Mid-East","%",""
"Total period of fertility rate","1973","20 - 24 years","Midland","%",""
"Total period of fertility rate","1973","20 - 24 years","Mid-West","%",""
"Total period of fertility rate","1973","20 - 24 years","South-East","%",""
"Total period of fertility rate","1973","20 - 24 years","South-West","%",""
"Total period of fertility rate","1973","20 - 24 years","West","%",""
"Total period of fertility rate","1973","20 - 24 years","Ireland","%",""
"Total period of fertility rate","1973","25 - 29 years","Border","%",""
"Total period of fertility rate","1973","25 - 29 years","Dublin","%",""
"Total period of fertility rate","1973","25 - 29 years","Mid-East","%",""
"Total period of fertility rate","1973","25 - 29 years","Midland","%",""
"Total period of fertility rate","1973","25 - 29 years","Mid-West","%",""
"Total period of fertility rate","1973","25 - 29 years","South-East","%",""
"Total period of fertility rate","1973","25 - 29 years","South-West","%",""
"Total period of fertility rate","1973","25 - 29 years","West","%",""
"Total period of fertility rate","1973","25 - 29 years","Ireland","%",""
"Total period of fertility rate","1973","30 - 34 years","Border","%",""
"Total period of fertility rate","1973","30 - 34 years","Dublin","%",""
"Total period of fertility rate","1973","30 - 34 years","Mid-East","%",""
"Total period of fertility rate","1973","30 - 34 years","Midland","%",""
"Total period of fertility rate","1973","30 - 34 years","Mid-West","%",""
"Total period of fertility rate","1973","30 - 34 years","South-East","%",""
"Total period of fertility rate","1973","30 - 34 years","South-West","%",""
"Total period of fertility rate","1973","30 - 34 years","West","%",""
"Total period of fertility rate","1973","30 - 34 years","Ireland","%",""
"Total period of fertility rate","1973","35 - 39 years","Border","%",""
"Total period of fertility rate","1973","35 - 39 years","Dublin","%",""
"Total period of fertility rate","1973","35 - 39 years","Mid-East","%",""
"Total period of fertility rate","1973","35 - 39 years","Midland","%",""
"Total period of fertility rate","1973","35 - 39 years","Mid-West","%",""
"Total period of fertility rate","1973","35 - 39 years","South-East","%",""
"Total period of fertility rate","1973","35 - 39 years","South-West","%",""
"Total period of fertility rate","1973","35 - 39 years","West","%",""
"Total period of fertility rate","1973","35 - 39 years","Ireland","%",""
"Total period of fertility rate","1973","40 - 44 years","Border","%",""
"Total period of fertility rate","1973","40 - 44 years","Dublin","%",""
"Total period of fertility rate","1973","40 - 44 years","Mid-East","%",""
"Total period of fertility rate","1973","40 - 44 years","Midland","%",""
"Total period of fertility rate","1973","40 - 44 years","Mid-West","%",""
"Total period of fertility rate","1973","40 - 44 years","South-East","%",""
"Total period of fertility rate","1973","40 - 44 years","South-West","%",""
"Total period of fertility rate","1973","40 - 44 years","West","%",""
"Total period of fertility rate","1973","40 - 44 years","Ireland","%",""
"Total period of fertility rate","1973","45 - 49 years","Border","%",""
"Total period of fertility rate","1973","45 - 49 years","Dublin","%",""
"Total period of fertility rate","1973","45 - 49 years","Mid-East","%",""
"Total period of fertility rate","1973","45 - 49 years","Midland","%",""
"Total period of fertility rate","1973","45 - 49 years","Mid-West","%",""
"Total period of fertility rate","1973","45 - 49 years","South-East","%",""
"Total period of fertility rate","1973","45 - 49 years","South-West","%",""
"Total period of fertility rate","1973","45 - 49 years","West","%",""
"Total period of fertility rate","1973","45 - 49 years","Ireland","%",""
"Total period of fertility rate","1974","All ages","Border","%",""
"Total period of fertility rate","1974","All ages","Dublin","%",""
"Total period of fertility rate","1974","All ages","Mid-East","%",""
"Total period of fertility rate","1974","All ages","Midland","%",""
"Total period of fertility rate","1974","All ages","Mid-West","%",""
"Total period of fertility rate","1974","All ages","South-East","%",""
"Total period of fertility rate","1974","All ages","South-West","%",""
"Total period of fertility rate","1974","All ages","West","%",""
"Total period of fertility rate","1974","All ages","Ireland","%","3.62"
"Total period of fertility rate","1974","15 - 19 years","Border","%",""
"Total period of fertility rate","1974","15 - 19 years","Dublin","%",""
"Total period of fertility rate","1974","15 - 19 years","Mid-East","%",""
"Total period of fertility rate","1974","15 - 19 years","Midland","%",""
"Total period of fertility rate","1974","15 - 19 years","Mid-West","%",""
"Total period of fertility rate","1974","15 - 19 years","South-East","%",""
"Total period of fertility rate","1974","15 - 19 years","South-West","%",""
"Total period of fertility rate","1974","15 - 19 years","West","%",""
"Total period of fertility rate","1974","15 - 19 years","Ireland","%",""
"Total period of fertility rate","1974","20 - 24 years","Border","%",""
"Total period of fertility rate","1974","20 - 24 years","Dublin","%",""
"Total period of fertility rate","1974","20 - 24 years","Mid-East","%",""
"Total period of fertility rate","1974","20 - 24 years","Midland","%",""
"Total period of fertility rate","1974","20 - 24 years","Mid-West","%",""
"Total period of fertility rate","1974","20 - 24 years","South-East","%",""
"Total period of fertility rate","1974","20 - 24 years","South-West","%",""
"Total period of fertility rate","1974","20 - 24 years","West","%",""
"Total period of fertility rate","1974","20 - 24 years","Ireland","%",""
"Total period of fertility rate","1974","25 - 29 years","Border","%",""
"Total period of fertility rate","1974","25 - 29 years","Dublin","%",""
"Total period of fertility rate","1974","25 - 29 years","Mid-East","%",""
"Total period of fertility rate","1974","25 - 29 years","Midland","%",""
"Total period of fertility rate","1974","25 - 29 years","Mid-West","%",""
"Total period of fertility rate","1974","25 - 29 years","South-East","%",""
"Total period of fertility rate","1974","25 - 29 years","South-West","%",""
"Total period of fertility rate","1974","25 - 29 years","West","%",""
"Total period of fertility rate","1974","25 - 29 years","Ireland","%",""
"Total period of fertility rate","1974","30 - 34 years","Border","%",""
"Total period of fertility rate","1974","30 - 34 years","Dublin","%",""
"Total period of fertility rate","1974","30 - 34 years","Mid-East","%",""
"Total period of fertility rate","1974","30 - 34 years","Midland","%",""
"Total period of fertility rate","1974","30 - 34 years","Mid-West","%",""
"Total period of fertility rate","1974","30 - 34 years","South-East","%",""
"Total period of fertility rate","1974","30 - 34 years","South-West","%",""
"Total period of fertility rate","1974","30 - 34 years","West","%",""
"Total period of fertility rate","1974","30 - 34 years","Ireland","%",""
"Total period of fertility rate","1974","35 - 39 years","Border","%",""
"Total period of fertility rate","1974","35 - 39 years","Dublin","%",""
"Total period of fertility rate","1974","35 - 39 years","Mid-East","%",""
"Total period of fertility rate","1974","35 - 39 years","Midland","%",""
"Total period of fertility rate","1974","35 - 39 years","Mid-West","%",""
"Total period of fertility rate","1974","35 - 39 years","South-East","%",""
"Total period of fertility rate","1974","35 - 39 years","South-West","%",""
"Total period of fertility rate","1974","35 - 39 years","West","%",""
"Total period of fertility rate","1974","35 - 39 years","Ireland","%",""
"Total period of fertility rate","1974","40 - 44 years","Border","%",""
"Total period of fertility rate","1974","40 - 44 years","Dublin","%",""
"Total period of fertility rate","1974","40 - 44 years","Mid-East","%",""
"Total period of fertility rate","1974","40 - 44 years","Midland","%",""
"Total period of fertility rate","1974","40 - 44 years","Mid-West","%",""
"Total period of fertility rate","1974","40 - 44 years","South-East","%",""
"Total period of fertility rate","1974","40 - 44 years","South-West","%",""
"Total period of fertility rate","1974","40 - 44 years","West","%",""
"Total period of fertility rate","1974","40 - 44 years","Ireland","%",""
"Total period of fertility rate","1974","45 - 49 years","Border","%",""
"Total period of fertility rate","1974","45 - 49 years","Dublin","%",""
"Total period of fertility rate","1974","45 - 49 years","Mid-East","%",""
"Total period of fertility rate","1974","45 - 49 years","Midland","%",""
"Total period of fertility rate","1974","45 - 49 years","Mid-West","%",""
"Total period of fertility rate","1974","45 - 49 years","South-East","%",""
"Total period of fertility rate","1974","45 - 49 years","South-West","%",""
"Total period of fertility rate","1974","45 - 49 years","West","%",""
"Total period of fertility rate","1974","45 - 49 years","Ireland","%",""
"Total period of fertility rate","1975","All ages","Border","%",""
"Total period of fertility rate","1975","All ages","Dublin","%",""
"Total period of fertility rate","1975","All ages","Mid-East","%",""
"Total period of fertility rate","1975","All ages","Midland","%",""
"Total period of fertility rate","1975","All ages","Mid-West","%",""
"Total period of fertility rate","1975","All ages","South-East","%",""
"Total period of fertility rate","1975","All ages","South-West","%",""
"Total period of fertility rate","1975","All ages","West","%",""
"Total period of fertility rate","1975","All ages","Ireland","%","3.4"
"Total period of fertility rate","1975","15 - 19 years","Border","%",""
"Total period of fertility rate","1975","15 - 19 years","Dublin","%",""
"Total period of fertility rate","1975","15 - 19 years","Mid-East","%",""
"Total period of fertility rate","1975","15 - 19 years","Midland","%",""
"Total period of fertility rate","1975","15 - 19 years","Mid-West","%",""
"Total period of fertility rate","1975","15 - 19 years","South-East","%",""
"Total period of fertility rate","1975","15 - 19 years","South-West","%",""
"Total period of fertility rate","1975","15 - 19 years","West","%",""
"Total period of fertility rate","1975","15 - 19 years","Ireland","%",""
"Total period of fertility rate","1975","20 - 24 years","Border","%",""
"Total period of fertility rate","1975","20 - 24 years","Dublin","%",""
"Total period of fertility rate","1975","20 - 24 years","Mid-East","%",""
"Total period of fertility rate","1975","20 - 24 years","Midland","%",""
"Total period of fertility rate","1975","20 - 24 years","Mid-West","%",""
"Total period of fertility rate","1975","20 - 24 years","South-East","%",""
"Total period of fertility rate","1975","20 - 24 years","South-West","%",""
"Total period of fertility rate","1975","20 - 24 years","West","%",""
"Total period of fertility rate","1975","20 - 24 years","Ireland","%",""
"Total period of fertility rate","1975","25 - 29 years","Border","%",""
"Total period of fertility rate","1975","25 - 29 years","Dublin","%",""
"Total period of fertility rate","1975","25 - 29 years","Mid-East","%",""
"Total period of fertility rate","1975","25 - 29 years","Midland","%",""
"Total period of fertility rate","1975","25 - 29 years","Mid-West","%",""
"Total period of fertility rate","1975","25 - 29 years","South-East","%",""
"Total period of fertility rate","1975","25 - 29 years","South-West","%",""
"Total period of fertility rate","1975","25 - 29 years","West","%",""
"Total period of fertility rate","1975","25 - 29 years","Ireland","%",""
"Total period of fertility rate","1975","30 - 34 years","Border","%",""
"Total period of fertility rate","1975","30 - 34 years","Dublin","%",""
"Total period of fertility rate","1975","30 - 34 years","Mid-East","%",""
"Total period of fertility rate","1975","30 - 34 years","Midland","%",""
"Total period of fertility rate","1975","30 - 34 years","Mid-West","%",""
"Total period of fertility rate","1975","30 - 34 years","South-East","%",""
"Total period of fertility rate","1975","30 - 34 years","South-West","%",""
"Total period of fertility rate","1975","30 - 34 years","West","%",""
"Total period of fertility rate","1975","30 - 34 years","Ireland","%",""
"Total period of fertility rate","1975","35 - 39 years","Border","%",""
"Total period of fertility rate","1975","35 - 39 years","Dublin","%",""
"Total period of fertility rate","1975","35 - 39 years","Mid-East","%",""
"Total period of fertility rate","1975","35 - 39 years","Midland","%",""
"Total period of fertility rate","1975","35 - 39 years","Mid-West","%",""
"Total period of fertility rate","1975","35 - 39 years","South-East","%",""
"Total period of fertility rate","1975","35 - 39 years","South-West","%",""
"Total period of fertility rate","1975","35 - 39 years","West","%",""
"Total period of fertility rate","1975","35 - 39 years","Ireland","%",""
"Total period of fertility rate","1975","40 - 44 years","Border","%",""
"Total period of fertility rate","1975","40 - 44 years","Dublin","%",""
"Total period of fertility rate","1975","40 - 44 years","Mid-East","%",""
"Total period of fertility rate","1975","40 - 44 years","Midland","%",""
"Total period of fertility rate","1975","40 - 44 years","Mid-West","%",""
"Total period of fertility rate","1975","40 - 44 years","South-East","%",""
"Total period of fertility rate","1975","40 - 44 years","South-West","%",""
"Total period of fertility rate","1975","40 - 44 years","West","%",""
"Total period of fertility rate","1975","40 - 44 years","Ireland","%",""
"Total period of fertility rate","1975","45 - 49 years","Border","%",""
"Total period of fertility rate","1975","45 - 49 years","Dublin","%",""
"Total period of fertility rate","1975","45 - 49 years","Mid-East","%",""
"Total period of fertility rate","1975","45 - 49 years","Midland","%",""
"Total period of fertility rate","1975","45 - 49 years","Mid-West","%",""
"Total period of fertility rate","1975","45 - 49 years","South-East","%",""
"Total period of fertility rate","1975","45 - 49 years","South-West","%",""
"Total period of fertility rate","1975","45 - 49 years","West","%",""
"Total period of fertility rate","1975","45 - 49 years","Ireland","%",""
"Total period of fertility rate","1976","All ages","Border","%",""
"Total period of fertility rate","1976","All ages","Dublin","%",""
"Total period of fertility rate","1976","All ages","Mid-East","%",""
"Total period of fertility rate","1976","All ages","Midland","%",""
"Total period of fertility rate","1976","All ages","Mid-West","%",""
"Total period of fertility rate","1976","All ages","South-East","%",""
"Total period of fertility rate","1976","All ages","South-West","%",""
"Total period of fertility rate","1976","All ages","West","%",""
"Total period of fertility rate","1976","All ages","Ireland","%","3.31"
"Total period of fertility rate","1976","15 - 19 years","Border","%",""
"Total period of fertility rate","1976","15 - 19 years","Dublin","%",""
"Total period of fertility rate","1976","15 - 19 years","Mid-East","%",""
"Total period of fertility rate","1976","15 - 19 years","Midland","%",""
"Total period of fertility rate","1976","15 - 19 years","Mid-West","%",""
"Total period of fertility rate","1976","15 - 19 years","South-East","%",""
"Total period of fertility rate","1976","15 - 19 years","South-West","%",""
"Total period of fertility rate","1976","15 - 19 years","West","%",""
"Total period of fertility rate","1976","15 - 19 years","Ireland","%",""
"Total period of fertility rate","1976","20 - 24 years","Border","%",""
"Total period of fertility rate","1976","20 - 24 years","Dublin","%",""
"Total period of fertility rate","1976","20 - 24 years","Mid-East","%",""
"Total period of fertility rate","1976","20 - 24 years","Midland","%",""
"Total period of fertility rate","1976","20 - 24 years","Mid-West","%",""
"Total period of fertility rate","1976","20 - 24 years","South-East","%",""
"Total period of fertility rate","1976","20 - 24 years","South-West","%",""
"Total period of fertility rate","1976","20 - 24 years","West","%",""
"Total period of fertility rate","1976","20 - 24 years","Ireland","%",""
"Total period of fertility rate","1976","25 - 29 years","Border","%",""
"Total period of fertility rate","1976","25 - 29 years","Dublin","%",""
"Total period of fertility rate","1976","25 - 29 years","Mid-East","%",""
"Total period of fertility rate","1976","25 - 29 years","Midland","%",""
"Total period of fertility rate","1976","25 - 29 years","Mid-West","%",""
"Total period of fertility rate","1976","25 - 29 years","South-East","%",""
"Total period of fertility rate","1976","25 - 29 years","South-West","%",""
"Total period of fertility rate","1976","25 - 29 years","West","%",""
"Total period of fertility rate","1976","25 - 29 years","Ireland","%",""
"Total period of fertility rate","1976","30 - 34 years","Border","%",""
"Total period of fertility rate","1976","30 - 34 years","Dublin","%",""
"Total period of fertility rate","1976","30 - 34 years","Mid-East","%",""
"Total period of fertility rate","1976","30 - 34 years","Midland","%",""
"Total period of fertility rate","1976","30 - 34 years","Mid-West","%",""
"Total period of fertility rate","1976","30 - 34 years","South-East","%",""
"Total period of fertility rate","1976","30 - 34 years","South-West","%",""
"Total period of fertility rate","1976","30 - 34 years","West","%",""
"Total period of fertility rate","1976","30 - 34 years","Ireland","%",""
"Total period of fertility rate","1976","35 - 39 years","Border","%",""
"Total period of fertility rate","1976","35 - 39 years","Dublin","%",""
"Total period of fertility rate","1976","35 - 39 years","Mid-East","%",""
"Total period of fertility rate","1976","35 - 39 years","Midland","%",""
"Total period of fertility rate","1976","35 - 39 years","Mid-West","%",""
"Total period of fertility rate","1976","35 - 39 years","South-East","%",""
"Total period of fertility rate","1976","35 - 39 years","South-West","%",""
"Total period of fertility rate","1976","35 - 39 years","West","%",""
"Total period of fertility rate","1976","35 - 39 years","Ireland","%",""
"Total period of fertility rate","1976","40 - 44 years","Border","%",""
"Total period of fertility rate","1976","40 - 44 years","Dublin","%",""
"Total period of fertility rate","1976","40 - 44 years","Mid-East","%",""
"Total period of fertility rate","1976","40 - 44 years","Midland","%",""
"Total period of fertility rate","1976","40 - 44 years","Mid-West","%",""
"Total period of fertility rate","1976","40 - 44 years","South-East","%",""
"Total period of fertility rate","1976","40 - 44 years","South-West","%",""
"Total period of fertility rate","1976","40 - 44 years","West","%",""
"Total period of fertility rate","1976","40 - 44 years","Ireland","%",""
"Total period of fertility rate","1976","45 - 49 years","Border","%",""
"Total period of fertility rate","1976","45 - 49 years","Dublin","%",""
"Total period of fertility rate","1976","45 - 49 years","Mid-East","%",""
"Total period of fertility rate","1976","45 - 49 years","Midland","%",""
"Total period of fertility rate","1976","45 - 49 years","Mid-West","%",""
"Total period of fertility rate","1976","45 - 49 years","South-East","%",""
"Total period of fertility rate","1976","45 - 49 years","South-West","%",""
"Total period of fertility rate","1976","45 - 49 years","West","%",""
"Total period of fertility rate","1976","45 - 49 years","Ireland","%",""
"Total period of fertility rate","1977","All ages","Border","%",""
"Total period of fertility rate","1977","All ages","Dublin","%",""
"Total period of fertility rate","1977","All ages","Mid-East","%",""
"Total period of fertility rate","1977","All ages","Midland","%",""
"Total period of fertility rate","1977","All ages","Mid-West","%",""
"Total period of fertility rate","1977","All ages","South-East","%",""
"Total period of fertility rate","1977","All ages","South-West","%",""
"Total period of fertility rate","1977","All ages","West","%",""
"Total period of fertility rate","1977","All ages","Ireland","%","3.27"
"Total period of fertility rate","1977","15 - 19 years","Border","%",""
"Total period of fertility rate","1977","15 - 19 years","Dublin","%",""
"Total period of fertility rate","1977","15 - 19 years","Mid-East","%",""
"Total period of fertility rate","1977","15 - 19 years","Midland","%",""
"Total period of fertility rate","1977","15 - 19 years","Mid-West","%",""
"Total period of fertility rate","1977","15 - 19 years","South-East","%",""
"Total period of fertility rate","1977","15 - 19 years","South-West","%",""
"Total period of fertility rate","1977","15 - 19 years","West","%",""
"Total period of fertility rate","1977","15 - 19 years","Ireland","%",""
"Total period of fertility rate","1977","20 - 24 years","Border","%",""
"Total period of fertility rate","1977","20 - 24 years","Dublin","%",""
"Total period of fertility rate","1977","20 - 24 years","Mid-East","%",""
"Total period of fertility rate","1977","20 - 24 years","Midland","%",""
"Total period of fertility rate","1977","20 - 24 years","Mid-West","%",""
"Total period of fertility rate","1977","20 - 24 years","South-East","%",""
"Total period of fertility rate","1977","20 - 24 years","South-West","%",""
"Total period of fertility rate","1977","20 - 24 years","West","%",""
"Total period of fertility rate","1977","20 - 24 years","Ireland","%",""
"Total period of fertility rate","1977","25 - 29 years","Border","%",""
"Total period of fertility rate","1977","25 - 29 years","Dublin","%",""
"Total period of fertility rate","1977","25 - 29 years","Mid-East","%",""
"Total period of fertility rate","1977","25 - 29 years","Midland","%",""
"Total period of fertility rate","1977","25 - 29 years","Mid-West","%",""
"Total period of fertility rate","1977","25 - 29 years","South-East","%",""
"Total period of fertility rate","1977","25 - 29 years","South-West","%",""
"Total period of fertility rate","1977","25 - 29 years","West","%",""
"Total period of fertility rate","1977","25 - 29 years","Ireland","%",""
"Total period of fertility rate","1977","30 - 34 years","Border","%",""
"Total period of fertility rate","1977","30 - 34 years","Dublin","%",""
"Total period of fertility rate","1977","30 - 34 years","Mid-East","%",""
"Total period of fertility rate","1977","30 - 34 years","Midland","%",""
"Total period of fertility rate","1977","30 - 34 years","Mid-West","%",""
"Total period of fertility rate","1977","30 - 34 years","South-East","%",""
"Total period of fertility rate","1977","30 - 34 years","South-West","%",""
"Total period of fertility rate","1977","30 - 34 years","West","%",""
"Total period of fertility rate","1977","30 - 34 years","Ireland","%",""
"Total period of fertility rate","1977","35 - 39 years","Border","%",""
"Total period of fertility rate","1977","35 - 39 years","Dublin","%",""
"Total period of fertility rate","1977","35 - 39 years","Mid-East","%",""
"Total period of fertility rate","1977","35 - 39 years","Midland","%",""
"Total period of fertility rate","1977","35 - 39 years","Mid-West","%",""
"Total period of fertility rate","1977","35 - 39 years","South-East","%",""
"Total period of fertility rate","1977","35 - 39 years","South-West","%",""
"Total period of fertility rate","1977","35 - 39 years","West","%",""
"Total period of fertility rate","1977","35 - 39 years","Ireland","%",""
"Total period of fertility rate","1977","40 - 44 years","Border","%",""
"Total period of fertility rate","1977","40 - 44 years","Dublin","%",""
"Total period of fertility rate","1977","40 - 44 years","Mid-East","%",""
"Total period of fertility rate","1977","40 - 44 years","Midland","%",""
"Total period of fertility rate","1977","40 - 44 years","Mid-West","%",""
"Total period of fertility rate","1977","40 - 44 years","South-East","%",""
"Total period of fertility rate","1977","40 - 44 years","South-West","%",""
"Total period of fertility rate","1977","40 - 44 years","West","%",""
"Total period of fertility rate","1977","40 - 44 years","Ireland","%",""
"Total period of fertility rate","1977","45 - 49 years","Border","%",""
"Total period of fertility rate","1977","45 - 49 years","Dublin","%",""
"Total period of fertility rate","1977","45 - 49 years","Mid-East","%",""
"Total period of fertility rate","1977","45 - 49 years","Midland","%",""
"Total period of fertility rate","1977","45 - 49 years","Mid-West","%",""
"Total period of fertility rate","1977","45 - 49 years","South-East","%",""
"Total period of fertility rate","1977","45 - 49 years","South-West","%",""
"Total period of fertility rate","1977","45 - 49 years","West","%",""
"Total period of fertility rate","1977","45 - 49 years","Ireland","%",""
"Total period of fertility rate","1978","All ages","Border","%",""
"Total period of fertility rate","1978","All ages","Dublin","%",""
"Total period of fertility rate","1978","All ages","Mid-East","%",""
"Total period of fertility rate","1978","All ages","Midland","%",""
"Total period of fertility rate","1978","All ages","Mid-West","%",""
"Total period of fertility rate","1978","All ages","South-East","%",""
"Total period of fertility rate","1978","All ages","South-West","%",""
"Total period of fertility rate","1978","All ages","West","%",""
"Total period of fertility rate","1978","All ages","Ireland","%","3.24"
"Total period of fertility rate","1978","15 - 19 years","Border","%",""
"Total period of fertility rate","1978","15 - 19 years","Dublin","%",""
"Total period of fertility rate","1978","15 - 19 years","Mid-East","%",""
"Total period of fertility rate","1978","15 - 19 years","Midland","%",""
"Total period of fertility rate","1978","15 - 19 years","Mid-West","%",""
"Total period of fertility rate","1978","15 - 19 years","South-East","%",""
"Total period of fertility rate","1978","15 - 19 years","South-West","%",""
"Total period of fertility rate","1978","15 - 19 years","West","%",""
"Total period of fertility rate","1978","15 - 19 years","Ireland","%",""
"Total period of fertility rate","1978","20 - 24 years","Border","%",""
"Total period of fertility rate","1978","20 - 24 years","Dublin","%",""
"Total period of fertility rate","1978","20 - 24 years","Mid-East","%",""
"Total period of fertility rate","1978","20 - 24 years","Midland","%",""
"Total period of fertility rate","1978","20 - 24 years","Mid-West","%",""
"Total period of fertility rate","1978","20 - 24 years","South-East","%",""
"Total period of fertility rate","1978","20 - 24 years","South-West","%",""
"Total period of fertility rate","1978","20 - 24 years","West","%",""
"Total period of fertility rate","1978","20 - 24 years","Ireland","%",""
"Total period of fertility rate","1978","25 - 29 years","Border","%",""
"Total period of fertility rate","1978","25 - 29 years","Dublin","%",""
"Total period of fertility rate","1978","25 - 29 years","Mid-East","%",""
"Total period of fertility rate","1978","25 - 29 years","Midland","%",""
"Total period of fertility rate","1978","25 - 29 years","Mid-West","%",""
"Total period of fertility rate","1978","25 - 29 years","South-East","%",""
"Total period of fertility rate","1978","25 - 29 years","South-West","%",""
"Total period of fertility rate","1978","25 - 29 years","West","%",""
"Total period of fertility rate","1978","25 - 29 years","Ireland","%",""
"Total period of fertility rate","1978","30 - 34 years","Border","%",""
"Total period of fertility rate","1978","30 - 34 years","Dublin","%",""
"Total period of fertility rate","1978","30 - 34 years","Mid-East","%",""
"Total period of fertility rate","1978","30 - 34 years","Midland","%",""
"Total period of fertility rate","1978","30 - 34 years","Mid-West","%",""
"Total period of fertility rate","1978","30 - 34 years","South-East","%",""
"Total period of fertility rate","1978","30 - 34 years","South-West","%",""
"Total period of fertility rate","1978","30 - 34 years","West","%",""
"Total period of fertility rate","1978","30 - 34 years","Ireland","%",""
"Total period of fertility rate","1978","35 - 39 years","Border","%",""
"Total period of fertility rate","1978","35 - 39 years","Dublin","%",""
"Total period of fertility rate","1978","35 - 39 years","Mid-East","%",""
"Total period of fertility rate","1978","35 - 39 years","Midland","%",""
"Total period of fertility rate","1978","35 - 39 years","Mid-West","%",""
"Total period of fertility rate","1978","35 - 39 years","South-East","%",""
"Total period of fertility rate","1978","35 - 39 years","South-West","%",""
"Total period of fertility rate","1978","35 - 39 years","West","%",""
"Total period of fertility rate","1978","35 - 39 years","Ireland","%",""
"Total period of fertility rate","1978","40 - 44 years","Border","%",""
"Total period of fertility rate","1978","40 - 44 years","Dublin","%",""
"Total period of fertility rate","1978","40 - 44 years","Mid-East","%",""
"Total period of fertility rate","1978","40 - 44 years","Midland","%",""
"Total period of fertility rate","1978","40 - 44 years","Mid-West","%",""
"Total period of fertility rate","1978","40 - 44 years","South-East","%",""
"Total period of fertility rate","1978","40 - 44 years","South-West","%",""
"Total period of fertility rate","1978","40 - 44 years","West","%",""
"Total period of fertility rate","1978","40 - 44 years","Ireland","%",""
"Total period of fertility rate","1978","45 - 49 years","Border","%",""
"Total period of fertility rate","1978","45 - 49 years","Dublin","%",""
"Total period of fertility rate","1978","45 - 49 years","Mid-East","%",""
"Total period of fertility rate","1978","45 - 49 years","Midland","%",""
"Total period of fertility rate","1978","45 - 49 years","Mid-West","%",""
"Total period of fertility rate","1978","45 - 49 years","South-East","%",""
"Total period of fertility rate","1978","45 - 49 years","South-West","%",""
"Total period of fertility rate","1978","45 - 49 years","West","%",""
"Total period of fertility rate","1978","45 - 49 years","Ireland","%",""
"Total period of fertility rate","1979","All ages","Border","%",""
"Total period of fertility rate","1979","All ages","Dublin","%",""
"Total period of fertility rate","1979","All ages","Mid-East","%",""
"Total period of fertility rate","1979","All ages","Midland","%",""
"Total period of fertility rate","1979","All ages","Mid-West","%",""
"Total period of fertility rate","1979","All ages","South-East","%",""
"Total period of fertility rate","1979","All ages","South-West","%",""
"Total period of fertility rate","1979","All ages","West","%",""
"Total period of fertility rate","1979","All ages","Ireland","%","3.23"
"Total period of fertility rate","1979","15 - 19 years","Border","%",""
"Total period of fertility rate","1979","15 - 19 years","Dublin","%",""
"Total period of fertility rate","1979","15 - 19 years","Mid-East","%",""
"Total period of fertility rate","1979","15 - 19 years","Midland","%",""
"Total period of fertility rate","1979","15 - 19 years","Mid-West","%",""
"Total period of fertility rate","1979","15 - 19 years","South-East","%",""
"Total period of fertility rate","1979","15 - 19 years","South-West","%",""
"Total period of fertility rate","1979","15 - 19 years","West","%",""
"Total period of fertility rate","1979","15 - 19 years","Ireland","%",""
"Total period of fertility rate","1979","20 - 24 years","Border","%",""
"Total period of fertility rate","1979","20 - 24 years","Dublin","%",""
"Total period of fertility rate","1979","20 - 24 years","Mid-East","%",""
"Total period of fertility rate","1979","20 - 24 years","Midland","%",""
"Total period of fertility rate","1979","20 - 24 years","Mid-West","%",""
"Total period of fertility rate","1979","20 - 24 years","South-East","%",""
"Total period of fertility rate","1979","20 - 24 years","South-West","%",""
"Total period of fertility rate","1979","20 - 24 years","West","%",""
"Total period of fertility rate","1979","20 - 24 years","Ireland","%",""
"Total period of fertility rate","1979","25 - 29 years","Border","%",""
"Total period of fertility rate","1979","25 - 29 years","Dublin","%",""
"Total period of fertility rate","1979","25 - 29 years","Mid-East","%",""
"Total period of fertility rate","1979","25 - 29 years","Midland","%",""
"Total period of fertility rate","1979","25 - 29 years","Mid-West","%",""
"Total period of fertility rate","1979","25 - 29 years","South-East","%",""
"Total period of fertility rate","1979","25 - 29 years","South-West","%",""
"Total period of fertility rate","1979","25 - 29 years","West","%",""
"Total period of fertility rate","1979","25 - 29 years","Ireland","%",""
"Total period of fertility rate","1979","30 - 34 years","Border","%",""
"Total period of fertility rate","1979","30 - 34 years","Dublin","%",""
"Total period of fertility rate","1979","30 - 34 years","Mid-East","%",""
"Total period of fertility rate","1979","30 - 34 years","Midland","%",""
"Total period of fertility rate","1979","30 - 34 years","Mid-West","%",""
"Total period of fertility rate","1979","30 - 34 years","South-East","%",""
"Total period of fertility rate","1979","30 - 34 years","South-West","%",""
"Total period of fertility rate","1979","30 - 34 years","West","%",""
"Total period of fertility rate","1979","30 - 34 years","Ireland","%",""
"Total period of fertility rate","1979","35 - 39 years","Border","%",""
"Total period of fertility rate","1979","35 - 39 years","Dublin","%",""
"Total period of fertility rate","1979","35 - 39 years","Mid-East","%",""
"Total period of fertility rate","1979","35 - 39 years","Midland","%",""
"Total period of fertility rate","1979","35 - 39 years","Mid-West","%",""
"Total period of fertility rate","1979","35 - 39 years","South-East","%",""
"Total period of fertility rate","1979","35 - 39 years","South-West","%",""
"Total period of fertility rate","1979","35 - 39 years","West","%",""
"Total period of fertility rate","1979","35 - 39 years","Ireland","%",""
"Total period of fertility rate","1979","40 - 44 years","Border","%",""
"Total period of fertility rate","1979","40 - 44 years","Dublin","%",""
"Total period of fertility rate","1979","40 - 44 years","Mid-East","%",""
"Total period of fertility rate","1979","40 - 44 years","Midland","%",""
"Total period of fertility rate","1979","40 - 44 years","Mid-West","%",""
"Total period of fertility rate","1979","40 - 44 years","South-East","%",""
"Total period of fertility rate","1979","40 - 44 years","South-West","%",""
"Total period of fertility rate","1979","40 - 44 years","West","%",""
"Total period of fertility rate","1979","40 - 44 years","Ireland","%",""
"Total period of fertility rate","1979","45 - 49 years","Border","%",""
"Total period of fertility rate","1979","45 - 49 years","Dublin","%",""
"Total period of fertility rate","1979","45 - 49 years","Mid-East","%",""
"Total period of fertility rate","1979","45 - 49 years","Midland","%",""
"Total period of fertility rate","1979","45 - 49 years","Mid-West","%",""
"Total period of fertility rate","1979","45 - 49 years","South-East","%",""
"Total period of fertility rate","1979","45 - 49 years","South-West","%",""
"Total period of fertility rate","1979","45 - 49 years","West","%",""
"Total period of fertility rate","1979","45 - 49 years","Ireland","%",""
"Total period of fertility rate","1980","All ages","Border","%",""
"Total period of fertility rate","1980","All ages","Dublin","%",""
"Total period of fertility rate","1980","All ages","Mid-East","%",""
"Total period of fertility rate","1980","All ages","Midland","%",""
"Total period of fertility rate","1980","All ages","Mid-West","%",""
"Total period of fertility rate","1980","All ages","South-East","%",""
"Total period of fertility rate","1980","All ages","South-West","%",""
"Total period of fertility rate","1980","All ages","West","%",""
"Total period of fertility rate","1980","All ages","Ireland","%","3.23"
"Total period of fertility rate","1980","15 - 19 years","Border","%",""
"Total period of fertility rate","1980","15 - 19 years","Dublin","%",""
"Total period of fertility rate","1980","15 - 19 years","Mid-East","%",""
"Total period of fertility rate","1980","15 - 19 years","Midland","%",""
"Total period of fertility rate","1980","15 - 19 years","Mid-West","%",""
"Total period of fertility rate","1980","15 - 19 years","South-East","%",""
"Total period of fertility rate","1980","15 - 19 years","South-West","%",""
"Total period of fertility rate","1980","15 - 19 years","West","%",""
"Total period of fertility rate","1980","15 - 19 years","Ireland","%",""
"Total period of fertility rate","1980","20 - 24 years","Border","%",""
"Total period of fertility rate","1980","20 - 24 years","Dublin","%",""
"Total period of fertility rate","1980","20 - 24 years","Mid-East","%",""
"Total period of fertility rate","1980","20 - 24 years","Midland","%",""
"Total period of fertility rate","1980","20 - 24 years","Mid-West","%",""
"Total period of fertility rate","1980","20 - 24 years","South-East","%",""
"Total period of fertility rate","1980","20 - 24 years","South-West","%",""
"Total period of fertility rate","1980","20 - 24 years","West","%",""
"Total period of fertility rate","1980","20 - 24 years","Ireland","%",""
"Total period of fertility rate","1980","25 - 29 years","Border","%",""
"Total period of fertility rate","1980","25 - 29 years","Dublin","%",""
"Total period of fertility rate","1980","25 - 29 years","Mid-East","%",""
"Total period of fertility rate","1980","25 - 29 years","Midland","%",""
"Total period of fertility rate","1980","25 - 29 years","Mid-West","%",""
"Total period of fertility rate","1980","25 - 29 years","South-East","%",""
"Total period of fertility rate","1980","25 - 29 years","South-West","%",""
"Total period of fertility rate","1980","25 - 29 years","West","%",""
"Total period of fertility rate","1980","25 - 29 years","Ireland","%",""
"Total period of fertility rate","1980","30 - 34 years","Border","%",""
"Total period of fertility rate","1980","30 - 34 years","Dublin","%",""
"Total period of fertility rate","1980","30 - 34 years","Mid-East","%",""
"Total period of fertility rate","1980","30 - 34 years","Midland","%",""
"Total period of fertility rate","1980","30 - 34 years","Mid-West","%",""
"Total period of fertility rate","1980","30 - 34 years","South-East","%",""
"Total period of fertility rate","1980","30 - 34 years","South-West","%",""
"Total period of fertility rate","1980","30 - 34 years","West","%",""
"Total period of fertility rate","1980","30 - 34 years","Ireland","%",""
"Total period of fertility rate","1980","35 - 39 years","Border","%",""
"Total period of fertility rate","1980","35 - 39 years","Dublin","%",""
"Total period of fertility rate","1980","35 - 39 years","Mid-East","%",""
"Total period of fertility rate","1980","35 - 39 years","Midland","%",""
"Total period of fertility rate","1980","35 - 39 years","Mid-West","%",""
"Total period of fertility rate","1980","35 - 39 years","South-East","%",""
"Total period of fertility rate","1980","35 - 39 years","South-West","%",""
"Total period of fertility rate","1980","35 - 39 years","West","%",""
"Total period of fertility rate","1980","35 - 39 years","Ireland","%",""
"Total period of fertility rate","1980","40 - 44 years","Border","%",""
"Total period of fertility rate","1980","40 - 44 years","Dublin","%",""
"Total period of fertility rate","1980","40 - 44 years","Mid-East","%",""
"Total period of fertility rate","1980","40 - 44 years","Midland","%",""
"Total period of fertility rate","1980","40 - 44 years","Mid-West","%",""
"Total period of fertility rate","1980","40 - 44 years","South-East","%",""
"Total period of fertility rate","1980","40 - 44 years","South-West","%",""
"Total period of fertility rate","1980","40 - 44 years","West","%",""
"Total period of fertility rate","1980","40 - 44 years","Ireland","%",""
"Total period of fertility rate","1980","45 - 49 years","Border","%",""
"Total period of fertility rate","1980","45 - 49 years","Dublin","%",""
"Total period of fertility rate","1980","45 - 49 years","Mid-East","%",""
"Total period of fertility rate","1980","45 - 49 years","Midland","%",""
"Total period of fertility rate","1980","45 - 49 years","Mid-West","%",""
"Total period of fertility rate","1980","45 - 49 years","South-East","%",""
"Total period of fertility rate","1980","45 - 49 years","South-West","%",""
"Total period of fertility rate","1980","45 - 49 years","West","%",""
"Total period of fertility rate","1980","45 - 49 years","Ireland","%",""
"Total period of fertility rate","1981","All ages","Border","%",""
"Total period of fertility rate","1981","All ages","Dublin","%",""
"Total period of fertility rate","1981","All ages","Mid-East","%",""
"Total period of fertility rate","1981","All ages","Midland","%",""
"Total period of fertility rate","1981","All ages","Mid-West","%",""
"Total period of fertility rate","1981","All ages","South-East","%",""
"Total period of fertility rate","1981","All ages","South-West","%",""
"Total period of fertility rate","1981","All ages","West","%",""
"Total period of fertility rate","1981","All ages","Ireland","%","3.07"
"Total period of fertility rate","1981","15 - 19 years","Border","%",""
"Total period of fertility rate","1981","15 - 19 years","Dublin","%",""
"Total period of fertility rate","1981","15 - 19 years","Mid-East","%",""
"Total period of fertility rate","1981","15 - 19 years","Midland","%",""
"Total period of fertility rate","1981","15 - 19 years","Mid-West","%",""
"Total period of fertility rate","1981","15 - 19 years","South-East","%",""
"Total period of fertility rate","1981","15 - 19 years","South-West","%",""
"Total period of fertility rate","1981","15 - 19 years","West","%",""
"Total period of fertility rate","1981","15 - 19 years","Ireland","%",""
"Total period of fertility rate","1981","20 - 24 years","Border","%",""
"Total period of fertility rate","1981","20 - 24 years","Dublin","%",""
"Total period of fertility rate","1981","20 - 24 years","Mid-East","%",""
"Total period of fertility rate","1981","20 - 24 years","Midland","%",""
"Total period of fertility rate","1981","20 - 24 years","Mid-West","%",""
"Total period of fertility rate","1981","20 - 24 years","South-East","%",""
"Total period of fertility rate","1981","20 - 24 years","South-West","%",""
"Total period of fertility rate","1981","20 - 24 years","West","%",""
"Total period of fertility rate","1981","20 - 24 years","Ireland","%",""
"Total period of fertility rate","1981","25 - 29 years","Border","%",""
"Total period of fertility rate","1981","25 - 29 years","Dublin","%",""
"Total period of fertility rate","1981","25 - 29 years","Mid-East","%",""
"Total period of fertility rate","1981","25 - 29 years","Midland","%",""
"Total period of fertility rate","1981","25 - 29 years","Mid-West","%",""
"Total period of fertility rate","1981","25 - 29 years","South-East","%",""
"Total period of fertility rate","1981","25 - 29 years","South-West","%",""
"Total period of fertility rate","1981","25 - 29 years","West","%",""
"Total period of fertility rate","1981","25 - 29 years","Ireland","%",""
"Total period of fertility rate","1981","30 - 34 years","Border","%",""
"Total period of fertility rate","1981","30 - 34 years","Dublin","%",""
"Total period of fertility rate","1981","30 - 34 years","Mid-East","%",""
"Total period of fertility rate","1981","30 - 34 years","Midland","%",""
"Total period of fertility rate","1981","30 - 34 years","Mid-West","%",""
"Total period of fertility rate","1981","30 - 34 years","South-East","%",""
"Total period of fertility rate","1981","30 - 34 years","South-West","%",""
"Total period of fertility rate","1981","30 - 34 years","West","%",""
"Total period of fertility rate","1981","30 - 34 years","Ireland","%",""
"Total period of fertility rate","1981","35 - 39 years","Border","%",""
"Total period of fertility rate","1981","35 - 39 years","Dublin","%",""
"Total period of fertility rate","1981","35 - 39 years","Mid-East","%",""
"Total period of fertility rate","1981","35 - 39 years","Midland","%",""
"Total period of fertility rate","1981","35 - 39 years","Mid-West","%",""
"Total period of fertility rate","1981","35 - 39 years","South-East","%",""
"Total period of fertility rate","1981","35 - 39 years","South-West","%",""
"Total period of fertility rate","1981","35 - 39 years","West","%",""
"Total period of fertility rate","1981","35 - 39 years","Ireland","%",""
"Total period of fertility rate","1981","40 - 44 years","Border","%",""
"Total period of fertility rate","1981","40 - 44 years","Dublin","%",""
"Total period of fertility rate","1981","40 - 44 years","Mid-East","%",""
"Total period of fertility rate","1981","40 - 44 years","Midland","%",""
"Total period of fertility rate","1981","40 - 44 years","Mid-West","%",""
"Total period of fertility rate","1981","40 - 44 years","South-East","%",""
"Total period of fertility rate","1981","40 - 44 years","South-West","%",""
"Total period of fertility rate","1981","40 - 44 years","West","%",""
"Total period of fertility rate","1981","40 - 44 years","Ireland","%",""
"Total period of fertility rate","1981","45 - 49 years","Border","%",""
"Total period of fertility rate","1981","45 - 49 years","Dublin","%",""
"Total period of fertility rate","1981","45 - 49 years","Mid-East","%",""
"Total period of fertility rate","1981","45 - 49 years","Midland","%",""
"Total period of fertility rate","1981","45 - 49 years","Mid-West","%",""
"Total period of fertility rate","1981","45 - 49 years","South-East","%",""
"Total period of fertility rate","1981","45 - 49 years","South-West","%",""
"Total period of fertility rate","1981","45 - 49 years","West","%",""
"Total period of fertility rate","1981","45 - 49 years","Ireland","%",""
"Total period of fertility rate","1982","All ages","Border","%",""
"Total period of fertility rate","1982","All ages","Dublin","%",""
"Total period of fertility rate","1982","All ages","Mid-East","%",""
"Total period of fertility rate","1982","All ages","Midland","%",""
"Total period of fertility rate","1982","All ages","Mid-West","%",""
"Total period of fertility rate","1982","All ages","South-East","%",""
"Total period of fertility rate","1982","All ages","South-West","%",""
"Total period of fertility rate","1982","All ages","West","%",""
"Total period of fertility rate","1982","All ages","Ireland","%","2.96"
"Total period of fertility rate","1982","15 - 19 years","Border","%",""
"Total period of fertility rate","1982","15 - 19 years","Dublin","%",""
"Total period of fertility rate","1982","15 - 19 years","Mid-East","%",""
"Total period of fertility rate","1982","15 - 19 years","Midland","%",""
"Total period of fertility rate","1982","15 - 19 years","Mid-West","%",""
"Total period of fertility rate","1982","15 - 19 years","South-East","%",""
"Total period of fertility rate","1982","15 - 19 years","South-West","%",""
"Total period of fertility rate","1982","15 - 19 years","West","%",""
"Total period of fertility rate","1982","15 - 19 years","Ireland","%",""
"Total period of fertility rate","1982","20 - 24 years","Border","%",""
"Total period of fertility rate","1982","20 - 24 years","Dublin","%",""
"Total period of fertility rate","1982","20 - 24 years","Mid-East","%",""
"Total period of fertility rate","1982","20 - 24 years","Midland","%",""
"Total period of fertility rate","1982","20 - 24 years","Mid-West","%",""
"Total period of fertility rate","1982","20 - 24 years","South-East","%",""
"Total period of fertility rate","1982","20 - 24 years","South-West","%",""
"Total period of fertility rate","1982","20 - 24 years","West","%",""
"Total period of fertility rate","1982","20 - 24 years","Ireland","%",""
"Total period of fertility rate","1982","25 - 29 years","Border","%",""
"Total period of fertility rate","1982","25 - 29 years","Dublin","%",""
"Total period of fertility rate","1982","25 - 29 years","Mid-East","%",""
"Total period of fertility rate","1982","25 - 29 years","Midland","%",""
"Total period of fertility rate","1982","25 - 29 years","Mid-West","%",""
"Total period of fertility rate","1982","25 - 29 years","South-East","%",""
"Total period of fertility rate","1982","25 - 29 years","South-West","%",""
"Total period of fertility rate","1982","25 - 29 years","West","%",""
"Total period of fertility rate","1982","25 - 29 years","Ireland","%",""
"Total period of fertility rate","1982","30 - 34 years","Border","%",""
"Total period of fertility rate","1982","30 - 34 years","Dublin","%",""
"Total period of fertility rate","1982","30 - 34 years","Mid-East","%",""
"Total period of fertility rate","1982","30 - 34 years","Midland","%",""
"Total period of fertility rate","1982","30 - 34 years","Mid-West","%",""
"Total period of fertility rate","1982","30 - 34 years","South-East","%",""
"Total period of fertility rate","1982","30 - 34 years","South-West","%",""
"Total period of fertility rate","1982","30 - 34 years","West","%",""
"Total period of fertility rate","1982","30 - 34 years","Ireland","%",""
"Total period of fertility rate","1982","35 - 39 years","Border","%",""
"Total period of fertility rate","1982","35 - 39 years","Dublin","%",""
"Total period of fertility rate","1982","35 - 39 years","Mid-East","%",""
"Total period of fertility rate","1982","35 - 39 years","Midland","%",""
"Total period of fertility rate","1982","35 - 39 years","Mid-West","%",""
"Total period of fertility rate","1982","35 - 39 years","South-East","%",""
"Total period of fertility rate","1982","35 - 39 years","South-West","%",""
"Total period of fertility rate","1982","35 - 39 years","West","%",""
"Total period of fertility rate","1982","35 - 39 years","Ireland","%",""
"Total period of fertility rate","1982","40 - 44 years","Border","%",""
"Total period of fertility rate","1982","40 - 44 years","Dublin","%",""
"Total period of fertility rate","1982","40 - 44 years","Mid-East","%",""
"Total period of fertility rate","1982","40 - 44 years","Midland","%",""
"Total period of fertility rate","1982","40 - 44 years","Mid-West","%",""
"Total period of fertility rate","1982","40 - 44 years","South-East","%",""
"Total period of fertility rate","1982","40 - 44 years","South-West","%",""
"Total period of fertility rate","1982","40 - 44 years","West","%",""
"Total period of fertility rate","1982","40 - 44 years","Ireland","%",""
"Total period of fertility rate","1982","45 - 49 years","Border","%",""
"Total period of fertility rate","1982","45 - 49 years","Dublin","%",""
"Total period of fertility rate","1982","45 - 49 years","Mid-East","%",""
"Total period of fertility rate","1982","45 - 49 years","Midland","%",""
"Total period of fertility rate","1982","45 - 49 years","Mid-West","%",""
"Total period of fertility rate","1982","45 - 49 years","South-East","%",""
"Total period of fertility rate","1982","45 - 49 years","South-West","%",""
"Total period of fertility rate","1982","45 - 49 years","West","%",""
"Total period of fertility rate","1982","45 - 49 years","Ireland","%",""
"Total period of fertility rate","1983","All ages","Border","%",""
"Total period of fertility rate","1983","All ages","Dublin","%",""
"Total period of fertility rate","1983","All ages","Mid-East","%",""
"Total period of fertility rate","1983","All ages","Midland","%",""
"Total period of fertility rate","1983","All ages","Mid-West","%",""
"Total period of fertility rate","1983","All ages","South-East","%",""
"Total period of fertility rate","1983","All ages","South-West","%",""
"Total period of fertility rate","1983","All ages","West","%",""
"Total period of fertility rate","1983","All ages","Ireland","%","2.76"
"Total period of fertility rate","1983","15 - 19 years","Border","%",""
"Total period of fertility rate","1983","15 - 19 years","Dublin","%",""
"Total period of fertility rate","1983","15 - 19 years","Mid-East","%",""
"Total period of fertility rate","1983","15 - 19 years","Midland","%",""
"Total period of fertility rate","1983","15 - 19 years","Mid-West","%",""
"Total period of fertility rate","1983","15 - 19 years","South-East","%",""
"Total period of fertility rate","1983","15 - 19 years","South-West","%",""
"Total period of fertility rate","1983","15 - 19 years","West","%",""
"Total period of fertility rate","1983","15 - 19 years","Ireland","%",""
"Total period of fertility rate","1983","20 - 24 years","Border","%",""
"Total period of fertility rate","1983","20 - 24 years","Dublin","%",""
"Total period of fertility rate","1983","20 - 24 years","Mid-East","%",""
"Total period of fertility rate","1983","20 - 24 years","Midland","%",""
"Total period of fertility rate","1983","20 - 24 years","Mid-West","%",""
"Total period of fertility rate","1983","20 - 24 years","South-East","%",""
"Total period of fertility rate","1983","20 - 24 years","South-West","%",""
"Total period of fertility rate","1983","20 - 24 years","West","%",""
"Total period of fertility rate","1983","20 - 24 years","Ireland","%",""
"Total period of fertility rate","1983","25 - 29 years","Border","%",""
"Total period of fertility rate","1983","25 - 29 years","Dublin","%",""
"Total period of fertility rate","1983","25 - 29 years","Mid-East","%",""
"Total period of fertility rate","1983","25 - 29 years","Midland","%",""
"Total period of fertility rate","1983","25 - 29 years","Mid-West","%",""
"Total period of fertility rate","1983","25 - 29 years","South-East","%",""
"Total period of fertility rate","1983","25 - 29 years","South-West","%",""
"Total period of fertility rate","1983","25 - 29 years","West","%",""
"Total period of fertility rate","1983","25 - 29 years","Ireland","%",""
"Total period of fertility rate","1983","30 - 34 years","Border","%",""
"Total period of fertility rate","1983","30 - 34 years","Dublin","%",""
"Total period of fertility rate","1983","30 - 34 years","Mid-East","%",""
"Total period of fertility rate","1983","30 - 34 years","Midland","%",""
"Total period of fertility rate","1983","30 - 34 years","Mid-West","%",""
"Total period of fertility rate","1983","30 - 34 years","South-East","%",""
"Total period of fertility rate","1983","30 - 34 years","South-West","%",""
"Total period of fertility rate","1983","30 - 34 years","West","%",""
"Total period of fertility rate","1983","30 - 34 years","Ireland","%",""
"Total period of fertility rate","1983","35 - 39 years","Border","%",""
"Total period of fertility rate","1983","35 - 39 years","Dublin","%",""
"Total period of fertility rate","1983","35 - 39 years","Mid-East","%",""
"Total period of fertility rate","1983","35 - 39 years","Midland","%",""
"Total period of fertility rate","1983","35 - 39 years","Mid-West","%",""
"Total period of fertility rate","1983","35 - 39 years","South-East","%",""
"Total period of fertility rate","1983","35 - 39 years","South-West","%",""
"Total period of fertility rate","1983","35 - 39 years","West","%",""
"Total period of fertility rate","1983","35 - 39 years","Ireland","%",""
"Total period of fertility rate","1983","40 - 44 years","Border","%",""
"Total period of fertility rate","1983","40 - 44 years","Dublin","%",""
"Total period of fertility rate","1983","40 - 44 years","Mid-East","%",""
"Total period of fertility rate","1983","40 - 44 years","Midland","%",""
"Total period of fertility rate","1983","40 - 44 years","Mid-West","%",""
"Total period of fertility rate","1983","40 - 44 years","South-East","%",""
"Total period of fertility rate","1983","40 - 44 years","South-West","%",""
"Total period of fertility rate","1983","40 - 44 years","West","%",""
"Total period of fertility rate","1983","40 - 44 years","Ireland","%",""
"Total period of fertility rate","1983","45 - 49 years","Border","%",""
"Total period of fertility rate","1983","45 - 49 years","Dublin","%",""
"Total period of fertility rate","1983","45 - 49 years","Mid-East","%",""
"Total period of fertility rate","1983","45 - 49 years","Midland","%",""
"Total period of fertility rate","1983","45 - 49 years","Mid-West","%",""
"Total period of fertility rate","1983","45 - 49 years","South-East","%",""
"Total period of fertility rate","1983","45 - 49 years","South-West","%",""
"Total period of fertility rate","1983","45 - 49 years","West","%",""
"Total period of fertility rate","1983","45 - 49 years","Ireland","%",""
"Total period of fertility rate","1984","All ages","Border","%",""
"Total period of fertility rate","1984","All ages","Dublin","%",""
"Total period of fertility rate","1984","All ages","Mid-East","%",""
"Total period of fertility rate","1984","All ages","Midland","%",""
"Total period of fertility rate","1984","All ages","Mid-West","%",""
"Total period of fertility rate","1984","All ages","South-East","%",""
"Total period of fertility rate","1984","All ages","South-West","%",""
"Total period of fertility rate","1984","All ages","West","%",""
"Total period of fertility rate","1984","All ages","Ireland","%","2.59"
"Total period of fertility rate","1984","15 - 19 years","Border","%",""
"Total period of fertility rate","1984","15 - 19 years","Dublin","%",""
"Total period of fertility rate","1984","15 - 19 years","Mid-East","%",""
"Total period of fertility rate","1984","15 - 19 years","Midland","%",""
"Total period of fertility rate","1984","15 - 19 years","Mid-West","%",""
"Total period of fertility rate","1984","15 - 19 years","South-East","%",""
"Total period of fertility rate","1984","15 - 19 years","South-West","%",""
"Total period of fertility rate","1984","15 - 19 years","West","%",""
"Total period of fertility rate","1984","15 - 19 years","Ireland","%",""
"Total period of fertility rate","1984","20 - 24 years","Border","%",""
"Total period of fertility rate","1984","20 - 24 years","Dublin","%",""
"Total period of fertility rate","1984","20 - 24 years","Mid-East","%",""
"Total period of fertility rate","1984","20 - 24 years","Midland","%",""
"Total period of fertility rate","1984","20 - 24 years","Mid-West","%",""
"Total period of fertility rate","1984","20 - 24 years","South-East","%",""
"Total period of fertility rate","1984","20 - 24 years","South-West","%",""
"Total period of fertility rate","1984","20 - 24 years","West","%",""
"Total period of fertility rate","1984","20 - 24 years","Ireland","%",""
"Total period of fertility rate","1984","25 - 29 years","Border","%",""
"Total period of fertility rate","1984","25 - 29 years","Dublin","%",""
"Total period of fertility rate","1984","25 - 29 years","Mid-East","%",""
"Total period of fertility rate","1984","25 - 29 years","Midland","%",""
"Total period of fertility rate","1984","25 - 29 years","Mid-West","%",""
"Total period of fertility rate","1984","25 - 29 years","South-East","%",""
"Total period of fertility rate","1984","25 - 29 years","South-West","%",""
"Total period of fertility rate","1984","25 - 29 years","West","%",""
"Total period of fertility rate","1984","25 - 29 years","Ireland","%",""
"Total period of fertility rate","1984","30 - 34 years","Border","%",""
"Total period of fertility rate","1984","30 - 34 years","Dublin","%",""
"Total period of fertility rate","1984","30 - 34 years","Mid-East","%",""
"Total period of fertility rate","1984","30 - 34 years","Midland","%",""
"Total period of fertility rate","1984","30 - 34 years","Mid-West","%",""
"Total period of fertility rate","1984","30 - 34 years","South-East","%",""
"Total period of fertility rate","1984","30 - 34 years","South-West","%",""
"Total period of fertility rate","1984","30 - 34 years","West","%",""
"Total period of fertility rate","1984","30 - 34 years","Ireland","%",""
"Total period of fertility rate","1984","35 - 39 years","Border","%",""
"Total period of fertility rate","1984","35 - 39 years","Dublin","%",""
"Total period of fertility rate","1984","35 - 39 years","Mid-East","%",""
"Total period of fertility rate","1984","35 - 39 years","Midland","%",""
"Total period of fertility rate","1984","35 - 39 years","Mid-West","%",""
"Total period of fertility rate","1984","35 - 39 years","South-East","%",""
"Total period of fertility rate","1984","35 - 39 years","South-West","%",""
"Total period of fertility rate","1984","35 - 39 years","West","%",""
"Total period of fertility rate","1984","35 - 39 years","Ireland","%",""
"Total period of fertility rate","1984","40 - 44 years","Border","%",""
"Total period of fertility rate","1984","40 - 44 years","Dublin","%",""
"Total period of fertility rate","1984","40 - 44 years","Mid-East","%",""
"Total period of fertility rate","1984","40 - 44 years","Midland","%",""
"Total period of fertility rate","1984","40 - 44 years","Mid-West","%",""
"Total period of fertility rate","1984","40 - 44 years","South-East","%",""
"Total period of fertility rate","1984","40 - 44 years","South-West","%",""
"Total period of fertility rate","1984","40 - 44 years","West","%",""
"Total period of fertility rate","1984","40 - 44 years","Ireland","%",""
"Total period of fertility rate","1984","45 - 49 years","Border","%",""
"Total period of fertility rate","1984","45 - 49 years","Dublin","%",""
"Total period of fertility rate","1984","45 - 49 years","Mid-East","%",""
"Total period of fertility rate","1984","45 - 49 years","Midland","%",""
"Total period of fertility rate","1984","45 - 49 years","Mid-West","%",""
"Total period of fertility rate","1984","45 - 49 years","South-East","%",""
"Total period of fertility rate","1984","45 - 49 years","South-West","%",""
"Total period of fertility rate","1984","45 - 49 years","West","%",""
"Total period of fertility rate","1984","45 - 49 years","Ireland","%",""
"Total period of fertility rate","1985","All ages","Border","%",""
"Total period of fertility rate","1985","All ages","Dublin","%",""
"Total period of fertility rate","1985","All ages","Mid-East","%",""
"Total period of fertility rate","1985","All ages","Midland","%",""
"Total period of fertility rate","1985","All ages","Mid-West","%",""
"Total period of fertility rate","1985","All ages","South-East","%",""
"Total period of fertility rate","1985","All ages","South-West","%",""
"Total period of fertility rate","1985","All ages","West","%",""
"Total period of fertility rate","1985","All ages","Ireland","%","2.5"
"Total period of fertility rate","1985","15 - 19 years","Border","%",""
"Total period of fertility rate","1985","15 - 19 years","Dublin","%",""
"Total period of fertility rate","1985","15 - 19 years","Mid-East","%",""
"Total period of fertility rate","1985","15 - 19 years","Midland","%",""
"Total period of fertility rate","1985","15 - 19 years","Mid-West","%",""
"Total period of fertility rate","1985","15 - 19 years","South-East","%",""
"Total period of fertility rate","1985","15 - 19 years","South-West","%",""
"Total period of fertility rate","1985","15 - 19 years","West","%",""
"Total period of fertility rate","1985","15 - 19 years","Ireland","%",""
"Total period of fertility rate","1985","20 - 24 years","Border","%",""
"Total period of fertility rate","1985","20 - 24 years","Dublin","%",""
"Total period of fertility rate","1985","20 - 24 years","Mid-East","%",""
"Total period of fertility rate","1985","20 - 24 years","Midland","%",""
"Total period of fertility rate","1985","20 - 24 years","Mid-West","%",""
"Total period of fertility rate","1985","20 - 24 years","South-East","%",""
"Total period of fertility rate","1985","20 - 24 years","South-West","%",""
"Total period of fertility rate","1985","20 - 24 years","West","%",""
"Total period of fertility rate","1985","20 - 24 years","Ireland","%",""
"Total period of fertility rate","1985","25 - 29 years","Border","%",""
"Total period of fertility rate","1985","25 - 29 years","Dublin","%",""
"Total period of fertility rate","1985","25 - 29 years","Mid-East","%",""
"Total period of fertility rate","1985","25 - 29 years","Midland","%",""
"Total period of fertility rate","1985","25 - 29 years","Mid-West","%",""
"Total period of fertility rate","1985","25 - 29 years","South-East","%",""
"Total period of fertility rate","1985","25 - 29 years","South-West","%",""
"Total period of fertility rate","1985","25 - 29 years","West","%",""
"Total period of fertility rate","1985","25 - 29 years","Ireland","%",""
"Total period of fertility rate","1985","30 - 34 years","Border","%",""
"Total period of fertility rate","1985","30 - 34 years","Dublin","%",""
"Total period of fertility rate","1985","30 - 34 years","Mid-East","%",""
"Total period of fertility rate","1985","30 - 34 years","Midland","%",""
"Total period of fertility rate","1985","30 - 34 years","Mid-West","%",""
"Total period of fertility rate","1985","30 - 34 years","South-East","%",""
"Total period of fertility rate","1985","30 - 34 years","South-West","%",""
"Total period of fertility rate","1985","30 - 34 years","West","%",""
"Total period of fertility rate","1985","30 - 34 years","Ireland","%",""
"Total period of fertility rate","1985","35 - 39 years","Border","%",""
"Total period of fertility rate","1985","35 - 39 years","Dublin","%",""
"Total period of fertility rate","1985","35 - 39 years","Mid-East","%",""
"Total period of fertility rate","1985","35 - 39 years","Midland","%",""
"Total period of fertility rate","1985","35 - 39 years","Mid-West","%",""
"Total period of fertility rate","1985","35 - 39 years","South-East","%",""
"Total period of fertility rate","1985","35 - 39 years","South-West","%",""
"Total period of fertility rate","1985","35 - 39 years","West","%",""
"Total period of fertility rate","1985","35 - 39 years","Ireland","%",""
"Total period of fertility rate","1985","40 - 44 years","Border","%",""
"Total period of fertility rate","1985","40 - 44 years","Dublin","%",""
"Total period of fertility rate","1985","40 - 44 years","Mid-East","%",""
"Total period of fertility rate","1985","40 - 44 years","Midland","%",""
"Total period of fertility rate","1985","40 - 44 years","Mid-West","%",""
"Total period of fertility rate","1985","40 - 44 years","South-East","%",""
"Total period of fertility rate","1985","40 - 44 years","South-West","%",""
"Total period of fertility rate","1985","40 - 44 years","West","%",""
"Total period of fertility rate","1985","40 - 44 years","Ireland","%",""
"Total period of fertility rate","1985","45 - 49 years","Border","%",""
"Total period of fertility rate","1985","45 - 49 years","Dublin","%",""
"Total period of fertility rate","1985","45 - 49 years","Mid-East","%",""
"Total period of fertility rate","1985","45 - 49 years","Midland","%",""
"Total period of fertility rate","1985","45 - 49 years","Mid-West","%",""
"Total period of fertility rate","1985","45 - 49 years","South-East","%",""
"Total period of fertility rate","1985","45 - 49 years","South-West","%",""
"Total period of fertility rate","1985","45 - 49 years","West","%",""
"Total period of fertility rate","1985","45 - 49 years","Ireland","%",""
"Total period of fertility rate","1986","All ages","Border","%",""
"Total period of fertility rate","1986","All ages","Dublin","%",""
"Total period of fertility rate","1986","All ages","Mid-East","%",""
"Total period of fertility rate","1986","All ages","Midland","%",""
"Total period of fertility rate","1986","All ages","Mid-West","%",""
"Total period of fertility rate","1986","All ages","South-East","%",""
"Total period of fertility rate","1986","All ages","South-West","%",""
"Total period of fertility rate","1986","All ages","West","%",""
"Total period of fertility rate","1986","All ages","Ireland","%","2.44"
"Total period of fertility rate","1986","15 - 19 years","Border","%",""
"Total period of fertility rate","1986","15 - 19 years","Dublin","%",""
"Total period of fertility rate","1986","15 - 19 years","Mid-East","%",""
"Total period of fertility rate","1986","15 - 19 years","Midland","%",""
"Total period of fertility rate","1986","15 - 19 years","Mid-West","%",""
"Total period of fertility rate","1986","15 - 19 years","South-East","%",""
"Total period of fertility rate","1986","15 - 19 years","South-West","%",""
"Total period of fertility rate","1986","15 - 19 years","West","%",""
"Total period of fertility rate","1986","15 - 19 years","Ireland","%",""
"Total period of fertility rate","1986","20 - 24 years","Border","%",""
"Total period of fertility rate","1986","20 - 24 years","Dublin","%",""
"Total period of fertility rate","1986","20 - 24 years","Mid-East","%",""
"Total period of fertility rate","1986","20 - 24 years","Midland","%",""
"Total period of fertility rate","1986","20 - 24 years","Mid-West","%",""
"Total period of fertility rate","1986","20 - 24 years","South-East","%",""
"Total period of fertility rate","1986","20 - 24 years","South-West","%",""
"Total period of fertility rate","1986","20 - 24 years","West","%",""
"Total period of fertility rate","1986","20 - 24 years","Ireland","%",""
"Total period of fertility rate","1986","25 - 29 years","Border","%",""
"Total period of fertility rate","1986","25 - 29 years","Dublin","%",""
"Total period of fertility rate","1986","25 - 29 years","Mid-East","%",""
"Total period of fertility rate","1986","25 - 29 years","Midland","%",""
"Total period of fertility rate","1986","25 - 29 years","Mid-West","%",""
"Total period of fertility rate","1986","25 - 29 years","South-East","%",""
"Total period of fertility rate","1986","25 - 29 years","South-West","%",""
"Total period of fertility rate","1986","25 - 29 years","West","%",""
"Total period of fertility rate","1986","25 - 29 years","Ireland","%",""
"Total period of fertility rate","1986","30 - 34 years","Border","%",""
"Total period of fertility rate","1986","30 - 34 years","Dublin","%",""
"Total period of fertility rate","1986","30 - 34 years","Mid-East","%",""
"Total period of fertility rate","1986","30 - 34 years","Midland","%",""
"Total period of fertility rate","1986","30 - 34 years","Mid-West","%",""
"Total period of fertility rate","1986","30 - 34 years","South-East","%",""
"Total period of fertility rate","1986","30 - 34 years","South-West","%",""
"Total period of fertility rate","1986","30 - 34 years","West","%",""
"Total period of fertility rate","1986","30 - 34 years","Ireland","%",""
"Total period of fertility rate","1986","35 - 39 years","Border","%",""
"Total period of fertility rate","1986","35 - 39 years","Dublin","%",""
"Total period of fertility rate","1986","35 - 39 years","Mid-East","%",""
"Total period of fertility rate","1986","35 - 39 years","Midland","%",""
"Total period of fertility rate","1986","35 - 39 years","Mid-West","%",""
"Total period of fertility rate","1986","35 - 39 years","South-East","%",""
"Total period of fertility rate","1986","35 - 39 years","South-West","%",""
"Total period of fertility rate","1986","35 - 39 years","West","%",""
"Total period of fertility rate","1986","35 - 39 years","Ireland","%",""
"Total period of fertility rate","1986","40 - 44 years","Border","%",""
"Total period of fertility rate","1986","40 - 44 years","Dublin","%",""
"Total period of fertility rate","1986","40 - 44 years","Mid-East","%",""
"Total period of fertility rate","1986","40 - 44 years","Midland","%",""
"Total period of fertility rate","1986","40 - 44 years","Mid-West","%",""
"Total period of fertility rate","1986","40 - 44 years","South-East","%",""
"Total period of fertility rate","1986","40 - 44 years","South-West","%",""
"Total period of fertility rate","1986","40 - 44 years","West","%",""
"Total period of fertility rate","1986","40 - 44 years","Ireland","%",""
"Total period of fertility rate","1986","45 - 49 years","Border","%",""
"Total period of fertility rate","1986","45 - 49 years","Dublin","%",""
"Total period of fertility rate","1986","45 - 49 years","Mid-East","%",""
"Total period of fertility rate","1986","45 - 49 years","Midland","%",""
"Total period of fertility rate","1986","45 - 49 years","Mid-West","%",""
"Total period of fertility rate","1986","45 - 49 years","South-East","%",""
"Total period of fertility rate","1986","45 - 49 years","South-West","%",""
"Total period of fertility rate","1986","45 - 49 years","West","%",""
"Total period of fertility rate","1986","45 - 49 years","Ireland","%",""
"Total period of fertility rate","1987","All ages","Border","%",""
"Total period of fertility rate","1987","All ages","Dublin","%",""
"Total period of fertility rate","1987","All ages","Mid-East","%",""
"Total period of fertility rate","1987","All ages","Midland","%",""
"Total period of fertility rate","1987","All ages","Mid-West","%",""
"Total period of fertility rate","1987","All ages","South-East","%",""
"Total period of fertility rate","1987","All ages","South-West","%",""
"Total period of fertility rate","1987","All ages","West","%",""
"Total period of fertility rate","1987","All ages","Ireland","%","2.31"
"Total period of fertility rate","1987","15 - 19 years","Border","%",""
"Total period of fertility rate","1987","15 - 19 years","Dublin","%",""
"Total period of fertility rate","1987","15 - 19 years","Mid-East","%",""
"Total period of fertility rate","1987","15 - 19 years","Midland","%",""
"Total period of fertility rate","1987","15 - 19 years","Mid-West","%",""
"Total period of fertility rate","1987","15 - 19 years","South-East","%",""
"Total period of fertility rate","1987","15 - 19 years","South-West","%",""
"Total period of fertility rate","1987","15 - 19 years","West","%",""
"Total period of fertility rate","1987","15 - 19 years","Ireland","%",""
"Total period of fertility rate","1987","20 - 24 years","Border","%",""
"Total period of fertility rate","1987","20 - 24 years","Dublin","%",""
"Total period of fertility rate","1987","20 - 24 years","Mid-East","%",""
"Total period of fertility rate","1987","20 - 24 years","Midland","%",""
"Total period of fertility rate","1987","20 - 24 years","Mid-West","%",""
"Total period of fertility rate","1987","20 - 24 years","South-East","%",""
"Total period of fertility rate","1987","20 - 24 years","South-West","%",""
"Total period of fertility rate","1987","20 - 24 years","West","%",""
"Total period of fertility rate","1987","20 - 24 years","Ireland","%",""
"Total period of fertility rate","1987","25 - 29 years","Border","%",""
"Total period of fertility rate","1987","25 - 29 years","Dublin","%",""
"Total period of fertility rate","1987","25 - 29 years","Mid-East","%",""
"Total period of fertility rate","1987","25 - 29 years","Midland","%",""
"Total period of fertility rate","1987","25 - 29 years","Mid-West","%",""
"Total period of fertility rate","1987","25 - 29 years","South-East","%",""
"Total period of fertility rate","1987","25 - 29 years","South-West","%",""
"Total period of fertility rate","1987","25 - 29 years","West","%",""
"Total period of fertility rate","1987","25 - 29 years","Ireland","%",""
"Total period of fertility rate","1987","30 - 34 years","Border","%",""
"Total period of fertility rate","1987","30 - 34 years","Dublin","%",""
"Total period of fertility rate","1987","30 - 34 years","Mid-East","%",""
"Total period of fertility rate","1987","30 - 34 years","Midland","%",""
"Total period of fertility rate","1987","30 - 34 years","Mid-West","%",""
"Total period of fertility rate","1987","30 - 34 years","South-East","%",""
"Total period of fertility rate","1987","30 - 34 years","South-West","%",""
"Total period of fertility rate","1987","30 - 34 years","West","%",""
"Total period of fertility rate","1987","30 - 34 years","Ireland","%",""
"Total period of fertility rate","1987","35 - 39 years","Border","%",""
"Total period of fertility rate","1987","35 - 39 years","Dublin","%",""
"Total period of fertility rate","1987","35 - 39 years","Mid-East","%",""
"Total period of fertility rate","1987","35 - 39 years","Midland","%",""
"Total period of fertility rate","1987","35 - 39 years","Mid-West","%",""
"Total period of fertility rate","1987","35 - 39 years","South-East","%",""
"Total period of fertility rate","1987","35 - 39 years","South-West","%",""
"Total period of fertility rate","1987","35 - 39 years","West","%",""
"Total period of fertility rate","1987","35 - 39 years","Ireland","%",""
"Total period of fertility rate","1987","40 - 44 years","Border","%",""
"Total period of fertility rate","1987","40 - 44 years","Dublin","%",""
"Total period of fertility rate","1987","40 - 44 years","Mid-East","%",""
"Total period of fertility rate","1987","40 - 44 years","Midland","%",""
"Total period of fertility rate","1987","40 - 44 years","Mid-West","%",""
"Total period of fertility rate","1987","40 - 44 years","South-East","%",""
"Total period of fertility rate","1987","40 - 44 years","South-West","%",""
"Total period of fertility rate","1987","40 - 44 years","West","%",""
"Total period of fertility rate","1987","40 - 44 years","Ireland","%",""
"Total period of fertility rate","1987","45 - 49 years","Border","%",""
"Total period of fertility rate","1987","45 - 49 years","Dublin","%",""
"Total period of fertility rate","1987","45 - 49 years","Mid-East","%",""
"Total period of fertility rate","1987","45 - 49 years","Midland","%",""
"Total period of fertility rate","1987","45 - 49 years","Mid-West","%",""
"Total period of fertility rate","1987","45 - 49 years","South-East","%",""
"Total period of fertility rate","1987","45 - 49 years","South-West","%",""
"Total period of fertility rate","1987","45 - 49 years","West","%",""
"Total period of fertility rate","1987","45 - 49 years","Ireland","%",""
"Total period of fertility rate","1988","All ages","Border","%",""
"Total period of fertility rate","1988","All ages","Dublin","%",""
"Total period of fertility rate","1988","All ages","Mid-East","%",""
"Total period of fertility rate","1988","All ages","Midland","%",""
"Total period of fertility rate","1988","All ages","Mid-West","%",""
"Total period of fertility rate","1988","All ages","South-East","%",""
"Total period of fertility rate","1988","All ages","South-West","%",""
"Total period of fertility rate","1988","All ages","West","%",""
"Total period of fertility rate","1988","All ages","Ireland","%","2.17"
"Total period of fertility rate","1988","15 - 19 years","Border","%",""
"Total period of fertility rate","1988","15 - 19 years","Dublin","%",""
"Total period of fertility rate","1988","15 - 19 years","Mid-East","%",""
"Total period of fertility rate","1988","15 - 19 years","Midland","%",""
"Total period of fertility rate","1988","15 - 19 years","Mid-West","%",""
"Total period of fertility rate","1988","15 - 19 years","South-East","%",""
"Total period of fertility rate","1988","15 - 19 years","South-West","%",""
"Total period of fertility rate","1988","15 - 19 years","West","%",""
"Total period of fertility rate","1988","15 - 19 years","Ireland","%",""
"Total period of fertility rate","1988","20 - 24 years","Border","%",""
"Total period of fertility rate","1988","20 - 24 years","Dublin","%",""
"Total period of fertility rate","1988","20 - 24 years","Mid-East","%",""
"Total period of fertility rate","1988","20 - 24 years","Midland","%",""
"Total period of fertility rate","1988","20 - 24 years","Mid-West","%",""
"Total period of fertility rate","1988","20 - 24 years","South-East","%",""
"Total period of fertility rate","1988","20 - 24 years","South-West","%",""
"Total period of fertility rate","1988","20 - 24 years","West","%",""
"Total period of fertility rate","1988","20 - 24 years","Ireland","%",""
"Total period of fertility rate","1988","25 - 29 years","Border","%",""
"Total period of fertility rate","1988","25 - 29 years","Dublin","%",""
"Total period of fertility rate","1988","25 - 29 years","Mid-East","%",""
"Total period of fertility rate","1988","25 - 29 years","Midland","%",""
"Total period of fertility rate","1988","25 - 29 years","Mid-West","%",""
"Total period of fertility rate","1988","25 - 29 years","South-East","%",""
"Total period of fertility rate","1988","25 - 29 years","South-West","%",""
"Total period of fertility rate","1988","25 - 29 years","West","%",""
"Total period of fertility rate","1988","25 - 29 years","Ireland","%",""
"Total period of fertility rate","1988","30 - 34 years","Border","%",""
"Total period of fertility rate","1988","30 - 34 years","Dublin","%",""
"Total period of fertility rate","1988","30 - 34 years","Mid-East","%",""
"Total period of fertility rate","1988","30 - 34 years","Midland","%",""
"Total period of fertility rate","1988","30 - 34 years","Mid-West","%",""
"Total period of fertility rate","1988","30 - 34 years","South-East","%",""
"Total period of fertility rate","1988","30 - 34 years","South-West","%",""
"Total period of fertility rate","1988","30 - 34 years","West","%",""
"Total period of fertility rate","1988","30 - 34 years","Ireland","%",""
"Total period of fertility rate","1988","35 - 39 years","Border","%",""
"Total period of fertility rate","1988","35 - 39 years","Dublin","%",""
"Total period of fertility rate","1988","35 - 39 years","Mid-East","%",""
"Total period of fertility rate","1988","35 - 39 years","Midland","%",""
"Total period of fertility rate","1988","35 - 39 years","Mid-West","%",""
"Total period of fertility rate","1988","35 - 39 years","South-East","%",""
"Total period of fertility rate","1988","35 - 39 years","South-West","%",""
"Total period of fertility rate","1988","35 - 39 years","West","%",""
"Total period of fertility rate","1988","35 - 39 years","Ireland","%",""
"Total period of fertility rate","1988","40 - 44 years","Border","%",""
"Total period of fertility rate","1988","40 - 44 years","Dublin","%",""
"Total period of fertility rate","1988","40 - 44 years","Mid-East","%",""
"Total period of fertility rate","1988","40 - 44 years","Midland","%",""
"Total period of fertility rate","1988","40 - 44 years","Mid-West","%",""
"Total period of fertility rate","1988","40 - 44 years","South-East","%",""
"Total period of fertility rate","1988","40 - 44 years","South-West","%",""
"Total period of fertility rate","1988","40 - 44 years","West","%",""
"Total period of fertility rate","1988","40 - 44 years","Ireland","%",""
"Total period of fertility rate","1988","45 - 49 years","Border","%",""
"Total period of fertility rate","1988","45 - 49 years","Dublin","%",""
"Total period of fertility rate","1988","45 - 49 years","Mid-East","%",""
"Total period of fertility rate","1988","45 - 49 years","Midland","%",""
"Total period of fertility rate","1988","45 - 49 years","Mid-West","%",""
"Total period of fertility rate","1988","45 - 49 years","South-East","%",""
"Total period of fertility rate","1988","45 - 49 years","South-West","%",""
"Total period of fertility rate","1988","45 - 49 years","West","%",""
"Total period of fertility rate","1988","45 - 49 years","Ireland","%",""
"Total period of fertility rate","1989","All ages","Border","%",""
"Total period of fertility rate","1989","All ages","Dublin","%",""
"Total period of fertility rate","1989","All ages","Mid-East","%",""
"Total period of fertility rate","1989","All ages","Midland","%",""
"Total period of fertility rate","1989","All ages","Mid-West","%",""
"Total period of fertility rate","1989","All ages","South-East","%",""
"Total period of fertility rate","1989","All ages","South-West","%",""
"Total period of fertility rate","1989","All ages","West","%",""
"Total period of fertility rate","1989","All ages","Ireland","%","2.08"
"Total period of fertility rate","1989","15 - 19 years","Border","%",""
"Total period of fertility rate","1989","15 - 19 years","Dublin","%",""
"Total period of fertility rate","1989","15 - 19 years","Mid-East","%",""
"Total period of fertility rate","1989","15 - 19 years","Midland","%",""
"Total period of fertility rate","1989","15 - 19 years","Mid-West","%",""
"Total period of fertility rate","1989","15 - 19 years","South-East","%",""
"Total period of fertility rate","1989","15 - 19 years","South-West","%",""
"Total period of fertility rate","1989","15 - 19 years","West","%",""
"Total period of fertility rate","1989","15 - 19 years","Ireland","%",""
"Total period of fertility rate","1989","20 - 24 years","Border","%",""
"Total period of fertility rate","1989","20 - 24 years","Dublin","%",""
"Total period of fertility rate","1989","20 - 24 years","Mid-East","%",""
"Total period of fertility rate","1989","20 - 24 years","Midland","%",""
"Total period of fertility rate","1989","20 - 24 years","Mid-West","%",""
"Total period of fertility rate","1989","20 - 24 years","South-East","%",""
"Total period of fertility rate","1989","20 - 24 years","South-West","%",""
"Total period of fertility rate","1989","20 - 24 years","West","%",""
"Total period of fertility rate","1989","20 - 24 years","Ireland","%",""
"Total period of fertility rate","1989","25 - 29 years","Border","%",""
"Total period of fertility rate","1989","25 - 29 years","Dublin","%",""
"Total period of fertility rate","1989","25 - 29 years","Mid-East","%",""
"Total period of fertility rate","1989","25 - 29 years","Midland","%",""
"Total period of fertility rate","1989","25 - 29 years","Mid-West","%",""
"Total period of fertility rate","1989","25 - 29 years","South-East","%",""
"Total period of fertility rate","1989","25 - 29 years","South-West","%",""
"Total period of fertility rate","1989","25 - 29 years","West","%",""
"Total period of fertility rate","1989","25 - 29 years","Ireland","%",""
"Total period of fertility rate","1989","30 - 34 years","Border","%",""
"Total period of fertility rate","1989","30 - 34 years","Dublin","%",""
"Total period of fertility rate","1989","30 - 34 years","Mid-East","%",""
"Total period of fertility rate","1989","30 - 34 years","Midland","%",""
"Total period of fertility rate","1989","30 - 34 years","Mid-West","%",""
"Total period of fertility rate","1989","30 - 34 years","South-East","%",""
"Total period of fertility rate","1989","30 - 34 years","South-West","%",""
"Total period of fertility rate","1989","30 - 34 years","West","%",""
"Total period of fertility rate","1989","30 - 34 years","Ireland","%",""
"Total period of fertility rate","1989","35 - 39 years","Border","%",""
"Total period of fertility rate","1989","35 - 39 years","Dublin","%",""
"Total period of fertility rate","1989","35 - 39 years","Mid-East","%",""
"Total period of fertility rate","1989","35 - 39 years","Midland","%",""
"Total period of fertility rate","1989","35 - 39 years","Mid-West","%",""
"Total period of fertility rate","1989","35 - 39 years","South-East","%",""
"Total period of fertility rate","1989","35 - 39 years","South-West","%",""
"Total period of fertility rate","1989","35 - 39 years","West","%",""
"Total period of fertility rate","1989","35 - 39 years","Ireland","%",""
"Total period of fertility rate","1989","40 - 44 years","Border","%",""
"Total period of fertility rate","1989","40 - 44 years","Dublin","%",""
"Total period of fertility rate","1989","40 - 44 years","Mid-East","%",""
"Total period of fertility rate","1989","40 - 44 years","Midland","%",""
"Total period of fertility rate","1989","40 - 44 years","Mid-West","%",""
"Total period of fertility rate","1989","40 - 44 years","South-East","%",""
"Total period of fertility rate","1989","40 - 44 years","South-West","%",""
"Total period of fertility rate","1989","40 - 44 years","West","%",""
"Total period of fertility rate","1989","40 - 44 years","Ireland","%",""
"Total period of fertility rate","1989","45 - 49 years","Border","%",""
"Total period of fertility rate","1989","45 - 49 years","Dublin","%",""
"Total period of fertility rate","1989","45 - 49 years","Mid-East","%",""
"Total period of fertility rate","1989","45 - 49 years","Midland","%",""
"Total period of fertility rate","1989","45 - 49 years","Mid-West","%",""
"Total period of fertility rate","1989","45 - 49 years","South-East","%",""
"Total period of fertility rate","1989","45 - 49 years","South-West","%",""
"Total period of fertility rate","1989","45 - 49 years","West","%",""
"Total period of fertility rate","1989","45 - 49 years","Ireland","%",""
"Total period of fertility rate","1990","All ages","Border","%",""
"Total period of fertility rate","1990","All ages","Dublin","%",""
"Total period of fertility rate","1990","All ages","Mid-East","%",""
"Total period of fertility rate","1990","All ages","Midland","%",""
"Total period of fertility rate","1990","All ages","Mid-West","%",""
"Total period of fertility rate","1990","All ages","South-East","%",""
"Total period of fertility rate","1990","All ages","South-West","%",""
"Total period of fertility rate","1990","All ages","West","%",""
"Total period of fertility rate","1990","All ages","Ireland","%","2.12"
"Total period of fertility rate","1990","15 - 19 years","Border","%",""
"Total period of fertility rate","1990","15 - 19 years","Dublin","%",""
"Total period of fertility rate","1990","15 - 19 years","Mid-East","%",""
"Total period of fertility rate","1990","15 - 19 years","Midland","%",""
"Total period of fertility rate","1990","15 - 19 years","Mid-West","%",""
"Total period of fertility rate","1990","15 - 19 years","South-East","%",""
"Total period of fertility rate","1990","15 - 19 years","South-West","%",""
"Total period of fertility rate","1990","15 - 19 years","West","%",""
"Total period of fertility rate","1990","15 - 19 years","Ireland","%",""
"Total period of fertility rate","1990","20 - 24 years","Border","%",""
"Total period of fertility rate","1990","20 - 24 years","Dublin","%",""
"Total period of fertility rate","1990","20 - 24 years","Mid-East","%",""
"Total period of fertility rate","1990","20 - 24 years","Midland","%",""
"Total period of fertility rate","1990","20 - 24 years","Mid-West","%",""
"Total period of fertility rate","1990","20 - 24 years","South-East","%",""
"Total period of fertility rate","1990","20 - 24 years","South-West","%",""
"Total period of fertility rate","1990","20 - 24 years","West","%",""
"Total period of fertility rate","1990","20 - 24 years","Ireland","%",""
"Total period of fertility rate","1990","25 - 29 years","Border","%",""
"Total period of fertility rate","1990","25 - 29 years","Dublin","%",""
"Total period of fertility rate","1990","25 - 29 years","Mid-East","%",""
"Total period of fertility rate","1990","25 - 29 years","Midland","%",""
"Total period of fertility rate","1990","25 - 29 years","Mid-West","%",""
"Total period of fertility rate","1990","25 - 29 years","South-East","%",""
"Total period of fertility rate","1990","25 - 29 years","South-West","%",""
"Total period of fertility rate","1990","25 - 29 years","West","%",""
"Total period of fertility rate","1990","25 - 29 years","Ireland","%",""
"Total period of fertility rate","1990","30 - 34 years","Border","%",""
"Total period of fertility rate","1990","30 - 34 years","Dublin","%",""
"Total period of fertility rate","1990","30 - 34 years","Mid-East","%",""
"Total period of fertility rate","1990","30 - 34 years","Midland","%",""
"Total period of fertility rate","1990","30 - 34 years","Mid-West","%",""
"Total period of fertility rate","1990","30 - 34 years","South-East","%",""
"Total period of fertility rate","1990","30 - 34 years","South-West","%",""
"Total period of fertility rate","1990","30 - 34 years","West","%",""
"Total period of fertility rate","1990","30 - 34 years","Ireland","%",""
"Total period of fertility rate","1990","35 - 39 years","Border","%",""
"Total period of fertility rate","1990","35 - 39 years","Dublin","%",""
"Total period of fertility rate","1990","35 - 39 years","Mid-East","%",""
"Total period of fertility rate","1990","35 - 39 years","Midland","%",""
"Total period of fertility rate","1990","35 - 39 years","Mid-West","%",""
"Total period of fertility rate","1990","35 - 39 years","South-East","%",""
"Total period of fertility rate","1990","35 - 39 years","South-West","%",""
"Total period of fertility rate","1990","35 - 39 years","West","%",""
"Total period of fertility rate","1990","35 - 39 years","Ireland","%",""
"Total period of fertility rate","1990","40 - 44 years","Border","%",""
"Total period of fertility rate","1990","40 - 44 years","Dublin","%",""
"Total period of fertility rate","1990","40 - 44 years","Mid-East","%",""
"Total period of fertility rate","1990","40 - 44 years","Midland","%",""
"Total period of fertility rate","1990","40 - 44 years","Mid-West","%",""
"Total period of fertility rate","1990","40 - 44 years","South-East","%",""
"Total period of fertility rate","1990","40 - 44 years","South-West","%",""
"Total period of fertility rate","1990","40 - 44 years","West","%",""
"Total period of fertility rate","1990","40 - 44 years","Ireland","%",""
"Total period of fertility rate","1990","45 - 49 years","Border","%",""
"Total period of fertility rate","1990","45 - 49 years","Dublin","%",""
"Total period of fertility rate","1990","45 - 49 years","Mid-East","%",""
"Total period of fertility rate","1990","45 - 49 years","Midland","%",""
"Total period of fertility rate","1990","45 - 49 years","Mid-West","%",""
"Total period of fertility rate","1990","45 - 49 years","South-East","%",""
"Total period of fertility rate","1990","45 - 49 years","South-West","%",""
"Total period of fertility rate","1990","45 - 49 years","West","%",""
"Total period of fertility rate","1990","45 - 49 years","Ireland","%",""
"Total period of fertility rate","1991","All ages","Border","%",""
"Total period of fertility rate","1991","All ages","Dublin","%",""
"Total period of fertility rate","1991","All ages","Mid-East","%",""
"Total period of fertility rate","1991","All ages","Midland","%",""
"Total period of fertility rate","1991","All ages","Mid-West","%",""
"Total period of fertility rate","1991","All ages","South-East","%",""
"Total period of fertility rate","1991","All ages","South-West","%",""
"Total period of fertility rate","1991","All ages","West","%",""
"Total period of fertility rate","1991","All ages","Ireland","%","2.09"
"Total period of fertility rate","1991","15 - 19 years","Border","%",""
"Total period of fertility rate","1991","15 - 19 years","Dublin","%",""
"Total period of fertility rate","1991","15 - 19 years","Mid-East","%",""
"Total period of fertility rate","1991","15 - 19 years","Midland","%",""
"Total period of fertility rate","1991","15 - 19 years","Mid-West","%",""
"Total period of fertility rate","1991","15 - 19 years","South-East","%",""
"Total period of fertility rate","1991","15 - 19 years","South-West","%",""
"Total period of fertility rate","1991","15 - 19 years","West","%",""
"Total period of fertility rate","1991","15 - 19 years","Ireland","%",""
"Total period of fertility rate","1991","20 - 24 years","Border","%",""
"Total period of fertility rate","1991","20 - 24 years","Dublin","%",""
"Total period of fertility rate","1991","20 - 24 years","Mid-East","%",""
"Total period of fertility rate","1991","20 - 24 years","Midland","%",""
"Total period of fertility rate","1991","20 - 24 years","Mid-West","%",""
"Total period of fertility rate","1991","20 - 24 years","South-East","%",""
"Total period of fertility rate","1991","20 - 24 years","South-West","%",""
"Total period of fertility rate","1991","20 - 24 years","West","%",""
"Total period of fertility rate","1991","20 - 24 years","Ireland","%",""
"Total period of fertility rate","1991","25 - 29 years","Border","%",""
"Total period of fertility rate","1991","25 - 29 years","Dublin","%",""
"Total period of fertility rate","1991","25 - 29 years","Mid-East","%",""
"Total period of fertility rate","1991","25 - 29 years","Midland","%",""
"Total period of fertility rate","1991","25 - 29 years","Mid-West","%",""
"Total period of fertility rate","1991","25 - 29 years","South-East","%",""
"Total period of fertility rate","1991","25 - 29 years","South-West","%",""
"Total period of fertility rate","1991","25 - 29 years","West","%",""
"Total period of fertility rate","1991","25 - 29 years","Ireland","%",""
"Total period of fertility rate","1991","30 - 34 years","Border","%",""
"Total period of fertility rate","1991","30 - 34 years","Dublin","%",""
"Total period of fertility rate","1991","30 - 34 years","Mid-East","%",""
"Total period of fertility rate","1991","30 - 34 years","Midland","%",""
"Total period of fertility rate","1991","30 - 34 years","Mid-West","%",""
"Total period of fertility rate","1991","30 - 34 years","South-East","%",""
"Total period of fertility rate","1991","30 - 34 years","South-West","%",""
"Total period of fertility rate","1991","30 - 34 years","West","%",""
"Total period of fertility rate","1991","30 - 34 years","Ireland","%",""
"Total period of fertility rate","1991","35 - 39 years","Border","%",""
"Total period of fertility rate","1991","35 - 39 years","Dublin","%",""
"Total period of fertility rate","1991","35 - 39 years","Mid-East","%",""
"Total period of fertility rate","1991","35 - 39 years","Midland","%",""
"Total period of fertility rate","1991","35 - 39 years","Mid-West","%",""
"Total period of fertility rate","1991","35 - 39 years","South-East","%",""
"Total period of fertility rate","1991","35 - 39 years","South-West","%",""
"Total period of fertility rate","1991","35 - 39 years","West","%",""
"Total period of fertility rate","1991","35 - 39 years","Ireland","%",""
"Total period of fertility rate","1991","40 - 44 years","Border","%",""
"Total period of fertility rate","1991","40 - 44 years","Dublin","%",""
"Total period of fertility rate","1991","40 - 44 years","Mid-East","%",""
"Total period of fertility rate","1991","40 - 44 years","Midland","%",""
"Total period of fertility rate","1991","40 - 44 years","Mid-West","%",""
"Total period of fertility rate","1991","40 - 44 years","South-East","%",""
"Total period of fertility rate","1991","40 - 44 years","South-West","%",""
"Total period of fertility rate","1991","40 - 44 years","West","%",""
"Total period of fertility rate","1991","40 - 44 years","Ireland","%",""
"Total period of fertility rate","1991","45 - 49 years","Border","%",""
"Total period of fertility rate","1991","45 - 49 years","Dublin","%",""
"Total period of fertility rate","1991","45 - 49 years","Mid-East","%",""
"Total period of fertility rate","1991","45 - 49 years","Midland","%",""
"Total period of fertility rate","1991","45 - 49 years","Mid-West","%",""
"Total period of fertility rate","1991","45 - 49 years","South-East","%",""
"Total period of fertility rate","1991","45 - 49 years","South-West","%",""
"Total period of fertility rate","1991","45 - 49 years","West","%",""
"Total period of fertility rate","1991","45 - 49 years","Ireland","%",""
"Total period of fertility rate","1992","All ages","Border","%",""
"Total period of fertility rate","1992","All ages","Dublin","%",""
"Total period of fertility rate","1992","All ages","Mid-East","%",""
"Total period of fertility rate","1992","All ages","Midland","%",""
"Total period of fertility rate","1992","All ages","Mid-West","%",""
"Total period of fertility rate","1992","All ages","South-East","%",""
"Total period of fertility rate","1992","All ages","South-West","%",""
"Total period of fertility rate","1992","All ages","West","%",""
"Total period of fertility rate","1992","All ages","Ireland","%","1.99"
"Total period of fertility rate","1992","15 - 19 years","Border","%",""
"Total period of fertility rate","1992","15 - 19 years","Dublin","%",""
"Total period of fertility rate","1992","15 - 19 years","Mid-East","%",""
"Total period of fertility rate","1992","15 - 19 years","Midland","%",""
"Total period of fertility rate","1992","15 - 19 years","Mid-West","%",""
"Total period of fertility rate","1992","15 - 19 years","South-East","%",""
"Total period of fertility rate","1992","15 - 19 years","South-West","%",""
"Total period of fertility rate","1992","15 - 19 years","West","%",""
"Total period of fertility rate","1992","15 - 19 years","Ireland","%",""
"Total period of fertility rate","1992","20 - 24 years","Border","%",""
"Total period of fertility rate","1992","20 - 24 years","Dublin","%",""
"Total period of fertility rate","1992","20 - 24 years","Mid-East","%",""
"Total period of fertility rate","1992","20 - 24 years","Midland","%",""
"Total period of fertility rate","1992","20 - 24 years","Mid-West","%",""
"Total period of fertility rate","1992","20 - 24 years","South-East","%",""
"Total period of fertility rate","1992","20 - 24 years","South-West","%",""
"Total period of fertility rate","1992","20 - 24 years","West","%",""
"Total period of fertility rate","1992","20 - 24 years","Ireland","%",""
"Total period of fertility rate","1992","25 - 29 years","Border","%",""
"Total period of fertility rate","1992","25 - 29 years","Dublin","%",""
"Total period of fertility rate","1992","25 - 29 years","Mid-East","%",""
"Total period of fertility rate","1992","25 - 29 years","Midland","%",""
"Total period of fertility rate","1992","25 - 29 years","Mid-West","%",""
"Total period of fertility rate","1992","25 - 29 years","South-East","%",""
"Total period of fertility rate","1992","25 - 29 years","South-West","%",""
"Total period of fertility rate","1992","25 - 29 years","West","%",""
"Total period of fertility rate","1992","25 - 29 years","Ireland","%",""
"Total period of fertility rate","1992","30 - 34 years","Border","%",""
"Total period of fertility rate","1992","30 - 34 years","Dublin","%",""
"Total period of fertility rate","1992","30 - 34 years","Mid-East","%",""
"Total period of fertility rate","1992","30 - 34 years","Midland","%",""
"Total period of fertility rate","1992","30 - 34 years","Mid-West","%",""
"Total period of fertility rate","1992","30 - 34 years","South-East","%",""
"Total period of fertility rate","1992","30 - 34 years","South-West","%",""
"Total period of fertility rate","1992","30 - 34 years","West","%",""
"Total period of fertility rate","1992","30 - 34 years","Ireland","%",""
"Total period of fertility rate","1992","35 - 39 years","Border","%",""
"Total period of fertility rate","1992","35 - 39 years","Dublin","%",""
"Total period of fertility rate","1992","35 - 39 years","Mid-East","%",""
"Total period of fertility rate","1992","35 - 39 years","Midland","%",""
"Total period of fertility rate","1992","35 - 39 years","Mid-West","%",""
"Total period of fertility rate","1992","35 - 39 years","South-East","%",""
"Total period of fertility rate","1992","35 - 39 years","South-West","%",""
"Total period of fertility rate","1992","35 - 39 years","West","%",""
"Total period of fertility rate","1992","35 - 39 years","Ireland","%",""
"Total period of fertility rate","1992","40 - 44 years","Border","%",""
"Total period of fertility rate","1992","40 - 44 years","Dublin","%",""
"Total period of fertility rate","1992","40 - 44 years","Mid-East","%",""
"Total period of fertility rate","1992","40 - 44 years","Midland","%",""
"Total period of fertility rate","1992","40 - 44 years","Mid-West","%",""
"Total period of fertility rate","1992","40 - 44 years","South-East","%",""
"Total period of fertility rate","1992","40 - 44 years","South-West","%",""
"Total period of fertility rate","1992","40 - 44 years","West","%",""
"Total period of fertility rate","1992","40 - 44 years","Ireland","%",""
"Total period of fertility rate","1992","45 - 49 years","Border","%",""
"Total period of fertility rate","1992","45 - 49 years","Dublin","%",""
"Total period of fertility rate","1992","45 - 49 years","Mid-East","%",""
"Total period of fertility rate","1992","45 - 49 years","Midland","%",""
"Total period of fertility rate","1992","45 - 49 years","Mid-West","%",""
"Total period of fertility rate","1992","45 - 49 years","South-East","%",""
"Total period of fertility rate","1992","45 - 49 years","South-West","%",""
"Total period of fertility rate","1992","45 - 49 years","West","%",""
"Total period of fertility rate","1992","45 - 49 years","Ireland","%",""
"Total period of fertility rate","1993","All ages","Border","%",""
"Total period of fertility rate","1993","All ages","Dublin","%",""
"Total period of fertility rate","1993","All ages","Mid-East","%",""
"Total period of fertility rate","1993","All ages","Midland","%",""
"Total period of fertility rate","1993","All ages","Mid-West","%",""
"Total period of fertility rate","1993","All ages","South-East","%",""
"Total period of fertility rate","1993","All ages","South-West","%",""
"Total period of fertility rate","1993","All ages","West","%",""
"Total period of fertility rate","1993","All ages","Ireland","%","1.91"
"Total period of fertility rate","1993","15 - 19 years","Border","%",""
"Total period of fertility rate","1993","15 - 19 years","Dublin","%",""
"Total period of fertility rate","1993","15 - 19 years","Mid-East","%",""
"Total period of fertility rate","1993","15 - 19 years","Midland","%",""
"Total period of fertility rate","1993","15 - 19 years","Mid-West","%",""
"Total period of fertility rate","1993","15 - 19 years","South-East","%",""
"Total period of fertility rate","1993","15 - 19 years","South-West","%",""
"Total period of fertility rate","1993","15 - 19 years","West","%",""
"Total period of fertility rate","1993","15 - 19 years","Ireland","%",""
"Total period of fertility rate","1993","20 - 24 years","Border","%",""
"Total period of fertility rate","1993","20 - 24 years","Dublin","%",""
"Total period of fertility rate","1993","20 - 24 years","Mid-East","%",""
"Total period of fertility rate","1993","20 - 24 years","Midland","%",""
"Total period of fertility rate","1993","20 - 24 years","Mid-West","%",""
"Total period of fertility rate","1993","20 - 24 years","South-East","%",""
"Total period of fertility rate","1993","20 - 24 years","South-West","%",""
"Total period of fertility rate","1993","20 - 24 years","West","%",""
"Total period of fertility rate","1993","20 - 24 years","Ireland","%",""
"Total period of fertility rate","1993","25 - 29 years","Border","%",""
"Total period of fertility rate","1993","25 - 29 years","Dublin","%",""
"Total period of fertility rate","1993","25 - 29 years","Mid-East","%",""
"Total period of fertility rate","1993","25 - 29 years","Midland","%",""
"Total period of fertility rate","1993","25 - 29 years","Mid-West","%",""
"Total period of fertility rate","1993","25 - 29 years","South-East","%",""
"Total period of fertility rate","1993","25 - 29 years","South-West","%",""
"Total period of fertility rate","1993","25 - 29 years","West","%",""
"Total period of fertility rate","1993","25 - 29 years","Ireland","%",""
"Total period of fertility rate","1993","30 - 34 years","Border","%",""
"Total period of fertility rate","1993","30 - 34 years","Dublin","%",""
"Total period of fertility rate","1993","30 - 34 years","Mid-East","%",""
"Total period of fertility rate","1993","30 - 34 years","Midland","%",""
"Total period of fertility rate","1993","30 - 34 years","Mid-West","%",""
"Total period of fertility rate","1993","30 - 34 years","South-East","%",""
"Total period of fertility rate","1993","30 - 34 years","South-West","%",""
"Total period of fertility rate","1993","30 - 34 years","West","%",""
"Total period of fertility rate","1993","30 - 34 years","Ireland","%",""
"Total period of fertility rate","1993","35 - 39 years","Border","%",""
"Total period of fertility rate","1993","35 - 39 years","Dublin","%",""
"Total period of fertility rate","1993","35 - 39 years","Mid-East","%",""
"Total period of fertility rate","1993","35 - 39 years","Midland","%",""
"Total period of fertility rate","1993","35 - 39 years","Mid-West","%",""
"Total period of fertility rate","1993","35 - 39 years","South-East","%",""
"Total period of fertility rate","1993","35 - 39 years","South-West","%",""
"Total period of fertility rate","1993","35 - 39 years","West","%",""
"Total period of fertility rate","1993","35 - 39 years","Ireland","%",""
"Total period of fertility rate","1993","40 - 44 years","Border","%",""
"Total period of fertility rate","1993","40 - 44 years","Dublin","%",""
"Total period of fertility rate","1993","40 - 44 years","Mid-East","%",""
"Total period of fertility rate","1993","40 - 44 years","Midland","%",""
"Total period of fertility rate","1993","40 - 44 years","Mid-West","%",""
"Total period of fertility rate","1993","40 - 44 years","South-East","%",""
"Total period of fertility rate","1993","40 - 44 years","South-West","%",""
"Total period of fertility rate","1993","40 - 44 years","West","%",""
"Total period of fertility rate","1993","40 - 44 years","Ireland","%",""
"Total period of fertility rate","1993","45 - 49 years","Border","%",""
"Total period of fertility rate","1993","45 - 49 years","Dublin","%",""
"Total period of fertility rate","1993","45 - 49 years","Mid-East","%",""
"Total period of fertility rate","1993","45 - 49 years","Midland","%",""
"Total period of fertility rate","1993","45 - 49 years","Mid-West","%",""
"Total period of fertility rate","1993","45 - 49 years","South-East","%",""
"Total period of fertility rate","1993","45 - 49 years","South-West","%",""
"Total period of fertility rate","1993","45 - 49 years","West","%",""
"Total period of fertility rate","1993","45 - 49 years","Ireland","%",""
"Total period of fertility rate","1994","All ages","Border","%",""
"Total period of fertility rate","1994","All ages","Dublin","%",""
"Total period of fertility rate","1994","All ages","Mid-East","%",""
"Total period of fertility rate","1994","All ages","Midland","%",""
"Total period of fertility rate","1994","All ages","Mid-West","%",""
"Total period of fertility rate","1994","All ages","South-East","%",""
"Total period of fertility rate","1994","All ages","South-West","%",""
"Total period of fertility rate","1994","All ages","West","%",""
"Total period of fertility rate","1994","All ages","Ireland","%","1.85"
"Total period of fertility rate","1994","15 - 19 years","Border","%",""
"Total period of fertility rate","1994","15 - 19 years","Dublin","%",""
"Total period of fertility rate","1994","15 - 19 years","Mid-East","%",""
"Total period of fertility rate","1994","15 - 19 years","Midland","%",""
"Total period of fertility rate","1994","15 - 19 years","Mid-West","%",""
"Total period of fertility rate","1994","15 - 19 years","South-East","%",""
"Total period of fertility rate","1994","15 - 19 years","South-West","%",""
"Total period of fertility rate","1994","15 - 19 years","West","%",""
"Total period of fertility rate","1994","15 - 19 years","Ireland","%",""
"Total period of fertility rate","1994","20 - 24 years","Border","%",""
"Total period of fertility rate","1994","20 - 24 years","Dublin","%",""
"Total period of fertility rate","1994","20 - 24 years","Mid-East","%",""
"Total period of fertility rate","1994","20 - 24 years","Midland","%",""
"Total period of fertility rate","1994","20 - 24 years","Mid-West","%",""
"Total period of fertility rate","1994","20 - 24 years","South-East","%",""
"Total period of fertility rate","1994","20 - 24 years","South-West","%",""
"Total period of fertility rate","1994","20 - 24 years","West","%",""
"Total period of fertility rate","1994","20 - 24 years","Ireland","%",""
"Total period of fertility rate","1994","25 - 29 years","Border","%",""
"Total period of fertility rate","1994","25 - 29 years","Dublin","%",""
"Total period of fertility rate","1994","25 - 29 years","Mid-East","%",""
"Total period of fertility rate","1994","25 - 29 years","Midland","%",""
"Total period of fertility rate","1994","25 - 29 years","Mid-West","%",""
"Total period of fertility rate","1994","25 - 29 years","South-East","%",""
"Total period of fertility rate","1994","25 - 29 years","South-West","%",""
"Total period of fertility rate","1994","25 - 29 years","West","%",""
"Total period of fertility rate","1994","25 - 29 years","Ireland","%",""
"Total period of fertility rate","1994","30 - 34 years","Border","%",""
"Total period of fertility rate","1994","30 - 34 years","Dublin","%",""
"Total period of fertility rate","1994","30 - 34 years","Mid-East","%",""
"Total period of fertility rate","1994","30 - 34 years","Midland","%",""
"Total period of fertility rate","1994","30 - 34 years","Mid-West","%",""
"Total period of fertility rate","1994","30 - 34 years","South-East","%",""
"Total period of fertility rate","1994","30 - 34 years","South-West","%",""
"Total period of fertility rate","1994","30 - 34 years","West","%",""
"Total period of fertility rate","1994","30 - 34 years","Ireland","%",""
"Total period of fertility rate","1994","35 - 39 years","Border","%",""
"Total period of fertility rate","1994","35 - 39 years","Dublin","%",""
"Total period of fertility rate","1994","35 - 39 years","Mid-East","%",""
"Total period of fertility rate","1994","35 - 39 years","Midland","%",""
"Total period of fertility rate","1994","35 - 39 years","Mid-West","%",""
"Total period of fertility rate","1994","35 - 39 years","South-East","%",""
"Total period of fertility rate","1994","35 - 39 years","South-West","%",""
"Total period of fertility rate","1994","35 - 39 years","West","%",""
"Total period of fertility rate","1994","35 - 39 years","Ireland","%",""
"Total period of fertility rate","1994","40 - 44 years","Border","%",""
"Total period of fertility rate","1994","40 - 44 years","Dublin","%",""
"Total period of fertility rate","1994","40 - 44 years","Mid-East","%",""
"Total period of fertility rate","1994","40 - 44 years","Midland","%",""
"Total period of fertility rate","1994","40 - 44 years","Mid-West","%",""
"Total period of fertility rate","1994","40 - 44 years","South-East","%",""
"Total period of fertility rate","1994","40 - 44 years","South-West","%",""
"Total period of fertility rate","1994","40 - 44 years","West","%",""
"Total period of fertility rate","1994","40 - 44 years","Ireland","%",""
"Total period of fertility rate","1994","45 - 49 years","Border","%",""
"Total period of fertility rate","1994","45 - 49 years","Dublin","%",""
"Total period of fertility rate","1994","45 - 49 years","Mid-East","%",""
"Total period of fertility rate","1994","45 - 49 years","Midland","%",""
"Total period of fertility rate","1994","45 - 49 years","Mid-West","%",""
"Total period of fertility rate","1994","45 - 49 years","South-East","%",""
"Total period of fertility rate","1994","45 - 49 years","South-West","%",""
"Total period of fertility rate","1994","45 - 49 years","West","%",""
"Total period of fertility rate","1994","45 - 49 years","Ireland","%",""
"Total period of fertility rate","1995","All ages","Border","%",""
"Total period of fertility rate","1995","All ages","Dublin","%",""
"Total period of fertility rate","1995","All ages","Mid-East","%",""
"Total period of fertility rate","1995","All ages","Midland","%",""
"Total period of fertility rate","1995","All ages","Mid-West","%",""
"Total period of fertility rate","1995","All ages","South-East","%",""
"Total period of fertility rate","1995","All ages","South-West","%",""
"Total period of fertility rate","1995","All ages","West","%",""
"Total period of fertility rate","1995","All ages","Ireland","%","1.85"
"Total period of fertility rate","1995","15 - 19 years","Border","%",""
"Total period of fertility rate","1995","15 - 19 years","Dublin","%",""
"Total period of fertility rate","1995","15 - 19 years","Mid-East","%",""
"Total period of fertility rate","1995","15 - 19 years","Midland","%",""
"Total period of fertility rate","1995","15 - 19 years","Mid-West","%",""
"Total period of fertility rate","1995","15 - 19 years","South-East","%",""
"Total period of fertility rate","1995","15 - 19 years","South-West","%",""
"Total period of fertility rate","1995","15 - 19 years","West","%",""
"Total period of fertility rate","1995","15 - 19 years","Ireland","%",""
"Total period of fertility rate","1995","20 - 24 years","Border","%",""
"Total period of fertility rate","1995","20 - 24 years","Dublin","%",""
"Total period of fertility rate","1995","20 - 24 years","Mid-East","%",""
"Total period of fertility rate","1995","20 - 24 years","Midland","%",""
"Total period of fertility rate","1995","20 - 24 years","Mid-West","%",""
"Total period of fertility rate","1995","20 - 24 years","South-East","%",""
"Total period of fertility rate","1995","20 - 24 years","South-West","%",""
"Total period of fertility rate","1995","20 - 24 years","West","%",""
"Total period of fertility rate","1995","20 - 24 years","Ireland","%",""
"Total period of fertility rate","1995","25 - 29 years","Border","%",""
"Total period of fertility rate","1995","25 - 29 years","Dublin","%",""
"Total period of fertility rate","1995","25 - 29 years","Mid-East","%",""
"Total period of fertility rate","1995","25 - 29 years","Midland","%",""
"Total period of fertility rate","1995","25 - 29 years","Mid-West","%",""
"Total period of fertility rate","1995","25 - 29 years","South-East","%",""
"Total period of fertility rate","1995","25 - 29 years","South-West","%",""
"Total period of fertility rate","1995","25 - 29 years","West","%",""
"Total period of fertility rate","1995","25 - 29 years","Ireland","%",""
"Total period of fertility rate","1995","30 - 34 years","Border","%",""
"Total period of fertility rate","1995","30 - 34 years","Dublin","%",""
"Total period of fertility rate","1995","30 - 34 years","Mid-East","%",""
"Total period of fertility rate","1995","30 - 34 years","Midland","%",""
"Total period of fertility rate","1995","30 - 34 years","Mid-West","%",""
"Total period of fertility rate","1995","30 - 34 years","South-East","%",""
"Total period of fertility rate","1995","30 - 34 years","South-West","%",""
"Total period of fertility rate","1995","30 - 34 years","West","%",""
"Total period of fertility rate","1995","30 - 34 years","Ireland","%",""
"Total period of fertility rate","1995","35 - 39 years","Border","%",""
"Total period of fertility rate","1995","35 - 39 years","Dublin","%",""
"Total period of fertility rate","1995","35 - 39 years","Mid-East","%",""
"Total period of fertility rate","1995","35 - 39 years","Midland","%",""
"Total period of fertility rate","1995","35 - 39 years","Mid-West","%",""
"Total period of fertility rate","1995","35 - 39 years","South-East","%",""
"Total period of fertility rate","1995","35 - 39 years","South-West","%",""
"Total period of fertility rate","1995","35 - 39 years","West","%",""
"Total period of fertility rate","1995","35 - 39 years","Ireland","%",""
"Total period of fertility rate","1995","40 - 44 years","Border","%",""
"Total period of fertility rate","1995","40 - 44 years","Dublin","%",""
"Total period of fertility rate","1995","40 - 44 years","Mid-East","%",""
"Total period of fertility rate","1995","40 - 44 years","Midland","%",""
"Total period of fertility rate","1995","40 - 44 years","Mid-West","%",""
"Total period of fertility rate","1995","40 - 44 years","South-East","%",""
"Total period of fertility rate","1995","40 - 44 years","South-West","%",""
"Total period of fertility rate","1995","40 - 44 years","West","%",""
"Total period of fertility rate","1995","40 - 44 years","Ireland","%",""
"Total period of fertility rate","1995","45 - 49 years","Border","%",""
"Total period of fertility rate","1995","45 - 49 years","Dublin","%",""
"Total period of fertility rate","1995","45 - 49 years","Mid-East","%",""
"Total period of fertility rate","1995","45 - 49 years","Midland","%",""
"Total period of fertility rate","1995","45 - 49 years","Mid-West","%",""
"Total period of fertility rate","1995","45 - 49 years","South-East","%",""
"Total period of fertility rate","1995","45 - 49 years","South-West","%",""
"Total period of fertility rate","1995","45 - 49 years","West","%",""
"Total period of fertility rate","1995","45 - 49 years","Ireland","%",""
"Total period of fertility rate","1996","All ages","Border","%",""
"Total period of fertility rate","1996","All ages","Dublin","%",""
"Total period of fertility rate","1996","All ages","Mid-East","%",""
"Total period of fertility rate","1996","All ages","Midland","%",""
"Total period of fertility rate","1996","All ages","Mid-West","%",""
"Total period of fertility rate","1996","All ages","South-East","%",""
"Total period of fertility rate","1996","All ages","South-West","%",""
"Total period of fertility rate","1996","All ages","West","%",""
"Total period of fertility rate","1996","All ages","Ireland","%","1.89"
"Total period of fertility rate","1996","15 - 19 years","Border","%",""
"Total period of fertility rate","1996","15 - 19 years","Dublin","%",""
"Total period of fertility rate","1996","15 - 19 years","Mid-East","%",""
"Total period of fertility rate","1996","15 - 19 years","Midland","%",""
"Total period of fertility rate","1996","15 - 19 years","Mid-West","%",""
"Total period of fertility rate","1996","15 - 19 years","South-East","%",""
"Total period of fertility rate","1996","15 - 19 years","South-West","%",""
"Total period of fertility rate","1996","15 - 19 years","West","%",""
"Total period of fertility rate","1996","15 - 19 years","Ireland","%",""
"Total period of fertility rate","1996","20 - 24 years","Border","%",""
"Total period of fertility rate","1996","20 - 24 years","Dublin","%",""
"Total period of fertility rate","1996","20 - 24 years","Mid-East","%",""
"Total period of fertility rate","1996","20 - 24 years","Midland","%",""
"Total period of fertility rate","1996","20 - 24 years","Mid-West","%",""
"Total period of fertility rate","1996","20 - 24 years","South-East","%",""
"Total period of fertility rate","1996","20 - 24 years","South-West","%",""
"Total period of fertility rate","1996","20 - 24 years","West","%",""
"Total period of fertility rate","1996","20 - 24 years","Ireland","%",""
"Total period of fertility rate","1996","25 - 29 years","Border","%",""
"Total period of fertility rate","1996","25 - 29 years","Dublin","%",""
"Total period of fertility rate","1996","25 - 29 years","Mid-East","%",""
"Total period of fertility rate","1996","25 - 29 years","Midland","%",""
"Total period of fertility rate","1996","25 - 29 years","Mid-West","%",""
"Total period of fertility rate","1996","25 - 29 years","South-East","%",""
"Total period of fertility rate","1996","25 - 29 years","South-West","%",""
"Total period of fertility rate","1996","25 - 29 years","West","%",""
"Total period of fertility rate","1996","25 - 29 years","Ireland","%",""
"Total period of fertility rate","1996","30 - 34 years","Border","%",""
"Total period of fertility rate","1996","30 - 34 years","Dublin","%",""
"Total period of fertility rate","1996","30 - 34 years","Mid-East","%",""
"Total period of fertility rate","1996","30 - 34 years","Midland","%",""
"Total period of fertility rate","1996","30 - 34 years","Mid-West","%",""
"Total period of fertility rate","1996","30 - 34 years","South-East","%",""
"Total period of fertility rate","1996","30 - 34 years","South-West","%",""
"Total period of fertility rate","1996","30 - 34 years","West","%",""
"Total period of fertility rate","1996","30 - 34 years","Ireland","%",""
"Total period of fertility rate","1996","35 - 39 years","Border","%",""
"Total period of fertility rate","1996","35 - 39 years","Dublin","%",""
"Total period of fertility rate","1996","35 - 39 years","Mid-East","%",""
"Total period of fertility rate","1996","35 - 39 years","Midland","%",""
"Total period of fertility rate","1996","35 - 39 years","Mid-West","%",""
"Total period of fertility rate","1996","35 - 39 years","South-East","%",""
"Total period of fertility rate","1996","35 - 39 years","South-West","%",""
"Total period of fertility rate","1996","35 - 39 years","West","%",""
"Total period of fertility rate","1996","35 - 39 years","Ireland","%",""
"Total period of fertility rate","1996","40 - 44 years","Border","%",""
"Total period of fertility rate","1996","40 - 44 years","Dublin","%",""
"Total period of fertility rate","1996","40 - 44 years","Mid-East","%",""
"Total period of fertility rate","1996","40 - 44 years","Midland","%",""
"Total period of fertility rate","1996","40 - 44 years","Mid-West","%",""
"Total period of fertility rate","1996","40 - 44 years","South-East","%",""
"Total period of fertility rate","1996","40 - 44 years","South-West","%",""
"Total period of fertility rate","1996","40 - 44 years","West","%",""
"Total period of fertility rate","1996","40 - 44 years","Ireland","%",""
"Total period of fertility rate","1996","45 - 49 years","Border","%",""
"Total period of fertility rate","1996","45 - 49 years","Dublin","%",""
"Total period of fertility rate","1996","45 - 49 years","Mid-East","%",""
"Total period of fertility rate","1996","45 - 49 years","Midland","%",""
"Total period of fertility rate","1996","45 - 49 years","Mid-West","%",""
"Total period of fertility rate","1996","45 - 49 years","South-East","%",""
"Total period of fertility rate","1996","45 - 49 years","South-West","%",""
"Total period of fertility rate","1996","45 - 49 years","West","%",""
"Total period of fertility rate","1996","45 - 49 years","Ireland","%",""
"Total period of fertility rate","1997","All ages","Border","%",""
"Total period of fertility rate","1997","All ages","Dublin","%",""
"Total period of fertility rate","1997","All ages","Mid-East","%",""
"Total period of fertility rate","1997","All ages","Midland","%",""
"Total period of fertility rate","1997","All ages","Mid-West","%",""
"Total period of fertility rate","1997","All ages","South-East","%",""
"Total period of fertility rate","1997","All ages","South-West","%",""
"Total period of fertility rate","1997","All ages","West","%",""
"Total period of fertility rate","1997","All ages","Ireland","%","1.94"
"Total period of fertility rate","1997","15 - 19 years","Border","%",""
"Total period of fertility rate","1997","15 - 19 years","Dublin","%",""
"Total period of fertility rate","1997","15 - 19 years","Mid-East","%",""
"Total period of fertility rate","1997","15 - 19 years","Midland","%",""
"Total period of fertility rate","1997","15 - 19 years","Mid-West","%",""
"Total period of fertility rate","1997","15 - 19 years","South-East","%",""
"Total period of fertility rate","1997","15 - 19 years","South-West","%",""
"Total period of fertility rate","1997","15 - 19 years","West","%",""
"Total period of fertility rate","1997","15 - 19 years","Ireland","%",""
"Total period of fertility rate","1997","20 - 24 years","Border","%",""
"Total period of fertility rate","1997","20 - 24 years","Dublin","%",""
"Total period of fertility rate","1997","20 - 24 years","Mid-East","%",""
"Total period of fertility rate","1997","20 - 24 years","Midland","%",""
"Total period of fertility rate","1997","20 - 24 years","Mid-West","%",""
"Total period of fertility rate","1997","20 - 24 years","South-East","%",""
"Total period of fertility rate","1997","20 - 24 years","South-West","%",""
"Total period of fertility rate","1997","20 - 24 years","West","%",""
"Total period of fertility rate","1997","20 - 24 years","Ireland","%",""
"Total period of fertility rate","1997","25 - 29 years","Border","%",""
"Total period of fertility rate","1997","25 - 29 years","Dublin","%",""
"Total period of fertility rate","1997","25 - 29 years","Mid-East","%",""
"Total period of fertility rate","1997","25 - 29 years","Midland","%",""
"Total period of fertility rate","1997","25 - 29 years","Mid-West","%",""
"Total period of fertility rate","1997","25 - 29 years","South-East","%",""
"Total period of fertility rate","1997","25 - 29 years","South-West","%",""
"Total period of fertility rate","1997","25 - 29 years","West","%",""
"Total period of fertility rate","1997","25 - 29 years","Ireland","%",""
"Total period of fertility rate","1997","30 - 34 years","Border","%",""
"Total period of fertility rate","1997","30 - 34 years","Dublin","%",""
"Total period of fertility rate","1997","30 - 34 years","Mid-East","%",""
"Total period of fertility rate","1997","30 - 34 years","Midland","%",""
"Total period of fertility rate","1997","30 - 34 years","Mid-West","%",""
"Total period of fertility rate","1997","30 - 34 years","South-East","%",""
"Total period of fertility rate","1997","30 - 34 years","South-West","%",""
"Total period of fertility rate","1997","30 - 34 years","West","%",""
"Total period of fertility rate","1997","30 - 34 years","Ireland","%",""
"Total period of fertility rate","1997","35 - 39 years","Border","%",""
"Total period of fertility rate","1997","35 - 39 years","Dublin","%",""
"Total period of fertility rate","1997","35 - 39 years","Mid-East","%",""
"Total period of fertility rate","1997","35 - 39 years","Midland","%",""
"Total period of fertility rate","1997","35 - 39 years","Mid-West","%",""
"Total period of fertility rate","1997","35 - 39 years","South-East","%",""
"Total period of fertility rate","1997","35 - 39 years","South-West","%",""
"Total period of fertility rate","1997","35 - 39 years","West","%",""
"Total period of fertility rate","1997","35 - 39 years","Ireland","%",""
"Total period of fertility rate","1997","40 - 44 years","Border","%",""
"Total period of fertility rate","1997","40 - 44 years","Dublin","%",""
"Total period of fertility rate","1997","40 - 44 years","Mid-East","%",""
"Total period of fertility rate","1997","40 - 44 years","Midland","%",""
"Total period of fertility rate","1997","40 - 44 years","Mid-West","%",""
"Total period of fertility rate","1997","40 - 44 years","South-East","%",""
"Total period of fertility rate","1997","40 - 44 years","South-West","%",""
"Total period of fertility rate","1997","40 - 44 years","West","%",""
"Total period of fertility rate","1997","40 - 44 years","Ireland","%",""
"Total period of fertility rate","1997","45 - 49 years","Border","%",""
"Total period of fertility rate","1997","45 - 49 years","Dublin","%",""
"Total period of fertility rate","1997","45 - 49 years","Mid-East","%",""
"Total period of fertility rate","1997","45 - 49 years","Midland","%",""
"Total period of fertility rate","1997","45 - 49 years","Mid-West","%",""
"Total period of fertility rate","1997","45 - 49 years","South-East","%",""
"Total period of fertility rate","1997","45 - 49 years","South-West","%",""
"Total period of fertility rate","1997","45 - 49 years","West","%",""
"Total period of fertility rate","1997","45 - 49 years","Ireland","%",""
"Total period of fertility rate","1998","All ages","Border","%",""
"Total period of fertility rate","1998","All ages","Dublin","%",""
"Total period of fertility rate","1998","All ages","Mid-East","%",""
"Total period of fertility rate","1998","All ages","Midland","%",""
"Total period of fertility rate","1998","All ages","Mid-West","%",""
"Total period of fertility rate","1998","All ages","South-East","%",""
"Total period of fertility rate","1998","All ages","South-West","%",""
"Total period of fertility rate","1998","All ages","West","%",""
"Total period of fertility rate","1998","All ages","Ireland","%","1.95"
"Total period of fertility rate","1998","15 - 19 years","Border","%",""
"Total period of fertility rate","1998","15 - 19 years","Dublin","%",""
"Total period of fertility rate","1998","15 - 19 years","Mid-East","%",""
"Total period of fertility rate","1998","15 - 19 years","Midland","%",""
"Total period of fertility rate","1998","15 - 19 years","Mid-West","%",""
"Total period of fertility rate","1998","15 - 19 years","South-East","%",""
"Total period of fertility rate","1998","15 - 19 years","South-West","%",""
"Total period of fertility rate","1998","15 - 19 years","West","%",""
"Total period of fertility rate","1998","15 - 19 years","Ireland","%",""
"Total period of fertility rate","1998","20 - 24 years","Border","%",""
"Total period of fertility rate","1998","20 - 24 years","Dublin","%",""
"Total period of fertility rate","1998","20 - 24 years","Mid-East","%",""
"Total period of fertility rate","1998","20 - 24 years","Midland","%",""
"Total period of fertility rate","1998","20 - 24 years","Mid-West","%",""
"Total period of fertility rate","1998","20 - 24 years","South-East","%",""
"Total period of fertility rate","1998","20 - 24 years","South-West","%",""
"Total period of fertility rate","1998","20 - 24 years","West","%",""
"Total period of fertility rate","1998","20 - 24 years","Ireland","%",""
"Total period of fertility rate","1998","25 - 29 years","Border","%",""
"Total period of fertility rate","1998","25 - 29 years","Dublin","%",""
"Total period of fertility rate","1998","25 - 29 years","Mid-East","%",""
"Total period of fertility rate","1998","25 - 29 years","Midland","%",""
"Total period of fertility rate","1998","25 - 29 years","Mid-West","%",""
"Total period of fertility rate","1998","25 - 29 years","South-East","%",""
"Total period of fertility rate","1998","25 - 29 years","South-West","%",""
"Total period of fertility rate","1998","25 - 29 years","West","%",""
"Total period of fertility rate","1998","25 - 29 years","Ireland","%",""
"Total period of fertility rate","1998","30 - 34 years","Border","%",""
"Total period of fertility rate","1998","30 - 34 years","Dublin","%",""
"Total period of fertility rate","1998","30 - 34 years","Mid-East","%",""
"Total period of fertility rate","1998","30 - 34 years","Midland","%",""
"Total period of fertility rate","1998","30 - 34 years","Mid-West","%",""
"Total period of fertility rate","1998","30 - 34 years","South-East","%",""
"Total period of fertility rate","1998","30 - 34 years","South-West","%",""
"Total period of fertility rate","1998","30 - 34 years","West","%",""
"Total period of fertility rate","1998","30 - 34 years","Ireland","%",""
"Total period of fertility rate","1998","35 - 39 years","Border","%",""
"Total period of fertility rate","1998","35 - 39 years","Dublin","%",""
"Total period of fertility rate","1998","35 - 39 years","Mid-East","%",""
"Total period of fertility rate","1998","35 - 39 years","Midland","%",""
"Total period of fertility rate","1998","35 - 39 years","Mid-West","%",""
"Total period of fertility rate","1998","35 - 39 years","South-East","%",""
"Total period of fertility rate","1998","35 - 39 years","South-West","%",""
"Total period of fertility rate","1998","35 - 39 years","West","%",""
"Total period of fertility rate","1998","35 - 39 years","Ireland","%",""
"Total period of fertility rate","1998","40 - 44 years","Border","%",""
"Total period of fertility rate","1998","40 - 44 years","Dublin","%",""
"Total period of fertility rate","1998","40 - 44 years","Mid-East","%",""
"Total period of fertility rate","1998","40 - 44 years","Midland","%",""
"Total period of fertility rate","1998","40 - 44 years","Mid-West","%",""
"Total period of fertility rate","1998","40 - 44 years","South-East","%",""
"Total period of fertility rate","1998","40 - 44 years","South-West","%",""
"Total period of fertility rate","1998","40 - 44 years","West","%",""
"Total period of fertility rate","1998","40 - 44 years","Ireland","%",""
"Total period of fertility rate","1998","45 - 49 years","Border","%",""
"Total period of fertility rate","1998","45 - 49 years","Dublin","%",""
"Total period of fertility rate","1998","45 - 49 years","Mid-East","%",""
"Total period of fertility rate","1998","45 - 49 years","Midland","%",""
"Total period of fertility rate","1998","45 - 49 years","Mid-West","%",""
"Total period of fertility rate","1998","45 - 49 years","South-East","%",""
"Total period of fertility rate","1998","45 - 49 years","South-West","%",""
"Total period of fertility rate","1998","45 - 49 years","West","%",""
"Total period of fertility rate","1998","45 - 49 years","Ireland","%",""
"Total period of fertility rate","1999","All ages","Border","%",""
"Total period of fertility rate","1999","All ages","Dublin","%",""
"Total period of fertility rate","1999","All ages","Mid-East","%",""
"Total period of fertility rate","1999","All ages","Midland","%",""
"Total period of fertility rate","1999","All ages","Mid-West","%",""
"Total period of fertility rate","1999","All ages","South-East","%",""
"Total period of fertility rate","1999","All ages","South-West","%",""
"Total period of fertility rate","1999","All ages","West","%",""
"Total period of fertility rate","1999","All ages","Ireland","%","1.91"
"Total period of fertility rate","1999","15 - 19 years","Border","%",""
"Total period of fertility rate","1999","15 - 19 years","Dublin","%",""
"Total period of fertility rate","1999","15 - 19 years","Mid-East","%",""
"Total period of fertility rate","1999","15 - 19 years","Midland","%",""
"Total period of fertility rate","1999","15 - 19 years","Mid-West","%",""
"Total period of fertility rate","1999","15 - 19 years","South-East","%",""
"Total period of fertility rate","1999","15 - 19 years","South-West","%",""
"Total period of fertility rate","1999","15 - 19 years","West","%",""
"Total period of fertility rate","1999","15 - 19 years","Ireland","%",""
"Total period of fertility rate","1999","20 - 24 years","Border","%",""
"Total period of fertility rate","1999","20 - 24 years","Dublin","%",""
"Total period of fertility rate","1999","20 - 24 years","Mid-East","%",""
"Total period of fertility rate","1999","20 - 24 years","Midland","%",""
"Total period of fertility rate","1999","20 - 24 years","Mid-West","%",""
"Total period of fertility rate","1999","20 - 24 years","South-East","%",""
"Total period of fertility rate","1999","20 - 24 years","South-West","%",""
"Total period of fertility rate","1999","20 - 24 years","West","%",""
"Total period of fertility rate","1999","20 - 24 years","Ireland","%",""
"Total period of fertility rate","1999","25 - 29 years","Border","%",""
"Total period of fertility rate","1999","25 - 29 years","Dublin","%",""
"Total period of fertility rate","1999","25 - 29 years","Mid-East","%",""
"Total period of fertility rate","1999","25 - 29 years","Midland","%",""
"Total period of fertility rate","1999","25 - 29 years","Mid-West","%",""
"Total period of fertility rate","1999","25 - 29 years","South-East","%",""
"Total period of fertility rate","1999","25 - 29 years","South-West","%",""
"Total period of fertility rate","1999","25 - 29 years","West","%",""
"Total period of fertility rate","1999","25 - 29 years","Ireland","%",""
"Total period of fertility rate","1999","30 - 34 years","Border","%",""
"Total period of fertility rate","1999","30 - 34 years","Dublin","%",""
"Total period of fertility rate","1999","30 - 34 years","Mid-East","%",""
"Total period of fertility rate","1999","30 - 34 years","Midland","%",""
"Total period of fertility rate","1999","30 - 34 years","Mid-West","%",""
"Total period of fertility rate","1999","30 - 34 years","South-East","%",""
"Total period of fertility rate","1999","30 - 34 years","South-West","%",""
"Total period of fertility rate","1999","30 - 34 years","West","%",""
"Total period of fertility rate","1999","30 - 34 years","Ireland","%",""
"Total period of fertility rate","1999","35 - 39 years","Border","%",""
"Total period of fertility rate","1999","35 - 39 years","Dublin","%",""
"Total period of fertility rate","1999","35 - 39 years","Mid-East","%",""
"Total period of fertility rate","1999","35 - 39 years","Midland","%",""
"Total period of fertility rate","1999","35 - 39 years","Mid-West","%",""
"Total period of fertility rate","1999","35 - 39 years","South-East","%",""
"Total period of fertility rate","1999","35 - 39 years","South-West","%",""
"Total period of fertility rate","1999","35 - 39 years","West","%",""
"Total period of fertility rate","1999","35 - 39 years","Ireland","%",""
"Total period of fertility rate","1999","40 - 44 years","Border","%",""
"Total period of fertility rate","1999","40 - 44 years","Dublin","%",""
"Total period of fertility rate","1999","40 - 44 years","Mid-East","%",""
"Total period of fertility rate","1999","40 - 44 years","Midland","%",""
"Total period of fertility rate","1999","40 - 44 years","Mid-West","%",""
"Total period of fertility rate","1999","40 - 44 years","South-East","%",""
"Total period of fertility rate","1999","40 - 44 years","South-West","%",""
"Total period of fertility rate","1999","40 - 44 years","West","%",""
"Total period of fertility rate","1999","40 - 44 years","Ireland","%",""
"Total period of fertility rate","1999","45 - 49 years","Border","%",""
"Total period of fertility rate","1999","45 - 49 years","Dublin","%",""
"Total period of fertility rate","1999","45 - 49 years","Mid-East","%",""
"Total period of fertility rate","1999","45 - 49 years","Midland","%",""
"Total period of fertility rate","1999","45 - 49 years","Mid-West","%",""
"Total period of fertility rate","1999","45 - 49 years","South-East","%",""
"Total period of fertility rate","1999","45 - 49 years","South-West","%",""
"Total period of fertility rate","1999","45 - 49 years","West","%",""
"Total period of fertility rate","1999","45 - 49 years","Ireland","%",""
"Total period of fertility rate","2000","All ages","Border","%",""
"Total period of fertility rate","2000","All ages","Dublin","%",""
"Total period of fertility rate","2000","All ages","Mid-East","%",""
"Total period of fertility rate","2000","All ages","Midland","%",""
"Total period of fertility rate","2000","All ages","Mid-West","%",""
"Total period of fertility rate","2000","All ages","South-East","%",""
"Total period of fertility rate","2000","All ages","South-West","%",""
"Total period of fertility rate","2000","All ages","West","%",""
"Total period of fertility rate","2000","All ages","Ireland","%","1.9"
"Total period of fertility rate","2000","15 - 19 years","Border","%",""
"Total period of fertility rate","2000","15 - 19 years","Dublin","%",""
"Total period of fertility rate","2000","15 - 19 years","Mid-East","%",""
"Total period of fertility rate","2000","15 - 19 years","Midland","%",""
"Total period of fertility rate","2000","15 - 19 years","Mid-West","%",""
"Total period of fertility rate","2000","15 - 19 years","South-East","%",""
"Total period of fertility rate","2000","15 - 19 years","South-West","%",""
"Total period of fertility rate","2000","15 - 19 years","West","%",""
"Total period of fertility rate","2000","15 - 19 years","Ireland","%",""
"Total period of fertility rate","2000","20 - 24 years","Border","%",""
"Total period of fertility rate","2000","20 - 24 years","Dublin","%",""
"Total period of fertility rate","2000","20 - 24 years","Mid-East","%",""
"Total period of fertility rate","2000","20 - 24 years","Midland","%",""
"Total period of fertility rate","2000","20 - 24 years","Mid-West","%",""
"Total period of fertility rate","2000","20 - 24 years","South-East","%",""
"Total period of fertility rate","2000","20 - 24 years","South-West","%",""
"Total period of fertility rate","2000","20 - 24 years","West","%",""
"Total period of fertility rate","2000","20 - 24 years","Ireland","%",""
"Total period of fertility rate","2000","25 - 29 years","Border","%",""
"Total period of fertility rate","2000","25 - 29 years","Dublin","%",""
"Total period of fertility rate","2000","25 - 29 years","Mid-East","%",""
"Total period of fertility rate","2000","25 - 29 years","Midland","%",""
"Total period of fertility rate","2000","25 - 29 years","Mid-West","%",""
"Total period of fertility rate","2000","25 - 29 years","South-East","%",""
"Total period of fertility rate","2000","25 - 29 years","South-West","%",""
"Total period of fertility rate","2000","25 - 29 years","West","%",""
"Total period of fertility rate","2000","25 - 29 years","Ireland","%",""
"Total period of fertility rate","2000","30 - 34 years","Border","%",""
"Total period of fertility rate","2000","30 - 34 years","Dublin","%",""
"Total period of fertility rate","2000","30 - 34 years","Mid-East","%",""
"Total period of fertility rate","2000","30 - 34 years","Midland","%",""
"Total period of fertility rate","2000","30 - 34 years","Mid-West","%",""
"Total period of fertility rate","2000","30 - 34 years","South-East","%",""
"Total period of fertility rate","2000","30 - 34 years","South-West","%",""
"Total period of fertility rate","2000","30 - 34 years","West","%",""
"Total period of fertility rate","2000","30 - 34 years","Ireland","%",""
"Total period of fertility rate","2000","35 - 39 years","Border","%",""
"Total period of fertility rate","2000","35 - 39 years","Dublin","%",""
"Total period of fertility rate","2000","35 - 39 years","Mid-East","%",""
"Total period of fertility rate","2000","35 - 39 years","Midland","%",""
"Total period of fertility rate","2000","35 - 39 years","Mid-West","%",""
"Total period of fertility rate","2000","35 - 39 years","South-East","%",""
"Total period of fertility rate","2000","35 - 39 years","South-West","%",""
"Total period of fertility rate","2000","35 - 39 years","West","%",""
"Total period of fertility rate","2000","35 - 39 years","Ireland","%",""
"Total period of fertility rate","2000","40 - 44 years","Border","%",""
"Total period of fertility rate","2000","40 - 44 years","Dublin","%",""
"Total period of fertility rate","2000","40 - 44 years","Mid-East","%",""
"Total period of fertility rate","2000","40 - 44 years","Midland","%",""
"Total period of fertility rate","2000","40 - 44 years","Mid-West","%",""
"Total period of fertility rate","2000","40 - 44 years","South-East","%",""
"Total period of fertility rate","2000","40 - 44 years","South-West","%",""
"Total period of fertility rate","2000","40 - 44 years","West","%",""
"Total period of fertility rate","2000","40 - 44 years","Ireland","%",""
"Total period of fertility rate","2000","45 - 49 years","Border","%",""
"Total period of fertility rate","2000","45 - 49 years","Dublin","%",""
"Total period of fertility rate","2000","45 - 49 years","Mid-East","%",""
"Total period of fertility rate","2000","45 - 49 years","Midland","%",""
"Total period of fertility rate","2000","45 - 49 years","Mid-West","%",""
"Total period of fertility rate","2000","45 - 49 years","South-East","%",""
"Total period of fertility rate","2000","45 - 49 years","South-West","%",""
"Total period of fertility rate","2000","45 - 49 years","West","%",""
"Total period of fertility rate","2000","45 - 49 years","Ireland","%",""
"Total period of fertility rate","2001","All ages","Border","%",""
"Total period of fertility rate","2001","All ages","Dublin","%",""
"Total period of fertility rate","2001","All ages","Mid-East","%",""
"Total period of fertility rate","2001","All ages","Midland","%",""
"Total period of fertility rate","2001","All ages","Mid-West","%",""
"Total period of fertility rate","2001","All ages","South-East","%",""
"Total period of fertility rate","2001","All ages","South-West","%",""
"Total period of fertility rate","2001","All ages","West","%",""
"Total period of fertility rate","2001","All ages","Ireland","%","1.96"
"Total period of fertility rate","2001","15 - 19 years","Border","%",""
"Total period of fertility rate","2001","15 - 19 years","Dublin","%",""
"Total period of fertility rate","2001","15 - 19 years","Mid-East","%",""
"Total period of fertility rate","2001","15 - 19 years","Midland","%",""
"Total period of fertility rate","2001","15 - 19 years","Mid-West","%",""
"Total period of fertility rate","2001","15 - 19 years","South-East","%",""
"Total period of fertility rate","2001","15 - 19 years","South-West","%",""
"Total period of fertility rate","2001","15 - 19 years","West","%",""
"Total period of fertility rate","2001","15 - 19 years","Ireland","%",""
"Total period of fertility rate","2001","20 - 24 years","Border","%",""
"Total period of fertility rate","2001","20 - 24 years","Dublin","%",""
"Total period of fertility rate","2001","20 - 24 years","Mid-East","%",""
"Total period of fertility rate","2001","20 - 24 years","Midland","%",""
"Total period of fertility rate","2001","20 - 24 years","Mid-West","%",""
"Total period of fertility rate","2001","20 - 24 years","South-East","%",""
"Total period of fertility rate","2001","20 - 24 years","South-West","%",""
"Total period of fertility rate","2001","20 - 24 years","West","%",""
"Total period of fertility rate","2001","20 - 24 years","Ireland","%",""
"Total period of fertility rate","2001","25 - 29 years","Border","%",""
"Total period of fertility rate","2001","25 - 29 years","Dublin","%",""
"Total period of fertility rate","2001","25 - 29 years","Mid-East","%",""
"Total period of fertility rate","2001","25 - 29 years","Midland","%",""
"Total period of fertility rate","2001","25 - 29 years","Mid-West","%",""
"Total period of fertility rate","2001","25 - 29 years","South-East","%",""
"Total period of fertility rate","2001","25 - 29 years","South-West","%",""
"Total period of fertility rate","2001","25 - 29 years","West","%",""
"Total period of fertility rate","2001","25 - 29 years","Ireland","%",""
"Total period of fertility rate","2001","30 - 34 years","Border","%",""
"Total period of fertility rate","2001","30 - 34 years","Dublin","%",""
"Total period of fertility rate","2001","30 - 34 years","Mid-East","%",""
"Total period of fertility rate","2001","30 - 34 years","Midland","%",""
"Total period of fertility rate","2001","30 - 34 years","Mid-West","%",""
"Total period of fertility rate","2001","30 - 34 years","South-East","%",""
"Total period of fertility rate","2001","30 - 34 years","South-West","%",""
"Total period of fertility rate","2001","30 - 34 years","West","%",""
"Total period of fertility rate","2001","30 - 34 years","Ireland","%",""
"Total period of fertility rate","2001","35 - 39 years","Border","%",""
"Total period of fertility rate","2001","35 - 39 years","Dublin","%",""
"Total period of fertility rate","2001","35 - 39 years","Mid-East","%",""
"Total period of fertility rate","2001","35 - 39 years","Midland","%",""
"Total period of fertility rate","2001","35 - 39 years","Mid-West","%",""
"Total period of fertility rate","2001","35 - 39 years","South-East","%",""
"Total period of fertility rate","2001","35 - 39 years","South-West","%",""
"Total period of fertility rate","2001","35 - 39 years","West","%",""
"Total period of fertility rate","2001","35 - 39 years","Ireland","%",""
"Total period of fertility rate","2001","40 - 44 years","Border","%",""
"Total period of fertility rate","2001","40 - 44 years","Dublin","%",""
"Total period of fertility rate","2001","40 - 44 years","Mid-East","%",""
"Total period of fertility rate","2001","40 - 44 years","Midland","%",""
"Total period of fertility rate","2001","40 - 44 years","Mid-West","%",""
"Total period of fertility rate","2001","40 - 44 years","South-East","%",""
"Total period of fertility rate","2001","40 - 44 years","South-West","%",""
"Total period of fertility rate","2001","40 - 44 years","West","%",""
"Total period of fertility rate","2001","40 - 44 years","Ireland","%",""
"Total period of fertility rate","2001","45 - 49 years","Border","%",""
"Total period of fertility rate","2001","45 - 49 years","Dublin","%",""
"Total period of fertility rate","2001","45 - 49 years","Mid-East","%",""
"Total period of fertility rate","2001","45 - 49 years","Midland","%",""
"Total period of fertility rate","2001","45 - 49 years","Mid-West","%",""
"Total period of fertility rate","2001","45 - 49 years","South-East","%",""
"Total period of fertility rate","2001","45 - 49 years","South-West","%",""
"Total period of fertility rate","2001","45 - 49 years","West","%",""
"Total period of fertility rate","2001","45 - 49 years","Ireland","%",""
"Total period of fertility rate","2002","All ages","Border","%",""
"Total period of fertility rate","2002","All ages","Dublin","%",""
"Total period of fertility rate","2002","All ages","Mid-East","%",""
"Total period of fertility rate","2002","All ages","Midland","%",""
"Total period of fertility rate","2002","All ages","Mid-West","%",""
"Total period of fertility rate","2002","All ages","South-East","%",""
"Total period of fertility rate","2002","All ages","South-West","%",""
"Total period of fertility rate","2002","All ages","West","%",""
"Total period of fertility rate","2002","All ages","Ireland","%","1.98"
"Total period of fertility rate","2002","15 - 19 years","Border","%",""
"Total period of fertility rate","2002","15 - 19 years","Dublin","%",""
"Total period of fertility rate","2002","15 - 19 years","Mid-East","%",""
"Total period of fertility rate","2002","15 - 19 years","Midland","%",""
"Total period of fertility rate","2002","15 - 19 years","Mid-West","%",""
"Total period of fertility rate","2002","15 - 19 years","South-East","%",""
"Total period of fertility rate","2002","15 - 19 years","South-West","%",""
"Total period of fertility rate","2002","15 - 19 years","West","%",""
"Total period of fertility rate","2002","15 - 19 years","Ireland","%",""
"Total period of fertility rate","2002","20 - 24 years","Border","%",""
"Total period of fertility rate","2002","20 - 24 years","Dublin","%",""
"Total period of fertility rate","2002","20 - 24 years","Mid-East","%",""
"Total period of fertility rate","2002","20 - 24 years","Midland","%",""
"Total period of fertility rate","2002","20 - 24 years","Mid-West","%",""
"Total period of fertility rate","2002","20 - 24 years","South-East","%",""
"Total period of fertility rate","2002","20 - 24 years","South-West","%",""
"Total period of fertility rate","2002","20 - 24 years","West","%",""
"Total period of fertility rate","2002","20 - 24 years","Ireland","%",""
"Total period of fertility rate","2002","25 - 29 years","Border","%",""
"Total period of fertility rate","2002","25 - 29 years","Dublin","%",""
"Total period of fertility rate","2002","25 - 29 years","Mid-East","%",""
"Total period of fertility rate","2002","25 - 29 years","Midland","%",""
"Total period of fertility rate","2002","25 - 29 years","Mid-West","%",""
"Total period of fertility rate","2002","25 - 29 years","South-East","%",""
"Total period of fertility rate","2002","25 - 29 years","South-West","%",""
"Total period of fertility rate","2002","25 - 29 years","West","%",""
"Total period of fertility rate","2002","25 - 29 years","Ireland","%",""
"Total period of fertility rate","2002","30 - 34 years","Border","%",""
"Total period of fertility rate","2002","30 - 34 years","Dublin","%",""
"Total period of fertility rate","2002","30 - 34 years","Mid-East","%",""
"Total period of fertility rate","2002","30 - 34 years","Midland","%",""
"Total period of fertility rate","2002","30 - 34 years","Mid-West","%",""
"Total period of fertility rate","2002","30 - 34 years","South-East","%",""
"Total period of fertility rate","2002","30 - 34 years","South-West","%",""
"Total period of fertility rate","2002","30 - 34 years","West","%",""
"Total period of fertility rate","2002","30 - 34 years","Ireland","%",""
"Total period of fertility rate","2002","35 - 39 years","Border","%",""
"Total period of fertility rate","2002","35 - 39 years","Dublin","%",""
"Total period of fertility rate","2002","35 - 39 years","Mid-East","%",""
"Total period of fertility rate","2002","35 - 39 years","Midland","%",""
"Total period of fertility rate","2002","35 - 39 years","Mid-West","%",""
"Total period of fertility rate","2002","35 - 39 years","South-East","%",""
"Total period of fertility rate","2002","35 - 39 years","South-West","%",""
"Total period of fertility rate","2002","35 - 39 years","West","%",""
"Total period of fertility rate","2002","35 - 39 years","Ireland","%",""
"Total period of fertility rate","2002","40 - 44 years","Border","%",""
"Total period of fertility rate","2002","40 - 44 years","Dublin","%",""
"Total period of fertility rate","2002","40 - 44 years","Mid-East","%",""
"Total period of fertility rate","2002","40 - 44 years","Midland","%",""
"Total period of fertility rate","2002","40 - 44 years","Mid-West","%",""
"Total period of fertility rate","2002","40 - 44 years","South-East","%",""
"Total period of fertility rate","2002","40 - 44 years","South-West","%",""
"Total period of fertility rate","2002","40 - 44 years","West","%",""
"Total period of fertility rate","2002","40 - 44 years","Ireland","%",""
"Total period of fertility rate","2002","45 - 49 years","Border","%",""
"Total period of fertility rate","2002","45 - 49 years","Dublin","%",""
"Total period of fertility rate","2002","45 - 49 years","Mid-East","%",""
"Total period of fertility rate","2002","45 - 49 years","Midland","%",""
"Total period of fertility rate","2002","45 - 49 years","Mid-West","%",""
"Total period of fertility rate","2002","45 - 49 years","South-East","%",""
"Total period of fertility rate","2002","45 - 49 years","South-West","%",""
"Total period of fertility rate","2002","45 - 49 years","West","%",""
"Total period of fertility rate","2002","45 - 49 years","Ireland","%",""
"Total period of fertility rate","2003","All ages","Border","%",""
"Total period of fertility rate","2003","All ages","Dublin","%",""
"Total period of fertility rate","2003","All ages","Mid-East","%",""
"Total period of fertility rate","2003","All ages","Midland","%",""
"Total period of fertility rate","2003","All ages","Mid-West","%",""
"Total period of fertility rate","2003","All ages","South-East","%",""
"Total period of fertility rate","2003","All ages","South-West","%",""
"Total period of fertility rate","2003","All ages","West","%",""
"Total period of fertility rate","2003","All ages","Ireland","%","1.98"
"Total period of fertility rate","2003","15 - 19 years","Border","%",""
"Total period of fertility rate","2003","15 - 19 years","Dublin","%",""
"Total period of fertility rate","2003","15 - 19 years","Mid-East","%",""
"Total period of fertility rate","2003","15 - 19 years","Midland","%",""
"Total period of fertility rate","2003","15 - 19 years","Mid-West","%",""
"Total period of fertility rate","2003","15 - 19 years","South-East","%",""
"Total period of fertility rate","2003","15 - 19 years","South-West","%",""
"Total period of fertility rate","2003","15 - 19 years","West","%",""
"Total period of fertility rate","2003","15 - 19 years","Ireland","%",""
"Total period of fertility rate","2003","20 - 24 years","Border","%",""
"Total period of fertility rate","2003","20 - 24 years","Dublin","%",""
"Total period of fertility rate","2003","20 - 24 years","Mid-East","%",""
"Total period of fertility rate","2003","20 - 24 years","Midland","%",""
"Total period of fertility rate","2003","20 - 24 years","Mid-West","%",""
"Total period of fertility rate","2003","20 - 24 years","South-East","%",""
"Total period of fertility rate","2003","20 - 24 years","South-West","%",""
"Total period of fertility rate","2003","20 - 24 years","West","%",""
"Total period of fertility rate","2003","20 - 24 years","Ireland","%",""
"Total period of fertility rate","2003","25 - 29 years","Border","%",""
"Total period of fertility rate","2003","25 - 29 years","Dublin","%",""
"Total period of fertility rate","2003","25 - 29 years","Mid-East","%",""
"Total period of fertility rate","2003","25 - 29 years","Midland","%",""
"Total period of fertility rate","2003","25 - 29 years","Mid-West","%",""
"Total period of fertility rate","2003","25 - 29 years","South-East","%",""
"Total period of fertility rate","2003","25 - 29 years","South-West","%",""
"Total period of fertility rate","2003","25 - 29 years","West","%",""
"Total period of fertility rate","2003","25 - 29 years","Ireland","%",""
"Total period of fertility rate","2003","30 - 34 years","Border","%",""
"Total period of fertility rate","2003","30 - 34 years","Dublin","%",""
"Total period of fertility rate","2003","30 - 34 years","Mid-East","%",""
"Total period of fertility rate","2003","30 - 34 years","Midland","%",""
"Total period of fertility rate","2003","30 - 34 years","Mid-West","%",""
"Total period of fertility rate","2003","30 - 34 years","South-East","%",""
"Total period of fertility rate","2003","30 - 34 years","South-West","%",""
"Total period of fertility rate","2003","30 - 34 years","West","%",""
"Total period of fertility rate","2003","30 - 34 years","Ireland","%",""
"Total period of fertility rate","2003","35 - 39 years","Border","%",""
"Total period of fertility rate","2003","35 - 39 years","Dublin","%",""
"Total period of fertility rate","2003","35 - 39 years","Mid-East","%",""
"Total period of fertility rate","2003","35 - 39 years","Midland","%",""
"Total period of fertility rate","2003","35 - 39 years","Mid-West","%",""
"Total period of fertility rate","2003","35 - 39 years","South-East","%",""
"Total period of fertility rate","2003","35 - 39 years","South-West","%",""
"Total period of fertility rate","2003","35 - 39 years","West","%",""
"Total period of fertility rate","2003","35 - 39 years","Ireland","%",""
"Total period of fertility rate","2003","40 - 44 years","Border","%",""
"Total period of fertility rate","2003","40 - 44 years","Dublin","%",""
"Total period of fertility rate","2003","40 - 44 years","Mid-East","%",""
"Total period of fertility rate","2003","40 - 44 years","Midland","%",""
"Total period of fertility rate","2003","40 - 44 years","Mid-West","%",""
"Total period of fertility rate","2003","40 - 44 years","South-East","%",""
"Total period of fertility rate","2003","40 - 44 years","South-West","%",""
"Total period of fertility rate","2003","40 - 44 years","West","%",""
"Total period of fertility rate","2003","40 - 44 years","Ireland","%",""
"Total period of fertility rate","2003","45 - 49 years","Border","%",""
"Total period of fertility rate","2003","45 - 49 years","Dublin","%",""
"Total period of fertility rate","2003","45 - 49 years","Mid-East","%",""
"Total period of fertility rate","2003","45 - 49 years","Midland","%",""
"Total period of fertility rate","2003","45 - 49 years","Mid-West","%",""
"Total period of fertility rate","2003","45 - 49 years","South-East","%",""
"Total period of fertility rate","2003","45 - 49 years","South-West","%",""
"Total period of fertility rate","2003","45 - 49 years","West","%",""
"Total period of fertility rate","2003","45 - 49 years","Ireland","%",""
"Total period of fertility rate","2004","All ages","Border","%",""
"Total period of fertility rate","2004","All ages","Dublin","%",""
"Total period of fertility rate","2004","All ages","Mid-East","%",""
"Total period of fertility rate","2004","All ages","Midland","%",""
"Total period of fertility rate","2004","All ages","Mid-West","%",""
"Total period of fertility rate","2004","All ages","South-East","%",""
"Total period of fertility rate","2004","All ages","South-West","%",""
"Total period of fertility rate","2004","All ages","West","%",""
"Total period of fertility rate","2004","All ages","Ireland","%","1.95"
"Total period of fertility rate","2004","15 - 19 years","Border","%",""
"Total period of fertility rate","2004","15 - 19 years","Dublin","%",""
"Total period of fertility rate","2004","15 - 19 years","Mid-East","%",""
"Total period of fertility rate","2004","15 - 19 years","Midland","%",""
"Total period of fertility rate","2004","15 - 19 years","Mid-West","%",""
"Total period of fertility rate","2004","15 - 19 years","South-East","%",""
"Total period of fertility rate","2004","15 - 19 years","South-West","%",""
"Total period of fertility rate","2004","15 - 19 years","West","%",""
"Total period of fertility rate","2004","15 - 19 years","Ireland","%",""
"Total period of fertility rate","2004","20 - 24 years","Border","%",""
"Total period of fertility rate","2004","20 - 24 years","Dublin","%",""
"Total period of fertility rate","2004","20 - 24 years","Mid-East","%",""
"Total period of fertility rate","2004","20 - 24 years","Midland","%",""
"Total period of fertility rate","2004","20 - 24 years","Mid-West","%",""
"Total period of fertility rate","2004","20 - 24 years","South-East","%",""
"Total period of fertility rate","2004","20 - 24 years","South-West","%",""
"Total period of fertility rate","2004","20 - 24 years","West","%",""
"Total period of fertility rate","2004","20 - 24 years","Ireland","%",""
"Total period of fertility rate","2004","25 - 29 years","Border","%",""
"Total period of fertility rate","2004","25 - 29 years","Dublin","%",""
"Total period of fertility rate","2004","25 - 29 years","Mid-East","%",""
"Total period of fertility rate","2004","25 - 29 years","Midland","%",""
"Total period of fertility rate","2004","25 - 29 years","Mid-West","%",""
"Total period of fertility rate","2004","25 - 29 years","South-East","%",""
"Total period of fertility rate","2004","25 - 29 years","South-West","%",""
"Total period of fertility rate","2004","25 - 29 years","West","%",""
"Total period of fertility rate","2004","25 - 29 years","Ireland","%",""
"Total period of fertility rate","2004","30 - 34 years","Border","%",""
"Total period of fertility rate","2004","30 - 34 years","Dublin","%",""
"Total period of fertility rate","2004","30 - 34 years","Mid-East","%",""
"Total period of fertility rate","2004","30 - 34 years","Midland","%",""
"Total period of fertility rate","2004","30 - 34 years","Mid-West","%",""
"Total period of fertility rate","2004","30 - 34 years","South-East","%",""
"Total period of fertility rate","2004","30 - 34 years","South-West","%",""
"Total period of fertility rate","2004","30 - 34 years","West","%",""
"Total period of fertility rate","2004","30 - 34 years","Ireland","%",""
"Total period of fertility rate","2004","35 - 39 years","Border","%",""
"Total period of fertility rate","2004","35 - 39 years","Dublin","%",""
"Total period of fertility rate","2004","35 - 39 years","Mid-East","%",""
"Total period of fertility rate","2004","35 - 39 years","Midland","%",""
"Total period of fertility rate","2004","35 - 39 years","Mid-West","%",""
"Total period of fertility rate","2004","35 - 39 years","South-East","%",""
"Total period of fertility rate","2004","35 - 39 years","South-West","%",""
"Total period of fertility rate","2004","35 - 39 years","West","%",""
"Total period of fertility rate","2004","35 - 39 years","Ireland","%",""
"Total period of fertility rate","2004","40 - 44 years","Border","%",""
"Total period of fertility rate","2004","40 - 44 years","Dublin","%",""
"Total period of fertility rate","2004","40 - 44 years","Mid-East","%",""
"Total period of fertility rate","2004","40 - 44 years","Midland","%",""
"Total period of fertility rate","2004","40 - 44 years","Mid-West","%",""
"Total period of fertility rate","2004","40 - 44 years","South-East","%",""
"Total period of fertility rate","2004","40 - 44 years","South-West","%",""
"Total period of fertility rate","2004","40 - 44 years","West","%",""
"Total period of fertility rate","2004","40 - 44 years","Ireland","%",""
"Total period of fertility rate","2004","45 - 49 years","Border","%",""
"Total period of fertility rate","2004","45 - 49 years","Dublin","%",""
"Total period of fertility rate","2004","45 - 49 years","Mid-East","%",""
"Total period of fertility rate","2004","45 - 49 years","Midland","%",""
"Total period of fertility rate","2004","45 - 49 years","Mid-West","%",""
"Total period of fertility rate","2004","45 - 49 years","South-East","%",""
"Total period of fertility rate","2004","45 - 49 years","South-West","%",""
"Total period of fertility rate","2004","45 - 49 years","West","%",""
"Total period of fertility rate","2004","45 - 49 years","Ireland","%",""
"Total period of fertility rate","2005","All ages","Border","%",""
"Total period of fertility rate","2005","All ages","Dublin","%",""
"Total period of fertility rate","2005","All ages","Mid-East","%",""
"Total period of fertility rate","2005","All ages","Midland","%",""
"Total period of fertility rate","2005","All ages","Mid-West","%",""
"Total period of fertility rate","2005","All ages","South-East","%",""
"Total period of fertility rate","2005","All ages","South-West","%",""
"Total period of fertility rate","2005","All ages","West","%",""
"Total period of fertility rate","2005","All ages","Ireland","%","1.88"
"Total period of fertility rate","2005","15 - 19 years","Border","%",""
"Total period of fertility rate","2005","15 - 19 years","Dublin","%",""
"Total period of fertility rate","2005","15 - 19 years","Mid-East","%",""
"Total period of fertility rate","2005","15 - 19 years","Midland","%",""
"Total period of fertility rate","2005","15 - 19 years","Mid-West","%",""
"Total period of fertility rate","2005","15 - 19 years","South-East","%",""
"Total period of fertility rate","2005","15 - 19 years","South-West","%",""
"Total period of fertility rate","2005","15 - 19 years","West","%",""
"Total period of fertility rate","2005","15 - 19 years","Ireland","%",""
"Total period of fertility rate","2005","20 - 24 years","Border","%",""
"Total period of fertility rate","2005","20 - 24 years","Dublin","%",""
"Total period of fertility rate","2005","20 - 24 years","Mid-East","%",""
"Total period of fertility rate","2005","20 - 24 years","Midland","%",""
"Total period of fertility rate","2005","20 - 24 years","Mid-West","%",""
"Total period of fertility rate","2005","20 - 24 years","South-East","%",""
"Total period of fertility rate","2005","20 - 24 years","South-West","%",""
"Total period of fertility rate","2005","20 - 24 years","West","%",""
"Total period of fertility rate","2005","20 - 24 years","Ireland","%",""
"Total period of fertility rate","2005","25 - 29 years","Border","%",""
"Total period of fertility rate","2005","25 - 29 years","Dublin","%",""
"Total period of fertility rate","2005","25 - 29 years","Mid-East","%",""
"Total period of fertility rate","2005","25 - 29 years","Midland","%",""
"Total period of fertility rate","2005","25 - 29 years","Mid-West","%",""
"Total period of fertility rate","2005","25 - 29 years","South-East","%",""
"Total period of fertility rate","2005","25 - 29 years","South-West","%",""
"Total period of fertility rate","2005","25 - 29 years","West","%",""
"Total period of fertility rate","2005","25 - 29 years","Ireland","%",""
"Total period of fertility rate","2005","30 - 34 years","Border","%",""
"Total period of fertility rate","2005","30 - 34 years","Dublin","%",""
"Total period of fertility rate","2005","30 - 34 years","Mid-East","%",""
"Total period of fertility rate","2005","30 - 34 years","Midland","%",""
"Total period of fertility rate","2005","30 - 34 years","Mid-West","%",""
"Total period of fertility rate","2005","30 - 34 years","South-East","%",""
"Total period of fertility rate","2005","30 - 34 years","South-West","%",""
"Total period of fertility rate","2005","30 - 34 years","West","%",""
"Total period of fertility rate","2005","30 - 34 years","Ireland","%",""
"Total period of fertility rate","2005","35 - 39 years","Border","%",""
"Total period of fertility rate","2005","35 - 39 years","Dublin","%",""
"Total period of fertility rate","2005","35 - 39 years","Mid-East","%",""
"Total period of fertility rate","2005","35 - 39 years","Midland","%",""
"Total period of fertility rate","2005","35 - 39 years","Mid-West","%",""
"Total period of fertility rate","2005","35 - 39 years","South-East","%",""
"Total period of fertility rate","2005","35 - 39 years","South-West","%",""
"Total period of fertility rate","2005","35 - 39 years","West","%",""
"Total period of fertility rate","2005","35 - 39 years","Ireland","%",""
"Total period of fertility rate","2005","40 - 44 years","Border","%",""
"Total period of fertility rate","2005","40 - 44 years","Dublin","%",""
"Total period of fertility rate","2005","40 - 44 years","Mid-East","%",""
"Total period of fertility rate","2005","40 - 44 years","Midland","%",""
"Total period of fertility rate","2005","40 - 44 years","Mid-West","%",""
"Total period of fertility rate","2005","40 - 44 years","South-East","%",""
"Total period of fertility rate","2005","40 - 44 years","South-West","%",""
"Total period of fertility rate","2005","40 - 44 years","West","%",""
"Total period of fertility rate","2005","40 - 44 years","Ireland","%",""
"Total period of fertility rate","2005","45 - 49 years","Border","%",""
"Total period of fertility rate","2005","45 - 49 years","Dublin","%",""
"Total period of fertility rate","2005","45 - 49 years","Mid-East","%",""
"Total period of fertility rate","2005","45 - 49 years","Midland","%",""
"Total period of fertility rate","2005","45 - 49 years","Mid-West","%",""
"Total period of fertility rate","2005","45 - 49 years","South-East","%",""
"Total period of fertility rate","2005","45 - 49 years","South-West","%",""
"Total period of fertility rate","2005","45 - 49 years","West","%",""
"Total period of fertility rate","2005","45 - 49 years","Ireland","%",""
"Total period of fertility rate","2006","All ages","Border","%",""
"Total period of fertility rate","2006","All ages","Dublin","%",""
"Total period of fertility rate","2006","All ages","Mid-East","%",""
"Total period of fertility rate","2006","All ages","Midland","%",""
"Total period of fertility rate","2006","All ages","Mid-West","%",""
"Total period of fertility rate","2006","All ages","South-East","%",""
"Total period of fertility rate","2006","All ages","South-West","%",""
"Total period of fertility rate","2006","All ages","West","%",""
"Total period of fertility rate","2006","All ages","Ireland","%","1.94"
"Total period of fertility rate","2006","15 - 19 years","Border","%",""
"Total period of fertility rate","2006","15 - 19 years","Dublin","%",""
"Total period of fertility rate","2006","15 - 19 years","Mid-East","%",""
"Total period of fertility rate","2006","15 - 19 years","Midland","%",""
"Total period of fertility rate","2006","15 - 19 years","Mid-West","%",""
"Total period of fertility rate","2006","15 - 19 years","South-East","%",""
"Total period of fertility rate","2006","15 - 19 years","South-West","%",""
"Total period of fertility rate","2006","15 - 19 years","West","%",""
"Total period of fertility rate","2006","15 - 19 years","Ireland","%",""
"Total period of fertility rate","2006","20 - 24 years","Border","%",""
"Total period of fertility rate","2006","20 - 24 years","Dublin","%",""
"Total period of fertility rate","2006","20 - 24 years","Mid-East","%",""
"Total period of fertility rate","2006","20 - 24 years","Midland","%",""
"Total period of fertility rate","2006","20 - 24 years","Mid-West","%",""
"Total period of fertility rate","2006","20 - 24 years","South-East","%",""
"Total period of fertility rate","2006","20 - 24 years","South-West","%",""
"Total period of fertility rate","2006","20 - 24 years","West","%",""
"Total period of fertility rate","2006","20 - 24 years","Ireland","%",""
"Total period of fertility rate","2006","25 - 29 years","Border","%",""
"Total period of fertility rate","2006","25 - 29 years","Dublin","%",""
"Total period of fertility rate","2006","25 - 29 years","Mid-East","%",""
"Total period of fertility rate","2006","25 - 29 years","Midland","%",""
"Total period of fertility rate","2006","25 - 29 years","Mid-West","%",""
"Total period of fertility rate","2006","25 - 29 years","South-East","%",""
"Total period of fertility rate","2006","25 - 29 years","South-West","%",""
"Total period of fertility rate","2006","25 - 29 years","West","%",""
"Total period of fertility rate","2006","25 - 29 years","Ireland","%",""
"Total period of fertility rate","2006","30 - 34 years","Border","%",""
"Total period of fertility rate","2006","30 - 34 years","Dublin","%",""
"Total period of fertility rate","2006","30 - 34 years","Mid-East","%",""
"Total period of fertility rate","2006","30 - 34 years","Midland","%",""
"Total period of fertility rate","2006","30 - 34 years","Mid-West","%",""
"Total period of fertility rate","2006","30 - 34 years","South-East","%",""
"Total period of fertility rate","2006","30 - 34 years","South-West","%",""
"Total period of fertility rate","2006","30 - 34 years","West","%",""
"Total period of fertility rate","2006","30 - 34 years","Ireland","%",""
"Total period of fertility rate","2006","35 - 39 years","Border","%",""
"Total period of fertility rate","2006","35 - 39 years","Dublin","%",""
"Total period of fertility rate","2006","35 - 39 years","Mid-East","%",""
"Total period of fertility rate","2006","35 - 39 years","Midland","%",""
"Total period of fertility rate","2006","35 - 39 years","Mid-West","%",""
"Total period of fertility rate","2006","35 - 39 years","South-East","%",""
"Total period of fertility rate","2006","35 - 39 years","South-West","%",""
"Total period of fertility rate","2006","35 - 39 years","West","%",""
"Total period of fertility rate","2006","35 - 39 years","Ireland","%",""
"Total period of fertility rate","2006","40 - 44 years","Border","%",""
"Total period of fertility rate","2006","40 - 44 years","Dublin","%",""
"Total period of fertility rate","2006","40 - 44 years","Mid-East","%",""
"Total period of fertility rate","2006","40 - 44 years","Midland","%",""
"Total period of fertility rate","2006","40 - 44 years","Mid-West","%",""
"Total period of fertility rate","2006","40 - 44 years","South-East","%",""
"Total period of fertility rate","2006","40 - 44 years","South-West","%",""
"Total period of fertility rate","2006","40 - 44 years","West","%",""
"Total period of fertility rate","2006","40 - 44 years","Ireland","%",""
"Total period of fertility rate","2006","45 - 49 years","Border","%",""
"Total period of fertility rate","2006","45 - 49 years","Dublin","%",""
"Total period of fertility rate","2006","45 - 49 years","Mid-East","%",""
"Total period of fertility rate","2006","45 - 49 years","Midland","%",""
"Total period of fertility rate","2006","45 - 49 years","Mid-West","%",""
"Total period of fertility rate","2006","45 - 49 years","South-East","%",""
"Total period of fertility rate","2006","45 - 49 years","South-West","%",""
"Total period of fertility rate","2006","45 - 49 years","West","%",""
"Total period of fertility rate","2006","45 - 49 years","Ireland","%",""
"Total period of fertility rate","2007","All ages","Border","%",""
"Total period of fertility rate","2007","All ages","Dublin","%",""
"Total period of fertility rate","2007","All ages","Mid-East","%",""
"Total period of fertility rate","2007","All ages","Midland","%",""
"Total period of fertility rate","2007","All ages","Mid-West","%",""
"Total period of fertility rate","2007","All ages","South-East","%",""
"Total period of fertility rate","2007","All ages","South-West","%",""
"Total period of fertility rate","2007","All ages","West","%",""
"Total period of fertility rate","2007","All ages","Ireland","%","2.03"
"Total period of fertility rate","2007","15 - 19 years","Border","%",""
"Total period of fertility rate","2007","15 - 19 years","Dublin","%",""
"Total period of fertility rate","2007","15 - 19 years","Mid-East","%",""
"Total period of fertility rate","2007","15 - 19 years","Midland","%",""
"Total period of fertility rate","2007","15 - 19 years","Mid-West","%",""
"Total period of fertility rate","2007","15 - 19 years","South-East","%",""
"Total period of fertility rate","2007","15 - 19 years","South-West","%",""
"Total period of fertility rate","2007","15 - 19 years","West","%",""
"Total period of fertility rate","2007","15 - 19 years","Ireland","%",""
"Total period of fertility rate","2007","20 - 24 years","Border","%",""
"Total period of fertility rate","2007","20 - 24 years","Dublin","%",""
"Total period of fertility rate","2007","20 - 24 years","Mid-East","%",""
"Total period of fertility rate","2007","20 - 24 years","Midland","%",""
"Total period of fertility rate","2007","20 - 24 years","Mid-West","%",""
"Total period of fertility rate","2007","20 - 24 years","South-East","%",""
"Total period of fertility rate","2007","20 - 24 years","South-West","%",""
"Total period of fertility rate","2007","20 - 24 years","West","%",""
"Total period of fertility rate","2007","20 - 24 years","Ireland","%",""
"Total period of fertility rate","2007","25 - 29 years","Border","%",""
"Total period of fertility rate","2007","25 - 29 years","Dublin","%",""
"Total period of fertility rate","2007","25 - 29 years","Mid-East","%",""
"Total period of fertility rate","2007","25 - 29 years","Midland","%",""
"Total period of fertility rate","2007","25 - 29 years","Mid-West","%",""
"Total period of fertility rate","2007","25 - 29 years","South-East","%",""
"Total period of fertility rate","2007","25 - 29 years","South-West","%",""
"Total period of fertility rate","2007","25 - 29 years","West","%",""
"Total period of fertility rate","2007","25 - 29 years","Ireland","%",""
"Total period of fertility rate","2007","30 - 34 years","Border","%",""
"Total period of fertility rate","2007","30 - 34 years","Dublin","%",""
"Total period of fertility rate","2007","30 - 34 years","Mid-East","%",""
"Total period of fertility rate","2007","30 - 34 years","Midland","%",""
"Total period of fertility rate","2007","30 - 34 years","Mid-West","%",""
"Total period of fertility rate","2007","30 - 34 years","South-East","%",""
"Total period of fertility rate","2007","30 - 34 years","South-West","%",""
"Total period of fertility rate","2007","30 - 34 years","West","%",""
"Total period of fertility rate","2007","30 - 34 years","Ireland","%",""
"Total period of fertility rate","2007","35 - 39 years","Border","%",""
"Total period of fertility rate","2007","35 - 39 years","Dublin","%",""
"Total period of fertility rate","2007","35 - 39 years","Mid-East","%",""
"Total period of fertility rate","2007","35 - 39 years","Midland","%",""
"Total period of fertility rate","2007","35 - 39 years","Mid-West","%",""
"Total period of fertility rate","2007","35 - 39 years","South-East","%",""
"Total period of fertility rate","2007","35 - 39 years","South-West","%",""
"Total period of fertility rate","2007","35 - 39 years","West","%",""
"Total period of fertility rate","2007","35 - 39 years","Ireland","%",""
"Total period of fertility rate","2007","40 - 44 years","Border","%",""
"Total period of fertility rate","2007","40 - 44 years","Dublin","%",""
"Total period of fertility rate","2007","40 - 44 years","Mid-East","%",""
"Total period of fertility rate","2007","40 - 44 years","Midland","%",""
"Total period of fertility rate","2007","40 - 44 years","Mid-West","%",""
"Total period of fertility rate","2007","40 - 44 years","South-East","%",""
"Total period of fertility rate","2007","40 - 44 years","South-West","%",""
"Total period of fertility rate","2007","40 - 44 years","West","%",""
"Total period of fertility rate","2007","40 - 44 years","Ireland","%",""
"Total period of fertility rate","2007","45 - 49 years","Border","%",""
"Total period of fertility rate","2007","45 - 49 years","Dublin","%",""
"Total period of fertility rate","2007","45 - 49 years","Mid-East","%",""
"Total period of fertility rate","2007","45 - 49 years","Midland","%",""
"Total period of fertility rate","2007","45 - 49 years","Mid-West","%",""
"Total period of fertility rate","2007","45 - 49 years","South-East","%",""
"Total period of fertility rate","2007","45 - 49 years","South-West","%",""
"Total period of fertility rate","2007","45 - 49 years","West","%",""
"Total period of fertility rate","2007","45 - 49 years","Ireland","%",""
"Total period of fertility rate","2008","All ages","Border","%",""
"Total period of fertility rate","2008","All ages","Dublin","%",""
"Total period of fertility rate","2008","All ages","Mid-East","%",""
"Total period of fertility rate","2008","All ages","Midland","%",""
"Total period of fertility rate","2008","All ages","Mid-West","%",""
"Total period of fertility rate","2008","All ages","South-East","%",""
"Total period of fertility rate","2008","All ages","South-West","%",""
"Total period of fertility rate","2008","All ages","West","%",""
"Total period of fertility rate","2008","All ages","Ireland","%","2.07"
"Total period of fertility rate","2008","15 - 19 years","Border","%",""
"Total period of fertility rate","2008","15 - 19 years","Dublin","%",""
"Total period of fertility rate","2008","15 - 19 years","Mid-East","%",""
"Total period of fertility rate","2008","15 - 19 years","Midland","%",""
"Total period of fertility rate","2008","15 - 19 years","Mid-West","%",""
"Total period of fertility rate","2008","15 - 19 years","South-East","%",""
"Total period of fertility rate","2008","15 - 19 years","South-West","%",""
"Total period of fertility rate","2008","15 - 19 years","West","%",""
"Total period of fertility rate","2008","15 - 19 years","Ireland","%",""
"Total period of fertility rate","2008","20 - 24 years","Border","%",""
"Total period of fertility rate","2008","20 - 24 years","Dublin","%",""
"Total period of fertility rate","2008","20 - 24 years","Mid-East","%",""
"Total period of fertility rate","2008","20 - 24 years","Midland","%",""
"Total period of fertility rate","2008","20 - 24 years","Mid-West","%",""
"Total period of fertility rate","2008","20 - 24 years","South-East","%",""
"Total period of fertility rate","2008","20 - 24 years","South-West","%",""
"Total period of fertility rate","2008","20 - 24 years","West","%",""
"Total period of fertility rate","2008","20 - 24 years","Ireland","%",""
"Total period of fertility rate","2008","25 - 29 years","Border","%",""
"Total period of fertility rate","2008","25 - 29 years","Dublin","%",""
"Total period of fertility rate","2008","25 - 29 years","Mid-East","%",""
"Total period of fertility rate","2008","25 - 29 years","Midland","%",""
"Total period of fertility rate","2008","25 - 29 years","Mid-West","%",""
"Total period of fertility rate","2008","25 - 29 years","South-East","%",""
"Total period of fertility rate","2008","25 - 29 years","South-West","%",""
"Total period of fertility rate","2008","25 - 29 years","West","%",""
"Total period of fertility rate","2008","25 - 29 years","Ireland","%",""
"Total period of fertility rate","2008","30 - 34 years","Border","%",""
"Total period of fertility rate","2008","30 - 34 years","Dublin","%",""
"Total period of fertility rate","2008","30 - 34 years","Mid-East","%",""
"Total period of fertility rate","2008","30 - 34 years","Midland","%",""
"Total period of fertility rate","2008","30 - 34 years","Mid-West","%",""
"Total period of fertility rate","2008","30 - 34 years","South-East","%",""
"Total period of fertility rate","2008","30 - 34 years","South-West","%",""
"Total period of fertility rate","2008","30 - 34 years","West","%",""
"Total period of fertility rate","2008","30 - 34 years","Ireland","%",""
"Total period of fertility rate","2008","35 - 39 years","Border","%",""
"Total period of fertility rate","2008","35 - 39 years","Dublin","%",""
"Total period of fertility rate","2008","35 - 39 years","Mid-East","%",""
"Total period of fertility rate","2008","35 - 39 years","Midland","%",""
"Total period of fertility rate","2008","35 - 39 years","Mid-West","%",""
"Total period of fertility rate","2008","35 - 39 years","South-East","%",""
"Total period of fertility rate","2008","35 - 39 years","South-West","%",""
"Total period of fertility rate","2008","35 - 39 years","West","%",""
"Total period of fertility rate","2008","35 - 39 years","Ireland","%",""
"Total period of fertility rate","2008","40 - 44 years","Border","%",""
"Total period of fertility rate","2008","40 - 44 years","Dublin","%",""
"Total period of fertility rate","2008","40 - 44 years","Mid-East","%",""
"Total period of fertility rate","2008","40 - 44 years","Midland","%",""
"Total period of fertility rate","2008","40 - 44 years","Mid-West","%",""
"Total period of fertility rate","2008","40 - 44 years","South-East","%",""
"Total period of fertility rate","2008","40 - 44 years","South-West","%",""
"Total period of fertility rate","2008","40 - 44 years","West","%",""
"Total period of fertility rate","2008","40 - 44 years","Ireland","%",""
"Total period of fertility rate","2008","45 - 49 years","Border","%",""
"Total period of fertility rate","2008","45 - 49 years","Dublin","%",""
"Total period of fertility rate","2008","45 - 49 years","Mid-East","%",""
"Total period of fertility rate","2008","45 - 49 years","Midland","%",""
"Total period of fertility rate","2008","45 - 49 years","Mid-West","%",""
"Total period of fertility rate","2008","45 - 49 years","South-East","%",""
"Total period of fertility rate","2008","45 - 49 years","South-West","%",""
"Total period of fertility rate","2008","45 - 49 years","West","%",""
"Total period of fertility rate","2008","45 - 49 years","Ireland","%",""
"Total period of fertility rate","2009","All ages","Border","%",""
"Total period of fertility rate","2009","All ages","Dublin","%",""
"Total period of fertility rate","2009","All ages","Mid-East","%",""
"Total period of fertility rate","2009","All ages","Midland","%",""
"Total period of fertility rate","2009","All ages","Mid-West","%",""
"Total period of fertility rate","2009","All ages","South-East","%",""
"Total period of fertility rate","2009","All ages","South-West","%",""
"Total period of fertility rate","2009","All ages","West","%",""
"Total period of fertility rate","2009","All ages","Ireland","%","2.06"
"Total period of fertility rate","2009","15 - 19 years","Border","%",""
"Total period of fertility rate","2009","15 - 19 years","Dublin","%",""
"Total period of fertility rate","2009","15 - 19 years","Mid-East","%",""
"Total period of fertility rate","2009","15 - 19 years","Midland","%",""
"Total period of fertility rate","2009","15 - 19 years","Mid-West","%",""
"Total period of fertility rate","2009","15 - 19 years","South-East","%",""
"Total period of fertility rate","2009","15 - 19 years","South-West","%",""
"Total period of fertility rate","2009","15 - 19 years","West","%",""
"Total period of fertility rate","2009","15 - 19 years","Ireland","%",""
"Total period of fertility rate","2009","20 - 24 years","Border","%",""
"Total period of fertility rate","2009","20 - 24 years","Dublin","%",""
"Total period of fertility rate","2009","20 - 24 years","Mid-East","%",""
"Total period of fertility rate","2009","20 - 24 years","Midland","%",""
"Total period of fertility rate","2009","20 - 24 years","Mid-West","%",""
"Total period of fertility rate","2009","20 - 24 years","South-East","%",""
"Total period of fertility rate","2009","20 - 24 years","South-West","%",""
"Total period of fertility rate","2009","20 - 24 years","West","%",""
"Total period of fertility rate","2009","20 - 24 years","Ireland","%",""
"Total period of fertility rate","2009","25 - 29 years","Border","%",""
"Total period of fertility rate","2009","25 - 29 years","Dublin","%",""
"Total period of fertility rate","2009","25 - 29 years","Mid-East","%",""
"Total period of fertility rate","2009","25 - 29 years","Midland","%",""
"Total period of fertility rate","2009","25 - 29 years","Mid-West","%",""
"Total period of fertility rate","2009","25 - 29 years","South-East","%",""
"Total period of fertility rate","2009","25 - 29 years","South-West","%",""
"Total period of fertility rate","2009","25 - 29 years","West","%",""
"Total period of fertility rate","2009","25 - 29 years","Ireland","%",""
"Total period of fertility rate","2009","30 - 34 years","Border","%",""
"Total period of fertility rate","2009","30 - 34 years","Dublin","%",""
"Total period of fertility rate","2009","30 - 34 years","Mid-East","%",""
"Total period of fertility rate","2009","30 - 34 years","Midland","%",""
"Total period of fertility rate","2009","30 - 34 years","Mid-West","%",""
"Total period of fertility rate","2009","30 - 34 years","South-East","%",""
"Total period of fertility rate","2009","30 - 34 years","South-West","%",""
"Total period of fertility rate","2009","30 - 34 years","West","%",""
"Total period of fertility rate","2009","30 - 34 years","Ireland","%",""
"Total period of fertility rate","2009","35 - 39 years","Border","%",""
"Total period of fertility rate","2009","35 - 39 years","Dublin","%",""
"Total period of fertility rate","2009","35 - 39 years","Mid-East","%",""
"Total period of fertility rate","2009","35 - 39 years","Midland","%",""
"Total period of fertility rate","2009","35 - 39 years","Mid-West","%",""
"Total period of fertility rate","2009","35 - 39 years","South-East","%",""
"Total period of fertility rate","2009","35 - 39 years","South-West","%",""
"Total period of fertility rate","2009","35 - 39 years","West","%",""
"Total period of fertility rate","2009","35 - 39 years","Ireland","%",""
"Total period of fertility rate","2009","40 - 44 years","Border","%",""
"Total period of fertility rate","2009","40 - 44 years","Dublin","%",""
"Total period of fertility rate","2009","40 - 44 years","Mid-East","%",""
"Total period of fertility rate","2009","40 - 44 years","Midland","%",""
"Total period of fertility rate","2009","40 - 44 years","Mid-West","%",""
"Total period of fertility rate","2009","40 - 44 years","South-East","%",""
"Total period of fertility rate","2009","40 - 44 years","South-West","%",""
"Total period of fertility rate","2009","40 - 44 years","West","%",""
"Total period of fertility rate","2009","40 - 44 years","Ireland","%",""
"Total period of fertility rate","2009","45 - 49 years","Border","%",""
"Total period of fertility rate","2009","45 - 49 years","Dublin","%",""
"Total period of fertility rate","2009","45 - 49 years","Mid-East","%",""
"Total period of fertility rate","2009","45 - 49 years","Midland","%",""
"Total period of fertility rate","2009","45 - 49 years","Mid-West","%",""
"Total period of fertility rate","2009","45 - 49 years","South-East","%",""
"Total period of fertility rate","2009","45 - 49 years","South-West","%",""
"Total period of fertility rate","2009","45 - 49 years","West","%",""
"Total period of fertility rate","2009","45 - 49 years","Ireland","%",""
"Total period of fertility rate","2010","All ages","Border","%",""
"Total period of fertility rate","2010","All ages","Dublin","%",""
"Total period of fertility rate","2010","All ages","Mid-East","%",""
"Total period of fertility rate","2010","All ages","Midland","%",""
"Total period of fertility rate","2010","All ages","Mid-West","%",""
"Total period of fertility rate","2010","All ages","South-East","%",""
"Total period of fertility rate","2010","All ages","South-West","%",""
"Total period of fertility rate","2010","All ages","West","%",""
"Total period of fertility rate","2010","All ages","Ireland","%","2.06"
"Total period of fertility rate","2010","15 - 19 years","Border","%",""
"Total period of fertility rate","2010","15 - 19 years","Dublin","%",""
"Total period of fertility rate","2010","15 - 19 years","Mid-East","%",""
"Total period of fertility rate","2010","15 - 19 years","Midland","%",""
"Total period of fertility rate","2010","15 - 19 years","Mid-West","%",""
"Total period of fertility rate","2010","15 - 19 years","South-East","%",""
"Total period of fertility rate","2010","15 - 19 years","South-West","%",""
"Total period of fertility rate","2010","15 - 19 years","West","%",""
"Total period of fertility rate","2010","15 - 19 years","Ireland","%",""
"Total period of fertility rate","2010","20 - 24 years","Border","%",""
"Total period of fertility rate","2010","20 - 24 years","Dublin","%",""
"Total period of fertility rate","2010","20 - 24 years","Mid-East","%",""
"Total period of fertility rate","2010","20 - 24 years","Midland","%",""
"Total period of fertility rate","2010","20 - 24 years","Mid-West","%",""
"Total period of fertility rate","2010","20 - 24 years","South-East","%",""
"Total period of fertility rate","2010","20 - 24 years","South-West","%",""
"Total period of fertility rate","2010","20 - 24 years","West","%",""
"Total period of fertility rate","2010","20 - 24 years","Ireland","%",""
"Total period of fertility rate","2010","25 - 29 years","Border","%",""
"Total period of fertility rate","2010","25 - 29 years","Dublin","%",""
"Total period of fertility rate","2010","25 - 29 years","Mid-East","%",""
"Total period of fertility rate","2010","25 - 29 years","Midland","%",""
"Total period of fertility rate","2010","25 - 29 years","Mid-West","%",""
"Total period of fertility rate","2010","25 - 29 years","South-East","%",""
"Total period of fertility rate","2010","25 - 29 years","South-West","%",""
"Total period of fertility rate","2010","25 - 29 years","West","%",""
"Total period of fertility rate","2010","25 - 29 years","Ireland","%",""
"Total period of fertility rate","2010","30 - 34 years","Border","%",""
"Total period of fertility rate","2010","30 - 34 years","Dublin","%",""
"Total period of fertility rate","2010","30 - 34 years","Mid-East","%",""
"Total period of fertility rate","2010","30 - 34 years","Midland","%",""
"Total period of fertility rate","2010","30 - 34 years","Mid-West","%",""
"Total period of fertility rate","2010","30 - 34 years","South-East","%",""
"Total period of fertility rate","2010","30 - 34 years","South-West","%",""
"Total period of fertility rate","2010","30 - 34 years","West","%",""
"Total period of fertility rate","2010","30 - 34 years","Ireland","%",""
"Total period of fertility rate","2010","35 - 39 years","Border","%",""
"Total period of fertility rate","2010","35 - 39 years","Dublin","%",""
"Total period of fertility rate","2010","35 - 39 years","Mid-East","%",""
"Total period of fertility rate","2010","35 - 39 years","Midland","%",""
"Total period of fertility rate","2010","35 - 39 years","Mid-West","%",""
"Total period of fertility rate","2010","35 - 39 years","South-East","%",""
"Total period of fertility rate","2010","35 - 39 years","South-West","%",""
"Total period of fertility rate","2010","35 - 39 years","West","%",""
"Total period of fertility rate","2010","35 - 39 years","Ireland","%",""
"Total period of fertility rate","2010","40 - 44 years","Border","%",""
"Total period of fertility rate","2010","40 - 44 years","Dublin","%",""
"Total period of fertility rate","2010","40 - 44 years","Mid-East","%",""
"Total period of fertility rate","2010","40 - 44 years","Midland","%",""
"Total period of fertility rate","2010","40 - 44 years","Mid-West","%",""
"Total period of fertility rate","2010","40 - 44 years","South-East","%",""
"Total period of fertility rate","2010","40 - 44 years","South-West","%",""
"Total period of fertility rate","2010","40 - 44 years","West","%",""
"Total period of fertility rate","2010","40 - 44 years","Ireland","%",""
"Total period of fertility rate","2010","45 - 49 years","Border","%",""
"Total period of fertility rate","2010","45 - 49 years","Dublin","%",""
"Total period of fertility rate","2010","45 - 49 years","Mid-East","%",""
"Total period of fertility rate","2010","45 - 49 years","Midland","%",""
"Total period of fertility rate","2010","45 - 49 years","Mid-West","%",""
"Total period of fertility rate","2010","45 - 49 years","South-East","%",""
"Total period of fertility rate","2010","45 - 49 years","South-West","%",""
"Total period of fertility rate","2010","45 - 49 years","West","%",""
"Total period of fertility rate","2010","45 - 49 years","Ireland","%",""
"Total period of fertility rate","2011","All ages","Border","%",""
"Total period of fertility rate","2011","All ages","Dublin","%",""
"Total period of fertility rate","2011","All ages","Mid-East","%",""
"Total period of fertility rate","2011","All ages","Midland","%",""
"Total period of fertility rate","2011","All ages","Mid-West","%",""
"Total period of fertility rate","2011","All ages","South-East","%",""
"Total period of fertility rate","2011","All ages","South-West","%",""
"Total period of fertility rate","2011","All ages","West","%",""
"Total period of fertility rate","2011","All ages","Ireland","%","2.02"
"Total period of fertility rate","2011","15 - 19 years","Border","%",""
"Total period of fertility rate","2011","15 - 19 years","Dublin","%",""
"Total period of fertility rate","2011","15 - 19 years","Mid-East","%",""
"Total period of fertility rate","2011","15 - 19 years","Midland","%",""
"Total period of fertility rate","2011","15 - 19 years","Mid-West","%",""
"Total period of fertility rate","2011","15 - 19 years","South-East","%",""
"Total period of fertility rate","2011","15 - 19 years","South-West","%",""
"Total period of fertility rate","2011","15 - 19 years","West","%",""
"Total period of fertility rate","2011","15 - 19 years","Ireland","%",""
"Total period of fertility rate","2011","20 - 24 years","Border","%",""
"Total period of fertility rate","2011","20 - 24 years","Dublin","%",""
"Total period of fertility rate","2011","20 - 24 years","Mid-East","%",""
"Total period of fertility rate","2011","20 - 24 years","Midland","%",""
"Total period of fertility rate","2011","20 - 24 years","Mid-West","%",""
"Total period of fertility rate","2011","20 - 24 years","South-East","%",""
"Total period of fertility rate","2011","20 - 24 years","South-West","%",""
"Total period of fertility rate","2011","20 - 24 years","West","%",""
"Total period of fertility rate","2011","20 - 24 years","Ireland","%",""
"Total period of fertility rate","2011","25 - 29 years","Border","%",""
"Total period of fertility rate","2011","25 - 29 years","Dublin","%",""
"Total period of fertility rate","2011","25 - 29 years","Mid-East","%",""
"Total period of fertility rate","2011","25 - 29 years","Midland","%",""
"Total period of fertility rate","2011","25 - 29 years","Mid-West","%",""
"Total period of fertility rate","2011","25 - 29 years","South-East","%",""
"Total period of fertility rate","2011","25 - 29 years","South-West","%",""
"Total period of fertility rate","2011","25 - 29 years","West","%",""
"Total period of fertility rate","2011","25 - 29 years","Ireland","%",""
"Total period of fertility rate","2011","30 - 34 years","Border","%",""
"Total period of fertility rate","2011","30 - 34 years","Dublin","%",""
"Total period of fertility rate","2011","30 - 34 years","Mid-East","%",""
"Total period of fertility rate","2011","30 - 34 years","Midland","%",""
"Total period of fertility rate","2011","30 - 34 years","Mid-West","%",""
"Total period of fertility rate","2011","30 - 34 years","South-East","%",""
"Total period of fertility rate","2011","30 - 34 years","South-West","%",""
"Total period of fertility rate","2011","30 - 34 years","West","%",""
"Total period of fertility rate","2011","30 - 34 years","Ireland","%",""
"Total period of fertility rate","2011","35 - 39 years","Border","%",""
"Total period of fertility rate","2011","35 - 39 years","Dublin","%",""
"Total period of fertility rate","2011","35 - 39 years","Mid-East","%",""
"Total period of fertility rate","2011","35 - 39 years","Midland","%",""
"Total period of fertility rate","2011","35 - 39 years","Mid-West","%",""
"Total period of fertility rate","2011","35 - 39 years","South-East","%",""
"Total period of fertility rate","2011","35 - 39 years","South-West","%",""
"Total period of fertility rate","2011","35 - 39 years","West","%",""
"Total period of fertility rate","2011","35 - 39 years","Ireland","%",""
"Total period of fertility rate","2011","40 - 44 years","Border","%",""
"Total period of fertility rate","2011","40 - 44 years","Dublin","%",""
"Total period of fertility rate","2011","40 - 44 years","Mid-East","%",""
"Total period of fertility rate","2011","40 - 44 years","Midland","%",""
"Total period of fertility rate","2011","40 - 44 years","Mid-West","%",""
"Total period of fertility rate","2011","40 - 44 years","South-East","%",""
"Total period of fertility rate","2011","40 - 44 years","South-West","%",""
"Total period of fertility rate","2011","40 - 44 years","West","%",""
"Total period of fertility rate","2011","40 - 44 years","Ireland","%",""
"Total period of fertility rate","2011","45 - 49 years","Border","%",""
"Total period of fertility rate","2011","45 - 49 years","Dublin","%",""
"Total period of fertility rate","2011","45 - 49 years","Mid-East","%",""
"Total period of fertility rate","2011","45 - 49 years","Midland","%",""
"Total period of fertility rate","2011","45 - 49 years","Mid-West","%",""
"Total period of fertility rate","2011","45 - 49 years","South-East","%",""
"Total period of fertility rate","2011","45 - 49 years","South-West","%",""
"Total period of fertility rate","2011","45 - 49 years","West","%",""
"Total period of fertility rate","2011","45 - 49 years","Ireland","%",""
"Total period of fertility rate","2012","All ages","Border","%",""
"Total period of fertility rate","2012","All ages","Dublin","%",""
"Total period of fertility rate","2012","All ages","Mid-East","%",""
"Total period of fertility rate","2012","All ages","Midland","%",""
"Total period of fertility rate","2012","All ages","Mid-West","%",""
"Total period of fertility rate","2012","All ages","South-East","%",""
"Total period of fertility rate","2012","All ages","South-West","%",""
"Total period of fertility rate","2012","All ages","West","%",""
"Total period of fertility rate","2012","All ages","Ireland","%","1.98"
"Total period of fertility rate","2012","15 - 19 years","Border","%",""
"Total period of fertility rate","2012","15 - 19 years","Dublin","%",""
"Total period of fertility rate","2012","15 - 19 years","Mid-East","%",""
"Total period of fertility rate","2012","15 - 19 years","Midland","%",""
"Total period of fertility rate","2012","15 - 19 years","Mid-West","%",""
"Total period of fertility rate","2012","15 - 19 years","South-East","%",""
"Total period of fertility rate","2012","15 - 19 years","South-West","%",""
"Total period of fertility rate","2012","15 - 19 years","West","%",""
"Total period of fertility rate","2012","15 - 19 years","Ireland","%",""
"Total period of fertility rate","2012","20 - 24 years","Border","%",""
"Total period of fertility rate","2012","20 - 24 years","Dublin","%",""
"Total period of fertility rate","2012","20 - 24 years","Mid-East","%",""
"Total period of fertility rate","2012","20 - 24 years","Midland","%",""
"Total period of fertility rate","2012","20 - 24 years","Mid-West","%",""
"Total period of fertility rate","2012","20 - 24 years","South-East","%",""
"Total period of fertility rate","2012","20 - 24 years","South-West","%",""
"Total period of fertility rate","2012","20 - 24 years","West","%",""
"Total period of fertility rate","2012","20 - 24 years","Ireland","%",""
"Total period of fertility rate","2012","25 - 29 years","Border","%",""
"Total period of fertility rate","2012","25 - 29 years","Dublin","%",""
"Total period of fertility rate","2012","25 - 29 years","Mid-East","%",""
"Total period of fertility rate","2012","25 - 29 years","Midland","%",""
"Total period of fertility rate","2012","25 - 29 years","Mid-West","%",""
"Total period of fertility rate","2012","25 - 29 years","South-East","%",""
"Total period of fertility rate","2012","25 - 29 years","South-West","%",""
"Total period of fertility rate","2012","25 - 29 years","West","%",""
"Total period of fertility rate","2012","25 - 29 years","Ireland","%",""
"Total period of fertility rate","2012","30 - 34 years","Border","%",""
"Total period of fertility rate","2012","30 - 34 years","Dublin","%",""
"Total period of fertility rate","2012","30 - 34 years","Mid-East","%",""
"Total period of fertility rate","2012","30 - 34 years","Midland","%",""
"Total period of fertility rate","2012","30 - 34 years","Mid-West","%",""
"Total period of fertility rate","2012","30 - 34 years","South-East","%",""
"Total period of fertility rate","2012","30 - 34 years","South-West","%",""
"Total period of fertility rate","2012","30 - 34 years","West","%",""
"Total period of fertility rate","2012","30 - 34 years","Ireland","%",""
"Total period of fertility rate","2012","35 - 39 years","Border","%",""
"Total period of fertility rate","2012","35 - 39 years","Dublin","%",""
"Total period of fertility rate","2012","35 - 39 years","Mid-East","%",""
"Total period of fertility rate","2012","35 - 39 years","Midland","%",""
"Total period of fertility rate","2012","35 - 39 years","Mid-West","%",""
"Total period of fertility rate","2012","35 - 39 years","South-East","%",""
"Total period of fertility rate","2012","35 - 39 years","South-West","%",""
"Total period of fertility rate","2012","35 - 39 years","West","%",""
"Total period of fertility rate","2012","35 - 39 years","Ireland","%",""
"Total period of fertility rate","2012","40 - 44 years","Border","%",""
"Total period of fertility rate","2012","40 - 44 years","Dublin","%",""
"Total period of fertility rate","2012","40 - 44 years","Mid-East","%",""
"Total period of fertility rate","2012","40 - 44 years","Midland","%",""
"Total period of fertility rate","2012","40 - 44 years","Mid-West","%",""
"Total period of fertility rate","2012","40 - 44 years","South-East","%",""
"Total period of fertility rate","2012","40 - 44 years","South-West","%",""
"Total period of fertility rate","2012","40 - 44 years","West","%",""
"Total period of fertility rate","2012","40 - 44 years","Ireland","%",""
"Total period of fertility rate","2012","45 - 49 years","Border","%",""
"Total period of fertility rate","2012","45 - 49 years","Dublin","%",""
"Total period of fertility rate","2012","45 - 49 years","Mid-East","%",""
"Total period of fertility rate","2012","45 - 49 years","Midland","%",""
"Total period of fertility rate","2012","45 - 49 years","Mid-West","%",""
"Total period of fertility rate","2012","45 - 49 years","South-East","%",""
"Total period of fertility rate","2012","45 - 49 years","South-West","%",""
"Total period of fertility rate","2012","45 - 49 years","West","%",""
"Total period of fertility rate","2012","45 - 49 years","Ireland","%",""
"Total period of fertility rate","2013","All ages","Border","%",""
"Total period of fertility rate","2013","All ages","Dublin","%",""
"Total period of fertility rate","2013","All ages","Mid-East","%",""
"Total period of fertility rate","2013","All ages","Midland","%",""
"Total period of fertility rate","2013","All ages","Mid-West","%",""
"Total period of fertility rate","2013","All ages","South-East","%",""
"Total period of fertility rate","2013","All ages","South-West","%",""
"Total period of fertility rate","2013","All ages","West","%",""
"Total period of fertility rate","2013","All ages","Ireland","%","1.93"
"Total period of fertility rate","2013","15 - 19 years","Border","%",""
"Total period of fertility rate","2013","15 - 19 years","Dublin","%",""
"Total period of fertility rate","2013","15 - 19 years","Mid-East","%",""
"Total period of fertility rate","2013","15 - 19 years","Midland","%",""
"Total period of fertility rate","2013","15 - 19 years","Mid-West","%",""
"Total period of fertility rate","2013","15 - 19 years","South-East","%",""
"Total period of fertility rate","2013","15 - 19 years","South-West","%",""
"Total period of fertility rate","2013","15 - 19 years","West","%",""
"Total period of fertility rate","2013","15 - 19 years","Ireland","%",""
"Total period of fertility rate","2013","20 - 24 years","Border","%",""
"Total period of fertility rate","2013","20 - 24 years","Dublin","%",""
"Total period of fertility rate","2013","20 - 24 years","Mid-East","%",""
"Total period of fertility rate","2013","20 - 24 years","Midland","%",""
"Total period of fertility rate","2013","20 - 24 years","Mid-West","%",""
"Total period of fertility rate","2013","20 - 24 years","South-East","%",""
"Total period of fertility rate","2013","20 - 24 years","South-West","%",""
"Total period of fertility rate","2013","20 - 24 years","West","%",""
"Total period of fertility rate","2013","20 - 24 years","Ireland","%",""
"Total period of fertility rate","2013","25 - 29 years","Border","%",""
"Total period of fertility rate","2013","25 - 29 years","Dublin","%",""
"Total period of fertility rate","2013","25 - 29 years","Mid-East","%",""
"Total period of fertility rate","2013","25 - 29 years","Midland","%",""
"Total period of fertility rate","2013","25 - 29 years","Mid-West","%",""
"Total period of fertility rate","2013","25 - 29 years","South-East","%",""
"Total period of fertility rate","2013","25 - 29 years","South-West","%",""
"Total period of fertility rate","2013","25 - 29 years","West","%",""
"Total period of fertility rate","2013","25 - 29 years","Ireland","%",""
"Total period of fertility rate","2013","30 - 34 years","Border","%",""
"Total period of fertility rate","2013","30 - 34 years","Dublin","%",""
"Total period of fertility rate","2013","30 - 34 years","Mid-East","%",""
"Total period of fertility rate","2013","30 - 34 years","Midland","%",""
"Total period of fertility rate","2013","30 - 34 years","Mid-West","%",""
"Total period of fertility rate","2013","30 - 34 years","South-East","%",""
"Total period of fertility rate","2013","30 - 34 years","South-West","%",""
"Total period of fertility rate","2013","30 - 34 years","West","%",""
"Total period of fertility rate","2013","30 - 34 years","Ireland","%",""
"Total period of fertility rate","2013","35 - 39 years","Border","%",""
"Total period of fertility rate","2013","35 - 39 years","Dublin","%",""
"Total period of fertility rate","2013","35 - 39 years","Mid-East","%",""
"Total period of fertility rate","2013","35 - 39 years","Midland","%",""
"Total period of fertility rate","2013","35 - 39 years","Mid-West","%",""
"Total period of fertility rate","2013","35 - 39 years","South-East","%",""
"Total period of fertility rate","2013","35 - 39 years","South-West","%",""
"Total period of fertility rate","2013","35 - 39 years","West","%",""
"Total period of fertility rate","2013","35 - 39 years","Ireland","%",""
"Total period of fertility rate","2013","40 - 44 years","Border","%",""
"Total period of fertility rate","2013","40 - 44 years","Dublin","%",""
"Total period of fertility rate","2013","40 - 44 years","Mid-East","%",""
"Total period of fertility rate","2013","40 - 44 years","Midland","%",""
"Total period of fertility rate","2013","40 - 44 years","Mid-West","%",""
"Total period of fertility rate","2013","40 - 44 years","South-East","%",""
"Total period of fertility rate","2013","40 - 44 years","South-West","%",""
"Total period of fertility rate","2013","40 - 44 years","West","%",""
"Total period of fertility rate","2013","40 - 44 years","Ireland","%",""
"Total period of fertility rate","2013","45 - 49 years","Border","%",""
"Total period of fertility rate","2013","45 - 49 years","Dublin","%",""
"Total period of fertility rate","2013","45 - 49 years","Mid-East","%",""
"Total period of fertility rate","2013","45 - 49 years","Midland","%",""
"Total period of fertility rate","2013","45 - 49 years","Mid-West","%",""
"Total period of fertility rate","2013","45 - 49 years","South-East","%",""
"Total period of fertility rate","2013","45 - 49 years","South-West","%",""
"Total period of fertility rate","2013","45 - 49 years","West","%",""
"Total period of fertility rate","2013","45 - 49 years","Ireland","%",""
"Total period of fertility rate","2014","All ages","Border","%",""
"Total period of fertility rate","2014","All ages","Dublin","%",""
"Total period of fertility rate","2014","All ages","Mid-East","%",""
"Total period of fertility rate","2014","All ages","Midland","%",""
"Total period of fertility rate","2014","All ages","Mid-West","%",""
"Total period of fertility rate","2014","All ages","South-East","%",""
"Total period of fertility rate","2014","All ages","South-West","%",""
"Total period of fertility rate","2014","All ages","West","%",""
"Total period of fertility rate","2014","All ages","Ireland","%","1.9"
"Total period of fertility rate","2014","15 - 19 years","Border","%",""
"Total period of fertility rate","2014","15 - 19 years","Dublin","%",""
"Total period of fertility rate","2014","15 - 19 years","Mid-East","%",""
"Total period of fertility rate","2014","15 - 19 years","Midland","%",""
"Total period of fertility rate","2014","15 - 19 years","Mid-West","%",""
"Total period of fertility rate","2014","15 - 19 years","South-East","%",""
"Total period of fertility rate","2014","15 - 19 years","South-West","%",""
"Total period of fertility rate","2014","15 - 19 years","West","%",""
"Total period of fertility rate","2014","15 - 19 years","Ireland","%",""
"Total period of fertility rate","2014","20 - 24 years","Border","%",""
"Total period of fertility rate","2014","20 - 24 years","Dublin","%",""
"Total period of fertility rate","2014","20 - 24 years","Mid-East","%",""
"Total period of fertility rate","2014","20 - 24 years","Midland","%",""
"Total period of fertility rate","2014","20 - 24 years","Mid-West","%",""
"Total period of fertility rate","2014","20 - 24 years","South-East","%",""
"Total period of fertility rate","2014","20 - 24 years","South-West","%",""
"Total period of fertility rate","2014","20 - 24 years","West","%",""
"Total period of fertility rate","2014","20 - 24 years","Ireland","%",""
"Total period of fertility rate","2014","25 - 29 years","Border","%",""
"Total period of fertility rate","2014","25 - 29 years","Dublin","%",""
"Total period of fertility rate","2014","25 - 29 years","Mid-East","%",""
"Total period of fertility rate","2014","25 - 29 years","Midland","%",""
"Total period of fertility rate","2014","25 - 29 years","Mid-West","%",""
"Total period of fertility rate","2014","25 - 29 years","South-East","%",""
"Total period of fertility rate","2014","25 - 29 years","South-West","%",""
"Total period of fertility rate","2014","25 - 29 years","West","%",""
"Total period of fertility rate","2014","25 - 29 years","Ireland","%",""
"Total period of fertility rate","2014","30 - 34 years","Border","%",""
"Total period of fertility rate","2014","30 - 34 years","Dublin","%",""
"Total period of fertility rate","2014","30 - 34 years","Mid-East","%",""
"Total period of fertility rate","2014","30 - 34 years","Midland","%",""
"Total period of fertility rate","2014","30 - 34 years","Mid-West","%",""
"Total period of fertility rate","2014","30 - 34 years","South-East","%",""
"Total period of fertility rate","2014","30 - 34 years","South-West","%",""
"Total period of fertility rate","2014","30 - 34 years","West","%",""
"Total period of fertility rate","2014","30 - 34 years","Ireland","%",""
"Total period of fertility rate","2014","35 - 39 years","Border","%",""
"Total period of fertility rate","2014","35 - 39 years","Dublin","%",""
"Total period of fertility rate","2014","35 - 39 years","Mid-East","%",""
"Total period of fertility rate","2014","35 - 39 years","Midland","%",""
"Total period of fertility rate","2014","35 - 39 years","Mid-West","%",""
"Total period of fertility rate","2014","35 - 39 years","South-East","%",""
"Total period of fertility rate","2014","35 - 39 years","South-West","%",""
"Total period of fertility rate","2014","35 - 39 years","West","%",""
"Total period of fertility rate","2014","35 - 39 years","Ireland","%",""
"Total period of fertility rate","2014","40 - 44 years","Border","%",""
"Total period of fertility rate","2014","40 - 44 years","Dublin","%",""
"Total period of fertility rate","2014","40 - 44 years","Mid-East","%",""
"Total period of fertility rate","2014","40 - 44 years","Midland","%",""
"Total period of fertility rate","2014","40 - 44 years","Mid-West","%",""
"Total period of fertility rate","2014","40 - 44 years","South-East","%",""
"Total period of fertility rate","2014","40 - 44 years","South-West","%",""
"Total period of fertility rate","2014","40 - 44 years","West","%",""
"Total period of fertility rate","2014","40 - 44 years","Ireland","%",""
"Total period of fertility rate","2014","45 - 49 years","Border","%",""
"Total period of fertility rate","2014","45 - 49 years","Dublin","%",""
"Total period of fertility rate","2014","45 - 49 years","Mid-East","%",""
"Total period of fertility rate","2014","45 - 49 years","Midland","%",""
"Total period of fertility rate","2014","45 - 49 years","Mid-West","%",""
"Total period of fertility rate","2014","45 - 49 years","South-East","%",""
"Total period of fertility rate","2014","45 - 49 years","South-West","%",""
"Total period of fertility rate","2014","45 - 49 years","West","%",""
"Total period of fertility rate","2014","45 - 49 years","Ireland","%",""
"Total period of fertility rate","2015","All ages","Border","%",""
"Total period of fertility rate","2015","All ages","Dublin","%",""
"Total period of fertility rate","2015","All ages","Mid-East","%",""
"Total period of fertility rate","2015","All ages","Midland","%",""
"Total period of fertility rate","2015","All ages","Mid-West","%",""
"Total period of fertility rate","2015","All ages","South-East","%",""
"Total period of fertility rate","2015","All ages","South-West","%",""
"Total period of fertility rate","2015","All ages","West","%",""
"Total period of fertility rate","2015","All ages","Ireland","%","1.86"
"Total period of fertility rate","2015","15 - 19 years","Border","%",""
"Total period of fertility rate","2015","15 - 19 years","Dublin","%",""
"Total period of fertility rate","2015","15 - 19 years","Mid-East","%",""
"Total period of fertility rate","2015","15 - 19 years","Midland","%",""
"Total period of fertility rate","2015","15 - 19 years","Mid-West","%",""
"Total period of fertility rate","2015","15 - 19 years","South-East","%",""
"Total period of fertility rate","2015","15 - 19 years","South-West","%",""
"Total period of fertility rate","2015","15 - 19 years","West","%",""
"Total period of fertility rate","2015","15 - 19 years","Ireland","%",""
"Total period of fertility rate","2015","20 - 24 years","Border","%",""
"Total period of fertility rate","2015","20 - 24 years","Dublin","%",""
"Total period of fertility rate","2015","20 - 24 years","Mid-East","%",""
"Total period of fertility rate","2015","20 - 24 years","Midland","%",""
"Total period of fertility rate","2015","20 - 24 years","Mid-West","%",""
"Total period of fertility rate","2015","20 - 24 years","South-East","%",""
"Total period of fertility rate","2015","20 - 24 years","South-West","%",""
"Total period of fertility rate","2015","20 - 24 years","West","%",""
"Total period of fertility rate","2015","20 - 24 years","Ireland","%",""
"Total period of fertility rate","2015","25 - 29 years","Border","%",""
"Total period of fertility rate","2015","25 - 29 years","Dublin","%",""
"Total period of fertility rate","2015","25 - 29 years","Mid-East","%",""
"Total period of fertility rate","2015","25 - 29 years","Midland","%",""
"Total period of fertility rate","2015","25 - 29 years","Mid-West","%",""
"Total period of fertility rate","2015","25 - 29 years","South-East","%",""
"Total period of fertility rate","2015","25 - 29 years","South-West","%",""
"Total period of fertility rate","2015","25 - 29 years","West","%",""
"Total period of fertility rate","2015","25 - 29 years","Ireland","%",""
"Total period of fertility rate","2015","30 - 34 years","Border","%",""
"Total period of fertility rate","2015","30 - 34 years","Dublin","%",""
"Total period of fertility rate","2015","30 - 34 years","Mid-East","%",""
"Total period of fertility rate","2015","30 - 34 years","Midland","%",""
"Total period of fertility rate","2015","30 - 34 years","Mid-West","%",""
"Total period of fertility rate","2015","30 - 34 years","South-East","%",""
"Total period of fertility rate","2015","30 - 34 years","South-West","%",""
"Total period of fertility rate","2015","30 - 34 years","West","%",""
"Total period of fertility rate","2015","30 - 34 years","Ireland","%",""
"Total period of fertility rate","2015","35 - 39 years","Border","%",""
"Total period of fertility rate","2015","35 - 39 years","Dublin","%",""
"Total period of fertility rate","2015","35 - 39 years","Mid-East","%",""
"Total period of fertility rate","2015","35 - 39 years","Midland","%",""
"Total period of fertility rate","2015","35 - 39 years","Mid-West","%",""
"Total period of fertility rate","2015","35 - 39 years","South-East","%",""
"Total period of fertility rate","2015","35 - 39 years","South-West","%",""
"Total period of fertility rate","2015","35 - 39 years","West","%",""
"Total period of fertility rate","2015","35 - 39 years","Ireland","%",""
"Total period of fertility rate","2015","40 - 44 years","Border","%",""
"Total period of fertility rate","2015","40 - 44 years","Dublin","%",""
"Total period of fertility rate","2015","40 - 44 years","Mid-East","%",""
"Total period of fertility rate","2015","40 - 44 years","Midland","%",""
"Total period of fertility rate","2015","40 - 44 years","Mid-West","%",""
"Total period of fertility rate","2015","40 - 44 years","South-East","%",""
"Total period of fertility rate","2015","40 - 44 years","South-West","%",""
"Total period of fertility rate","2015","40 - 44 years","West","%",""
"Total period of fertility rate","2015","40 - 44 years","Ireland","%",""
"Total period of fertility rate","2015","45 - 49 years","Border","%",""
"Total period of fertility rate","2015","45 - 49 years","Dublin","%",""
"Total period of fertility rate","2015","45 - 49 years","Mid-East","%",""
"Total period of fertility rate","2015","45 - 49 years","Midland","%",""
"Total period of fertility rate","2015","45 - 49 years","Mid-West","%",""
"Total period of fertility rate","2015","45 - 49 years","South-East","%",""
"Total period of fertility rate","2015","45 - 49 years","South-West","%",""
"Total period of fertility rate","2015","45 - 49 years","West","%",""
"Total period of fertility rate","2015","45 - 49 years","Ireland","%",""
"Total period of fertility rate","2016","All ages","Border","%",""
"Total period of fertility rate","2016","All ages","Dublin","%",""
"Total period of fertility rate","2016","All ages","Mid-East","%",""
"Total period of fertility rate","2016","All ages","Midland","%",""
"Total period of fertility rate","2016","All ages","Mid-West","%",""
"Total period of fertility rate","2016","All ages","South-East","%",""
"Total period of fertility rate","2016","All ages","South-West","%",""
"Total period of fertility rate","2016","All ages","West","%",""
"Total period of fertility rate","2016","All ages","Ireland","%","1.81"
"Total period of fertility rate","2016","15 - 19 years","Border","%",""
"Total period of fertility rate","2016","15 - 19 years","Dublin","%",""
"Total period of fertility rate","2016","15 - 19 years","Mid-East","%",""
"Total period of fertility rate","2016","15 - 19 years","Midland","%",""
"Total period of fertility rate","2016","15 - 19 years","Mid-West","%",""
"Total period of fertility rate","2016","15 - 19 years","South-East","%",""
"Total period of fertility rate","2016","15 - 19 years","South-West","%",""
"Total period of fertility rate","2016","15 - 19 years","West","%",""
"Total period of fertility rate","2016","15 - 19 years","Ireland","%",""
"Total period of fertility rate","2016","20 - 24 years","Border","%",""
"Total period of fertility rate","2016","20 - 24 years","Dublin","%",""
"Total period of fertility rate","2016","20 - 24 years","Mid-East","%",""
"Total period of fertility rate","2016","20 - 24 years","Midland","%",""
"Total period of fertility rate","2016","20 - 24 years","Mid-West","%",""
"Total period of fertility rate","2016","20 - 24 years","South-East","%",""
"Total period of fertility rate","2016","20 - 24 years","South-West","%",""
"Total period of fertility rate","2016","20 - 24 years","West","%",""
"Total period of fertility rate","2016","20 - 24 years","Ireland","%",""
"Total period of fertility rate","2016","25 - 29 years","Border","%",""
"Total period of fertility rate","2016","25 - 29 years","Dublin","%",""
"Total period of fertility rate","2016","25 - 29 years","Mid-East","%",""
"Total period of fertility rate","2016","25 - 29 years","Midland","%",""
"Total period of fertility rate","2016","25 - 29 years","Mid-West","%",""
"Total period of fertility rate","2016","25 - 29 years","South-East","%",""
"Total period of fertility rate","2016","25 - 29 years","South-West","%",""
"Total period of fertility rate","2016","25 - 29 years","West","%",""
"Total period of fertility rate","2016","25 - 29 years","Ireland","%",""
"Total period of fertility rate","2016","30 - 34 years","Border","%",""
"Total period of fertility rate","2016","30 - 34 years","Dublin","%",""
"Total period of fertility rate","2016","30 - 34 years","Mid-East","%",""
"Total period of fertility rate","2016","30 - 34 years","Midland","%",""
"Total period of fertility rate","2016","30 - 34 years","Mid-West","%",""
"Total period of fertility rate","2016","30 - 34 years","South-East","%",""
"Total period of fertility rate","2016","30 - 34 years","South-West","%",""
"Total period of fertility rate","2016","30 - 34 years","West","%",""
"Total period of fertility rate","2016","30 - 34 years","Ireland","%",""
"Total period of fertility rate","2016","35 - 39 years","Border","%",""
"Total period of fertility rate","2016","35 - 39 years","Dublin","%",""
"Total period of fertility rate","2016","35 - 39 years","Mid-East","%",""
"Total period of fertility rate","2016","35 - 39 years","Midland","%",""
"Total period of fertility rate","2016","35 - 39 years","Mid-West","%",""
"Total period of fertility rate","2016","35 - 39 years","South-East","%",""
"Total period of fertility rate","2016","35 - 39 years","South-West","%",""
"Total period of fertility rate","2016","35 - 39 years","West","%",""
"Total period of fertility rate","2016","35 - 39 years","Ireland","%",""
"Total period of fertility rate","2016","40 - 44 years","Border","%",""
"Total period of fertility rate","2016","40 - 44 years","Dublin","%",""
"Total period of fertility rate","2016","40 - 44 years","Mid-East","%",""
"Total period of fertility rate","2016","40 - 44 years","Midland","%",""
"Total period of fertility rate","2016","40 - 44 years","Mid-West","%",""
"Total period of fertility rate","2016","40 - 44 years","South-East","%",""
"Total period of fertility rate","2016","40 - 44 years","South-West","%",""
"Total period of fertility rate","2016","40 - 44 years","West","%",""
"Total period of fertility rate","2016","40 - 44 years","Ireland","%",""
"Total period of fertility rate","2016","45 - 49 years","Border","%",""
"Total period of fertility rate","2016","45 - 49 years","Dublin","%",""
"Total period of fertility rate","2016","45 - 49 years","Mid-East","%",""
"Total period of fertility rate","2016","45 - 49 years","Midland","%",""
"Total period of fertility rate","2016","45 - 49 years","Mid-West","%",""
"Total period of fertility rate","2016","45 - 49 years","South-East","%",""
"Total period of fertility rate","2016","45 - 49 years","South-West","%",""
"Total period of fertility rate","2016","45 - 49 years","West","%",""
"Total period of fertility rate","2016","45 - 49 years","Ireland","%",""
"Total period of fertility rate","2017","All ages","Border","%",""
"Total period of fertility rate","2017","All ages","Dublin","%",""
"Total period of fertility rate","2017","All ages","Mid-East","%",""
"Total period of fertility rate","2017","All ages","Midland","%",""
"Total period of fertility rate","2017","All ages","Mid-West","%",""
"Total period of fertility rate","2017","All ages","South-East","%",""
"Total period of fertility rate","2017","All ages","South-West","%",""
"Total period of fertility rate","2017","All ages","West","%",""
"Total period of fertility rate","2017","All ages","Ireland","%","1.77"
"Total period of fertility rate","2017","15 - 19 years","Border","%",""
"Total period of fertility rate","2017","15 - 19 years","Dublin","%",""
"Total period of fertility rate","2017","15 - 19 years","Mid-East","%",""
"Total period of fertility rate","2017","15 - 19 years","Midland","%",""
"Total period of fertility rate","2017","15 - 19 years","Mid-West","%",""
"Total period of fertility rate","2017","15 - 19 years","South-East","%",""
"Total period of fertility rate","2017","15 - 19 years","South-West","%",""
"Total period of fertility rate","2017","15 - 19 years","West","%",""
"Total period of fertility rate","2017","15 - 19 years","Ireland","%",""
"Total period of fertility rate","2017","20 - 24 years","Border","%",""
"Total period of fertility rate","2017","20 - 24 years","Dublin","%",""
"Total period of fertility rate","2017","20 - 24 years","Mid-East","%",""
"Total period of fertility rate","2017","20 - 24 years","Midland","%",""
"Total period of fertility rate","2017","20 - 24 years","Mid-West","%",""
"Total period of fertility rate","2017","20 - 24 years","South-East","%",""
"Total period of fertility rate","2017","20 - 24 years","South-West","%",""
"Total period of fertility rate","2017","20 - 24 years","West","%",""
"Total period of fertility rate","2017","20 - 24 years","Ireland","%",""
"Total period of fertility rate","2017","25 - 29 years","Border","%",""
"Total period of fertility rate","2017","25 - 29 years","Dublin","%",""
"Total period of fertility rate","2017","25 - 29 years","Mid-East","%",""
"Total period of fertility rate","2017","25 - 29 years","Midland","%",""
"Total period of fertility rate","2017","25 - 29 years","Mid-West","%",""
"Total period of fertility rate","2017","25 - 29 years","South-East","%",""
"Total period of fertility rate","2017","25 - 29 years","South-West","%",""
"Total period of fertility rate","2017","25 - 29 years","West","%",""
"Total period of fertility rate","2017","25 - 29 years","Ireland","%",""
"Total period of fertility rate","2017","30 - 34 years","Border","%",""
"Total period of fertility rate","2017","30 - 34 years","Dublin","%",""
"Total period of fertility rate","2017","30 - 34 years","Mid-East","%",""
"Total period of fertility rate","2017","30 - 34 years","Midland","%",""
"Total period of fertility rate","2017","30 - 34 years","Mid-West","%",""
"Total period of fertility rate","2017","30 - 34 years","South-East","%",""
"Total period of fertility rate","2017","30 - 34 years","South-West","%",""
"Total period of fertility rate","2017","30 - 34 years","West","%",""
"Total period of fertility rate","2017","30 - 34 years","Ireland","%",""
"Total period of fertility rate","2017","35 - 39 years","Border","%",""
"Total period of fertility rate","2017","35 - 39 years","Dublin","%",""
"Total period of fertility rate","2017","35 - 39 years","Mid-East","%",""
"Total period of fertility rate","2017","35 - 39 years","Midland","%",""
"Total period of fertility rate","2017","35 - 39 years","Mid-West","%",""
"Total period of fertility rate","2017","35 - 39 years","South-East","%",""
"Total period of fertility rate","2017","35 - 39 years","South-West","%",""
"Total period of fertility rate","2017","35 - 39 years","West","%",""
"Total period of fertility rate","2017","35 - 39 years","Ireland","%",""
"Total period of fertility rate","2017","40 - 44 years","Border","%",""
"Total period of fertility rate","2017","40 - 44 years","Dublin","%",""
"Total period of fertility rate","2017","40 - 44 years","Mid-East","%",""
"Total period of fertility rate","2017","40 - 44 years","Midland","%",""
"Total period of fertility rate","2017","40 - 44 years","Mid-West","%",""
"Total period of fertility rate","2017","40 - 44 years","South-East","%",""
"Total period of fertility rate","2017","40 - 44 years","South-West","%",""
"Total period of fertility rate","2017","40 - 44 years","West","%",""
"Total period of fertility rate","2017","40 - 44 years","Ireland","%",""
"Total period of fertility rate","2017","45 - 49 years","Border","%",""
"Total period of fertility rate","2017","45 - 49 years","Dublin","%",""
"Total period of fertility rate","2017","45 - 49 years","Mid-East","%",""
"Total period of fertility rate","2017","45 - 49 years","Midland","%",""
"Total period of fertility rate","2017","45 - 49 years","Mid-West","%",""
"Total period of fertility rate","2017","45 - 49 years","South-East","%",""
"Total period of fertility rate","2017","45 - 49 years","South-West","%",""
"Total period of fertility rate","2017","45 - 49 years","West","%",""
"Total period of fertility rate","2017","45 - 49 years","Ireland","%",""
"Total period of fertility rate","2018","All ages","Border","%",""
"Total period of fertility rate","2018","All ages","Dublin","%",""
"Total period of fertility rate","2018","All ages","Mid-East","%",""
"Total period of fertility rate","2018","All ages","Midland","%",""
"Total period of fertility rate","2018","All ages","Mid-West","%",""
"Total period of fertility rate","2018","All ages","South-East","%",""
"Total period of fertility rate","2018","All ages","South-West","%",""
"Total period of fertility rate","2018","All ages","West","%",""
"Total period of fertility rate","2018","All ages","Ireland","%","1.75"
"Total period of fertility rate","2018","15 - 19 years","Border","%",""
"Total period of fertility rate","2018","15 - 19 years","Dublin","%",""
"Total period of fertility rate","2018","15 - 19 years","Mid-East","%",""
"Total period of fertility rate","2018","15 - 19 years","Midland","%",""
"Total period of fertility rate","2018","15 - 19 years","Mid-West","%",""
"Total period of fertility rate","2018","15 - 19 years","South-East","%",""
"Total period of fertility rate","2018","15 - 19 years","South-West","%",""
"Total period of fertility rate","2018","15 - 19 years","West","%",""
"Total period of fertility rate","2018","15 - 19 years","Ireland","%",""
"Total period of fertility rate","2018","20 - 24 years","Border","%",""
"Total period of fertility rate","2018","20 - 24 years","Dublin","%",""
"Total period of fertility rate","2018","20 - 24 years","Mid-East","%",""
"Total period of fertility rate","2018","20 - 24 years","Midland","%",""
"Total period of fertility rate","2018","20 - 24 years","Mid-West","%",""
"Total period of fertility rate","2018","20 - 24 years","South-East","%",""
"Total period of fertility rate","2018","20 - 24 years","South-West","%",""
"Total period of fertility rate","2018","20 - 24 years","West","%",""
"Total period of fertility rate","2018","20 - 24 years","Ireland","%",""
"Total period of fertility rate","2018","25 - 29 years","Border","%",""
"Total period of fertility rate","2018","25 - 29 years","Dublin","%",""
"Total period of fertility rate","2018","25 - 29 years","Mid-East","%",""
"Total period of fertility rate","2018","25 - 29 years","Midland","%",""
"Total period of fertility rate","2018","25 - 29 years","Mid-West","%",""
"Total period of fertility rate","2018","25 - 29 years","South-East","%",""
"Total period of fertility rate","2018","25 - 29 years","South-West","%",""
"Total period of fertility rate","2018","25 - 29 years","West","%",""
"Total period of fertility rate","2018","25 - 29 years","Ireland","%",""
"Total period of fertility rate","2018","30 - 34 years","Border","%",""
"Total period of fertility rate","2018","30 - 34 years","Dublin","%",""
"Total period of fertility rate","2018","30 - 34 years","Mid-East","%",""
"Total period of fertility rate","2018","30 - 34 years","Midland","%",""
"Total period of fertility rate","2018","30 - 34 years","Mid-West","%",""
"Total period of fertility rate","2018","30 - 34 years","South-East","%",""
"Total period of fertility rate","2018","30 - 34 years","South-West","%",""
"Total period of fertility rate","2018","30 - 34 years","West","%",""
"Total period of fertility rate","2018","30 - 34 years","Ireland","%",""
"Total period of fertility rate","2018","35 - 39 years","Border","%",""
"Total period of fertility rate","2018","35 - 39 years","Dublin","%",""
"Total period of fertility rate","2018","35 - 39 years","Mid-East","%",""
"Total period of fertility rate","2018","35 - 39 years","Midland","%",""
"Total period of fertility rate","2018","35 - 39 years","Mid-West","%",""
"Total period of fertility rate","2018","35 - 39 years","South-East","%",""
"Total period of fertility rate","2018","35 - 39 years","South-West","%",""
"Total period of fertility rate","2018","35 - 39 years","West","%",""
"Total period of fertility rate","2018","35 - 39 years","Ireland","%",""
"Total period of fertility rate","2018","40 - 44 years","Border","%",""
"Total period of fertility rate","2018","40 - 44 years","Dublin","%",""
"Total period of fertility rate","2018","40 - 44 years","Mid-East","%",""
"Total period of fertility rate","2018","40 - 44 years","Midland","%",""
"Total period of fertility rate","2018","40 - 44 years","Mid-West","%",""
"Total period of fertility rate","2018","40 - 44 years","South-East","%",""
"Total period of fertility rate","2018","40 - 44 years","South-West","%",""
"Total period of fertility rate","2018","40 - 44 years","West","%",""
"Total period of fertility rate","2018","40 - 44 years","Ireland","%",""
"Total period of fertility rate","2018","45 - 49 years","Border","%",""
"Total period of fertility rate","2018","45 - 49 years","Dublin","%",""
"Total period of fertility rate","2018","45 - 49 years","Mid-East","%",""
"Total period of fertility rate","2018","45 - 49 years","Midland","%",""
"Total period of fertility rate","2018","45 - 49 years","Mid-West","%",""
"Total period of fertility rate","2018","45 - 49 years","South-East","%",""
"Total period of fertility rate","2018","45 - 49 years","South-West","%",""
"Total period of fertility rate","2018","45 - 49 years","West","%",""
"Total period of fertility rate","2018","45 - 49 years","Ireland","%",""
"Total period of fertility rate","2019","All ages","Border","%",""
"Total period of fertility rate","2019","All ages","Dublin","%",""
"Total period of fertility rate","2019","All ages","Mid-East","%",""
"Total period of fertility rate","2019","All ages","Midland","%",""
"Total period of fertility rate","2019","All ages","Mid-West","%",""
"Total period of fertility rate","2019","All ages","South-East","%",""
"Total period of fertility rate","2019","All ages","South-West","%",""
"Total period of fertility rate","2019","All ages","West","%",""
"Total period of fertility rate","2019","All ages","Ireland","%","1.71"
"Total period of fertility rate","2019","15 - 19 years","Border","%",""
"Total period of fertility rate","2019","15 - 19 years","Dublin","%",""
"Total period of fertility rate","2019","15 - 19 years","Mid-East","%",""
"Total period of fertility rate","2019","15 - 19 years","Midland","%",""
"Total period of fertility rate","2019","15 - 19 years","Mid-West","%",""
"Total period of fertility rate","2019","15 - 19 years","South-East","%",""
"Total period of fertility rate","2019","15 - 19 years","South-West","%",""
"Total period of fertility rate","2019","15 - 19 years","West","%",""
"Total period of fertility rate","2019","15 - 19 years","Ireland","%",""
"Total period of fertility rate","2019","20 - 24 years","Border","%",""
"Total period of fertility rate","2019","20 - 24 years","Dublin","%",""
"Total period of fertility rate","2019","20 - 24 years","Mid-East","%",""
"Total period of fertility rate","2019","20 - 24 years","Midland","%",""
"Total period of fertility rate","2019","20 - 24 years","Mid-West","%",""
"Total period of fertility rate","2019","20 - 24 years","South-East","%",""
"Total period of fertility rate","2019","20 - 24 years","South-West","%",""
"Total period of fertility rate","2019","20 - 24 years","West","%",""
"Total period of fertility rate","2019","20 - 24 years","Ireland","%",""
"Total period of fertility rate","2019","25 - 29 years","Border","%",""
"Total period of fertility rate","2019","25 - 29 years","Dublin","%",""
"Total period of fertility rate","2019","25 - 29 years","Mid-East","%",""
"Total period of fertility rate","2019","25 - 29 years","Midland","%",""
"Total period of fertility rate","2019","25 - 29 years","Mid-West","%",""
"Total period of fertility rate","2019","25 - 29 years","South-East","%",""
"Total period of fertility rate","2019","25 - 29 years","South-West","%",""
"Total period of fertility rate","2019","25 - 29 years","West","%",""
"Total period of fertility rate","2019","25 - 29 years","Ireland","%",""
"Total period of fertility rate","2019","30 - 34 years","Border","%",""
"Total period of fertility rate","2019","30 - 34 years","Dublin","%",""
"Total period of fertility rate","2019","30 - 34 years","Mid-East","%",""
"Total period of fertility rate","2019","30 - 34 years","Midland","%",""
"Total period of fertility rate","2019","30 - 34 years","Mid-West","%",""
"Total period of fertility rate","2019","30 - 34 years","South-East","%",""
"Total period of fertility rate","2019","30 - 34 years","South-West","%",""
"Total period of fertility rate","2019","30 - 34 years","West","%",""
"Total period of fertility rate","2019","30 - 34 years","Ireland","%",""
"Total period of fertility rate","2019","35 - 39 years","Border","%",""
"Total period of fertility rate","2019","35 - 39 years","Dublin","%",""
"Total period of fertility rate","2019","35 - 39 years","Mid-East","%",""
"Total period of fertility rate","2019","35 - 39 years","Midland","%",""
"Total period of fertility rate","2019","35 - 39 years","Mid-West","%",""
"Total period of fertility rate","2019","35 - 39 years","South-East","%",""
"Total period of fertility rate","2019","35 - 39 years","South-West","%",""
"Total period of fertility rate","2019","35 - 39 years","West","%",""
"Total period of fertility rate","2019","35 - 39 years","Ireland","%",""
"Total period of fertility rate","2019","40 - 44 years","Border","%",""
"Total period of fertility rate","2019","40 - 44 years","Dublin","%",""
"Total period of fertility rate","2019","40 - 44 years","Mid-East","%",""
"Total period of fertility rate","2019","40 - 44 years","Midland","%",""
"Total period of fertility rate","2019","40 - 44 years","Mid-West","%",""
"Total period of fertility rate","2019","40 - 44 years","South-East","%",""
"Total period of fertility rate","2019","40 - 44 years","South-West","%",""
"Total period of fertility rate","2019","40 - 44 years","West","%",""
"Total period of fertility rate","2019","40 - 44 years","Ireland","%",""
"Total period of fertility rate","2019","45 - 49 years","Border","%",""
"Total period of fertility rate","2019","45 - 49 years","Dublin","%",""
"Total period of fertility rate","2019","45 - 49 years","Mid-East","%",""
"Total period of fertility rate","2019","45 - 49 years","Midland","%",""
"Total period of fertility rate","2019","45 - 49 years","Mid-West","%",""
"Total period of fertility rate","2019","45 - 49 years","South-East","%",""
"Total period of fertility rate","2019","45 - 49 years","South-West","%",""
"Total period of fertility rate","2019","45 - 49 years","West","%",""
"Total period of fertility rate","2019","45 - 49 years","Ireland","%",""
"Total period of fertility rate","2020","All ages","Border","%",""
"Total period of fertility rate","2020","All ages","Dublin","%",""
"Total period of fertility rate","2020","All ages","Mid-East","%",""
"Total period of fertility rate","2020","All ages","Midland","%",""
"Total period of fertility rate","2020","All ages","Mid-West","%",""
"Total period of fertility rate","2020","All ages","South-East","%",""
"Total period of fertility rate","2020","All ages","South-West","%",""
"Total period of fertility rate","2020","All ages","West","%",""
"Total period of fertility rate","2020","All ages","Ireland","%","1.65"
"Total period of fertility rate","2020","15 - 19 years","Border","%",""
"Total period of fertility rate","2020","15 - 19 years","Dublin","%",""
"Total period of fertility rate","2020","15 - 19 years","Mid-East","%",""
"Total period of fertility rate","2020","15 - 19 years","Midland","%",""
"Total period of fertility rate","2020","15 - 19 years","Mid-West","%",""
"Total period of fertility rate","2020","15 - 19 years","South-East","%",""
"Total period of fertility rate","2020","15 - 19 years","South-West","%",""
"Total period of fertility rate","2020","15 - 19 years","West","%",""
"Total period of fertility rate","2020","15 - 19 years","Ireland","%",""
"Total period of fertility rate","2020","20 - 24 years","Border","%",""
"Total period of fertility rate","2020","20 - 24 years","Dublin","%",""
"Total period of fertility rate","2020","20 - 24 years","Mid-East","%",""
"Total period of fertility rate","2020","20 - 24 years","Midland","%",""
"Total period of fertility rate","2020","20 - 24 years","Mid-West","%",""
"Total period of fertility rate","2020","20 - 24 years","South-East","%",""
"Total period of fertility rate","2020","20 - 24 years","South-West","%",""
"Total period of fertility rate","2020","20 - 24 years","West","%",""
"Total period of fertility rate","2020","20 - 24 years","Ireland","%",""
"Total period of fertility rate","2020","25 - 29 years","Border","%",""
"Total period of fertility rate","2020","25 - 29 years","Dublin","%",""
"Total period of fertility rate","2020","25 - 29 years","Mid-East","%",""
"Total period of fertility rate","2020","25 - 29 years","Midland","%",""
"Total period of fertility rate","2020","25 - 29 years","Mid-West","%",""
"Total period of fertility rate","2020","25 - 29 years","South-East","%",""
"Total period of fertility rate","2020","25 - 29 years","South-West","%",""
"Total period of fertility rate","2020","25 - 29 years","West","%",""
"Total period of fertility rate","2020","25 - 29 years","Ireland","%",""
"Total period of fertility rate","2020","30 - 34 years","Border","%",""
"Total period of fertility rate","2020","30 - 34 years","Dublin","%",""
"Total period of fertility rate","2020","30 - 34 years","Mid-East","%",""
"Total period of fertility rate","2020","30 - 34 years","Midland","%",""
"Total period of fertility rate","2020","30 - 34 years","Mid-West","%",""
"Total period of fertility rate","2020","30 - 34 years","South-East","%",""
"Total period of fertility rate","2020","30 - 34 years","South-West","%",""
"Total period of fertility rate","2020","30 - 34 years","West","%",""
"Total period of fertility rate","2020","30 - 34 years","Ireland","%",""
"Total period of fertility rate","2020","35 - 39 years","Border","%",""
"Total period of fertility rate","2020","35 - 39 years","Dublin","%",""
"Total period of fertility rate","2020","35 - 39 years","Mid-East","%",""
"Total period of fertility rate","2020","35 - 39 years","Midland","%",""
"Total period of fertility rate","2020","35 - 39 years","Mid-West","%",""
"Total period of fertility rate","2020","35 - 39 years","South-East","%",""
"Total period of fertility rate","2020","35 - 39 years","South-West","%",""
"Total period of fertility rate","2020","35 - 39 years","West","%",""
"Total period of fertility rate","2020","35 - 39 years","Ireland","%",""
"Total period of fertility rate","2020","40 - 44 years","Border","%",""
"Total period of fertility rate","2020","40 - 44 years","Dublin","%",""
"Total period of fertility rate","2020","40 - 44 years","Mid-East","%",""
"Total period of fertility rate","2020","40 - 44 years","Midland","%",""
"Total period of fertility rate","2020","40 - 44 years","Mid-West","%",""
"Total period of fertility rate","2020","40 - 44 years","South-East","%",""
"Total period of fertility rate","2020","40 - 44 years","South-West","%",""
"Total period of fertility rate","2020","40 - 44 years","West","%",""
"Total period of fertility rate","2020","40 - 44 years","Ireland","%",""
"Total period of fertility rate","2020","45 - 49 years","Border","%",""
"Total period of fertility rate","2020","45 - 49 years","Dublin","%",""
"Total period of fertility rate","2020","45 - 49 years","Mid-East","%",""
"Total period of fertility rate","2020","45 - 49 years","Midland","%",""
"Total period of fertility rate","2020","45 - 49 years","Mid-West","%",""
"Total period of fertility rate","2020","45 - 49 years","South-East","%",""
"Total period of fertility rate","2020","45 - 49 years","South-West","%",""
"Total period of fertility rate","2020","45 - 49 years","West","%",""
"Total period of fertility rate","2020","45 - 49 years","Ireland","%",""
"Total period of fertility rate","2021","All ages","Border","%","1.94"
"Total period of fertility rate","2021","All ages","Dublin","%","1.51"
"Total period of fertility rate","2021","All ages","Mid-East","%","1.91"
"Total period of fertility rate","2021","All ages","Midland","%","1.94"
"Total period of fertility rate","2021","All ages","Mid-West","%","1.89"
"Total period of fertility rate","2021","All ages","South-East","%","1.84"
"Total period of fertility rate","2021","All ages","South-West","%","1.74"
"Total period of fertility rate","2021","All ages","West","%","1.83"
"Total period of fertility rate","2021","All ages","Ireland","%","1.73"
"Total period of fertility rate","2021","15 - 19 years","Border","%",""
"Total period of fertility rate","2021","15 - 19 years","Dublin","%",""
"Total period of fertility rate","2021","15 - 19 years","Mid-East","%",""
"Total period of fertility rate","2021","15 - 19 years","Midland","%",""
"Total period of fertility rate","2021","15 - 19 years","Mid-West","%",""
"Total period of fertility rate","2021","15 - 19 years","South-East","%",""
"Total period of fertility rate","2021","15 - 19 years","South-West","%",""
"Total period of fertility rate","2021","15 - 19 years","West","%",""
"Total period of fertility rate","2021","15 - 19 years","Ireland","%",""
"Total period of fertility rate","2021","20 - 24 years","Border","%",""
"Total period of fertility rate","2021","20 - 24 years","Dublin","%",""
"Total period of fertility rate","2021","20 - 24 years","Mid-East","%",""
"Total period of fertility rate","2021","20 - 24 years","Midland","%",""
"Total period of fertility rate","2021","20 - 24 years","Mid-West","%",""
"Total period of fertility rate","2021","20 - 24 years","South-East","%",""
"Total period of fertility rate","2021","20 - 24 years","South-West","%",""
"Total period of fertility rate","2021","20 - 24 years","West","%",""
"Total period of fertility rate","2021","20 - 24 years","Ireland","%",""
"Total period of fertility rate","2021","25 - 29 years","Border","%",""
"Total period of fertility rate","2021","25 - 29 years","Dublin","%",""
"Total period of fertility rate","2021","25 - 29 years","Mid-East","%",""
"Total period of fertility rate","2021","25 - 29 years","Midland","%",""
"Total period of fertility rate","2021","25 - 29 years","Mid-West","%",""
"Total period of fertility rate","2021","25 - 29 years","South-East","%",""
"Total period of fertility rate","2021","25 - 29 years","South-West","%",""
"Total period of fertility rate","2021","25 - 29 years","West","%",""
"Total period of fertility rate","2021","25 - 29 years","Ireland","%",""
"Total period of fertility rate","2021","30 - 34 years","Border","%",""
"Total period of fertility rate","2021","30 - 34 years","Dublin","%",""
"Total period of fertility rate","2021","30 - 34 years","Mid-East","%",""
"Total period of fertility rate","2021","30 - 34 years","Midland","%",""
"Total period of fertility rate","2021","30 - 34 years","Mid-West","%",""
"Total period of fertility rate","2021","30 - 34 years","South-East","%",""
"Total period of fertility rate","2021","30 - 34 years","South-West","%",""
"Total period of fertility rate","2021","30 - 34 years","West","%",""
"Total period of fertility rate","2021","30 - 34 years","Ireland","%",""
"Total period of fertility rate","2021","35 - 39 years","Border","%",""
"Total period of fertility rate","2021","35 - 39 years","Dublin","%",""
"Total period of fertility rate","2021","35 - 39 years","Mid-East","%",""
"Total period of fertility rate","2021","35 - 39 years","Midland","%",""
"Total period of fertility rate","2021","35 - 39 years","Mid-West","%",""
"Total period of fertility rate","2021","35 - 39 years","South-East","%",""
"Total period of fertility rate","2021","35 - 39 years","South-West","%",""
"Total period of fertility rate","2021","35 - 39 years","West","%",""
"Total period of fertility rate","2021","35 - 39 years","Ireland","%",""
"Total period of fertility rate","2021","40 - 44 years","Border","%",""
"Total period of fertility rate","2021","40 - 44 years","Dublin","%",""
"Total period of fertility rate","2021","40 - 44 years","Mid-East","%",""
"Total period of fertility rate","2021","40 - 44 years","Midland","%",""
"Total period of fertility rate","2021","40 - 44 years","Mid-West","%",""
"Total period of fertility rate","2021","40 - 44 years","South-East","%",""
"Total period of fertility rate","2021","40 - 44 years","South-West","%",""
"Total period of fertility rate","2021","40 - 44 years","West","%",""
"Total period of fertility rate","2021","40 - 44 years","Ireland","%",""
"Total period of fertility rate","2021","45 - 49 years","Border","%",""
"Total period of fertility rate","2021","45 - 49 years","Dublin","%",""
"Total period of fertility rate","2021","45 - 49 years","Mid-East","%",""
"Total period of fertility rate","2021","45 - 49 years","Midland","%",""
"Total period of fertility rate","2021","45 - 49 years","Mid-West","%",""
"Total period of fertility rate","2021","45 - 49 years","South-East","%",""
"Total period of fertility rate","2021","45 - 49 years","South-West","%",""
"Total period of fertility rate","2021","45 - 49 years","West","%",""
"Total period of fertility rate","2021","45 - 49 years","Ireland","%",""
"Total period of fertility rate","2022","All ages","Border","%","1.77"
"Total period of fertility rate","2022","All ages","Dublin","%","1.33"
"Total period of fertility rate","2022","All ages","Mid-East","%","1.69"
"Total period of fertility rate","2022","All ages","Midland","%","1.67"
"Total period of fertility rate","2022","All ages","Mid-West","%","1.65"
"Total period of fertility rate","2022","All ages","South-East","%","1.71"
"Total period of fertility rate","2022","All ages","South-West","%","1.5"
"Total period of fertility rate","2022","All ages","West","%","1.62"
"Total period of fertility rate","2022","All ages","Ireland","%","1.53"
"Total period of fertility rate","2022","15 - 19 years","Border","%",""
"Total period of fertility rate","2022","15 - 19 years","Dublin","%",""
"Total period of fertility rate","2022","15 - 19 years","Mid-East","%",""
"Total period of fertility rate","2022","15 - 19 years","Midland","%",""
"Total period of fertility rate","2022","15 - 19 years","Mid-West","%",""
"Total period of fertility rate","2022","15 - 19 years","South-East","%",""
"Total period of fertility rate","2022","15 - 19 years","South-West","%",""
"Total period of fertility rate","2022","15 - 19 years","West","%",""
"Total period of fertility rate","2022","15 - 19 years","Ireland","%",""
"Total period of fertility rate","2022","20 - 24 years","Border","%",""
"Total period of fertility rate","2022","20 - 24 years","Dublin","%",""
"Total period of fertility rate","2022","20 - 24 years","Mid-East","%",""
"Total period of fertility rate","2022","20 - 24 years","Midland","%",""
"Total period of fertility rate","2022","20 - 24 years","Mid-West","%",""
"Total period of fertility rate","2022","20 - 24 years","South-East","%",""
"Total period of fertility rate","2022","20 - 24 years","South-West","%",""
"Total period of fertility rate","2022","20 - 24 years","West","%",""
"Total period of fertility rate","2022","20 - 24 years","Ireland","%",""
"Total period of fertility rate","2022","25 - 29 years","Border","%",""
"Total period of fertility rate","2022","25 - 29 years","Dublin","%",""
"Total period of fertility rate","2022","25 - 29 years","Mid-East","%",""
"Total period of fertility rate","2022","25 - 29 years","Midland","%",""
"Total period of fertility rate","2022","25 - 29 years","Mid-West","%",""
"Total period of fertility rate","2022","25 - 29 years","South-East","%",""
"Total period of fertility rate","2022","25 - 29 years","South-West","%",""
"Total period of fertility rate","2022","25 - 29 years","West","%",""
"Total period of fertility rate","2022","25 - 29 years","Ireland","%",""
"Total period of fertility rate","2022","30 - 34 years","Border","%",""
"Total period of fertility rate","2022","30 - 34 years","Dublin","%",""
"Total period of fertility rate","2022","30 - 34 years","Mid-East","%",""
"Total period of fertility rate","2022","30 - 34 years","Midland","%",""
"Total period of fertility rate","2022","30 - 34 years","Mid-West","%",""
"Total period of fertility rate","2022","30 - 34 years","South-East","%",""
"Total period of fertility rate","2022","30 - 34 years","South-West","%",""
"Total period of fertility rate","2022","30 - 34 years","West","%",""
"Total period of fertility rate","2022","30 - 34 years","Ireland","%",""
"Total period of fertility rate","2022","35 - 39 years","Border","%",""
"Total period of fertility rate","2022","35 - 39 years","Dublin","%",""
"Total period of fertility rate","2022","35 - 39 years","Mid-East","%",""
"Total period of fertility rate","2022","35 - 39 years","Midland","%",""
"Total period of fertility rate","2022","35 - 39 years","Mid-West","%",""
"Total period of fertility rate","2022","35 - 39 years","South-East","%",""
"Total period of fertility rate","2022","35 - 39 years","South-West","%",""
"Total period of fertility rate","2022","35 - 39 years","West","%",""
"Total period of fertility rate","2022","35 - 39 years","Ireland","%",""
"Total period of fertility rate","2022","40 - 44 years","Border","%",""
"Total period of fertility rate","2022","40 - 44 years","Dublin","%",""
"Total period of fertility rate","2022","40 - 44 years","Mid-East","%",""
"Total period of fertility rate","2022","40 - 44 years","Midland","%",""
"Total period of fertility rate","2022","40 - 44 years","Mid-West","%",""
"Total period of fertility rate","2022","40 - 44 years","South-East","%",""
"Total period of fertility rate","2022","40 - 44 years","South-West","%",""
"Total period of fertility rate","2022","40 - 44 years","West","%",""
"Total period of fertility rate","2022","40 - 44 years","Ireland","%",""
"Total period of fertility rate","2022","45 - 49 years","Border","%",""
"Total period of fertility rate","2022","45 - 49 years","Dublin","%",""
"Total period of fertility rate","2022","45 - 49 years","Mid-East","%",""
"Total period of fertility rate","2022","45 - 49 years","Midland","%",""
"Total period of fertility rate","2022","45 - 49 years","Mid-West","%",""
"Total period of fertility rate","2022","45 - 49 years","South-East","%",""
"Total period of fertility rate","2022","45 - 49 years","South-West","%",""
"Total period of fertility rate","2022","45 - 49 years","West","%",""
"Total period of fertility rate","2022","45 - 49 years","Ireland","%",""
"Total period of fertility rate","2023","All ages","Border","%","1.81"
"Total period of fertility rate","2023","All ages","Dublin","%","1.29"
"Total period of fertility rate","2023","All ages","Mid-East","%","1.8"
"Total period of fertility rate","2023","All ages","Midland","%","1.69"
"Total period of fertility rate","2023","All ages","Mid-West","%","1.6"
"Total period of fertility rate","2023","All ages","South-East","%","1.67"
"Total period of fertility rate","2023","All ages","South-West","%","1.46"
"Total period of fertility rate","2023","All ages","West","%","1.57"
"Total period of fertility rate","2023","All ages","Ireland","%","1.52"
"Total period of fertility rate","2023","15 - 19 years","Border","%",""
"Total period of fertility rate","2023","15 - 19 years","Dublin","%",""
"Total period of fertility rate","2023","15 - 19 years","Mid-East","%",""
"Total period of fertility rate","2023","15 - 19 years","Midland","%",""
"Total period of fertility rate","2023","15 - 19 years","Mid-West","%",""
"Total period of fertility rate","2023","15 - 19 years","South-East","%",""
"Total period of fertility rate","2023","15 - 19 years","South-West","%",""
"Total period of fertility rate","2023","15 - 19 years","West","%",""
"Total period of fertility rate","2023","15 - 19 years","Ireland","%",""
"Total period of fertility rate","2023","20 - 24 years","Border","%",""
"Total period of fertility rate","2023","20 - 24 years","Dublin","%",""
"Total period of fertility rate","2023","20 - 24 years","Mid-East","%",""
"Total period of fertility rate","2023","20 - 24 years","Midland","%",""
"Total period of fertility rate","2023","20 - 24 years","Mid-West","%",""
"Total period of fertility rate","2023","20 - 24 years","South-East","%",""
"Total period of fertility rate","2023","20 - 24 years","South-West","%",""
"Total period of fertility rate","2023","20 - 24 years","West","%",""
"Total period of fertility rate","2023","20 - 24 years","Ireland","%",""
"Total period of fertility rate","2023","25 - 29 years","Border","%",""
"Total period of fertility rate","2023","25 - 29 years","Dublin","%",""
"Total period of fertility rate","2023","25 - 29 years","Mid-East","%",""
"Total period of fertility rate","2023","25 - 29 years","Midland","%",""
"Total period of fertility rate","2023","25 - 29 years","Mid-West","%",""
"Total period of fertility rate","2023","25 - 29 years","South-East","%",""
"Total period of fertility rate","2023","25 - 29 years","South-West","%",""
"Total period of fertility rate","2023","25 - 29 years","West","%",""
"Total period of fertility rate","2023","25 - 29 years","Ireland","%",""
"Total period of fertility rate","2023","30 - 34 years","Border","%",""
"Total period of fertility rate","2023","30 - 34 years","Dublin","%",""
"Total period of fertility rate","2023","30 - 34 years","Mid-East","%",""
"Total period of fertility rate","2023","30 - 34 years","Midland","%",""
"Total period of fertility rate","2023","30 - 34 years","Mid-West","%",""
"Total period of fertility rate","2023","30 - 34 years","South-East","%",""
"Total period of fertility rate","2023","30 - 34 years","South-West","%",""
"Total period of fertility rate","2023","30 - 34 years","West","%",""
"Total period of fertility rate","2023","30 - 34 years","Ireland","%",""
"Total period of fertility rate","2023","35 - 39 years","Border","%",""
"Total period of fertility rate","2023","35 - 39 years","Dublin","%",""
"Total period of fertility rate","2023","35 - 39 years","Mid-East","%",""
"Total period of fertility rate","2023","35 - 39 years","Midland","%",""
"Total period of fertility rate","2023","35 - 39 years","Mid-West","%",""
"Total period of fertility rate","2023","35 - 39 years","South-East","%",""
"Total period of fertility rate","2023","35 - 39 years","South-West","%",""
"Total period of fertility rate","2023","35 - 39 years","West","%",""
"Total period of fertility rate","2023","35 - 39 years","Ireland","%",""
"Total period of fertility rate","2023","40 - 44 years","Border","%",""
"Total period of fertility rate","2023","40 - 44 years","Dublin","%",""
"Total period of fertility rate","2023","40 - 44 years","Mid-East","%",""
"Total period of fertility rate","2023","40 - 44 years","Midland","%",""
"Total period of fertility rate","2023","40 - 44 years","Mid-West","%",""
"Total period of fertility rate","2023","40 - 44 years","South-East","%",""
"Total period of fertility rate","2023","40 - 44 years","South-West","%",""
"Total period of fertility rate","2023","40 - 44 years","West","%",""
"Total period of fertility rate","2023","40 - 44 years","Ireland","%",""
"Total period of fertility rate","2023","45 - 49 years","Border","%",""
"Total period of fertility rate","2023","45 - 49 years","Dublin","%",""
"Total period of fertility rate","2023","45 - 49 years","Mid-East","%",""
"Total period of fertility rate","2023","45 - 49 years","Midland","%",""
"Total period of fertility rate","2023","45 - 49 years","Mid-West","%",""
"Total period of fertility rate","2023","45 - 49 years","South-East","%",""
"Total period of fertility rate","2023","45 - 49 years","South-West","%",""
"Total period of fertility rate","2023","45 - 49 years","West","%",""
"Total period of fertility rate","2023","45 - 49 years","Ireland","%",""
"Age specific fertility rates","1969","All ages","Border","%",""
"Age specific fertility rates","1969","All ages","Dublin","%",""
"Age specific fertility rates","1969","All ages","Mid-East","%",""
"Age specific fertility rates","1969","All ages","Midland","%",""
"Age specific fertility rates","1969","All ages","Mid-West","%",""
"Age specific fertility rates","1969","All ages","South-East","%",""
"Age specific fertility rates","1969","All ages","South-West","%",""
"Age specific fertility rates","1969","All ages","West","%",""
"Age specific fertility rates","1969","All ages","Ireland","%",""
"Age specific fertility rates","1969","15 - 19 years","Border","%",""
"Age specific fertility rates","1969","15 - 19 years","Dublin","%",""
"Age specific fertility rates","1969","15 - 19 years","Mid-East","%",""
"Age specific fertility rates","1969","15 - 19 years","Midland","%",""
"Age specific fertility rates","1969","15 - 19 years","Mid-West","%",""
"Age specific fertility rates","1969","15 - 19 years","South-East","%",""
"Age specific fertility rates","1969","15 - 19 years","South-West","%",""
"Age specific fertility rates","1969","15 - 19 years","West","%",""
"Age specific fertility rates","1969","15 - 19 years","Ireland","%","15.4"
"Age specific fertility rates","1969","20 - 24 years","Border","%",""
"Age specific fertility rates","1969","20 - 24 years","Dublin","%",""
"Age specific fertility rates","1969","20 - 24 years","Mid-East","%",""
"Age specific fertility rates","1969","20 - 24 years","Midland","%",""
"Age specific fertility rates","1969","20 - 24 years","Mid-West","%",""
"Age specific fertility rates","1969","20 - 24 years","South-East","%",""
"Age specific fertility rates","1969","20 - 24 years","South-West","%",""
"Age specific fertility rates","1969","20 - 24 years","West","%",""
"Age specific fertility rates","1969","20 - 24 years","Ireland","%","139.7"
"Age specific fertility rates","1969","25 - 29 years","Border","%",""
"Age specific fertility rates","1969","25 - 29 years","Dublin","%",""
"Age specific fertility rates","1969","25 - 29 years","Mid-East","%",""
"Age specific fertility rates","1969","25 - 29 years","Midland","%",""
"Age specific fertility rates","1969","25 - 29 years","Mid-West","%",""
"Age specific fertility rates","1969","25 - 29 years","South-East","%",""
"Age specific fertility rates","1969","25 - 29 years","South-West","%",""
"Age specific fertility rates","1969","25 - 29 years","West","%",""
"Age specific fertility rates","1969","25 - 29 years","Ireland","%","228.7"
"Age specific fertility rates","1969","30 - 34 years","Border","%",""
"Age specific fertility rates","1969","30 - 34 years","Dublin","%",""
"Age specific fertility rates","1969","30 - 34 years","Mid-East","%",""
"Age specific fertility rates","1969","30 - 34 years","Midland","%",""
"Age specific fertility rates","1969","30 - 34 years","Mid-West","%",""
"Age specific fertility rates","1969","30 - 34 years","South-East","%",""
"Age specific fertility rates","1969","30 - 34 years","South-West","%",""
"Age specific fertility rates","1969","30 - 34 years","West","%",""
"Age specific fertility rates","1969","30 - 34 years","Ireland","%","199.5"
"Age specific fertility rates","1969","35 - 39 years","Border","%",""
"Age specific fertility rates","1969","35 - 39 years","Dublin","%",""
"Age specific fertility rates","1969","35 - 39 years","Mid-East","%",""
"Age specific fertility rates","1969","35 - 39 years","Midland","%",""
"Age specific fertility rates","1969","35 - 39 years","Mid-West","%",""
"Age specific fertility rates","1969","35 - 39 years","South-East","%",""
"Age specific fertility rates","1969","35 - 39 years","South-West","%",""
"Age specific fertility rates","1969","35 - 39 years","West","%",""
"Age specific fertility rates","1969","35 - 39 years","Ireland","%","133.1"
"Age specific fertility rates","1969","40 - 44 years","Border","%",""
"Age specific fertility rates","1969","40 - 44 years","Dublin","%",""
"Age specific fertility rates","1969","40 - 44 years","Mid-East","%",""
"Age specific fertility rates","1969","40 - 44 years","Midland","%",""
"Age specific fertility rates","1969","40 - 44 years","Mid-West","%",""
"Age specific fertility rates","1969","40 - 44 years","South-East","%",""
"Age specific fertility rates","1969","40 - 44 years","South-West","%",""
"Age specific fertility rates","1969","40 - 44 years","West","%",""
"Age specific fertility rates","1969","40 - 44 years","Ireland","%","48.1"
"Age specific fertility rates","1969","45 - 49 years","Border","%",""
"Age specific fertility rates","1969","45 - 49 years","Dublin","%",""
"Age specific fertility rates","1969","45 - 49 years","Mid-East","%",""
"Age specific fertility rates","1969","45 - 49 years","Midland","%",""
"Age specific fertility rates","1969","45 - 49 years","Mid-West","%",""
"Age specific fertility rates","1969","45 - 49 years","South-East","%",""
"Age specific fertility rates","1969","45 - 49 years","South-West","%",""
"Age specific fertility rates","1969","45 - 49 years","West","%",""
"Age specific fertility rates","1969","45 - 49 years","Ireland","%","4.4"
"Age specific fertility rates","1970","All ages","Border","%",""
"Age specific fertility rates","1970","All ages","Dublin","%",""
"Age specific fertility rates","1970","All ages","Mid-East","%",""
"Age specific fertility rates","1970","All ages","Midland","%",""
"Age specific fertility rates","1970","All ages","Mid-West","%",""
"Age specific fertility rates","1970","All ages","South-East","%",""
"Age specific fertility rates","1970","All ages","South-West","%",""
"Age specific fertility rates","1970","All ages","West","%",""
"Age specific fertility rates","1970","All ages","Ireland","%",""
"Age specific fertility rates","1970","15 - 19 years","Border","%",""
"Age specific fertility rates","1970","15 - 19 years","Dublin","%",""
"Age specific fertility rates","1970","15 - 19 years","Mid-East","%",""
"Age specific fertility rates","1970","15 - 19 years","Midland","%",""
"Age specific fertility rates","1970","15 - 19 years","Mid-West","%",""
"Age specific fertility rates","1970","15 - 19 years","South-East","%",""
"Age specific fertility rates","1970","15 - 19 years","South-West","%",""
"Age specific fertility rates","1970","15 - 19 years","West","%",""
"Age specific fertility rates","1970","15 - 19 years","Ireland","%","16.3"
"Age specific fertility rates","1970","20 - 24 years","Border","%",""
"Age specific fertility rates","1970","20 - 24 years","Dublin","%",""
"Age specific fertility rates","1970","20 - 24 years","Mid-East","%",""
"Age specific fertility rates","1970","20 - 24 years","Midland","%",""
"Age specific fertility rates","1970","20 - 24 years","Mid-West","%",""
"Age specific fertility rates","1970","20 - 24 years","South-East","%",""
"Age specific fertility rates","1970","20 - 24 years","South-West","%",""
"Age specific fertility rates","1970","20 - 24 years","West","%",""
"Age specific fertility rates","1970","20 - 24 years","Ireland","%","145.5"
"Age specific fertility rates","1970","25 - 29 years","Border","%",""
"Age specific fertility rates","1970","25 - 29 years","Dublin","%",""
"Age specific fertility rates","1970","25 - 29 years","Mid-East","%",""
"Age specific fertility rates","1970","25 - 29 years","Midland","%",""
"Age specific fertility rates","1970","25 - 29 years","Mid-West","%",""
"Age specific fertility rates","1970","25 - 29 years","South-East","%",""
"Age specific fertility rates","1970","25 - 29 years","South-West","%",""
"Age specific fertility rates","1970","25 - 29 years","West","%",""
"Age specific fertility rates","1970","25 - 29 years","Ireland","%","228.7"
"Age specific fertility rates","1970","30 - 34 years","Border","%",""
"Age specific fertility rates","1970","30 - 34 years","Dublin","%",""
"Age specific fertility rates","1970","30 - 34 years","Mid-East","%",""
"Age specific fertility rates","1970","30 - 34 years","Midland","%",""
"Age specific fertility rates","1970","30 - 34 years","Mid-West","%",""
"Age specific fertility rates","1970","30 - 34 years","South-East","%",""
"Age specific fertility rates","1970","30 - 34 years","South-West","%",""
"Age specific fertility rates","1970","30 - 34 years","West","%",""
"Age specific fertility rates","1970","30 - 34 years","Ireland","%","201.9"
"Age specific fertility rates","1970","35 - 39 years","Border","%",""
"Age specific fertility rates","1970","35 - 39 years","Dublin","%",""
"Age specific fertility rates","1970","35 - 39 years","Mid-East","%",""
"Age specific fertility rates","1970","35 - 39 years","Midland","%",""
"Age specific fertility rates","1970","35 - 39 years","Mid-West","%",""
"Age specific fertility rates","1970","35 - 39 years","South-East","%",""
"Age specific fertility rates","1970","35 - 39 years","South-West","%",""
"Age specific fertility rates","1970","35 - 39 years","West","%",""
"Age specific fertility rates","1970","35 - 39 years","Ireland","%","131.9"
"Age specific fertility rates","1970","40 - 44 years","Border","%",""
"Age specific fertility rates","1970","40 - 44 years","Dublin","%",""
"Age specific fertility rates","1970","40 - 44 years","Mid-East","%",""
"Age specific fertility rates","1970","40 - 44 years","Midland","%",""
"Age specific fertility rates","1970","40 - 44 years","Mid-West","%",""
"Age specific fertility rates","1970","40 - 44 years","South-East","%",""
"Age specific fertility rates","1970","40 - 44 years","South-West","%",""
"Age specific fertility rates","1970","40 - 44 years","West","%",""
"Age specific fertility rates","1970","40 - 44 years","Ireland","%","45.3"
"Age specific fertility rates","1970","45 - 49 years","Border","%",""
"Age specific fertility rates","1970","45 - 49 years","Dublin","%",""
"Age specific fertility rates","1970","45 - 49 years","Mid-East","%",""
"Age specific fertility rates","1970","45 - 49 years","Midland","%",""
"Age specific fertility rates","1970","45 - 49 years","Mid-West","%",""
"Age specific fertility rates","1970","45 - 49 years","South-East","%",""
"Age specific fertility rates","1970","45 - 49 years","South-West","%",""
"Age specific fertility rates","1970","45 - 49 years","West","%",""
"Age specific fertility rates","1970","45 - 49 years","Ireland","%","3.7"
"Age specific fertility rates","1971","All ages","Border","%",""
"Age specific fertility rates","1971","All ages","Dublin","%",""
"Age specific fertility rates","1971","All ages","Mid-East","%",""
"Age specific fertility rates","1971","All ages","Midland","%",""
"Age specific fertility rates","1971","All ages","Mid-West","%",""
"Age specific fertility rates","1971","All ages","South-East","%",""
"Age specific fertility rates","1971","All ages","South-West","%",""
"Age specific fertility rates","1971","All ages","West","%",""
"Age specific fertility rates","1971","All ages","Ireland","%",""
"Age specific fertility rates","1971","15 - 19 years","Border","%",""
"Age specific fertility rates","1971","15 - 19 years","Dublin","%",""
"Age specific fertility rates","1971","15 - 19 years","Mid-East","%",""
"Age specific fertility rates","1971","15 - 19 years","Midland","%",""
"Age specific fertility rates","1971","15 - 19 years","Mid-West","%",""
"Age specific fertility rates","1971","15 - 19 years","South-East","%",""
"Age specific fertility rates","1971","15 - 19 years","South-West","%",""
"Age specific fertility rates","1971","15 - 19 years","West","%",""
"Age specific fertility rates","1971","15 - 19 years","Ireland","%","19.1"
"Age specific fertility rates","1971","20 - 24 years","Border","%",""
"Age specific fertility rates","1971","20 - 24 years","Dublin","%",""
"Age specific fertility rates","1971","20 - 24 years","Mid-East","%",""
"Age specific fertility rates","1971","20 - 24 years","Midland","%",""
"Age specific fertility rates","1971","20 - 24 years","Mid-West","%",""
"Age specific fertility rates","1971","20 - 24 years","South-East","%",""
"Age specific fertility rates","1971","20 - 24 years","South-West","%",""
"Age specific fertility rates","1971","20 - 24 years","West","%",""
"Age specific fertility rates","1971","20 - 24 years","Ireland","%","150.3"
"Age specific fertility rates","1971","25 - 29 years","Border","%",""
"Age specific fertility rates","1971","25 - 29 years","Dublin","%",""
"Age specific fertility rates","1971","25 - 29 years","Mid-East","%",""
"Age specific fertility rates","1971","25 - 29 years","Midland","%",""
"Age specific fertility rates","1971","25 - 29 years","Mid-West","%",""
"Age specific fertility rates","1971","25 - 29 years","South-East","%",""
"Age specific fertility rates","1971","25 - 29 years","South-West","%",""
"Age specific fertility rates","1971","25 - 29 years","West","%",""
"Age specific fertility rates","1971","25 - 29 years","Ireland","%","243.5"
"Age specific fertility rates","1971","30 - 34 years","Border","%",""
"Age specific fertility rates","1971","30 - 34 years","Dublin","%",""
"Age specific fertility rates","1971","30 - 34 years","Mid-East","%",""
"Age specific fertility rates","1971","30 - 34 years","Midland","%",""
"Age specific fertility rates","1971","30 - 34 years","Mid-West","%",""
"Age specific fertility rates","1971","30 - 34 years","South-East","%",""
"Age specific fertility rates","1971","30 - 34 years","South-West","%",""
"Age specific fertility rates","1971","30 - 34 years","West","%",""
"Age specific fertility rates","1971","30 - 34 years","Ireland","%","200.5"
"Age specific fertility rates","1971","35 - 39 years","Border","%",""
"Age specific fertility rates","1971","35 - 39 years","Dublin","%",""
"Age specific fertility rates","1971","35 - 39 years","Mid-East","%",""
"Age specific fertility rates","1971","35 - 39 years","Midland","%",""
"Age specific fertility rates","1971","35 - 39 years","Mid-West","%",""
"Age specific fertility rates","1971","35 - 39 years","South-East","%",""
"Age specific fertility rates","1971","35 - 39 years","South-West","%",""
"Age specific fertility rates","1971","35 - 39 years","West","%",""
"Age specific fertility rates","1971","35 - 39 years","Ireland","%","131.7"
"Age specific fertility rates","1971","40 - 44 years","Border","%",""
"Age specific fertility rates","1971","40 - 44 years","Dublin","%",""
"Age specific fertility rates","1971","40 - 44 years","Mid-East","%",""
"Age specific fertility rates","1971","40 - 44 years","Midland","%",""
"Age specific fertility rates","1971","40 - 44 years","Mid-West","%",""
"Age specific fertility rates","1971","40 - 44 years","South-East","%",""
"Age specific fertility rates","1971","40 - 44 years","South-West","%",""
"Age specific fertility rates","1971","40 - 44 years","West","%",""
"Age specific fertility rates","1971","40 - 44 years","Ireland","%","46.6"
"Age specific fertility rates","1971","45 - 49 years","Border","%",""
"Age specific fertility rates","1971","45 - 49 years","Dublin","%",""
"Age specific fertility rates","1971","45 - 49 years","Mid-East","%",""
"Age specific fertility rates","1971","45 - 49 years","Midland","%",""
"Age specific fertility rates","1971","45 - 49 years","Mid-West","%",""
"Age specific fertility rates","1971","45 - 49 years","South-East","%",""
"Age specific fertility rates","1971","45 - 49 years","South-West","%",""
"Age specific fertility rates","1971","45 - 49 years","West","%",""
"Age specific fertility rates","1971","45 - 49 years","Ireland","%","3.3"
"Age specific fertility rates","1972","All ages","Border","%",""
"Age specific fertility rates","1972","All ages","Dublin","%",""
"Age specific fertility rates","1972","All ages","Mid-East","%",""
"Age specific fertility rates","1972","All ages","Midland","%",""
"Age specific fertility rates","1972","All ages","Mid-West","%",""
"Age specific fertility rates","1972","All ages","South-East","%",""
"Age specific fertility rates","1972","All ages","South-West","%",""
"Age specific fertility rates","1972","All ages","West","%",""
"Age specific fertility rates","1972","All ages","Ireland","%",""
"Age specific fertility rates","1972","15 - 19 years","Border","%",""
"Age specific fertility rates","1972","15 - 19 years","Dublin","%",""
"Age specific fertility rates","1972","15 - 19 years","Mid-East","%",""
"Age specific fertility rates","1972","15 - 19 years","Midland","%",""
"Age specific fertility rates","1972","15 - 19 years","Mid-West","%",""
"Age specific fertility rates","1972","15 - 19 years","South-East","%",""
"Age specific fertility rates","1972","15 - 19 years","South-West","%",""
"Age specific fertility rates","1972","15 - 19 years","West","%",""
"Age specific fertility rates","1972","15 - 19 years","Ireland","%","21.3"
"Age specific fertility rates","1972","20 - 24 years","Border","%",""
"Age specific fertility rates","1972","20 - 24 years","Dublin","%",""
"Age specific fertility rates","1972","20 - 24 years","Mid-East","%",""
"Age specific fertility rates","1972","20 - 24 years","Midland","%",""
"Age specific fertility rates","1972","20 - 24 years","Mid-West","%",""
"Age specific fertility rates","1972","20 - 24 years","South-East","%",""
"Age specific fertility rates","1972","20 - 24 years","South-West","%",""
"Age specific fertility rates","1972","20 - 24 years","West","%",""
"Age specific fertility rates","1972","20 - 24 years","Ireland","%","152.1"
"Age specific fertility rates","1972","25 - 29 years","Border","%",""
"Age specific fertility rates","1972","25 - 29 years","Dublin","%",""
"Age specific fertility rates","1972","25 - 29 years","Mid-East","%",""
"Age specific fertility rates","1972","25 - 29 years","Midland","%",""
"Age specific fertility rates","1972","25 - 29 years","Mid-West","%",""
"Age specific fertility rates","1972","25 - 29 years","South-East","%",""
"Age specific fertility rates","1972","25 - 29 years","South-West","%",""
"Age specific fertility rates","1972","25 - 29 years","West","%",""
"Age specific fertility rates","1972","25 - 29 years","Ireland","%","241.5"
"Age specific fertility rates","1972","30 - 34 years","Border","%",""
"Age specific fertility rates","1972","30 - 34 years","Dublin","%",""
"Age specific fertility rates","1972","30 - 34 years","Mid-East","%",""
"Age specific fertility rates","1972","30 - 34 years","Midland","%",""
"Age specific fertility rates","1972","30 - 34 years","Mid-West","%",""
"Age specific fertility rates","1972","30 - 34 years","South-East","%",""
"Age specific fertility rates","1972","30 - 34 years","South-West","%",""
"Age specific fertility rates","1972","30 - 34 years","West","%",""
"Age specific fertility rates","1972","30 - 34 years","Ireland","%","187.6"
"Age specific fertility rates","1972","35 - 39 years","Border","%",""
"Age specific fertility rates","1972","35 - 39 years","Dublin","%",""
"Age specific fertility rates","1972","35 - 39 years","Mid-East","%",""
"Age specific fertility rates","1972","35 - 39 years","Midland","%",""
"Age specific fertility rates","1972","35 - 39 years","Mid-West","%",""
"Age specific fertility rates","1972","35 - 39 years","South-East","%",""
"Age specific fertility rates","1972","35 - 39 years","South-West","%",""
"Age specific fertility rates","1972","35 - 39 years","West","%",""
"Age specific fertility rates","1972","35 - 39 years","Ireland","%","125.7"
"Age specific fertility rates","1972","40 - 44 years","Border","%",""
"Age specific fertility rates","1972","40 - 44 years","Dublin","%",""
"Age specific fertility rates","1972","40 - 44 years","Mid-East","%",""
"Age specific fertility rates","1972","40 - 44 years","Midland","%",""
"Age specific fertility rates","1972","40 - 44 years","Mid-West","%",""
"Age specific fertility rates","1972","40 - 44 years","South-East","%",""
"Age specific fertility rates","1972","40 - 44 years","South-West","%",""
"Age specific fertility rates","1972","40 - 44 years","West","%",""
"Age specific fertility rates","1972","40 - 44 years","Ireland","%","43.4"
"Age specific fertility rates","1972","45 - 49 years","Border","%",""
"Age specific fertility rates","1972","45 - 49 years","Dublin","%",""
"Age specific fertility rates","1972","45 - 49 years","Mid-East","%",""
"Age specific fertility rates","1972","45 - 49 years","Midland","%",""
"Age specific fertility rates","1972","45 - 49 years","Mid-West","%",""
"Age specific fertility rates","1972","45 - 49 years","South-East","%",""
"Age specific fertility rates","1972","45 - 49 years","South-West","%",""
"Age specific fertility rates","1972","45 - 49 years","West","%",""
"Age specific fertility rates","1972","45 - 49 years","Ireland","%","3.4"
"Age specific fertility rates","1973","All ages","Border","%",""
"Age specific fertility rates","1973","All ages","Dublin","%",""
"Age specific fertility rates","1973","All ages","Mid-East","%",""
"Age specific fertility rates","1973","All ages","Midland","%",""
"Age specific fertility rates","1973","All ages","Mid-West","%",""
"Age specific fertility rates","1973","All ages","South-East","%",""
"Age specific fertility rates","1973","All ages","South-West","%",""
"Age specific fertility rates","1973","All ages","West","%",""
"Age specific fertility rates","1973","All ages","Ireland","%",""
"Age specific fertility rates","1973","15 - 19 years","Border","%",""
"Age specific fertility rates","1973","15 - 19 years","Dublin","%",""
"Age specific fertility rates","1973","15 - 19 years","Mid-East","%",""
"Age specific fertility rates","1973","15 - 19 years","Midland","%",""
"Age specific fertility rates","1973","15 - 19 years","Mid-West","%",""
"Age specific fertility rates","1973","15 - 19 years","South-East","%",""
"Age specific fertility rates","1973","15 - 19 years","South-West","%",""
"Age specific fertility rates","1973","15 - 19 years","West","%",""
"Age specific fertility rates","1973","15 - 19 years","Ireland","%","22.4"
"Age specific fertility rates","1973","20 - 24 years","Border","%",""
"Age specific fertility rates","1973","20 - 24 years","Dublin","%",""
"Age specific fertility rates","1973","20 - 24 years","Mid-East","%",""
"Age specific fertility rates","1973","20 - 24 years","Midland","%",""
"Age specific fertility rates","1973","20 - 24 years","Mid-West","%",""
"Age specific fertility rates","1973","20 - 24 years","South-East","%",""
"Age specific fertility rates","1973","20 - 24 years","South-West","%",""
"Age specific fertility rates","1973","20 - 24 years","West","%",""
"Age specific fertility rates","1973","20 - 24 years","Ireland","%","149.9"
"Age specific fertility rates","1973","25 - 29 years","Border","%",""
"Age specific fertility rates","1973","25 - 29 years","Dublin","%",""
"Age specific fertility rates","1973","25 - 29 years","Mid-East","%",""
"Age specific fertility rates","1973","25 - 29 years","Midland","%",""
"Age specific fertility rates","1973","25 - 29 years","Mid-West","%",""
"Age specific fertility rates","1973","25 - 29 years","South-East","%",""
"Age specific fertility rates","1973","25 - 29 years","South-West","%",""
"Age specific fertility rates","1973","25 - 29 years","West","%",""
"Age specific fertility rates","1973","25 - 29 years","Ireland","%","235"
"Age specific fertility rates","1973","30 - 34 years","Border","%",""
"Age specific fertility rates","1973","30 - 34 years","Dublin","%",""
"Age specific fertility rates","1973","30 - 34 years","Mid-East","%",""
"Age specific fertility rates","1973","30 - 34 years","Midland","%",""
"Age specific fertility rates","1973","30 - 34 years","Mid-West","%",""
"Age specific fertility rates","1973","30 - 34 years","South-East","%",""
"Age specific fertility rates","1973","30 - 34 years","South-West","%",""
"Age specific fertility rates","1973","30 - 34 years","West","%",""
"Age specific fertility rates","1973","30 - 34 years","Ireland","%","181.2"
"Age specific fertility rates","1973","35 - 39 years","Border","%",""
"Age specific fertility rates","1973","35 - 39 years","Dublin","%",""
"Age specific fertility rates","1973","35 - 39 years","Mid-East","%",""
"Age specific fertility rates","1973","35 - 39 years","Midland","%",""
"Age specific fertility rates","1973","35 - 39 years","Mid-West","%",""
"Age specific fertility rates","1973","35 - 39 years","South-East","%",""
"Age specific fertility rates","1973","35 - 39 years","South-West","%",""
"Age specific fertility rates","1973","35 - 39 years","West","%",""
"Age specific fertility rates","1973","35 - 39 years","Ireland","%","115.6"
"Age specific fertility rates","1973","40 - 44 years","Border","%",""
"Age specific fertility rates","1973","40 - 44 years","Dublin","%",""
"Age specific fertility rates","1973","40 - 44 years","Mid-East","%",""
"Age specific fertility rates","1973","40 - 44 years","Midland","%",""
"Age specific fertility rates","1973","40 - 44 years","Mid-West","%",""
"Age specific fertility rates","1973","40 - 44 years","South-East","%",""
"Age specific fertility rates","1973","40 - 44 years","South-West","%",""
"Age specific fertility rates","1973","40 - 44 years","West","%",""
"Age specific fertility rates","1973","40 - 44 years","Ireland","%","41.3"
"Age specific fertility rates","1973","45 - 49 years","Border","%",""
"Age specific fertility rates","1973","45 - 49 years","Dublin","%",""
"Age specific fertility rates","1973","45 - 49 years","Mid-East","%",""
"Age specific fertility rates","1973","45 - 49 years","Midland","%",""
"Age specific fertility rates","1973","45 - 49 years","Mid-West","%",""
"Age specific fertility rates","1973","45 - 49 years","South-East","%",""
"Age specific fertility rates","1973","45 - 49 years","South-West","%",""
"Age specific fertility rates","1973","45 - 49 years","West","%",""
"Age specific fertility rates","1973","45 - 49 years","Ireland","%","2.7"
"Age specific fertility rates","1974","All ages","Border","%",""
"Age specific fertility rates","1974","All ages","Dublin","%",""
"Age specific fertility rates","1974","All ages","Mid-East","%",""
"Age specific fertility rates","1974","All ages","Midland","%",""
"Age specific fertility rates","1974","All ages","Mid-West","%",""
"Age specific fertility rates","1974","All ages","South-East","%",""
"Age specific fertility rates","1974","All ages","South-West","%",""
"Age specific fertility rates","1974","All ages","West","%",""
"Age specific fertility rates","1974","All ages","Ireland","%",""
"Age specific fertility rates","1974","15 - 19 years","Border","%",""
"Age specific fertility rates","1974","15 - 19 years","Dublin","%",""
"Age specific fertility rates","1974","15 - 19 years","Mid-East","%",""
"Age specific fertility rates","1974","15 - 19 years","Midland","%",""
"Age specific fertility rates","1974","15 - 19 years","Mid-West","%",""
"Age specific fertility rates","1974","15 - 19 years","South-East","%",""
"Age specific fertility rates","1974","15 - 19 years","South-West","%",""
"Age specific fertility rates","1974","15 - 19 years","West","%",""
"Age specific fertility rates","1974","15 - 19 years","Ireland","%","22.6"
"Age specific fertility rates","1974","20 - 24 years","Border","%",""
"Age specific fertility rates","1974","20 - 24 years","Dublin","%",""
"Age specific fertility rates","1974","20 - 24 years","Mid-East","%",""
"Age specific fertility rates","1974","20 - 24 years","Midland","%",""
"Age specific fertility rates","1974","20 - 24 years","Mid-West","%",""
"Age specific fertility rates","1974","20 - 24 years","South-East","%",""
"Age specific fertility rates","1974","20 - 24 years","South-West","%",""
"Age specific fertility rates","1974","20 - 24 years","West","%",""
"Age specific fertility rates","1974","20 - 24 years","Ireland","%","145.4"
"Age specific fertility rates","1974","25 - 29 years","Border","%",""
"Age specific fertility rates","1974","25 - 29 years","Dublin","%",""
"Age specific fertility rates","1974","25 - 29 years","Mid-East","%",""
"Age specific fertility rates","1974","25 - 29 years","Midland","%",""
"Age specific fertility rates","1974","25 - 29 years","Mid-West","%",""
"Age specific fertility rates","1974","25 - 29 years","South-East","%",""
"Age specific fertility rates","1974","25 - 29 years","South-West","%",""
"Age specific fertility rates","1974","25 - 29 years","West","%",""
"Age specific fertility rates","1974","25 - 29 years","Ireland","%","229.5"
"Age specific fertility rates","1974","30 - 34 years","Border","%",""
"Age specific fertility rates","1974","30 - 34 years","Dublin","%",""
"Age specific fertility rates","1974","30 - 34 years","Mid-East","%",""
"Age specific fertility rates","1974","30 - 34 years","Midland","%",""
"Age specific fertility rates","1974","30 - 34 years","Mid-West","%",""
"Age specific fertility rates","1974","30 - 34 years","South-East","%",""
"Age specific fertility rates","1974","30 - 34 years","South-West","%",""
"Age specific fertility rates","1974","30 - 34 years","West","%",""
"Age specific fertility rates","1974","30 - 34 years","Ireland","%","171.9"
"Age specific fertility rates","1974","35 - 39 years","Border","%",""
"Age specific fertility rates","1974","35 - 39 years","Dublin","%",""
"Age specific fertility rates","1974","35 - 39 years","Mid-East","%",""
"Age specific fertility rates","1974","35 - 39 years","Midland","%",""
"Age specific fertility rates","1974","35 - 39 years","Mid-West","%",""
"Age specific fertility rates","1974","35 - 39 years","South-East","%",""
"Age specific fertility rates","1974","35 - 39 years","South-West","%",""
"Age specific fertility rates","1974","35 - 39 years","West","%",""
"Age specific fertility rates","1974","35 - 39 years","Ireland","%","111.2"
"Age specific fertility rates","1974","40 - 44 years","Border","%",""
"Age specific fertility rates","1974","40 - 44 years","Dublin","%",""
"Age specific fertility rates","1974","40 - 44 years","Mid-East","%",""
"Age specific fertility rates","1974","40 - 44 years","Midland","%",""
"Age specific fertility rates","1974","40 - 44 years","Mid-West","%",""
"Age specific fertility rates","1974","40 - 44 years","South-East","%",""
"Age specific fertility rates","1974","40 - 44 years","South-West","%",""
"Age specific fertility rates","1974","40 - 44 years","West","%",""
"Age specific fertility rates","1974","40 - 44 years","Ireland","%","39.9"
"Age specific fertility rates","1974","45 - 49 years","Border","%",""
"Age specific fertility rates","1974","45 - 49 years","Dublin","%",""
"Age specific fertility rates","1974","45 - 49 years","Mid-East","%",""
"Age specific fertility rates","1974","45 - 49 years","Midland","%",""
"Age specific fertility rates","1974","45 - 49 years","Mid-West","%",""
"Age specific fertility rates","1974","45 - 49 years","South-East","%",""
"Age specific fertility rates","1974","45 - 49 years","South-West","%",""
"Age specific fertility rates","1974","45 - 49 years","West","%",""
"Age specific fertility rates","1974","45 - 49 years","Ireland","%","2.8"
"Age specific fertility rates","1975","All ages","Border","%",""
"Age specific fertility rates","1975","All ages","Dublin","%",""
"Age specific fertility rates","1975","All ages","Mid-East","%",""
"Age specific fertility rates","1975","All ages","Midland","%",""
"Age specific fertility rates","1975","All ages","Mid-West","%",""
"Age specific fertility rates","1975","All ages","South-East","%",""
"Age specific fertility rates","1975","All ages","South-West","%",""
"Age specific fertility rates","1975","All ages","West","%",""
"Age specific fertility rates","1975","All ages","Ireland","%",""
"Age specific fertility rates","1975","15 - 19 years","Border","%",""
"Age specific fertility rates","1975","15 - 19 years","Dublin","%",""
"Age specific fertility rates","1975","15 - 19 years","Mid-East","%",""
"Age specific fertility rates","1975","15 - 19 years","Midland","%",""
"Age specific fertility rates","1975","15 - 19 years","Mid-West","%",""
"Age specific fertility rates","1975","15 - 19 years","South-East","%",""
"Age specific fertility rates","1975","15 - 19 years","South-West","%",""
"Age specific fertility rates","1975","15 - 19 years","West","%",""
"Age specific fertility rates","1975","15 - 19 years","Ireland","%","22.8"
"Age specific fertility rates","1975","20 - 24 years","Border","%",""
"Age specific fertility rates","1975","20 - 24 years","Dublin","%",""
"Age specific fertility rates","1975","20 - 24 years","Mid-East","%",""
"Age specific fertility rates","1975","20 - 24 years","Midland","%",""
"Age specific fertility rates","1975","20 - 24 years","Mid-West","%",""
"Age specific fertility rates","1975","20 - 24 years","South-East","%",""
"Age specific fertility rates","1975","20 - 24 years","South-West","%",""
"Age specific fertility rates","1975","20 - 24 years","West","%",""
"Age specific fertility rates","1975","20 - 24 years","Ireland","%","138.5"
"Age specific fertility rates","1975","25 - 29 years","Border","%",""
"Age specific fertility rates","1975","25 - 29 years","Dublin","%",""
"Age specific fertility rates","1975","25 - 29 years","Mid-East","%",""
"Age specific fertility rates","1975","25 - 29 years","Midland","%",""
"Age specific fertility rates","1975","25 - 29 years","Mid-West","%",""
"Age specific fertility rates","1975","25 - 29 years","South-East","%",""
"Age specific fertility rates","1975","25 - 29 years","South-West","%",""
"Age specific fertility rates","1975","25 - 29 years","West","%",""
"Age specific fertility rates","1975","25 - 29 years","Ireland","%","216"
"Age specific fertility rates","1975","30 - 34 years","Border","%",""
"Age specific fertility rates","1975","30 - 34 years","Dublin","%",""
"Age specific fertility rates","1975","30 - 34 years","Mid-East","%",""
"Age specific fertility rates","1975","30 - 34 years","Midland","%",""
"Age specific fertility rates","1975","30 - 34 years","Mid-West","%",""
"Age specific fertility rates","1975","30 - 34 years","South-East","%",""
"Age specific fertility rates","1975","30 - 34 years","South-West","%",""
"Age specific fertility rates","1975","30 - 34 years","West","%",""
"Age specific fertility rates","1975","30 - 34 years","Ireland","%","162.2"
"Age specific fertility rates","1975","35 - 39 years","Border","%",""
"Age specific fertility rates","1975","35 - 39 years","Dublin","%",""
"Age specific fertility rates","1975","35 - 39 years","Mid-East","%",""
"Age specific fertility rates","1975","35 - 39 years","Midland","%",""
"Age specific fertility rates","1975","35 - 39 years","Mid-West","%",""
"Age specific fertility rates","1975","35 - 39 years","South-East","%",""
"Age specific fertility rates","1975","35 - 39 years","South-West","%",""
"Age specific fertility rates","1975","35 - 39 years","West","%",""
"Age specific fertility rates","1975","35 - 39 years","Ireland","%","100.2"
"Age specific fertility rates","1975","40 - 44 years","Border","%",""
"Age specific fertility rates","1975","40 - 44 years","Dublin","%",""
"Age specific fertility rates","1975","40 - 44 years","Mid-East","%",""
"Age specific fertility rates","1975","40 - 44 years","Midland","%",""
"Age specific fertility rates","1975","40 - 44 years","Mid-West","%",""
"Age specific fertility rates","1975","40 - 44 years","South-East","%",""
"Age specific fertility rates","1975","40 - 44 years","South-West","%",""
"Age specific fertility rates","1975","40 - 44 years","West","%",""
"Age specific fertility rates","1975","40 - 44 years","Ireland","%","36.8"
"Age specific fertility rates","1975","45 - 49 years","Border","%",""
"Age specific fertility rates","1975","45 - 49 years","Dublin","%",""
"Age specific fertility rates","1975","45 - 49 years","Mid-East","%",""
"Age specific fertility rates","1975","45 - 49 years","Midland","%",""
"Age specific fertility rates","1975","45 - 49 years","Mid-West","%",""
"Age specific fertility rates","1975","45 - 49 years","South-East","%",""
"Age specific fertility rates","1975","45 - 49 years","South-West","%",""
"Age specific fertility rates","1975","45 - 49 years","West","%",""
"Age specific fertility rates","1975","45 - 49 years","Ireland","%","2.6"
"Age specific fertility rates","1976","All ages","Border","%",""
"Age specific fertility rates","1976","All ages","Dublin","%",""
"Age specific fertility rates","1976","All ages","Mid-East","%",""
"Age specific fertility rates","1976","All ages","Midland","%",""
"Age specific fertility rates","1976","All ages","Mid-West","%",""
"Age specific fertility rates","1976","All ages","South-East","%",""
"Age specific fertility rates","1976","All ages","South-West","%",""
"Age specific fertility rates","1976","All ages","West","%",""
"Age specific fertility rates","1976","All ages","Ireland","%",""
"Age specific fertility rates","1976","15 - 19 years","Border","%",""
"Age specific fertility rates","1976","15 - 19 years","Dublin","%",""
"Age specific fertility rates","1976","15 - 19 years","Mid-East","%",""
"Age specific fertility rates","1976","15 - 19 years","Midland","%",""
"Age specific fertility rates","1976","15 - 19 years","Mid-West","%",""
"Age specific fertility rates","1976","15 - 19 years","South-East","%",""
"Age specific fertility rates","1976","15 - 19 years","South-West","%",""
"Age specific fertility rates","1976","15 - 19 years","West","%",""
"Age specific fertility rates","1976","15 - 19 years","Ireland","%","21.9"
"Age specific fertility rates","1976","20 - 24 years","Border","%",""
"Age specific fertility rates","1976","20 - 24 years","Dublin","%",""
"Age specific fertility rates","1976","20 - 24 years","Mid-East","%",""
"Age specific fertility rates","1976","20 - 24 years","Midland","%",""
"Age specific fertility rates","1976","20 - 24 years","Mid-West","%",""
"Age specific fertility rates","1976","20 - 24 years","South-East","%",""
"Age specific fertility rates","1976","20 - 24 years","South-West","%",""
"Age specific fertility rates","1976","20 - 24 years","West","%",""
"Age specific fertility rates","1976","20 - 24 years","Ireland","%","133.7"
"Age specific fertility rates","1976","25 - 29 years","Border","%",""
"Age specific fertility rates","1976","25 - 29 years","Dublin","%",""
"Age specific fertility rates","1976","25 - 29 years","Mid-East","%",""
"Age specific fertility rates","1976","25 - 29 years","Midland","%",""
"Age specific fertility rates","1976","25 - 29 years","Mid-West","%",""
"Age specific fertility rates","1976","25 - 29 years","South-East","%",""
"Age specific fertility rates","1976","25 - 29 years","South-West","%",""
"Age specific fertility rates","1976","25 - 29 years","West","%",""
"Age specific fertility rates","1976","25 - 29 years","Ireland","%","211.7"
"Age specific fertility rates","1976","30 - 34 years","Border","%",""
"Age specific fertility rates","1976","30 - 34 years","Dublin","%",""
"Age specific fertility rates","1976","30 - 34 years","Mid-East","%",""
"Age specific fertility rates","1976","30 - 34 years","Midland","%",""
"Age specific fertility rates","1976","30 - 34 years","Mid-West","%",""
"Age specific fertility rates","1976","30 - 34 years","South-East","%",""
"Age specific fertility rates","1976","30 - 34 years","South-West","%",""
"Age specific fertility rates","1976","30 - 34 years","West","%",""
"Age specific fertility rates","1976","30 - 34 years","Ireland","%","162.2"
"Age specific fertility rates","1976","35 - 39 years","Border","%",""
"Age specific fertility rates","1976","35 - 39 years","Dublin","%",""
"Age specific fertility rates","1976","35 - 39 years","Mid-East","%",""
"Age specific fertility rates","1976","35 - 39 years","Midland","%",""
"Age specific fertility rates","1976","35 - 39 years","Mid-West","%",""
"Age specific fertility rates","1976","35 - 39 years","South-East","%",""
"Age specific fertility rates","1976","35 - 39 years","South-West","%",""
"Age specific fertility rates","1976","35 - 39 years","West","%",""
"Age specific fertility rates","1976","35 - 39 years","Ireland","%","94.9"
"Age specific fertility rates","1976","40 - 44 years","Border","%",""
"Age specific fertility rates","1976","40 - 44 years","Dublin","%",""
"Age specific fertility rates","1976","40 - 44 years","Mid-East","%",""
"Age specific fertility rates","1976","40 - 44 years","Midland","%",""
"Age specific fertility rates","1976","40 - 44 years","Mid-West","%",""
"Age specific fertility rates","1976","40 - 44 years","South-East","%",""
"Age specific fertility rates","1976","40 - 44 years","South-West","%",""
"Age specific fertility rates","1976","40 - 44 years","West","%",""
"Age specific fertility rates","1976","40 - 44 years","Ireland","%","34.8"
"Age specific fertility rates","1976","45 - 49 years","Border","%",""
"Age specific fertility rates","1976","45 - 49 years","Dublin","%",""
"Age specific fertility rates","1976","45 - 49 years","Mid-East","%",""
"Age specific fertility rates","1976","45 - 49 years","Midland","%",""
"Age specific fertility rates","1976","45 - 49 years","Mid-West","%",""
"Age specific fertility rates","1976","45 - 49 years","South-East","%",""
"Age specific fertility rates","1976","45 - 49 years","South-West","%",""
"Age specific fertility rates","1976","45 - 49 years","West","%",""
"Age specific fertility rates","1976","45 - 49 years","Ireland","%","3.1"
"Age specific fertility rates","1977","All ages","Border","%",""
"Age specific fertility rates","1977","All ages","Dublin","%",""
"Age specific fertility rates","1977","All ages","Mid-East","%",""
"Age specific fertility rates","1977","All ages","Midland","%",""
"Age specific fertility rates","1977","All ages","Mid-West","%",""
"Age specific fertility rates","1977","All ages","South-East","%",""
"Age specific fertility rates","1977","All ages","South-West","%",""
"Age specific fertility rates","1977","All ages","West","%",""
"Age specific fertility rates","1977","All ages","Ireland","%",""
"Age specific fertility rates","1977","15 - 19 years","Border","%",""
"Age specific fertility rates","1977","15 - 19 years","Dublin","%",""
"Age specific fertility rates","1977","15 - 19 years","Mid-East","%",""
"Age specific fertility rates","1977","15 - 19 years","Midland","%",""
"Age specific fertility rates","1977","15 - 19 years","Mid-West","%",""
"Age specific fertility rates","1977","15 - 19 years","South-East","%",""
"Age specific fertility rates","1977","15 - 19 years","South-West","%",""
"Age specific fertility rates","1977","15 - 19 years","West","%",""
"Age specific fertility rates","1977","15 - 19 years","Ireland","%","21.2"
"Age specific fertility rates","1977","20 - 24 years","Border","%",""
"Age specific fertility rates","1977","20 - 24 years","Dublin","%",""
"Age specific fertility rates","1977","20 - 24 years","Mid-East","%",""
"Age specific fertility rates","1977","20 - 24 years","Midland","%",""
"Age specific fertility rates","1977","20 - 24 years","Mid-West","%",""
"Age specific fertility rates","1977","20 - 24 years","South-East","%",""
"Age specific fertility rates","1977","20 - 24 years","South-West","%",""
"Age specific fertility rates","1977","20 - 24 years","West","%",""
"Age specific fertility rates","1977","20 - 24 years","Ireland","%","130.4"
"Age specific fertility rates","1977","25 - 29 years","Border","%",""
"Age specific fertility rates","1977","25 - 29 years","Dublin","%",""
"Age specific fertility rates","1977","25 - 29 years","Mid-East","%",""
"Age specific fertility rates","1977","25 - 29 years","Midland","%",""
"Age specific fertility rates","1977","25 - 29 years","Mid-West","%",""
"Age specific fertility rates","1977","25 - 29 years","South-East","%",""
"Age specific fertility rates","1977","25 - 29 years","South-West","%",""
"Age specific fertility rates","1977","25 - 29 years","West","%",""
"Age specific fertility rates","1977","25 - 29 years","Ireland","%","205.5"
"Age specific fertility rates","1977","30 - 34 years","Border","%",""
"Age specific fertility rates","1977","30 - 34 years","Dublin","%",""
"Age specific fertility rates","1977","30 - 34 years","Mid-East","%",""
"Age specific fertility rates","1977","30 - 34 years","Midland","%",""
"Age specific fertility rates","1977","30 - 34 years","Mid-West","%",""
"Age specific fertility rates","1977","30 - 34 years","South-East","%",""
"Age specific fertility rates","1977","30 - 34 years","South-West","%",""
"Age specific fertility rates","1977","30 - 34 years","West","%",""
"Age specific fertility rates","1977","30 - 34 years","Ireland","%","166.7"
"Age specific fertility rates","1977","35 - 39 years","Border","%",""
"Age specific fertility rates","1977","35 - 39 years","Dublin","%",""
"Age specific fertility rates","1977","35 - 39 years","Mid-East","%",""
"Age specific fertility rates","1977","35 - 39 years","Midland","%",""
"Age specific fertility rates","1977","35 - 39 years","Mid-West","%",""
"Age specific fertility rates","1977","35 - 39 years","South-East","%",""
"Age specific fertility rates","1977","35 - 39 years","South-West","%",""
"Age specific fertility rates","1977","35 - 39 years","West","%",""
"Age specific fertility rates","1977","35 - 39 years","Ireland","%","93.9"
"Age specific fertility rates","1977","40 - 44 years","Border","%",""
"Age specific fertility rates","1977","40 - 44 years","Dublin","%",""
"Age specific fertility rates","1977","40 - 44 years","Mid-East","%",""
"Age specific fertility rates","1977","40 - 44 years","Midland","%",""
"Age specific fertility rates","1977","40 - 44 years","Mid-West","%",""
"Age specific fertility rates","1977","40 - 44 years","South-East","%",""
"Age specific fertility rates","1977","40 - 44 years","South-West","%",""
"Age specific fertility rates","1977","40 - 44 years","West","%",""
"Age specific fertility rates","1977","40 - 44 years","Ireland","%","33.2"
"Age specific fertility rates","1977","45 - 49 years","Border","%",""
"Age specific fertility rates","1977","45 - 49 years","Dublin","%",""
"Age specific fertility rates","1977","45 - 49 years","Mid-East","%",""
"Age specific fertility rates","1977","45 - 49 years","Midland","%",""
"Age specific fertility rates","1977","45 - 49 years","Mid-West","%",""
"Age specific fertility rates","1977","45 - 49 years","South-East","%",""
"Age specific fertility rates","1977","45 - 49 years","South-West","%",""
"Age specific fertility rates","1977","45 - 49 years","West","%",""
"Age specific fertility rates","1977","45 - 49 years","Ireland","%","3"
"Age specific fertility rates","1978","All ages","Border","%",""
"Age specific fertility rates","1978","All ages","Dublin","%",""
"Age specific fertility rates","1978","All ages","Mid-East","%",""
"Age specific fertility rates","1978","All ages","Midland","%",""
"Age specific fertility rates","1978","All ages","Mid-West","%",""
"Age specific fertility rates","1978","All ages","South-East","%",""
"Age specific fertility rates","1978","All ages","South-West","%",""
"Age specific fertility rates","1978","All ages","West","%",""
"Age specific fertility rates","1978","All ages","Ireland","%",""
"Age specific fertility rates","1978","15 - 19 years","Border","%",""
"Age specific fertility rates","1978","15 - 19 years","Dublin","%",""
"Age specific fertility rates","1978","15 - 19 years","Mid-East","%",""
"Age specific fertility rates","1978","15 - 19 years","Midland","%",""
"Age specific fertility rates","1978","15 - 19 years","Mid-West","%",""
"Age specific fertility rates","1978","15 - 19 years","South-East","%",""
"Age specific fertility rates","1978","15 - 19 years","South-West","%",""
"Age specific fertility rates","1978","15 - 19 years","West","%",""
"Age specific fertility rates","1978","15 - 19 years","Ireland","%","21.8"
"Age specific fertility rates","1978","20 - 24 years","Border","%",""
"Age specific fertility rates","1978","20 - 24 years","Dublin","%",""
"Age specific fertility rates","1978","20 - 24 years","Mid-East","%",""
"Age specific fertility rates","1978","20 - 24 years","Midland","%",""
"Age specific fertility rates","1978","20 - 24 years","Mid-West","%",""
"Age specific fertility rates","1978","20 - 24 years","South-East","%",""
"Age specific fertility rates","1978","20 - 24 years","South-West","%",""
"Age specific fertility rates","1978","20 - 24 years","West","%",""
"Age specific fertility rates","1978","20 - 24 years","Ireland","%","126.2"
"Age specific fertility rates","1978","25 - 29 years","Border","%",""
"Age specific fertility rates","1978","25 - 29 years","Dublin","%",""
"Age specific fertility rates","1978","25 - 29 years","Mid-East","%",""
"Age specific fertility rates","1978","25 - 29 years","Midland","%",""
"Age specific fertility rates","1978","25 - 29 years","Mid-West","%",""
"Age specific fertility rates","1978","25 - 29 years","South-East","%",""
"Age specific fertility rates","1978","25 - 29 years","South-West","%",""
"Age specific fertility rates","1978","25 - 29 years","West","%",""
"Age specific fertility rates","1978","25 - 29 years","Ireland","%","201.7"
"Age specific fertility rates","1978","30 - 34 years","Border","%",""
"Age specific fertility rates","1978","30 - 34 years","Dublin","%",""
"Age specific fertility rates","1978","30 - 34 years","Mid-East","%",""
"Age specific fertility rates","1978","30 - 34 years","Midland","%",""
"Age specific fertility rates","1978","30 - 34 years","Mid-West","%",""
"Age specific fertility rates","1978","30 - 34 years","South-East","%",""
"Age specific fertility rates","1978","30 - 34 years","South-West","%",""
"Age specific fertility rates","1978","30 - 34 years","West","%",""
"Age specific fertility rates","1978","30 - 34 years","Ireland","%","167.8"
"Age specific fertility rates","1978","35 - 39 years","Border","%",""
"Age specific fertility rates","1978","35 - 39 years","Dublin","%",""
"Age specific fertility rates","1978","35 - 39 years","Mid-East","%",""
"Age specific fertility rates","1978","35 - 39 years","Midland","%",""
"Age specific fertility rates","1978","35 - 39 years","Mid-West","%",""
"Age specific fertility rates","1978","35 - 39 years","South-East","%",""
"Age specific fertility rates","1978","35 - 39 years","South-West","%",""
"Age specific fertility rates","1978","35 - 39 years","West","%",""
"Age specific fertility rates","1978","35 - 39 years","Ireland","%","96.5"
"Age specific fertility rates","1978","40 - 44 years","Border","%",""
"Age specific fertility rates","1978","40 - 44 years","Dublin","%",""
"Age specific fertility rates","1978","40 - 44 years","Mid-East","%",""
"Age specific fertility rates","1978","40 - 44 years","Midland","%",""
"Age specific fertility rates","1978","40 - 44 years","Mid-West","%",""
"Age specific fertility rates","1978","40 - 44 years","South-East","%",""
"Age specific fertility rates","1978","40 - 44 years","South-West","%",""
"Age specific fertility rates","1978","40 - 44 years","West","%",""
"Age specific fertility rates","1978","40 - 44 years","Ireland","%","31.1"
"Age specific fertility rates","1978","45 - 49 years","Border","%",""
"Age specific fertility rates","1978","45 - 49 years","Dublin","%",""
"Age specific fertility rates","1978","45 - 49 years","Mid-East","%",""
"Age specific fertility rates","1978","45 - 49 years","Midland","%",""
"Age specific fertility rates","1978","45 - 49 years","Mid-West","%",""
"Age specific fertility rates","1978","45 - 49 years","South-East","%",""
"Age specific fertility rates","1978","45 - 49 years","South-West","%",""
"Age specific fertility rates","1978","45 - 49 years","West","%",""
"Age specific fertility rates","1978","45 - 49 years","Ireland","%","2.8"
"Age specific fertility rates","1979","All ages","Border","%",""
"Age specific fertility rates","1979","All ages","Dublin","%",""
"Age specific fertility rates","1979","All ages","Mid-East","%",""
"Age specific fertility rates","1979","All ages","Midland","%",""
"Age specific fertility rates","1979","All ages","Mid-West","%",""
"Age specific fertility rates","1979","All ages","South-East","%",""
"Age specific fertility rates","1979","All ages","South-West","%",""
"Age specific fertility rates","1979","All ages","West","%",""
"Age specific fertility rates","1979","All ages","Ireland","%",""
"Age specific fertility rates","1979","15 - 19 years","Border","%",""
"Age specific fertility rates","1979","15 - 19 years","Dublin","%",""
"Age specific fertility rates","1979","15 - 19 years","Mid-East","%",""
"Age specific fertility rates","1979","15 - 19 years","Midland","%",""
"Age specific fertility rates","1979","15 - 19 years","Mid-West","%",""
"Age specific fertility rates","1979","15 - 19 years","South-East","%",""
"Age specific fertility rates","1979","15 - 19 years","South-West","%",""
"Age specific fertility rates","1979","15 - 19 years","West","%",""
"Age specific fertility rates","1979","15 - 19 years","Ireland","%","22.7"
"Age specific fertility rates","1979","20 - 24 years","Border","%",""
"Age specific fertility rates","1979","20 - 24 years","Dublin","%",""
"Age specific fertility rates","1979","20 - 24 years","Mid-East","%",""
"Age specific fertility rates","1979","20 - 24 years","Midland","%",""
"Age specific fertility rates","1979","20 - 24 years","Mid-West","%",""
"Age specific fertility rates","1979","20 - 24 years","South-East","%",""
"Age specific fertility rates","1979","20 - 24 years","South-West","%",""
"Age specific fertility rates","1979","20 - 24 years","West","%",""
"Age specific fertility rates","1979","20 - 24 years","Ireland","%","125.9"
"Age specific fertility rates","1979","25 - 29 years","Border","%",""
"Age specific fertility rates","1979","25 - 29 years","Dublin","%",""
"Age specific fertility rates","1979","25 - 29 years","Mid-East","%",""
"Age specific fertility rates","1979","25 - 29 years","Midland","%",""
"Age specific fertility rates","1979","25 - 29 years","Mid-West","%",""
"Age specific fertility rates","1979","25 - 29 years","South-East","%",""
"Age specific fertility rates","1979","25 - 29 years","South-West","%",""
"Age specific fertility rates","1979","25 - 29 years","West","%",""
"Age specific fertility rates","1979","25 - 29 years","Ireland","%","202.5"
"Age specific fertility rates","1979","30 - 34 years","Border","%",""
"Age specific fertility rates","1979","30 - 34 years","Dublin","%",""
"Age specific fertility rates","1979","30 - 34 years","Mid-East","%",""
"Age specific fertility rates","1979","30 - 34 years","Midland","%",""
"Age specific fertility rates","1979","30 - 34 years","Mid-West","%",""
"Age specific fertility rates","1979","30 - 34 years","South-East","%",""
"Age specific fertility rates","1979","30 - 34 years","South-West","%",""
"Age specific fertility rates","1979","30 - 34 years","West","%",""
"Age specific fertility rates","1979","30 - 34 years","Ireland","%","168.4"
"Age specific fertility rates","1979","35 - 39 years","Border","%",""
"Age specific fertility rates","1979","35 - 39 years","Dublin","%",""
"Age specific fertility rates","1979","35 - 39 years","Mid-East","%",""
"Age specific fertility rates","1979","35 - 39 years","Midland","%",""
"Age specific fertility rates","1979","35 - 39 years","Mid-West","%",""
"Age specific fertility rates","1979","35 - 39 years","South-East","%",""
"Age specific fertility rates","1979","35 - 39 years","South-West","%",""
"Age specific fertility rates","1979","35 - 39 years","West","%",""
"Age specific fertility rates","1979","35 - 39 years","Ireland","%","94.1"
"Age specific fertility rates","1979","40 - 44 years","Border","%",""
"Age specific fertility rates","1979","40 - 44 years","Dublin","%",""
"Age specific fertility rates","1979","40 - 44 years","Mid-East","%",""
"Age specific fertility rates","1979","40 - 44 years","Midland","%",""
"Age specific fertility rates","1979","40 - 44 years","Mid-West","%",""
"Age specific fertility rates","1979","40 - 44 years","South-East","%",""
"Age specific fertility rates","1979","40 - 44 years","South-West","%",""
"Age specific fertility rates","1979","40 - 44 years","West","%",""
"Age specific fertility rates","1979","40 - 44 years","Ireland","%","29.9"
"Age specific fertility rates","1979","45 - 49 years","Border","%",""
"Age specific fertility rates","1979","45 - 49 years","Dublin","%",""
"Age specific fertility rates","1979","45 - 49 years","Mid-East","%",""
"Age specific fertility rates","1979","45 - 49 years","Midland","%",""
"Age specific fertility rates","1979","45 - 49 years","Mid-West","%",""
"Age specific fertility rates","1979","45 - 49 years","South-East","%",""
"Age specific fertility rates","1979","45 - 49 years","South-West","%",""
"Age specific fertility rates","1979","45 - 49 years","West","%",""
"Age specific fertility rates","1979","45 - 49 years","Ireland","%","2.3"
"Age specific fertility rates","1980","All ages","Border","%",""
"Age specific fertility rates","1980","All ages","Dublin","%",""
"Age specific fertility rates","1980","All ages","Mid-East","%",""
"Age specific fertility rates","1980","All ages","Midland","%",""
"Age specific fertility rates","1980","All ages","Mid-West","%",""
"Age specific fertility rates","1980","All ages","South-East","%",""
"Age specific fertility rates","1980","All ages","South-West","%",""
"Age specific fertility rates","1980","All ages","West","%",""
"Age specific fertility rates","1980","All ages","Ireland","%",""
"Age specific fertility rates","1980","15 - 19 years","Border","%",""
"Age specific fertility rates","1980","15 - 19 years","Dublin","%",""
"Age specific fertility rates","1980","15 - 19 years","Mid-East","%",""
"Age specific fertility rates","1980","15 - 19 years","Midland","%",""
"Age specific fertility rates","1980","15 - 19 years","Mid-West","%",""
"Age specific fertility rates","1980","15 - 19 years","South-East","%",""
"Age specific fertility rates","1980","15 - 19 years","South-West","%",""
"Age specific fertility rates","1980","15 - 19 years","West","%",""
"Age specific fertility rates","1980","15 - 19 years","Ireland","%","23"
"Age specific fertility rates","1980","20 - 24 years","Border","%",""
"Age specific fertility rates","1980","20 - 24 years","Dublin","%",""
"Age specific fertility rates","1980","20 - 24 years","Mid-East","%",""
"Age specific fertility rates","1980","20 - 24 years","Midland","%",""
"Age specific fertility rates","1980","20 - 24 years","Mid-West","%",""
"Age specific fertility rates","1980","20 - 24 years","South-East","%",""
"Age specific fertility rates","1980","20 - 24 years","South-West","%",""
"Age specific fertility rates","1980","20 - 24 years","West","%",""
"Age specific fertility rates","1980","20 - 24 years","Ireland","%","125.3"
"Age specific fertility rates","1980","25 - 29 years","Border","%",""
"Age specific fertility rates","1980","25 - 29 years","Dublin","%",""
"Age specific fertility rates","1980","25 - 29 years","Mid-East","%",""
"Age specific fertility rates","1980","25 - 29 years","Midland","%",""
"Age specific fertility rates","1980","25 - 29 years","Mid-West","%",""
"Age specific fertility rates","1980","25 - 29 years","South-East","%",""
"Age specific fertility rates","1980","25 - 29 years","South-West","%",""
"Age specific fertility rates","1980","25 - 29 years","West","%",""
"Age specific fertility rates","1980","25 - 29 years","Ireland","%","202.3"
"Age specific fertility rates","1980","30 - 34 years","Border","%",""
"Age specific fertility rates","1980","30 - 34 years","Dublin","%",""
"Age specific fertility rates","1980","30 - 34 years","Mid-East","%",""
"Age specific fertility rates","1980","30 - 34 years","Midland","%",""
"Age specific fertility rates","1980","30 - 34 years","Mid-West","%",""
"Age specific fertility rates","1980","30 - 34 years","South-East","%",""
"Age specific fertility rates","1980","30 - 34 years","South-West","%",""
"Age specific fertility rates","1980","30 - 34 years","West","%",""
"Age specific fertility rates","1980","30 - 34 years","Ireland","%","165.7"
"Age specific fertility rates","1980","35 - 39 years","Border","%",""
"Age specific fertility rates","1980","35 - 39 years","Dublin","%",""
"Age specific fertility rates","1980","35 - 39 years","Mid-East","%",""
"Age specific fertility rates","1980","35 - 39 years","Midland","%",""
"Age specific fertility rates","1980","35 - 39 years","Mid-West","%",""
"Age specific fertility rates","1980","35 - 39 years","South-East","%",""
"Age specific fertility rates","1980","35 - 39 years","South-West","%",""
"Age specific fertility rates","1980","35 - 39 years","West","%",""
"Age specific fertility rates","1980","35 - 39 years","Ireland","%","97.3"
"Age specific fertility rates","1980","40 - 44 years","Border","%",""
"Age specific fertility rates","1980","40 - 44 years","Dublin","%",""
"Age specific fertility rates","1980","40 - 44 years","Mid-East","%",""
"Age specific fertility rates","1980","40 - 44 years","Midland","%",""
"Age specific fertility rates","1980","40 - 44 years","Mid-West","%",""
"Age specific fertility rates","1980","40 - 44 years","South-East","%",""
"Age specific fertility rates","1980","40 - 44 years","South-West","%",""
"Age specific fertility rates","1980","40 - 44 years","West","%",""
"Age specific fertility rates","1980","40 - 44 years","Ireland","%","29.6"
"Age specific fertility rates","1980","45 - 49 years","Border","%",""
"Age specific fertility rates","1980","45 - 49 years","Dublin","%",""
"Age specific fertility rates","1980","45 - 49 years","Mid-East","%",""
"Age specific fertility rates","1980","45 - 49 years","Midland","%",""
"Age specific fertility rates","1980","45 - 49 years","Mid-West","%",""
"Age specific fertility rates","1980","45 - 49 years","South-East","%",""
"Age specific fertility rates","1980","45 - 49 years","South-West","%",""
"Age specific fertility rates","1980","45 - 49 years","West","%",""
"Age specific fertility rates","1980","45 - 49 years","Ireland","%","2.3"
"Age specific fertility rates","1981","All ages","Border","%",""
"Age specific fertility rates","1981","All ages","Dublin","%",""
"Age specific fertility rates","1981","All ages","Mid-East","%",""
"Age specific fertility rates","1981","All ages","Midland","%",""
"Age specific fertility rates","1981","All ages","Mid-West","%",""
"Age specific fertility rates","1981","All ages","South-East","%",""
"Age specific fertility rates","1981","All ages","South-West","%",""
"Age specific fertility rates","1981","All ages","West","%",""
"Age specific fertility rates","1981","All ages","Ireland","%",""
"Age specific fertility rates","1981","15 - 19 years","Border","%",""
"Age specific fertility rates","1981","15 - 19 years","Dublin","%",""
"Age specific fertility rates","1981","15 - 19 years","Mid-East","%",""
"Age specific fertility rates","1981","15 - 19 years","Midland","%",""
"Age specific fertility rates","1981","15 - 19 years","Mid-West","%",""
"Age specific fertility rates","1981","15 - 19 years","South-East","%",""
"Age specific fertility rates","1981","15 - 19 years","South-West","%",""
"Age specific fertility rates","1981","15 - 19 years","West","%",""
"Age specific fertility rates","1981","15 - 19 years","Ireland","%","22.2"
"Age specific fertility rates","1981","20 - 24 years","Border","%",""
"Age specific fertility rates","1981","20 - 24 years","Dublin","%",""
"Age specific fertility rates","1981","20 - 24 years","Mid-East","%",""
"Age specific fertility rates","1981","20 - 24 years","Midland","%",""
"Age specific fertility rates","1981","20 - 24 years","Mid-West","%",""
"Age specific fertility rates","1981","20 - 24 years","South-East","%",""
"Age specific fertility rates","1981","20 - 24 years","South-West","%",""
"Age specific fertility rates","1981","20 - 24 years","West","%",""
"Age specific fertility rates","1981","20 - 24 years","Ireland","%","117.4"
"Age specific fertility rates","1981","25 - 29 years","Border","%",""
"Age specific fertility rates","1981","25 - 29 years","Dublin","%",""
"Age specific fertility rates","1981","25 - 29 years","Mid-East","%",""
"Age specific fertility rates","1981","25 - 29 years","Midland","%",""
"Age specific fertility rates","1981","25 - 29 years","Mid-West","%",""
"Age specific fertility rates","1981","25 - 29 years","South-East","%",""
"Age specific fertility rates","1981","25 - 29 years","South-West","%",""
"Age specific fertility rates","1981","25 - 29 years","West","%",""
"Age specific fertility rates","1981","25 - 29 years","Ireland","%","190.3"
"Age specific fertility rates","1981","30 - 34 years","Border","%",""
"Age specific fertility rates","1981","30 - 34 years","Dublin","%",""
"Age specific fertility rates","1981","30 - 34 years","Mid-East","%",""
"Age specific fertility rates","1981","30 - 34 years","Midland","%",""
"Age specific fertility rates","1981","30 - 34 years","Mid-West","%",""
"Age specific fertility rates","1981","30 - 34 years","South-East","%",""
"Age specific fertility rates","1981","30 - 34 years","South-West","%",""
"Age specific fertility rates","1981","30 - 34 years","West","%",""
"Age specific fertility rates","1981","30 - 34 years","Ireland","%","161.5"
"Age specific fertility rates","1981","35 - 39 years","Border","%",""
"Age specific fertility rates","1981","35 - 39 years","Dublin","%",""
"Age specific fertility rates","1981","35 - 39 years","Mid-East","%",""
"Age specific fertility rates","1981","35 - 39 years","Midland","%",""
"Age specific fertility rates","1981","35 - 39 years","Mid-West","%",""
"Age specific fertility rates","1981","35 - 39 years","South-East","%",""
"Age specific fertility rates","1981","35 - 39 years","South-West","%",""
"Age specific fertility rates","1981","35 - 39 years","West","%",""
"Age specific fertility rates","1981","35 - 39 years","Ireland","%","93.6"
"Age specific fertility rates","1981","40 - 44 years","Border","%",""
"Age specific fertility rates","1981","40 - 44 years","Dublin","%",""
"Age specific fertility rates","1981","40 - 44 years","Mid-East","%",""
"Age specific fertility rates","1981","40 - 44 years","Midland","%",""
"Age specific fertility rates","1981","40 - 44 years","Mid-West","%",""
"Age specific fertility rates","1981","40 - 44 years","South-East","%",""
"Age specific fertility rates","1981","40 - 44 years","South-West","%",""
"Age specific fertility rates","1981","40 - 44 years","West","%",""
"Age specific fertility rates","1981","40 - 44 years","Ireland","%","26.5"
"Age specific fertility rates","1981","45 - 49 years","Border","%",""
"Age specific fertility rates","1981","45 - 49 years","Dublin","%",""
"Age specific fertility rates","1981","45 - 49 years","Mid-East","%",""
"Age specific fertility rates","1981","45 - 49 years","Midland","%",""
"Age specific fertility rates","1981","45 - 49 years","Mid-West","%",""
"Age specific fertility rates","1981","45 - 49 years","South-East","%",""
"Age specific fertility rates","1981","45 - 49 years","South-West","%",""
"Age specific fertility rates","1981","45 - 49 years","West","%",""
"Age specific fertility rates","1981","45 - 49 years","Ireland","%","2.4"
"Age specific fertility rates","1982","All ages","Border","%",""
"Age specific fertility rates","1982","All ages","Dublin","%",""
"Age specific fertility rates","1982","All ages","Mid-East","%",""
"Age specific fertility rates","1982","All ages","Midland","%",""
"Age specific fertility rates","1982","All ages","Mid-West","%",""
"Age specific fertility rates","1982","All ages","South-East","%",""
"Age specific fertility rates","1982","All ages","South-West","%",""
"Age specific fertility rates","1982","All ages","West","%",""
"Age specific fertility rates","1982","All ages","Ireland","%",""
"Age specific fertility rates","1982","15 - 19 years","Border","%",""
"Age specific fertility rates","1982","15 - 19 years","Dublin","%",""
"Age specific fertility rates","1982","15 - 19 years","Mid-East","%",""
"Age specific fertility rates","1982","15 - 19 years","Midland","%",""
"Age specific fertility rates","1982","15 - 19 years","Mid-West","%",""
"Age specific fertility rates","1982","15 - 19 years","South-East","%",""
"Age specific fertility rates","1982","15 - 19 years","South-West","%",""
"Age specific fertility rates","1982","15 - 19 years","West","%",""
"Age specific fertility rates","1982","15 - 19 years","Ireland","%","20.7"
"Age specific fertility rates","1982","20 - 24 years","Border","%",""
"Age specific fertility rates","1982","20 - 24 years","Dublin","%",""
"Age specific fertility rates","1982","20 - 24 years","Mid-East","%",""
"Age specific fertility rates","1982","20 - 24 years","Midland","%",""
"Age specific fertility rates","1982","20 - 24 years","Mid-West","%",""
"Age specific fertility rates","1982","20 - 24 years","South-East","%",""
"Age specific fertility rates","1982","20 - 24 years","South-West","%",""
"Age specific fertility rates","1982","20 - 24 years","West","%",""
"Age specific fertility rates","1982","20 - 24 years","Ireland","%","110.2"
"Age specific fertility rates","1982","25 - 29 years","Border","%",""
"Age specific fertility rates","1982","25 - 29 years","Dublin","%",""
"Age specific fertility rates","1982","25 - 29 years","Mid-East","%",""
"Age specific fertility rates","1982","25 - 29 years","Midland","%",""
"Age specific fertility rates","1982","25 - 29 years","Mid-West","%",""
"Age specific fertility rates","1982","25 - 29 years","South-East","%",""
"Age specific fertility rates","1982","25 - 29 years","South-West","%",""
"Age specific fertility rates","1982","25 - 29 years","West","%",""
"Age specific fertility rates","1982","25 - 29 years","Ireland","%","185"
"Age specific fertility rates","1982","30 - 34 years","Border","%",""
"Age specific fertility rates","1982","30 - 34 years","Dublin","%",""
"Age specific fertility rates","1982","30 - 34 years","Mid-East","%",""
"Age specific fertility rates","1982","30 - 34 years","Midland","%",""
"Age specific fertility rates","1982","30 - 34 years","Mid-West","%",""
"Age specific fertility rates","1982","30 - 34 years","South-East","%",""
"Age specific fertility rates","1982","30 - 34 years","South-West","%",""
"Age specific fertility rates","1982","30 - 34 years","West","%",""
"Age specific fertility rates","1982","30 - 34 years","Ireland","%","156.9"
"Age specific fertility rates","1982","35 - 39 years","Border","%",""
"Age specific fertility rates","1982","35 - 39 years","Dublin","%",""
"Age specific fertility rates","1982","35 - 39 years","Mid-East","%",""
"Age specific fertility rates","1982","35 - 39 years","Midland","%",""
"Age specific fertility rates","1982","35 - 39 years","Mid-West","%",""
"Age specific fertility rates","1982","35 - 39 years","South-East","%",""
"Age specific fertility rates","1982","35 - 39 years","South-West","%",""
"Age specific fertility rates","1982","35 - 39 years","West","%",""
"Age specific fertility rates","1982","35 - 39 years","Ireland","%","91.6"
"Age specific fertility rates","1982","40 - 44 years","Border","%",""
"Age specific fertility rates","1982","40 - 44 years","Dublin","%",""
"Age specific fertility rates","1982","40 - 44 years","Mid-East","%",""
"Age specific fertility rates","1982","40 - 44 years","Midland","%",""
"Age specific fertility rates","1982","40 - 44 years","Mid-West","%",""
"Age specific fertility rates","1982","40 - 44 years","South-East","%",""
"Age specific fertility rates","1982","40 - 44 years","South-West","%",""
"Age specific fertility rates","1982","40 - 44 years","West","%",""
"Age specific fertility rates","1982","40 - 44 years","Ireland","%","24.9"
"Age specific fertility rates","1982","45 - 49 years","Border","%",""
"Age specific fertility rates","1982","45 - 49 years","Dublin","%",""
"Age specific fertility rates","1982","45 - 49 years","Mid-East","%",""
"Age specific fertility rates","1982","45 - 49 years","Midland","%",""
"Age specific fertility rates","1982","45 - 49 years","Mid-West","%",""
"Age specific fertility rates","1982","45 - 49 years","South-East","%",""
"Age specific fertility rates","1982","45 - 49 years","South-West","%",""
"Age specific fertility rates","1982","45 - 49 years","West","%",""
"Age specific fertility rates","1982","45 - 49 years","Ireland","%","2.2"
"Age specific fertility rates","1983","All ages","Border","%",""
"Age specific fertility rates","1983","All ages","Dublin","%",""
"Age specific fertility rates","1983","All ages","Mid-East","%",""
"Age specific fertility rates","1983","All ages","Midland","%",""
"Age specific fertility rates","1983","All ages","Mid-West","%",""
"Age specific fertility rates","1983","All ages","South-East","%",""
"Age specific fertility rates","1983","All ages","South-West","%",""
"Age specific fertility rates","1983","All ages","West","%",""
"Age specific fertility rates","1983","All ages","Ireland","%",""
"Age specific fertility rates","1983","15 - 19 years","Border","%",""
"Age specific fertility rates","1983","15 - 19 years","Dublin","%",""
"Age specific fertility rates","1983","15 - 19 years","Mid-East","%",""
"Age specific fertility rates","1983","15 - 19 years","Midland","%",""
"Age specific fertility rates","1983","15 - 19 years","Mid-West","%",""
"Age specific fertility rates","1983","15 - 19 years","South-East","%",""
"Age specific fertility rates","1983","15 - 19 years","South-West","%",""
"Age specific fertility rates","1983","15 - 19 years","West","%",""
"Age specific fertility rates","1983","15 - 19 years","Ireland","%","18.7"
"Age specific fertility rates","1983","20 - 24 years","Border","%",""
"Age specific fertility rates","1983","20 - 24 years","Dublin","%",""
"Age specific fertility rates","1983","20 - 24 years","Mid-East","%",""
"Age specific fertility rates","1983","20 - 24 years","Midland","%",""
"Age specific fertility rates","1983","20 - 24 years","Mid-West","%",""
"Age specific fertility rates","1983","20 - 24 years","South-East","%",""
"Age specific fertility rates","1983","20 - 24 years","South-West","%",""
"Age specific fertility rates","1983","20 - 24 years","West","%",""
"Age specific fertility rates","1983","20 - 24 years","Ireland","%","102.6"
"Age specific fertility rates","1983","25 - 29 years","Border","%",""
"Age specific fertility rates","1983","25 - 29 years","Dublin","%",""
"Age specific fertility rates","1983","25 - 29 years","Mid-East","%",""
"Age specific fertility rates","1983","25 - 29 years","Midland","%",""
"Age specific fertility rates","1983","25 - 29 years","Mid-West","%",""
"Age specific fertility rates","1983","25 - 29 years","South-East","%",""
"Age specific fertility rates","1983","25 - 29 years","South-West","%",""
"Age specific fertility rates","1983","25 - 29 years","West","%",""
"Age specific fertility rates","1983","25 - 29 years","Ireland","%","172.3"
"Age specific fertility rates","1983","30 - 34 years","Border","%",""
"Age specific fertility rates","1983","30 - 34 years","Dublin","%",""
"Age specific fertility rates","1983","30 - 34 years","Mid-East","%",""
"Age specific fertility rates","1983","30 - 34 years","Midland","%",""
"Age specific fertility rates","1983","30 - 34 years","Mid-West","%",""
"Age specific fertility rates","1983","30 - 34 years","South-East","%",""
"Age specific fertility rates","1983","30 - 34 years","South-West","%",""
"Age specific fertility rates","1983","30 - 34 years","West","%",""
"Age specific fertility rates","1983","30 - 34 years","Ireland","%","146.9"
"Age specific fertility rates","1983","35 - 39 years","Border","%",""
"Age specific fertility rates","1983","35 - 39 years","Dublin","%",""
"Age specific fertility rates","1983","35 - 39 years","Mid-East","%",""
"Age specific fertility rates","1983","35 - 39 years","Midland","%",""
"Age specific fertility rates","1983","35 - 39 years","Mid-West","%",""
"Age specific fertility rates","1983","35 - 39 years","South-East","%",""
"Age specific fertility rates","1983","35 - 39 years","South-West","%",""
"Age specific fertility rates","1983","35 - 39 years","West","%",""
"Age specific fertility rates","1983","35 - 39 years","Ireland","%","84.6"
"Age specific fertility rates","1983","40 - 44 years","Border","%",""
"Age specific fertility rates","1983","40 - 44 years","Dublin","%",""
"Age specific fertility rates","1983","40 - 44 years","Mid-East","%",""
"Age specific fertility rates","1983","40 - 44 years","Midland","%",""
"Age specific fertility rates","1983","40 - 44 years","Mid-West","%",""
"Age specific fertility rates","1983","40 - 44 years","South-East","%",""
"Age specific fertility rates","1983","40 - 44 years","South-West","%",""
"Age specific fertility rates","1983","40 - 44 years","West","%",""
"Age specific fertility rates","1983","40 - 44 years","Ireland","%","25"
"Age specific fertility rates","1983","45 - 49 years","Border","%",""
"Age specific fertility rates","1983","45 - 49 years","Dublin","%",""
"Age specific fertility rates","1983","45 - 49 years","Mid-East","%",""
"Age specific fertility rates","1983","45 - 49 years","Midland","%",""
"Age specific fertility rates","1983","45 - 49 years","Mid-West","%",""
"Age specific fertility rates","1983","45 - 49 years","South-East","%",""
"Age specific fertility rates","1983","45 - 49 years","South-West","%",""
"Age specific fertility rates","1983","45 - 49 years","West","%",""
"Age specific fertility rates","1983","45 - 49 years","Ireland","%","1.7"
"Age specific fertility rates","1984","All ages","Border","%",""
"Age specific fertility rates","1984","All ages","Dublin","%",""
"Age specific fertility rates","1984","All ages","Mid-East","%",""
"Age specific fertility rates","1984","All ages","Midland","%",""
"Age specific fertility rates","1984","All ages","Mid-West","%",""
"Age specific fertility rates","1984","All ages","South-East","%",""
"Age specific fertility rates","1984","All ages","South-West","%",""
"Age specific fertility rates","1984","All ages","West","%",""
"Age specific fertility rates","1984","All ages","Ireland","%",""
"Age specific fertility rates","1984","15 - 19 years","Border","%",""
"Age specific fertility rates","1984","15 - 19 years","Dublin","%",""
"Age specific fertility rates","1984","15 - 19 years","Mid-East","%",""
"Age specific fertility rates","1984","15 - 19 years","Midland","%",""
"Age specific fertility rates","1984","15 - 19 years","Mid-West","%",""
"Age specific fertility rates","1984","15 - 19 years","South-East","%",""
"Age specific fertility rates","1984","15 - 19 years","South-West","%",""
"Age specific fertility rates","1984","15 - 19 years","West","%",""
"Age specific fertility rates","1984","15 - 19 years","Ireland","%","18"
"Age specific fertility rates","1984","20 - 24 years","Border","%",""
"Age specific fertility rates","1984","20 - 24 years","Dublin","%",""
"Age specific fertility rates","1984","20 - 24 years","Mid-East","%",""
"Age specific fertility rates","1984","20 - 24 years","Midland","%",""
"Age specific fertility rates","1984","20 - 24 years","Mid-West","%",""
"Age specific fertility rates","1984","20 - 24 years","South-East","%",""
"Age specific fertility rates","1984","20 - 24 years","South-West","%",""
"Age specific fertility rates","1984","20 - 24 years","West","%",""
"Age specific fertility rates","1984","20 - 24 years","Ireland","%","95.4"
"Age specific fertility rates","1984","25 - 29 years","Border","%",""
"Age specific fertility rates","1984","25 - 29 years","Dublin","%",""
"Age specific fertility rates","1984","25 - 29 years","Mid-East","%",""
"Age specific fertility rates","1984","25 - 29 years","Midland","%",""
"Age specific fertility rates","1984","25 - 29 years","Mid-West","%",""
"Age specific fertility rates","1984","25 - 29 years","South-East","%",""
"Age specific fertility rates","1984","25 - 29 years","South-West","%",""
"Age specific fertility rates","1984","25 - 29 years","West","%",""
"Age specific fertility rates","1984","25 - 29 years","Ireland","%","163.3"
"Age specific fertility rates","1984","30 - 34 years","Border","%",""
"Age specific fertility rates","1984","30 - 34 years","Dublin","%",""
"Age specific fertility rates","1984","30 - 34 years","Mid-East","%",""
"Age specific fertility rates","1984","30 - 34 years","Midland","%",""
"Age specific fertility rates","1984","30 - 34 years","Mid-West","%",""
"Age specific fertility rates","1984","30 - 34 years","South-East","%",""
"Age specific fertility rates","1984","30 - 34 years","South-West","%",""
"Age specific fertility rates","1984","30 - 34 years","West","%",""
"Age specific fertility rates","1984","30 - 34 years","Ireland","%","138.4"
"Age specific fertility rates","1984","35 - 39 years","Border","%",""
"Age specific fertility rates","1984","35 - 39 years","Dublin","%",""
"Age specific fertility rates","1984","35 - 39 years","Mid-East","%",""
"Age specific fertility rates","1984","35 - 39 years","Midland","%",""
"Age specific fertility rates","1984","35 - 39 years","Mid-West","%",""
"Age specific fertility rates","1984","35 - 39 years","South-East","%",""
"Age specific fertility rates","1984","35 - 39 years","South-West","%",""
"Age specific fertility rates","1984","35 - 39 years","West","%",""
"Age specific fertility rates","1984","35 - 39 years","Ireland","%","78.9"
"Age specific fertility rates","1984","40 - 44 years","Border","%",""
"Age specific fertility rates","1984","40 - 44 years","Dublin","%",""
"Age specific fertility rates","1984","40 - 44 years","Mid-East","%",""
"Age specific fertility rates","1984","40 - 44 years","Midland","%",""
"Age specific fertility rates","1984","40 - 44 years","Mid-West","%",""
"Age specific fertility rates","1984","40 - 44 years","South-East","%",""
"Age specific fertility rates","1984","40 - 44 years","South-West","%",""
"Age specific fertility rates","1984","40 - 44 years","West","%",""
"Age specific fertility rates","1984","40 - 44 years","Ireland","%","21.8"
"Age specific fertility rates","1984","45 - 49 years","Border","%",""
"Age specific fertility rates","1984","45 - 49 years","Dublin","%",""
"Age specific fertility rates","1984","45 - 49 years","Mid-East","%",""
"Age specific fertility rates","1984","45 - 49 years","Midland","%",""
"Age specific fertility rates","1984","45 - 49 years","Mid-West","%",""
"Age specific fertility rates","1984","45 - 49 years","South-East","%",""
"Age specific fertility rates","1984","45 - 49 years","South-West","%",""
"Age specific fertility rates","1984","45 - 49 years","West","%",""
"Age specific fertility rates","1984","45 - 49 years","Ireland","%","1.9"
"Age specific fertility rates","1985","All ages","Border","%",""
"Age specific fertility rates","1985","All ages","Dublin","%",""
"Age specific fertility rates","1985","All ages","Mid-East","%",""
"Age specific fertility rates","1985","All ages","Midland","%",""
"Age specific fertility rates","1985","All ages","Mid-West","%",""
"Age specific fertility rates","1985","All ages","South-East","%",""
"Age specific fertility rates","1985","All ages","South-West","%",""
"Age specific fertility rates","1985","All ages","West","%",""
"Age specific fertility rates","1985","All ages","Ireland","%",""
"Age specific fertility rates","1985","15 - 19 years","Border","%",""
"Age specific fertility rates","1985","15 - 19 years","Dublin","%",""
"Age specific fertility rates","1985","15 - 19 years","Mid-East","%",""
"Age specific fertility rates","1985","15 - 19 years","Midland","%",""
"Age specific fertility rates","1985","15 - 19 years","Mid-West","%",""
"Age specific fertility rates","1985","15 - 19 years","South-East","%",""
"Age specific fertility rates","1985","15 - 19 years","South-West","%",""
"Age specific fertility rates","1985","15 - 19 years","West","%",""
"Age specific fertility rates","1985","15 - 19 years","Ireland","%","16.6"
"Age specific fertility rates","1985","20 - 24 years","Border","%",""
"Age specific fertility rates","1985","20 - 24 years","Dublin","%",""
"Age specific fertility rates","1985","20 - 24 years","Mid-East","%",""
"Age specific fertility rates","1985","20 - 24 years","Midland","%",""
"Age specific fertility rates","1985","20 - 24 years","Mid-West","%",""
"Age specific fertility rates","1985","20 - 24 years","South-East","%",""
"Age specific fertility rates","1985","20 - 24 years","South-West","%",""
"Age specific fertility rates","1985","20 - 24 years","West","%",""
"Age specific fertility rates","1985","20 - 24 years","Ireland","%","87.2"
"Age specific fertility rates","1985","25 - 29 years","Border","%",""
"Age specific fertility rates","1985","25 - 29 years","Dublin","%",""
"Age specific fertility rates","1985","25 - 29 years","Mid-East","%",""
"Age specific fertility rates","1985","25 - 29 years","Midland","%",""
"Age specific fertility rates","1985","25 - 29 years","Mid-West","%",""
"Age specific fertility rates","1985","25 - 29 years","South-East","%",""
"Age specific fertility rates","1985","25 - 29 years","South-West","%",""
"Age specific fertility rates","1985","25 - 29 years","West","%",""
"Age specific fertility rates","1985","25 - 29 years","Ireland","%","158.6"
"Age specific fertility rates","1985","30 - 34 years","Border","%",""
"Age specific fertility rates","1985","30 - 34 years","Dublin","%",""
"Age specific fertility rates","1985","30 - 34 years","Mid-East","%",""
"Age specific fertility rates","1985","30 - 34 years","Midland","%",""
"Age specific fertility rates","1985","30 - 34 years","Mid-West","%",""
"Age specific fertility rates","1985","30 - 34 years","South-East","%",""
"Age specific fertility rates","1985","30 - 34 years","South-West","%",""
"Age specific fertility rates","1985","30 - 34 years","West","%",""
"Age specific fertility rates","1985","30 - 34 years","Ireland","%","138.4"
"Age specific fertility rates","1985","35 - 39 years","Border","%",""
"Age specific fertility rates","1985","35 - 39 years","Dublin","%",""
"Age specific fertility rates","1985","35 - 39 years","Mid-East","%",""
"Age specific fertility rates","1985","35 - 39 years","Midland","%",""
"Age specific fertility rates","1985","35 - 39 years","Mid-West","%",""
"Age specific fertility rates","1985","35 - 39 years","South-East","%",""
"Age specific fertility rates","1985","35 - 39 years","South-West","%",""
"Age specific fertility rates","1985","35 - 39 years","West","%",""
"Age specific fertility rates","1985","35 - 39 years","Ireland","%","75.3"
"Age specific fertility rates","1985","40 - 44 years","Border","%",""
"Age specific fertility rates","1985","40 - 44 years","Dublin","%",""
"Age specific fertility rates","1985","40 - 44 years","Mid-East","%",""
"Age specific fertility rates","1985","40 - 44 years","Midland","%",""
"Age specific fertility rates","1985","40 - 44 years","Mid-West","%",""
"Age specific fertility rates","1985","40 - 44 years","South-East","%",""
"Age specific fertility rates","1985","40 - 44 years","South-West","%",""
"Age specific fertility rates","1985","40 - 44 years","West","%",""
"Age specific fertility rates","1985","40 - 44 years","Ireland","%","21.6"
"Age specific fertility rates","1985","45 - 49 years","Border","%",""
"Age specific fertility rates","1985","45 - 49 years","Dublin","%",""
"Age specific fertility rates","1985","45 - 49 years","Mid-East","%",""
"Age specific fertility rates","1985","45 - 49 years","Midland","%",""
"Age specific fertility rates","1985","45 - 49 years","Mid-West","%",""
"Age specific fertility rates","1985","45 - 49 years","South-East","%",""
"Age specific fertility rates","1985","45 - 49 years","South-West","%",""
"Age specific fertility rates","1985","45 - 49 years","West","%",""
"Age specific fertility rates","1985","45 - 49 years","Ireland","%","1.5"
"Age specific fertility rates","1986","All ages","Border","%",""
"Age specific fertility rates","1986","All ages","Dublin","%",""
"Age specific fertility rates","1986","All ages","Mid-East","%",""
"Age specific fertility rates","1986","All ages","Midland","%",""
"Age specific fertility rates","1986","All ages","Mid-West","%",""
"Age specific fertility rates","1986","All ages","South-East","%",""
"Age specific fertility rates","1986","All ages","South-West","%",""
"Age specific fertility rates","1986","All ages","West","%",""
"Age specific fertility rates","1986","All ages","Ireland","%",""
"Age specific fertility rates","1986","15 - 19 years","Border","%",""
"Age specific fertility rates","1986","15 - 19 years","Dublin","%",""
"Age specific fertility rates","1986","15 - 19 years","Mid-East","%",""
"Age specific fertility rates","1986","15 - 19 years","Midland","%",""
"Age specific fertility rates","1986","15 - 19 years","Mid-West","%",""
"Age specific fertility rates","1986","15 - 19 years","South-East","%",""
"Age specific fertility rates","1986","15 - 19 years","South-West","%",""
"Age specific fertility rates","1986","15 - 19 years","West","%",""
"Age specific fertility rates","1986","15 - 19 years","Ireland","%","16.4"
"Age specific fertility rates","1986","20 - 24 years","Border","%",""
"Age specific fertility rates","1986","20 - 24 years","Dublin","%",""
"Age specific fertility rates","1986","20 - 24 years","Mid-East","%",""
"Age specific fertility rates","1986","20 - 24 years","Midland","%",""
"Age specific fertility rates","1986","20 - 24 years","Mid-West","%",""
"Age specific fertility rates","1986","20 - 24 years","South-East","%",""
"Age specific fertility rates","1986","20 - 24 years","South-West","%",""
"Age specific fertility rates","1986","20 - 24 years","West","%",""
"Age specific fertility rates","1986","20 - 24 years","Ireland","%","83.1"
"Age specific fertility rates","1986","25 - 29 years","Border","%",""
"Age specific fertility rates","1986","25 - 29 years","Dublin","%",""
"Age specific fertility rates","1986","25 - 29 years","Mid-East","%",""
"Age specific fertility rates","1986","25 - 29 years","Midland","%",""
"Age specific fertility rates","1986","25 - 29 years","Mid-West","%",""
"Age specific fertility rates","1986","25 - 29 years","South-East","%",""
"Age specific fertility rates","1986","25 - 29 years","South-West","%",""
"Age specific fertility rates","1986","25 - 29 years","West","%",""
"Age specific fertility rates","1986","25 - 29 years","Ireland","%","154.3"
"Age specific fertility rates","1986","30 - 34 years","Border","%",""
"Age specific fertility rates","1986","30 - 34 years","Dublin","%",""
"Age specific fertility rates","1986","30 - 34 years","Mid-East","%",""
"Age specific fertility rates","1986","30 - 34 years","Midland","%",""
"Age specific fertility rates","1986","30 - 34 years","Mid-West","%",""
"Age specific fertility rates","1986","30 - 34 years","South-East","%",""
"Age specific fertility rates","1986","30 - 34 years","South-West","%",""
"Age specific fertility rates","1986","30 - 34 years","West","%",""
"Age specific fertility rates","1986","30 - 34 years","Ireland","%","139"
"Age specific fertility rates","1986","35 - 39 years","Border","%",""
"Age specific fertility rates","1986","35 - 39 years","Dublin","%",""
"Age specific fertility rates","1986","35 - 39 years","Mid-East","%",""
"Age specific fertility rates","1986","35 - 39 years","Midland","%",""
"Age specific fertility rates","1986","35 - 39 years","Mid-West","%",""
"Age specific fertility rates","1986","35 - 39 years","South-East","%",""
"Age specific fertility rates","1986","35 - 39 years","South-West","%",""
"Age specific fertility rates","1986","35 - 39 years","West","%",""
"Age specific fertility rates","1986","35 - 39 years","Ireland","%","73.4"
"Age specific fertility rates","1986","40 - 44 years","Border","%",""
"Age specific fertility rates","1986","40 - 44 years","Dublin","%",""
"Age specific fertility rates","1986","40 - 44 years","Mid-East","%",""
"Age specific fertility rates","1986","40 - 44 years","Midland","%",""
"Age specific fertility rates","1986","40 - 44 years","Mid-West","%",""
"Age specific fertility rates","1986","40 - 44 years","South-East","%",""
"Age specific fertility rates","1986","40 - 44 years","South-West","%",""
"Age specific fertility rates","1986","40 - 44 years","West","%",""
"Age specific fertility rates","1986","40 - 44 years","Ireland","%","21.2"
"Age specific fertility rates","1986","45 - 49 years","Border","%",""
"Age specific fertility rates","1986","45 - 49 years","Dublin","%",""
"Age specific fertility rates","1986","45 - 49 years","Mid-East","%",""
"Age specific fertility rates","1986","45 - 49 years","Midland","%",""
"Age specific fertility rates","1986","45 - 49 years","Mid-West","%",""
"Age specific fertility rates","1986","45 - 49 years","South-East","%",""
"Age specific fertility rates","1986","45 - 49 years","South-West","%",""
"Age specific fertility rates","1986","45 - 49 years","West","%",""
"Age specific fertility rates","1986","45 - 49 years","Ireland","%","1.5"
"Age specific fertility rates","1987","All ages","Border","%",""
"Age specific fertility rates","1987","All ages","Dublin","%",""
"Age specific fertility rates","1987","All ages","Mid-East","%",""
"Age specific fertility rates","1987","All ages","Midland","%",""
"Age specific fertility rates","1987","All ages","Mid-West","%",""
"Age specific fertility rates","1987","All ages","South-East","%",""
"Age specific fertility rates","1987","All ages","South-West","%",""
"Age specific fertility rates","1987","All ages","West","%",""
"Age specific fertility rates","1987","All ages","Ireland","%",""
"Age specific fertility rates","1987","15 - 19 years","Border","%",""
"Age specific fertility rates","1987","15 - 19 years","Dublin","%",""
"Age specific fertility rates","1987","15 - 19 years","Mid-East","%",""
"Age specific fertility rates","1987","15 - 19 years","Midland","%",""
"Age specific fertility rates","1987","15 - 19 years","Mid-West","%",""
"Age specific fertility rates","1987","15 - 19 years","South-East","%",""
"Age specific fertility rates","1987","15 - 19 years","South-West","%",""
"Age specific fertility rates","1987","15 - 19 years","West","%",""
"Age specific fertility rates","1987","15 - 19 years","Ireland","%","16.1"
"Age specific fertility rates","1987","20 - 24 years","Border","%",""
"Age specific fertility rates","1987","20 - 24 years","Dublin","%",""
"Age specific fertility rates","1987","20 - 24 years","Mid-East","%",""
"Age specific fertility rates","1987","20 - 24 years","Midland","%",""
"Age specific fertility rates","1987","20 - 24 years","Mid-West","%",""
"Age specific fertility rates","1987","20 - 24 years","South-East","%",""
"Age specific fertility rates","1987","20 - 24 years","South-West","%",""
"Age specific fertility rates","1987","20 - 24 years","West","%",""
"Age specific fertility rates","1987","20 - 24 years","Ireland","%","75.4"
"Age specific fertility rates","1987","25 - 29 years","Border","%",""
"Age specific fertility rates","1987","25 - 29 years","Dublin","%",""
"Age specific fertility rates","1987","25 - 29 years","Mid-East","%",""
"Age specific fertility rates","1987","25 - 29 years","Midland","%",""
"Age specific fertility rates","1987","25 - 29 years","Mid-West","%",""
"Age specific fertility rates","1987","25 - 29 years","South-East","%",""
"Age specific fertility rates","1987","25 - 29 years","South-West","%",""
"Age specific fertility rates","1987","25 - 29 years","West","%",""
"Age specific fertility rates","1987","25 - 29 years","Ireland","%","147.9"
"Age specific fertility rates","1987","30 - 34 years","Border","%",""
"Age specific fertility rates","1987","30 - 34 years","Dublin","%",""
"Age specific fertility rates","1987","30 - 34 years","Mid-East","%",""
"Age specific fertility rates","1987","30 - 34 years","Midland","%",""
"Age specific fertility rates","1987","30 - 34 years","Mid-West","%",""
"Age specific fertility rates","1987","30 - 34 years","South-East","%",""
"Age specific fertility rates","1987","30 - 34 years","South-West","%",""
"Age specific fertility rates","1987","30 - 34 years","West","%",""
"Age specific fertility rates","1987","30 - 34 years","Ireland","%","132.3"
"Age specific fertility rates","1987","35 - 39 years","Border","%",""
"Age specific fertility rates","1987","35 - 39 years","Dublin","%",""
"Age specific fertility rates","1987","35 - 39 years","Mid-East","%",""
"Age specific fertility rates","1987","35 - 39 years","Midland","%",""
"Age specific fertility rates","1987","35 - 39 years","Mid-West","%",""
"Age specific fertility rates","1987","35 - 39 years","South-East","%",""
"Age specific fertility rates","1987","35 - 39 years","South-West","%",""
"Age specific fertility rates","1987","35 - 39 years","West","%",""
"Age specific fertility rates","1987","35 - 39 years","Ireland","%","68.6"
"Age specific fertility rates","1987","40 - 44 years","Border","%",""
"Age specific fertility rates","1987","40 - 44 years","Dublin","%",""
"Age specific fertility rates","1987","40 - 44 years","Mid-East","%",""
"Age specific fertility rates","1987","40 - 44 years","Midland","%",""
"Age specific fertility rates","1987","40 - 44 years","Mid-West","%",""
"Age specific fertility rates","1987","40 - 44 years","South-East","%",""
"Age specific fertility rates","1987","40 - 44 years","South-West","%",""
"Age specific fertility rates","1987","40 - 44 years","West","%",""
"Age specific fertility rates","1987","40 - 44 years","Ireland","%","19.8"
"Age specific fertility rates","1987","45 - 49 years","Border","%",""
"Age specific fertility rates","1987","45 - 49 years","Dublin","%",""
"Age specific fertility rates","1987","45 - 49 years","Mid-East","%",""
"Age specific fertility rates","1987","45 - 49 years","Midland","%",""
"Age specific fertility rates","1987","45 - 49 years","Mid-West","%",""
"Age specific fertility rates","1987","45 - 49 years","South-East","%",""
"Age specific fertility rates","1987","45 - 49 years","South-West","%",""
"Age specific fertility rates","1987","45 - 49 years","West","%",""
"Age specific fertility rates","1987","45 - 49 years","Ireland","%","1.3"
"Age specific fertility rates","1988","All ages","Border","%",""
"Age specific fertility rates","1988","All ages","Dublin","%",""
"Age specific fertility rates","1988","All ages","Mid-East","%",""
"Age specific fertility rates","1988","All ages","Midland","%",""
"Age specific fertility rates","1988","All ages","Mid-West","%",""
"Age specific fertility rates","1988","All ages","South-East","%",""
"Age specific fertility rates","1988","All ages","South-West","%",""
"Age specific fertility rates","1988","All ages","West","%",""
"Age specific fertility rates","1988","All ages","Ireland","%",""
"Age specific fertility rates","1988","15 - 19 years","Border","%",""
"Age specific fertility rates","1988","15 - 19 years","Dublin","%",""
"Age specific fertility rates","1988","15 - 19 years","Mid-East","%",""
"Age specific fertility rates","1988","15 - 19 years","Midland","%",""
"Age specific fertility rates","1988","15 - 19 years","Mid-West","%",""
"Age specific fertility rates","1988","15 - 19 years","South-East","%",""
"Age specific fertility rates","1988","15 - 19 years","South-West","%",""
"Age specific fertility rates","1988","15 - 19 years","West","%",""
"Age specific fertility rates","1988","15 - 19 years","Ireland","%","15.3"
"Age specific fertility rates","1988","20 - 24 years","Border","%",""
"Age specific fertility rates","1988","20 - 24 years","Dublin","%",""
"Age specific fertility rates","1988","20 - 24 years","Mid-East","%",""
"Age specific fertility rates","1988","20 - 24 years","Midland","%",""
"Age specific fertility rates","1988","20 - 24 years","Mid-West","%",""
"Age specific fertility rates","1988","20 - 24 years","South-East","%",""
"Age specific fertility rates","1988","20 - 24 years","South-West","%",""
"Age specific fertility rates","1988","20 - 24 years","West","%",""
"Age specific fertility rates","1988","20 - 24 years","Ireland","%","69.6"
"Age specific fertility rates","1988","25 - 29 years","Border","%",""
"Age specific fertility rates","1988","25 - 29 years","Dublin","%",""
"Age specific fertility rates","1988","25 - 29 years","Mid-East","%",""
"Age specific fertility rates","1988","25 - 29 years","Midland","%",""
"Age specific fertility rates","1988","25 - 29 years","Mid-West","%",""
"Age specific fertility rates","1988","25 - 29 years","South-East","%",""
"Age specific fertility rates","1988","25 - 29 years","South-West","%",""
"Age specific fertility rates","1988","25 - 29 years","West","%",""
"Age specific fertility rates","1988","25 - 29 years","Ireland","%","141"
"Age specific fertility rates","1988","30 - 34 years","Border","%",""
"Age specific fertility rates","1988","30 - 34 years","Dublin","%",""
"Age specific fertility rates","1988","30 - 34 years","Mid-East","%",""
"Age specific fertility rates","1988","30 - 34 years","Midland","%",""
"Age specific fertility rates","1988","30 - 34 years","Mid-West","%",""
"Age specific fertility rates","1988","30 - 34 years","South-East","%",""
"Age specific fertility rates","1988","30 - 34 years","South-West","%",""
"Age specific fertility rates","1988","30 - 34 years","West","%",""
"Age specific fertility rates","1988","30 - 34 years","Ireland","%","125.5"
"Age specific fertility rates","1988","35 - 39 years","Border","%",""
"Age specific fertility rates","1988","35 - 39 years","Dublin","%",""
"Age specific fertility rates","1988","35 - 39 years","Mid-East","%",""
"Age specific fertility rates","1988","35 - 39 years","Midland","%",""
"Age specific fertility rates","1988","35 - 39 years","Mid-West","%",""
"Age specific fertility rates","1988","35 - 39 years","South-East","%",""
"Age specific fertility rates","1988","35 - 39 years","South-West","%",""
"Age specific fertility rates","1988","35 - 39 years","West","%",""
"Age specific fertility rates","1988","35 - 39 years","Ireland","%","63.2"
"Age specific fertility rates","1988","40 - 44 years","Border","%",""
"Age specific fertility rates","1988","40 - 44 years","Dublin","%",""
"Age specific fertility rates","1988","40 - 44 years","Mid-East","%",""
"Age specific fertility rates","1988","40 - 44 years","Midland","%",""
"Age specific fertility rates","1988","40 - 44 years","Mid-West","%",""
"Age specific fertility rates","1988","40 - 44 years","South-East","%",""
"Age specific fertility rates","1988","40 - 44 years","South-West","%",""
"Age specific fertility rates","1988","40 - 44 years","West","%",""
"Age specific fertility rates","1988","40 - 44 years","Ireland","%","17.8"
"Age specific fertility rates","1988","45 - 49 years","Border","%",""
"Age specific fertility rates","1988","45 - 49 years","Dublin","%",""
"Age specific fertility rates","1988","45 - 49 years","Mid-East","%",""
"Age specific fertility rates","1988","45 - 49 years","Midland","%",""
"Age specific fertility rates","1988","45 - 49 years","Mid-West","%",""
"Age specific fertility rates","1988","45 - 49 years","South-East","%",""
"Age specific fertility rates","1988","45 - 49 years","South-West","%",""
"Age specific fertility rates","1988","45 - 49 years","West","%",""
"Age specific fertility rates","1988","45 - 49 years","Ireland","%","1.1"
"Age specific fertility rates","1989","All ages","Border","%",""
"Age specific fertility rates","1989","All ages","Dublin","%",""
"Age specific fertility rates","1989","All ages","Mid-East","%",""
"Age specific fertility rates","1989","All ages","Midland","%",""
"Age specific fertility rates","1989","All ages","Mid-West","%",""
"Age specific fertility rates","1989","All ages","South-East","%",""
"Age specific fertility rates","1989","All ages","South-West","%",""
"Age specific fertility rates","1989","All ages","West","%",""
"Age specific fertility rates","1989","All ages","Ireland","%",""
"Age specific fertility rates","1989","15 - 19 years","Border","%",""
"Age specific fertility rates","1989","15 - 19 years","Dublin","%",""
"Age specific fertility rates","1989","15 - 19 years","Mid-East","%",""
"Age specific fertility rates","1989","15 - 19 years","Midland","%",""
"Age specific fertility rates","1989","15 - 19 years","Mid-West","%",""
"Age specific fertility rates","1989","15 - 19 years","South-East","%",""
"Age specific fertility rates","1989","15 - 19 years","South-West","%",""
"Age specific fertility rates","1989","15 - 19 years","West","%",""
"Age specific fertility rates","1989","15 - 19 years","Ireland","%","14.8"
"Age specific fertility rates","1989","20 - 24 years","Border","%",""
"Age specific fertility rates","1989","20 - 24 years","Dublin","%",""
"Age specific fertility rates","1989","20 - 24 years","Mid-East","%",""
"Age specific fertility rates","1989","20 - 24 years","Midland","%",""
"Age specific fertility rates","1989","20 - 24 years","Mid-West","%",""
"Age specific fertility rates","1989","20 - 24 years","South-East","%",""
"Age specific fertility rates","1989","20 - 24 years","South-West","%",""
"Age specific fertility rates","1989","20 - 24 years","West","%",""
"Age specific fertility rates","1989","20 - 24 years","Ireland","%","64"
"Age specific fertility rates","1989","25 - 29 years","Border","%",""
"Age specific fertility rates","1989","25 - 29 years","Dublin","%",""
"Age specific fertility rates","1989","25 - 29 years","Mid-East","%",""
"Age specific fertility rates","1989","25 - 29 years","Midland","%",""
"Age specific fertility rates","1989","25 - 29 years","Mid-West","%",""
"Age specific fertility rates","1989","25 - 29 years","South-East","%",""
"Age specific fertility rates","1989","25 - 29 years","South-West","%",""
"Age specific fertility rates","1989","25 - 29 years","West","%",""
"Age specific fertility rates","1989","25 - 29 years","Ireland","%","134.4"
"Age specific fertility rates","1989","30 - 34 years","Border","%",""
"Age specific fertility rates","1989","30 - 34 years","Dublin","%",""
"Age specific fertility rates","1989","30 - 34 years","Mid-East","%",""
"Age specific fertility rates","1989","30 - 34 years","Midland","%",""
"Age specific fertility rates","1989","30 - 34 years","Mid-West","%",""
"Age specific fertility rates","1989","30 - 34 years","South-East","%",""
"Age specific fertility rates","1989","30 - 34 years","South-West","%",""
"Age specific fertility rates","1989","30 - 34 years","West","%",""
"Age specific fertility rates","1989","30 - 34 years","Ireland","%","122"
"Age specific fertility rates","1989","35 - 39 years","Border","%",""
"Age specific fertility rates","1989","35 - 39 years","Dublin","%",""
"Age specific fertility rates","1989","35 - 39 years","Mid-East","%",""
"Age specific fertility rates","1989","35 - 39 years","Midland","%",""
"Age specific fertility rates","1989","35 - 39 years","Mid-West","%",""
"Age specific fertility rates","1989","35 - 39 years","South-East","%",""
"Age specific fertility rates","1989","35 - 39 years","South-West","%",""
"Age specific fertility rates","1989","35 - 39 years","West","%",""
"Age specific fertility rates","1989","35 - 39 years","Ireland","%","62.4"
"Age specific fertility rates","1989","40 - 44 years","Border","%",""
"Age specific fertility rates","1989","40 - 44 years","Dublin","%",""
"Age specific fertility rates","1989","40 - 44 years","Mid-East","%",""
"Age specific fertility rates","1989","40 - 44 years","Midland","%",""
"Age specific fertility rates","1989","40 - 44 years","Mid-West","%",""
"Age specific fertility rates","1989","40 - 44 years","South-East","%",""
"Age specific fertility rates","1989","40 - 44 years","South-West","%",""
"Age specific fertility rates","1989","40 - 44 years","West","%",""
"Age specific fertility rates","1989","40 - 44 years","Ireland","%","17"
"Age specific fertility rates","1989","45 - 49 years","Border","%",""
"Age specific fertility rates","1989","45 - 49 years","Dublin","%",""
"Age specific fertility rates","1989","45 - 49 years","Mid-East","%",""
"Age specific fertility rates","1989","45 - 49 years","Midland","%",""
"Age specific fertility rates","1989","45 - 49 years","Mid-West","%",""
"Age specific fertility rates","1989","45 - 49 years","South-East","%",""
"Age specific fertility rates","1989","45 - 49 years","South-West","%",""
"Age specific fertility rates","1989","45 - 49 years","West","%",""
"Age specific fertility rates","1989","45 - 49 years","Ireland","%","1.1"
"Age specific fertility rates","1990","All ages","Border","%",""
"Age specific fertility rates","1990","All ages","Dublin","%",""
"Age specific fertility rates","1990","All ages","Mid-East","%",""
"Age specific fertility rates","1990","All ages","Midland","%",""
"Age specific fertility rates","1990","All ages","Mid-West","%",""
"Age specific fertility rates","1990","All ages","South-East","%",""
"Age specific fertility rates","1990","All ages","South-West","%",""
"Age specific fertility rates","1990","All ages","West","%",""
"Age specific fertility rates","1990","All ages","Ireland","%",""
"Age specific fertility rates","1990","15 - 19 years","Border","%",""
"Age specific fertility rates","1990","15 - 19 years","Dublin","%",""
"Age specific fertility rates","1990","15 - 19 years","Mid-East","%",""
"Age specific fertility rates","1990","15 - 19 years","Midland","%",""
"Age specific fertility rates","1990","15 - 19 years","Mid-West","%",""
"Age specific fertility rates","1990","15 - 19 years","South-East","%",""
"Age specific fertility rates","1990","15 - 19 years","South-West","%",""
"Age specific fertility rates","1990","15 - 19 years","West","%",""
"Age specific fertility rates","1990","15 - 19 years","Ireland","%","16.7"
"Age specific fertility rates","1990","20 - 24 years","Border","%",""
"Age specific fertility rates","1990","20 - 24 years","Dublin","%",""
"Age specific fertility rates","1990","20 - 24 years","Mid-East","%",""
"Age specific fertility rates","1990","20 - 24 years","Midland","%",""
"Age specific fertility rates","1990","20 - 24 years","Mid-West","%",""
"Age specific fertility rates","1990","20 - 24 years","South-East","%",""
"Age specific fertility rates","1990","20 - 24 years","South-West","%",""
"Age specific fertility rates","1990","20 - 24 years","West","%",""
"Age specific fertility rates","1990","20 - 24 years","Ireland","%","63.3"
"Age specific fertility rates","1990","25 - 29 years","Border","%",""
"Age specific fertility rates","1990","25 - 29 years","Dublin","%",""
"Age specific fertility rates","1990","25 - 29 years","Mid-East","%",""
"Age specific fertility rates","1990","25 - 29 years","Midland","%",""
"Age specific fertility rates","1990","25 - 29 years","Mid-West","%",""
"Age specific fertility rates","1990","25 - 29 years","South-East","%",""
"Age specific fertility rates","1990","25 - 29 years","South-West","%",""
"Age specific fertility rates","1990","25 - 29 years","West","%",""
"Age specific fertility rates","1990","25 - 29 years","Ireland","%","137.6"
"Age specific fertility rates","1990","30 - 34 years","Border","%",""
"Age specific fertility rates","1990","30 - 34 years","Dublin","%",""
"Age specific fertility rates","1990","30 - 34 years","Mid-East","%",""
"Age specific fertility rates","1990","30 - 34 years","Midland","%",""
"Age specific fertility rates","1990","30 - 34 years","Mid-West","%",""
"Age specific fertility rates","1990","30 - 34 years","South-East","%",""
"Age specific fertility rates","1990","30 - 34 years","South-West","%",""
"Age specific fertility rates","1990","30 - 34 years","West","%",""
"Age specific fertility rates","1990","30 - 34 years","Ireland","%","126.2"
"Age specific fertility rates","1990","35 - 39 years","Border","%",""
"Age specific fertility rates","1990","35 - 39 years","Dublin","%",""
"Age specific fertility rates","1990","35 - 39 years","Mid-East","%",""
"Age specific fertility rates","1990","35 - 39 years","Midland","%",""
"Age specific fertility rates","1990","35 - 39 years","Mid-West","%",""
"Age specific fertility rates","1990","35 - 39 years","South-East","%",""
"Age specific fertility rates","1990","35 - 39 years","South-West","%",""
"Age specific fertility rates","1990","35 - 39 years","West","%",""
"Age specific fertility rates","1990","35 - 39 years","Ireland","%","63.1"
"Age specific fertility rates","1990","40 - 44 years","Border","%",""
"Age specific fertility rates","1990","40 - 44 years","Dublin","%",""
"Age specific fertility rates","1990","40 - 44 years","Mid-East","%",""
"Age specific fertility rates","1990","40 - 44 years","Midland","%",""
"Age specific fertility rates","1990","40 - 44 years","Mid-West","%",""
"Age specific fertility rates","1990","40 - 44 years","South-East","%",""
"Age specific fertility rates","1990","40 - 44 years","South-West","%",""
"Age specific fertility rates","1990","40 - 44 years","West","%",""
"Age specific fertility rates","1990","40 - 44 years","Ireland","%","15.4"
"Age specific fertility rates","1990","45 - 49 years","Border","%",""
"Age specific fertility rates","1990","45 - 49 years","Dublin","%",""
"Age specific fertility rates","1990","45 - 49 years","Mid-East","%",""
"Age specific fertility rates","1990","45 - 49 years","Midland","%",""
"Age specific fertility rates","1990","45 - 49 years","Mid-West","%",""
"Age specific fertility rates","1990","45 - 49 years","South-East","%",""
"Age specific fertility rates","1990","45 - 49 years","South-West","%",""
"Age specific fertility rates","1990","45 - 49 years","West","%",""
"Age specific fertility rates","1990","45 - 49 years","Ireland","%","1.1"
"Age specific fertility rates","1991","All ages","Border","%",""
"Age specific fertility rates","1991","All ages","Dublin","%",""
"Age specific fertility rates","1991","All ages","Mid-East","%",""
"Age specific fertility rates","1991","All ages","Midland","%",""
"Age specific fertility rates","1991","All ages","Mid-West","%",""
"Age specific fertility rates","1991","All ages","South-East","%",""
"Age specific fertility rates","1991","All ages","South-West","%",""
"Age specific fertility rates","1991","All ages","West","%",""
"Age specific fertility rates","1991","All ages","Ireland","%",""
"Age specific fertility rates","1991","15 - 19 years","Border","%",""
"Age specific fertility rates","1991","15 - 19 years","Dublin","%",""
"Age specific fertility rates","1991","15 - 19 years","Mid-East","%",""
"Age specific fertility rates","1991","15 - 19 years","Midland","%",""
"Age specific fertility rates","1991","15 - 19 years","Mid-West","%",""
"Age specific fertility rates","1991","15 - 19 years","South-East","%",""
"Age specific fertility rates","1991","15 - 19 years","South-West","%",""
"Age specific fertility rates","1991","15 - 19 years","West","%",""
"Age specific fertility rates","1991","15 - 19 years","Ireland","%","17.1"
"Age specific fertility rates","1991","20 - 24 years","Border","%",""
"Age specific fertility rates","1991","20 - 24 years","Dublin","%",""
"Age specific fertility rates","1991","20 - 24 years","Mid-East","%",""
"Age specific fertility rates","1991","20 - 24 years","Midland","%",""
"Age specific fertility rates","1991","20 - 24 years","Mid-West","%",""
"Age specific fertility rates","1991","20 - 24 years","South-East","%",""
"Age specific fertility rates","1991","20 - 24 years","South-West","%",""
"Age specific fertility rates","1991","20 - 24 years","West","%",""
"Age specific fertility rates","1991","20 - 24 years","Ireland","%","64"
"Age specific fertility rates","1991","25 - 29 years","Border","%",""
"Age specific fertility rates","1991","25 - 29 years","Dublin","%",""
"Age specific fertility rates","1991","25 - 29 years","Mid-East","%",""
"Age specific fertility rates","1991","25 - 29 years","Midland","%",""
"Age specific fertility rates","1991","25 - 29 years","Mid-West","%",""
"Age specific fertility rates","1991","25 - 29 years","South-East","%",""
"Age specific fertility rates","1991","25 - 29 years","South-West","%",""
"Age specific fertility rates","1991","25 - 29 years","West","%",""
"Age specific fertility rates","1991","25 - 29 years","Ireland","%","131.8"
"Age specific fertility rates","1991","30 - 34 years","Border","%",""
"Age specific fertility rates","1991","30 - 34 years","Dublin","%",""
"Age specific fertility rates","1991","30 - 34 years","Mid-East","%",""
"Age specific fertility rates","1991","30 - 34 years","Midland","%",""
"Age specific fertility rates","1991","30 - 34 years","Mid-West","%",""
"Age specific fertility rates","1991","30 - 34 years","South-East","%",""
"Age specific fertility rates","1991","30 - 34 years","South-West","%",""
"Age specific fertility rates","1991","30 - 34 years","West","%",""
"Age specific fertility rates","1991","30 - 34 years","Ireland","%","124.4"
"Age specific fertility rates","1991","35 - 39 years","Border","%",""
"Age specific fertility rates","1991","35 - 39 years","Dublin","%",""
"Age specific fertility rates","1991","35 - 39 years","Mid-East","%",""
"Age specific fertility rates","1991","35 - 39 years","Midland","%",""
"Age specific fertility rates","1991","35 - 39 years","Mid-West","%",""
"Age specific fertility rates","1991","35 - 39 years","South-East","%",""
"Age specific fertility rates","1991","35 - 39 years","South-West","%",""
"Age specific fertility rates","1991","35 - 39 years","West","%",""
"Age specific fertility rates","1991","35 - 39 years","Ireland","%","63.4"
"Age specific fertility rates","1991","40 - 44 years","Border","%",""
"Age specific fertility rates","1991","40 - 44 years","Dublin","%",""
"Age specific fertility rates","1991","40 - 44 years","Mid-East","%",""
"Age specific fertility rates","1991","40 - 44 years","Midland","%",""
"Age specific fertility rates","1991","40 - 44 years","Mid-West","%",""
"Age specific fertility rates","1991","40 - 44 years","South-East","%",""
"Age specific fertility rates","1991","40 - 44 years","South-West","%",""
"Age specific fertility rates","1991","40 - 44 years","West","%",""
"Age specific fertility rates","1991","40 - 44 years","Ireland","%","15.2"
"Age specific fertility rates","1991","45 - 49 years","Border","%",""
"Age specific fertility rates","1991","45 - 49 years","Dublin","%",""
"Age specific fertility rates","1991","45 - 49 years","Mid-East","%",""
"Age specific fertility rates","1991","45 - 49 years","Midland","%",""
"Age specific fertility rates","1991","45 - 49 years","Mid-West","%",""
"Age specific fertility rates","1991","45 - 49 years","South-East","%",""
"Age specific fertility rates","1991","45 - 49 years","South-West","%",""
"Age specific fertility rates","1991","45 - 49 years","West","%",""
"Age specific fertility rates","1991","45 - 49 years","Ireland","%","1"
"Age specific fertility rates","1992","All ages","Border","%",""
"Age specific fertility rates","1992","All ages","Dublin","%",""
"Age specific fertility rates","1992","All ages","Mid-East","%",""
"Age specific fertility rates","1992","All ages","Midland","%",""
"Age specific fertility rates","1992","All ages","Mid-West","%",""
"Age specific fertility rates","1992","All ages","South-East","%",""
"Age specific fertility rates","1992","All ages","South-West","%",""
"Age specific fertility rates","1992","All ages","West","%",""
"Age specific fertility rates","1992","All ages","Ireland","%",""
"Age specific fertility rates","1992","15 - 19 years","Border","%",""
"Age specific fertility rates","1992","15 - 19 years","Dublin","%",""
"Age specific fertility rates","1992","15 - 19 years","Mid-East","%",""
"Age specific fertility rates","1992","15 - 19 years","Midland","%",""
"Age specific fertility rates","1992","15 - 19 years","Mid-West","%",""
"Age specific fertility rates","1992","15 - 19 years","South-East","%",""
"Age specific fertility rates","1992","15 - 19 years","South-West","%",""
"Age specific fertility rates","1992","15 - 19 years","West","%",""
"Age specific fertility rates","1992","15 - 19 years","Ireland","%","16.9"
"Age specific fertility rates","1992","20 - 24 years","Border","%",""
"Age specific fertility rates","1992","20 - 24 years","Dublin","%",""
"Age specific fertility rates","1992","20 - 24 years","Mid-East","%",""
"Age specific fertility rates","1992","20 - 24 years","Midland","%",""
"Age specific fertility rates","1992","20 - 24 years","Mid-West","%",""
"Age specific fertility rates","1992","20 - 24 years","South-East","%",""
"Age specific fertility rates","1992","20 - 24 years","South-West","%",""
"Age specific fertility rates","1992","20 - 24 years","West","%",""
"Age specific fertility rates","1992","20 - 24 years","Ireland","%","58.9"
"Age specific fertility rates","1992","25 - 29 years","Border","%",""
"Age specific fertility rates","1992","25 - 29 years","Dublin","%",""
"Age specific fertility rates","1992","25 - 29 years","Mid-East","%",""
"Age specific fertility rates","1992","25 - 29 years","Midland","%",""
"Age specific fertility rates","1992","25 - 29 years","Mid-West","%",""
"Age specific fertility rates","1992","25 - 29 years","South-East","%",""
"Age specific fertility rates","1992","25 - 29 years","South-West","%",""
"Age specific fertility rates","1992","25 - 29 years","West","%",""
"Age specific fertility rates","1992","25 - 29 years","Ireland","%","123.9"
"Age specific fertility rates","1992","30 - 34 years","Border","%",""
"Age specific fertility rates","1992","30 - 34 years","Dublin","%",""
"Age specific fertility rates","1992","30 - 34 years","Mid-East","%",""
"Age specific fertility rates","1992","30 - 34 years","Midland","%",""
"Age specific fertility rates","1992","30 - 34 years","Mid-West","%",""
"Age specific fertility rates","1992","30 - 34 years","South-East","%",""
"Age specific fertility rates","1992","30 - 34 years","South-West","%",""
"Age specific fertility rates","1992","30 - 34 years","West","%",""
"Age specific fertility rates","1992","30 - 34 years","Ireland","%","122.3"
"Age specific fertility rates","1992","35 - 39 years","Border","%",""
"Age specific fertility rates","1992","35 - 39 years","Dublin","%",""
"Age specific fertility rates","1992","35 - 39 years","Mid-East","%",""
"Age specific fertility rates","1992","35 - 39 years","Midland","%",""
"Age specific fertility rates","1992","35 - 39 years","Mid-West","%",""
"Age specific fertility rates","1992","35 - 39 years","South-East","%",""
"Age specific fertility rates","1992","35 - 39 years","South-West","%",""
"Age specific fertility rates","1992","35 - 39 years","West","%",""
"Age specific fertility rates","1992","35 - 39 years","Ireland","%","61.3"
"Age specific fertility rates","1992","40 - 44 years","Border","%",""
"Age specific fertility rates","1992","40 - 44 years","Dublin","%",""
"Age specific fertility rates","1992","40 - 44 years","Mid-East","%",""
"Age specific fertility rates","1992","40 - 44 years","Midland","%",""
"Age specific fertility rates","1992","40 - 44 years","Mid-West","%",""
"Age specific fertility rates","1992","40 - 44 years","South-East","%",""
"Age specific fertility rates","1992","40 - 44 years","South-West","%",""
"Age specific fertility rates","1992","40 - 44 years","West","%",""
"Age specific fertility rates","1992","40 - 44 years","Ireland","%","14.4"
"Age specific fertility rates","1992","45 - 49 years","Border","%",""
"Age specific fertility rates","1992","45 - 49 years","Dublin","%",""
"Age specific fertility rates","1992","45 - 49 years","Mid-East","%",""
"Age specific fertility rates","1992","45 - 49 years","Midland","%",""
"Age specific fertility rates","1992","45 - 49 years","Mid-West","%",""
"Age specific fertility rates","1992","45 - 49 years","South-East","%",""
"Age specific fertility rates","1992","45 - 49 years","South-West","%",""
"Age specific fertility rates","1992","45 - 49 years","West","%",""
"Age specific fertility rates","1992","45 - 49 years","Ireland","%","0.8"
"Age specific fertility rates","1993","All ages","Border","%",""
"Age specific fertility rates","1993","All ages","Dublin","%",""
"Age specific fertility rates","1993","All ages","Mid-East","%",""
"Age specific fertility rates","1993","All ages","Midland","%",""
"Age specific fertility rates","1993","All ages","Mid-West","%",""
"Age specific fertility rates","1993","All ages","South-East","%",""
"Age specific fertility rates","1993","All ages","South-West","%",""
"Age specific fertility rates","1993","All ages","West","%",""
"Age specific fertility rates","1993","All ages","Ireland","%",""
"Age specific fertility rates","1993","15 - 19 years","Border","%",""
"Age specific fertility rates","1993","15 - 19 years","Dublin","%",""
"Age specific fertility rates","1993","15 - 19 years","Mid-East","%",""
"Age specific fertility rates","1993","15 - 19 years","Midland","%",""
"Age specific fertility rates","1993","15 - 19 years","Mid-West","%",""
"Age specific fertility rates","1993","15 - 19 years","South-East","%",""
"Age specific fertility rates","1993","15 - 19 years","South-West","%",""
"Age specific fertility rates","1993","15 - 19 years","West","%",""
"Age specific fertility rates","1993","15 - 19 years","Ireland","%","16.3"
"Age specific fertility rates","1993","20 - 24 years","Border","%",""
"Age specific fertility rates","1993","20 - 24 years","Dublin","%",""
"Age specific fertility rates","1993","20 - 24 years","Mid-East","%",""
"Age specific fertility rates","1993","20 - 24 years","Midland","%",""
"Age specific fertility rates","1993","20 - 24 years","Mid-West","%",""
"Age specific fertility rates","1993","20 - 24 years","South-East","%",""
"Age specific fertility rates","1993","20 - 24 years","South-West","%",""
"Age specific fertility rates","1993","20 - 24 years","West","%",""
"Age specific fertility rates","1993","20 - 24 years","Ireland","%","53.8"
"Age specific fertility rates","1993","25 - 29 years","Border","%",""
"Age specific fertility rates","1993","25 - 29 years","Dublin","%",""
"Age specific fertility rates","1993","25 - 29 years","Mid-East","%",""
"Age specific fertility rates","1993","25 - 29 years","Midland","%",""
"Age specific fertility rates","1993","25 - 29 years","Mid-West","%",""
"Age specific fertility rates","1993","25 - 29 years","South-East","%",""
"Age specific fertility rates","1993","25 - 29 years","South-West","%",""
"Age specific fertility rates","1993","25 - 29 years","West","%",""
"Age specific fertility rates","1993","25 - 29 years","Ireland","%","116.5"
"Age specific fertility rates","1993","30 - 34 years","Border","%",""
"Age specific fertility rates","1993","30 - 34 years","Dublin","%",""
"Age specific fertility rates","1993","30 - 34 years","Mid-East","%",""
"Age specific fertility rates","1993","30 - 34 years","Midland","%",""
"Age specific fertility rates","1993","30 - 34 years","Mid-West","%",""
"Age specific fertility rates","1993","30 - 34 years","South-East","%",""
"Age specific fertility rates","1993","30 - 34 years","South-West","%",""
"Age specific fertility rates","1993","30 - 34 years","West","%",""
"Age specific fertility rates","1993","30 - 34 years","Ireland","%","121.2"
"Age specific fertility rates","1993","35 - 39 years","Border","%",""
"Age specific fertility rates","1993","35 - 39 years","Dublin","%",""
"Age specific fertility rates","1993","35 - 39 years","Mid-East","%",""
"Age specific fertility rates","1993","35 - 39 years","Midland","%",""
"Age specific fertility rates","1993","35 - 39 years","Mid-West","%",""
"Age specific fertility rates","1993","35 - 39 years","South-East","%",""
"Age specific fertility rates","1993","35 - 39 years","South-West","%",""
"Age specific fertility rates","1993","35 - 39 years","West","%",""
"Age specific fertility rates","1993","35 - 39 years","Ireland","%","58.5"
"Age specific fertility rates","1993","40 - 44 years","Border","%",""
"Age specific fertility rates","1993","40 - 44 years","Dublin","%",""
"Age specific fertility rates","1993","40 - 44 years","Mid-East","%",""
"Age specific fertility rates","1993","40 - 44 years","Midland","%",""
"Age specific fertility rates","1993","40 - 44 years","Mid-West","%",""
"Age specific fertility rates","1993","40 - 44 years","South-East","%",""
"Age specific fertility rates","1993","40 - 44 years","South-West","%",""
"Age specific fertility rates","1993","40 - 44 years","West","%",""
"Age specific fertility rates","1993","40 - 44 years","Ireland","%","14.1"
"Age specific fertility rates","1993","45 - 49 years","Border","%",""
"Age specific fertility rates","1993","45 - 49 years","Dublin","%",""
"Age specific fertility rates","1993","45 - 49 years","Mid-East","%",""
"Age specific fertility rates","1993","45 - 49 years","Midland","%",""
"Age specific fertility rates","1993","45 - 49 years","Mid-West","%",""
"Age specific fertility rates","1993","45 - 49 years","South-East","%",""
"Age specific fertility rates","1993","45 - 49 years","South-West","%",""
"Age specific fertility rates","1993","45 - 49 years","West","%",""
"Age specific fertility rates","1993","45 - 49 years","Ireland","%","0.9"
"Age specific fertility rates","1994","All ages","Border","%",""
"Age specific fertility rates","1994","All ages","Dublin","%",""
"Age specific fertility rates","1994","All ages","Mid-East","%",""
"Age specific fertility rates","1994","All ages","Midland","%",""
"Age specific fertility rates","1994","All ages","Mid-West","%",""
"Age specific fertility rates","1994","All ages","South-East","%",""
"Age specific fertility rates","1994","All ages","South-West","%",""
"Age specific fertility rates","1994","All ages","West","%",""
"Age specific fertility rates","1994","All ages","Ireland","%",""
"Age specific fertility rates","1994","15 - 19 years","Border","%",""
"Age specific fertility rates","1994","15 - 19 years","Dublin","%",""
"Age specific fertility rates","1994","15 - 19 years","Mid-East","%",""
"Age specific fertility rates","1994","15 - 19 years","Midland","%",""
"Age specific fertility rates","1994","15 - 19 years","Mid-West","%",""
"Age specific fertility rates","1994","15 - 19 years","South-East","%",""
"Age specific fertility rates","1994","15 - 19 years","South-West","%",""
"Age specific fertility rates","1994","15 - 19 years","West","%",""
"Age specific fertility rates","1994","15 - 19 years","Ireland","%","15"
"Age specific fertility rates","1994","20 - 24 years","Border","%",""
"Age specific fertility rates","1994","20 - 24 years","Dublin","%",""
"Age specific fertility rates","1994","20 - 24 years","Mid-East","%",""
"Age specific fertility rates","1994","20 - 24 years","Midland","%",""
"Age specific fertility rates","1994","20 - 24 years","Mid-West","%",""
"Age specific fertility rates","1994","20 - 24 years","South-East","%",""
"Age specific fertility rates","1994","20 - 24 years","South-West","%",""
"Age specific fertility rates","1994","20 - 24 years","West","%",""
"Age specific fertility rates","1994","20 - 24 years","Ireland","%","50.7"
"Age specific fertility rates","1994","25 - 29 years","Border","%",""
"Age specific fertility rates","1994","25 - 29 years","Dublin","%",""
"Age specific fertility rates","1994","25 - 29 years","Mid-East","%",""
"Age specific fertility rates","1994","25 - 29 years","Midland","%",""
"Age specific fertility rates","1994","25 - 29 years","Mid-West","%",""
"Age specific fertility rates","1994","25 - 29 years","South-East","%",""
"Age specific fertility rates","1994","25 - 29 years","South-West","%",""
"Age specific fertility rates","1994","25 - 29 years","West","%",""
"Age specific fertility rates","1994","25 - 29 years","Ireland","%","112.5"
"Age specific fertility rates","1994","30 - 34 years","Border","%",""
"Age specific fertility rates","1994","30 - 34 years","Dublin","%",""
"Age specific fertility rates","1994","30 - 34 years","Mid-East","%",""
"Age specific fertility rates","1994","30 - 34 years","Midland","%",""
"Age specific fertility rates","1994","30 - 34 years","Mid-West","%",""
"Age specific fertility rates","1994","30 - 34 years","South-East","%",""
"Age specific fertility rates","1994","30 - 34 years","South-West","%",""
"Age specific fertility rates","1994","30 - 34 years","West","%",""
"Age specific fertility rates","1994","30 - 34 years","Ireland","%","119.8"
"Age specific fertility rates","1994","35 - 39 years","Border","%",""
"Age specific fertility rates","1994","35 - 39 years","Dublin","%",""
"Age specific fertility rates","1994","35 - 39 years","Mid-East","%",""
"Age specific fertility rates","1994","35 - 39 years","Midland","%",""
"Age specific fertility rates","1994","35 - 39 years","Mid-West","%",""
"Age specific fertility rates","1994","35 - 39 years","South-East","%",""
"Age specific fertility rates","1994","35 - 39 years","South-West","%",""
"Age specific fertility rates","1994","35 - 39 years","West","%",""
"Age specific fertility rates","1994","35 - 39 years","Ireland","%","58.6"
"Age specific fertility rates","1994","40 - 44 years","Border","%",""
"Age specific fertility rates","1994","40 - 44 years","Dublin","%",""
"Age specific fertility rates","1994","40 - 44 years","Mid-East","%",""
"Age specific fertility rates","1994","40 - 44 years","Midland","%",""
"Age specific fertility rates","1994","40 - 44 years","Mid-West","%",""
"Age specific fertility rates","1994","40 - 44 years","South-East","%",""
"Age specific fertility rates","1994","40 - 44 years","South-West","%",""
"Age specific fertility rates","1994","40 - 44 years","West","%",""
"Age specific fertility rates","1994","40 - 44 years","Ireland","%","12.8"
"Age specific fertility rates","1994","45 - 49 years","Border","%",""
"Age specific fertility rates","1994","45 - 49 years","Dublin","%",""
"Age specific fertility rates","1994","45 - 49 years","Mid-East","%",""
"Age specific fertility rates","1994","45 - 49 years","Midland","%",""
"Age specific fertility rates","1994","45 - 49 years","Mid-West","%",""
"Age specific fertility rates","1994","45 - 49 years","South-East","%",""
"Age specific fertility rates","1994","45 - 49 years","South-West","%",""
"Age specific fertility rates","1994","45 - 49 years","West","%",""
"Age specific fertility rates","1994","45 - 49 years","Ireland","%","0.7"
"Age specific fertility rates","1995","All ages","Border","%",""
"Age specific fertility rates","1995","All ages","Dublin","%",""
"Age specific fertility rates","1995","All ages","Mid-East","%",""
"Age specific fertility rates","1995","All ages","Midland","%",""
"Age specific fertility rates","1995","All ages","Mid-West","%",""
"Age specific fertility rates","1995","All ages","South-East","%",""
"Age specific fertility rates","1995","All ages","South-West","%",""
"Age specific fertility rates","1995","All ages","West","%",""
"Age specific fertility rates","1995","All ages","Ireland","%",""
"Age specific fertility rates","1995","15 - 19 years","Border","%",""
"Age specific fertility rates","1995","15 - 19 years","Dublin","%",""
"Age specific fertility rates","1995","15 - 19 years","Mid-East","%",""
"Age specific fertility rates","1995","15 - 19 years","Midland","%",""
"Age specific fertility rates","1995","15 - 19 years","Mid-West","%",""
"Age specific fertility rates","1995","15 - 19 years","South-East","%",""
"Age specific fertility rates","1995","15 - 19 years","South-West","%",""
"Age specific fertility rates","1995","15 - 19 years","West","%",""
"Age specific fertility rates","1995","15 - 19 years","Ireland","%","15.1"
"Age specific fertility rates","1995","20 - 24 years","Border","%",""
"Age specific fertility rates","1995","20 - 24 years","Dublin","%",""
"Age specific fertility rates","1995","20 - 24 years","Mid-East","%",""
"Age specific fertility rates","1995","20 - 24 years","Midland","%",""
"Age specific fertility rates","1995","20 - 24 years","Mid-West","%",""
"Age specific fertility rates","1995","20 - 24 years","South-East","%",""
"Age specific fertility rates","1995","20 - 24 years","South-West","%",""
"Age specific fertility rates","1995","20 - 24 years","West","%",""
"Age specific fertility rates","1995","20 - 24 years","Ireland","%","50.3"
"Age specific fertility rates","1995","25 - 29 years","Border","%",""
"Age specific fertility rates","1995","25 - 29 years","Dublin","%",""
"Age specific fertility rates","1995","25 - 29 years","Mid-East","%",""
"Age specific fertility rates","1995","25 - 29 years","Midland","%",""
"Age specific fertility rates","1995","25 - 29 years","Mid-West","%",""
"Age specific fertility rates","1995","25 - 29 years","South-East","%",""
"Age specific fertility rates","1995","25 - 29 years","South-West","%",""
"Age specific fertility rates","1995","25 - 29 years","West","%",""
"Age specific fertility rates","1995","25 - 29 years","Ireland","%","106.7"
"Age specific fertility rates","1995","30 - 34 years","Border","%",""
"Age specific fertility rates","1995","30 - 34 years","Dublin","%",""
"Age specific fertility rates","1995","30 - 34 years","Mid-East","%",""
"Age specific fertility rates","1995","30 - 34 years","Midland","%",""
"Age specific fertility rates","1995","30 - 34 years","Mid-West","%",""
"Age specific fertility rates","1995","30 - 34 years","South-East","%",""
"Age specific fertility rates","1995","30 - 34 years","South-West","%",""
"Age specific fertility rates","1995","30 - 34 years","West","%",""
"Age specific fertility rates","1995","30 - 34 years","Ireland","%","123.5"
"Age specific fertility rates","1995","35 - 39 years","Border","%",""
"Age specific fertility rates","1995","35 - 39 years","Dublin","%",""
"Age specific fertility rates","1995","35 - 39 years","Mid-East","%",""
"Age specific fertility rates","1995","35 - 39 years","Midland","%",""
"Age specific fertility rates","1995","35 - 39 years","Mid-West","%",""
"Age specific fertility rates","1995","35 - 39 years","South-East","%",""
"Age specific fertility rates","1995","35 - 39 years","South-West","%",""
"Age specific fertility rates","1995","35 - 39 years","West","%",""
"Age specific fertility rates","1995","35 - 39 years","Ireland","%","60.3"
"Age specific fertility rates","1995","40 - 44 years","Border","%",""
"Age specific fertility rates","1995","40 - 44 years","Dublin","%",""
"Age specific fertility rates","1995","40 - 44 years","Mid-East","%",""
"Age specific fertility rates","1995","40 - 44 years","Midland","%",""
"Age specific fertility rates","1995","40 - 44 years","Mid-West","%",""
"Age specific fertility rates","1995","40 - 44 years","South-East","%",""
"Age specific fertility rates","1995","40 - 44 years","South-West","%",""
"Age specific fertility rates","1995","40 - 44 years","West","%",""
"Age specific fertility rates","1995","40 - 44 years","Ireland","%","13.1"
"Age specific fertility rates","1995","45 - 49 years","Border","%",""
"Age specific fertility rates","1995","45 - 49 years","Dublin","%",""
"Age specific fertility rates","1995","45 - 49 years","Mid-East","%",""
"Age specific fertility rates","1995","45 - 49 years","Midland","%",""
"Age specific fertility rates","1995","45 - 49 years","Mid-West","%",""
"Age specific fertility rates","1995","45 - 49 years","South-East","%",""
"Age specific fertility rates","1995","45 - 49 years","South-West","%",""
"Age specific fertility rates","1995","45 - 49 years","West","%",""
"Age specific fertility rates","1995","45 - 49 years","Ireland","%","0.8"
"Age specific fertility rates","1996","All ages","Border","%",""
"Age specific fertility rates","1996","All ages","Dublin","%",""
"Age specific fertility rates","1996","All ages","Mid-East","%",""
"Age specific fertility rates","1996","All ages","Midland","%",""
"Age specific fertility rates","1996","All ages","Mid-West","%",""
"Age specific fertility rates","1996","All ages","South-East","%",""
"Age specific fertility rates","1996","All ages","South-West","%",""
"Age specific fertility rates","1996","All ages","West","%",""
"Age specific fertility rates","1996","All ages","Ireland","%",""
"Age specific fertility rates","1996","15 - 19 years","Border","%",""
"Age specific fertility rates","1996","15 - 19 years","Dublin","%",""
"Age specific fertility rates","1996","15 - 19 years","Mid-East","%",""
"Age specific fertility rates","1996","15 - 19 years","Midland","%",""
"Age specific fertility rates","1996","15 - 19 years","Mid-West","%",""
"Age specific fertility rates","1996","15 - 19 years","South-East","%",""
"Age specific fertility rates","1996","15 - 19 years","South-West","%",""
"Age specific fertility rates","1996","15 - 19 years","West","%",""
"Age specific fertility rates","1996","15 - 19 years","Ireland","%","16.7"
"Age specific fertility rates","1996","20 - 24 years","Border","%",""
"Age specific fertility rates","1996","20 - 24 years","Dublin","%",""
"Age specific fertility rates","1996","20 - 24 years","Mid-East","%",""
"Age specific fertility rates","1996","20 - 24 years","Midland","%",""
"Age specific fertility rates","1996","20 - 24 years","Mid-West","%",""
"Age specific fertility rates","1996","20 - 24 years","South-East","%",""
"Age specific fertility rates","1996","20 - 24 years","South-West","%",""
"Age specific fertility rates","1996","20 - 24 years","West","%",""
"Age specific fertility rates","1996","20 - 24 years","Ireland","%","52.2"
"Age specific fertility rates","1996","25 - 29 years","Border","%",""
"Age specific fertility rates","1996","25 - 29 years","Dublin","%",""
"Age specific fertility rates","1996","25 - 29 years","Mid-East","%",""
"Age specific fertility rates","1996","25 - 29 years","Midland","%",""
"Age specific fertility rates","1996","25 - 29 years","Mid-West","%",""
"Age specific fertility rates","1996","25 - 29 years","South-East","%",""
"Age specific fertility rates","1996","25 - 29 years","South-West","%",""
"Age specific fertility rates","1996","25 - 29 years","West","%",""
"Age specific fertility rates","1996","25 - 29 years","Ireland","%","105.3"
"Age specific fertility rates","1996","30 - 34 years","Border","%",""
"Age specific fertility rates","1996","30 - 34 years","Dublin","%",""
"Age specific fertility rates","1996","30 - 34 years","Mid-East","%",""
"Age specific fertility rates","1996","30 - 34 years","Midland","%",""
"Age specific fertility rates","1996","30 - 34 years","Mid-West","%",""
"Age specific fertility rates","1996","30 - 34 years","South-East","%",""
"Age specific fertility rates","1996","30 - 34 years","South-West","%",""
"Age specific fertility rates","1996","30 - 34 years","West","%",""
"Age specific fertility rates","1996","30 - 34 years","Ireland","%","127.1"
"Age specific fertility rates","1996","35 - 39 years","Border","%",""
"Age specific fertility rates","1996","35 - 39 years","Dublin","%",""
"Age specific fertility rates","1996","35 - 39 years","Mid-East","%",""
"Age specific fertility rates","1996","35 - 39 years","Midland","%",""
"Age specific fertility rates","1996","35 - 39 years","Mid-West","%",""
"Age specific fertility rates","1996","35 - 39 years","South-East","%",""
"Age specific fertility rates","1996","35 - 39 years","South-West","%",""
"Age specific fertility rates","1996","35 - 39 years","West","%",""
"Age specific fertility rates","1996","35 - 39 years","Ireland","%","63.9"
"Age specific fertility rates","1996","40 - 44 years","Border","%",""
"Age specific fertility rates","1996","40 - 44 years","Dublin","%",""
"Age specific fertility rates","1996","40 - 44 years","Mid-East","%",""
"Age specific fertility rates","1996","40 - 44 years","Midland","%",""
"Age specific fertility rates","1996","40 - 44 years","Mid-West","%",""
"Age specific fertility rates","1996","40 - 44 years","South-East","%",""
"Age specific fertility rates","1996","40 - 44 years","South-West","%",""
"Age specific fertility rates","1996","40 - 44 years","West","%",""
"Age specific fertility rates","1996","40 - 44 years","Ireland","%","11.8"
"Age specific fertility rates","1996","45 - 49 years","Border","%",""
"Age specific fertility rates","1996","45 - 49 years","Dublin","%",""
"Age specific fertility rates","1996","45 - 49 years","Mid-East","%",""
"Age specific fertility rates","1996","45 - 49 years","Midland","%",""
"Age specific fertility rates","1996","45 - 49 years","Mid-West","%",""
"Age specific fertility rates","1996","45 - 49 years","South-East","%",""
"Age specific fertility rates","1996","45 - 49 years","South-West","%",""
"Age specific fertility rates","1996","45 - 49 years","West","%",""
"Age specific fertility rates","1996","45 - 49 years","Ireland","%","0.6"
"Age specific fertility rates","1997","All ages","Border","%",""
"Age specific fertility rates","1997","All ages","Dublin","%",""
"Age specific fertility rates","1997","All ages","Mid-East","%",""
"Age specific fertility rates","1997","All ages","Midland","%",""
"Age specific fertility rates","1997","All ages","Mid-West","%",""
"Age specific fertility rates","1997","All ages","South-East","%",""
"Age specific fertility rates","1997","All ages","South-West","%",""
"Age specific fertility rates","1997","All ages","West","%",""
"Age specific fertility rates","1997","All ages","Ireland","%",""
"Age specific fertility rates","1997","15 - 19 years","Border","%",""
"Age specific fertility rates","1997","15 - 19 years","Dublin","%",""
"Age specific fertility rates","1997","15 - 19 years","Mid-East","%",""
"Age specific fertility rates","1997","15 - 19 years","Midland","%",""
"Age specific fertility rates","1997","15 - 19 years","Mid-West","%",""
"Age specific fertility rates","1997","15 - 19 years","South-East","%",""
"Age specific fertility rates","1997","15 - 19 years","South-West","%",""
"Age specific fertility rates","1997","15 - 19 years","West","%",""
"Age specific fertility rates","1997","15 - 19 years","Ireland","%","17.5"
"Age specific fertility rates","1997","20 - 24 years","Border","%",""
"Age specific fertility rates","1997","20 - 24 years","Dublin","%",""
"Age specific fertility rates","1997","20 - 24 years","Mid-East","%",""
"Age specific fertility rates","1997","20 - 24 years","Midland","%",""
"Age specific fertility rates","1997","20 - 24 years","Mid-West","%",""
"Age specific fertility rates","1997","20 - 24 years","South-East","%",""
"Age specific fertility rates","1997","20 - 24 years","South-West","%",""
"Age specific fertility rates","1997","20 - 24 years","West","%",""
"Age specific fertility rates","1997","20 - 24 years","Ireland","%","50.9"
"Age specific fertility rates","1997","25 - 29 years","Border","%",""
"Age specific fertility rates","1997","25 - 29 years","Dublin","%",""
"Age specific fertility rates","1997","25 - 29 years","Mid-East","%",""
"Age specific fertility rates","1997","25 - 29 years","Midland","%",""
"Age specific fertility rates","1997","25 - 29 years","Mid-West","%",""
"Age specific fertility rates","1997","25 - 29 years","South-East","%",""
"Age specific fertility rates","1997","25 - 29 years","South-West","%",""
"Age specific fertility rates","1997","25 - 29 years","West","%",""
"Age specific fertility rates","1997","25 - 29 years","Ireland","%","106.4"
"Age specific fertility rates","1997","30 - 34 years","Border","%",""
"Age specific fertility rates","1997","30 - 34 years","Dublin","%",""
"Age specific fertility rates","1997","30 - 34 years","Mid-East","%",""
"Age specific fertility rates","1997","30 - 34 years","Midland","%",""
"Age specific fertility rates","1997","30 - 34 years","Mid-West","%",""
"Age specific fertility rates","1997","30 - 34 years","South-East","%",""
"Age specific fertility rates","1997","30 - 34 years","South-West","%",""
"Age specific fertility rates","1997","30 - 34 years","West","%",""
"Age specific fertility rates","1997","30 - 34 years","Ireland","%","131.5"
"Age specific fertility rates","1997","35 - 39 years","Border","%",""
"Age specific fertility rates","1997","35 - 39 years","Dublin","%",""
"Age specific fertility rates","1997","35 - 39 years","Mid-East","%",""
"Age specific fertility rates","1997","35 - 39 years","Midland","%",""
"Age specific fertility rates","1997","35 - 39 years","Mid-West","%",""
"Age specific fertility rates","1997","35 - 39 years","South-East","%",""
"Age specific fertility rates","1997","35 - 39 years","South-West","%",""
"Age specific fertility rates","1997","35 - 39 years","West","%",""
"Age specific fertility rates","1997","35 - 39 years","Ireland","%","66.6"
"Age specific fertility rates","1997","40 - 44 years","Border","%",""
"Age specific fertility rates","1997","40 - 44 years","Dublin","%",""
"Age specific fertility rates","1997","40 - 44 years","Mid-East","%",""
"Age specific fertility rates","1997","40 - 44 years","Midland","%",""
"Age specific fertility rates","1997","40 - 44 years","Mid-West","%",""
"Age specific fertility rates","1997","40 - 44 years","South-East","%",""
"Age specific fertility rates","1997","40 - 44 years","South-West","%",""
"Age specific fertility rates","1997","40 - 44 years","West","%",""
"Age specific fertility rates","1997","40 - 44 years","Ireland","%","13.4"
"Age specific fertility rates","1997","45 - 49 years","Border","%",""
"Age specific fertility rates","1997","45 - 49 years","Dublin","%",""
"Age specific fertility rates","1997","45 - 49 years","Mid-East","%",""
"Age specific fertility rates","1997","45 - 49 years","Midland","%",""
"Age specific fertility rates","1997","45 - 49 years","Mid-West","%",""
"Age specific fertility rates","1997","45 - 49 years","South-East","%",""
"Age specific fertility rates","1997","45 - 49 years","South-West","%",""
"Age specific fertility rates","1997","45 - 49 years","West","%",""
"Age specific fertility rates","1997","45 - 49 years","Ireland","%","0.8"
"Age specific fertility rates","1998","All ages","Border","%",""
"Age specific fertility rates","1998","All ages","Dublin","%",""
"Age specific fertility rates","1998","All ages","Mid-East","%",""
"Age specific fertility rates","1998","All ages","Midland","%",""
"Age specific fertility rates","1998","All ages","Mid-West","%",""
"Age specific fertility rates","1998","All ages","South-East","%",""
"Age specific fertility rates","1998","All ages","South-West","%",""
"Age specific fertility rates","1998","All ages","West","%",""
"Age specific fertility rates","1998","All ages","Ireland","%",""
"Age specific fertility rates","1998","15 - 19 years","Border","%",""
"Age specific fertility rates","1998","15 - 19 years","Dublin","%",""
"Age specific fertility rates","1998","15 - 19 years","Mid-East","%",""
"Age specific fertility rates","1998","15 - 19 years","Midland","%",""
"Age specific fertility rates","1998","15 - 19 years","Mid-West","%",""
"Age specific fertility rates","1998","15 - 19 years","South-East","%",""
"Age specific fertility rates","1998","15 - 19 years","South-West","%",""
"Age specific fertility rates","1998","15 - 19 years","West","%",""
"Age specific fertility rates","1998","15 - 19 years","Ireland","%","19.2"
"Age specific fertility rates","1998","20 - 24 years","Border","%",""
"Age specific fertility rates","1998","20 - 24 years","Dublin","%",""
"Age specific fertility rates","1998","20 - 24 years","Mid-East","%",""
"Age specific fertility rates","1998","20 - 24 years","Midland","%",""
"Age specific fertility rates","1998","20 - 24 years","Mid-West","%",""
"Age specific fertility rates","1998","20 - 24 years","South-East","%",""
"Age specific fertility rates","1998","20 - 24 years","South-West","%",""
"Age specific fertility rates","1998","20 - 24 years","West","%",""
"Age specific fertility rates","1998","20 - 24 years","Ireland","%","52.5"
"Age specific fertility rates","1998","25 - 29 years","Border","%",""
"Age specific fertility rates","1998","25 - 29 years","Dublin","%",""
"Age specific fertility rates","1998","25 - 29 years","Mid-East","%",""
"Age specific fertility rates","1998","25 - 29 years","Midland","%",""
"Age specific fertility rates","1998","25 - 29 years","Mid-West","%",""
"Age specific fertility rates","1998","25 - 29 years","South-East","%",""
"Age specific fertility rates","1998","25 - 29 years","South-West","%",""
"Age specific fertility rates","1998","25 - 29 years","West","%",""
"Age specific fertility rates","1998","25 - 29 years","Ireland","%","103.1"
"Age specific fertility rates","1998","30 - 34 years","Border","%",""
"Age specific fertility rates","1998","30 - 34 years","Dublin","%",""
"Age specific fertility rates","1998","30 - 34 years","Mid-East","%",""
"Age specific fertility rates","1998","30 - 34 years","Midland","%",""
"Age specific fertility rates","1998","30 - 34 years","Mid-West","%",""
"Age specific fertility rates","1998","30 - 34 years","South-East","%",""
"Age specific fertility rates","1998","30 - 34 years","South-West","%",""
"Age specific fertility rates","1998","30 - 34 years","West","%",""
"Age specific fertility rates","1998","30 - 34 years","Ireland","%","131.5"
"Age specific fertility rates","1998","35 - 39 years","Border","%",""
"Age specific fertility rates","1998","35 - 39 years","Dublin","%",""
"Age specific fertility rates","1998","35 - 39 years","Mid-East","%",""
"Age specific fertility rates","1998","35 - 39 years","Midland","%",""
"Age specific fertility rates","1998","35 - 39 years","Mid-West","%",""
"Age specific fertility rates","1998","35 - 39 years","South-East","%",""
"Age specific fertility rates","1998","35 - 39 years","South-West","%",""
"Age specific fertility rates","1998","35 - 39 years","West","%",""
"Age specific fertility rates","1998","35 - 39 years","Ireland","%","69.3"
"Age specific fertility rates","1998","40 - 44 years","Border","%",""
"Age specific fertility rates","1998","40 - 44 years","Dublin","%",""
"Age specific fertility rates","1998","40 - 44 years","Mid-East","%",""
"Age specific fertility rates","1998","40 - 44 years","Midland","%",""
"Age specific fertility rates","1998","40 - 44 years","Mid-West","%",""
"Age specific fertility rates","1998","40 - 44 years","South-East","%",""
"Age specific fertility rates","1998","40 - 44 years","South-West","%",""
"Age specific fertility rates","1998","40 - 44 years","West","%",""
"Age specific fertility rates","1998","40 - 44 years","Ireland","%","13.4"
"Age specific fertility rates","1998","45 - 49 years","Border","%",""
"Age specific fertility rates","1998","45 - 49 years","Dublin","%",""
"Age specific fertility rates","1998","45 - 49 years","Mid-East","%",""
"Age specific fertility rates","1998","45 - 49 years","Midland","%",""
"Age specific fertility rates","1998","45 - 49 years","Mid-West","%",""
"Age specific fertility rates","1998","45 - 49 years","South-East","%",""
"Age specific fertility rates","1998","45 - 49 years","South-West","%",""
"Age specific fertility rates","1998","45 - 49 years","West","%",""
"Age specific fertility rates","1998","45 - 49 years","Ireland","%","0.6"
"Age specific fertility rates","1999","All ages","Border","%",""
"Age specific fertility rates","1999","All ages","Dublin","%",""
"Age specific fertility rates","1999","All ages","Mid-East","%",""
"Age specific fertility rates","1999","All ages","Midland","%",""
"Age specific fertility rates","1999","All ages","Mid-West","%",""
"Age specific fertility rates","1999","All ages","South-East","%",""
"Age specific fertility rates","1999","All ages","South-West","%",""
"Age specific fertility rates","1999","All ages","West","%",""
"Age specific fertility rates","1999","All ages","Ireland","%",""
"Age specific fertility rates","1999","15 - 19 years","Border","%",""
"Age specific fertility rates","1999","15 - 19 years","Dublin","%",""
"Age specific fertility rates","1999","15 - 19 years","Mid-East","%",""
"Age specific fertility rates","1999","15 - 19 years","Midland","%",""
"Age specific fertility rates","1999","15 - 19 years","Mid-West","%",""
"Age specific fertility rates","1999","15 - 19 years","South-East","%",""
"Age specific fertility rates","1999","15 - 19 years","South-West","%",""
"Age specific fertility rates","1999","15 - 19 years","West","%",""
"Age specific fertility rates","1999","15 - 19 years","Ireland","%","20.2"
"Age specific fertility rates","1999","20 - 24 years","Border","%",""
"Age specific fertility rates","1999","20 - 24 years","Dublin","%",""
"Age specific fertility rates","1999","20 - 24 years","Mid-East","%",""
"Age specific fertility rates","1999","20 - 24 years","Midland","%",""
"Age specific fertility rates","1999","20 - 24 years","Mid-West","%",""
"Age specific fertility rates","1999","20 - 24 years","South-East","%",""
"Age specific fertility rates","1999","20 - 24 years","South-West","%",""
"Age specific fertility rates","1999","20 - 24 years","West","%",""
"Age specific fertility rates","1999","20 - 24 years","Ireland","%","51"
"Age specific fertility rates","1999","25 - 29 years","Border","%",""
"Age specific fertility rates","1999","25 - 29 years","Dublin","%",""
"Age specific fertility rates","1999","25 - 29 years","Mid-East","%",""
"Age specific fertility rates","1999","25 - 29 years","Midland","%",""
"Age specific fertility rates","1999","25 - 29 years","Mid-West","%",""
"Age specific fertility rates","1999","25 - 29 years","South-East","%",""
"Age specific fertility rates","1999","25 - 29 years","South-West","%",""
"Age specific fertility rates","1999","25 - 29 years","West","%",""
"Age specific fertility rates","1999","25 - 29 years","Ireland","%","99.4"
"Age specific fertility rates","1999","30 - 34 years","Border","%",""
"Age specific fertility rates","1999","30 - 34 years","Dublin","%",""
"Age specific fertility rates","1999","30 - 34 years","Mid-East","%",""
"Age specific fertility rates","1999","30 - 34 years","Midland","%",""
"Age specific fertility rates","1999","30 - 34 years","Mid-West","%",""
"Age specific fertility rates","1999","30 - 34 years","South-East","%",""
"Age specific fertility rates","1999","30 - 34 years","South-West","%",""
"Age specific fertility rates","1999","30 - 34 years","West","%",""
"Age specific fertility rates","1999","30 - 34 years","Ireland","%","129.5"
"Age specific fertility rates","1999","35 - 39 years","Border","%",""
"Age specific fertility rates","1999","35 - 39 years","Dublin","%",""
"Age specific fertility rates","1999","35 - 39 years","Mid-East","%",""
"Age specific fertility rates","1999","35 - 39 years","Midland","%",""
"Age specific fertility rates","1999","35 - 39 years","Mid-West","%",""
"Age specific fertility rates","1999","35 - 39 years","South-East","%",""
"Age specific fertility rates","1999","35 - 39 years","South-West","%",""
"Age specific fertility rates","1999","35 - 39 years","West","%",""
"Age specific fertility rates","1999","35 - 39 years","Ireland","%","68.5"
"Age specific fertility rates","1999","40 - 44 years","Border","%",""
"Age specific fertility rates","1999","40 - 44 years","Dublin","%",""
"Age specific fertility rates","1999","40 - 44 years","Mid-East","%",""
"Age specific fertility rates","1999","40 - 44 years","Midland","%",""
"Age specific fertility rates","1999","40 - 44 years","Mid-West","%",""
"Age specific fertility rates","1999","40 - 44 years","South-East","%",""
"Age specific fertility rates","1999","40 - 44 years","South-West","%",""
"Age specific fertility rates","1999","40 - 44 years","West","%",""
"Age specific fertility rates","1999","40 - 44 years","Ireland","%","12.9"
"Age specific fertility rates","1999","45 - 49 years","Border","%",""
"Age specific fertility rates","1999","45 - 49 years","Dublin","%",""
"Age specific fertility rates","1999","45 - 49 years","Mid-East","%",""
"Age specific fertility rates","1999","45 - 49 years","Midland","%",""
"Age specific fertility rates","1999","45 - 49 years","Mid-West","%",""
"Age specific fertility rates","1999","45 - 49 years","South-East","%",""
"Age specific fertility rates","1999","45 - 49 years","South-West","%",""
"Age specific fertility rates","1999","45 - 49 years","West","%",""
"Age specific fertility rates","1999","45 - 49 years","Ireland","%","0.6"
"Age specific fertility rates","2000","All ages","Border","%",""
"Age specific fertility rates","2000","All ages","Dublin","%",""
"Age specific fertility rates","2000","All ages","Mid-East","%",""
"Age specific fertility rates","2000","All ages","Midland","%",""
"Age specific fertility rates","2000","All ages","Mid-West","%",""
"Age specific fertility rates","2000","All ages","South-East","%",""
"Age specific fertility rates","2000","All ages","South-West","%",""
"Age specific fertility rates","2000","All ages","West","%",""
"Age specific fertility rates","2000","All ages","Ireland","%",""
"Age specific fertility rates","2000","15 - 19 years","Border","%",""
"Age specific fertility rates","2000","15 - 19 years","Dublin","%",""
"Age specific fertility rates","2000","15 - 19 years","Mid-East","%",""
"Age specific fertility rates","2000","15 - 19 years","Midland","%",""
"Age specific fertility rates","2000","15 - 19 years","Mid-West","%",""
"Age specific fertility rates","2000","15 - 19 years","South-East","%",""
"Age specific fertility rates","2000","15 - 19 years","South-West","%",""
"Age specific fertility rates","2000","15 - 19 years","West","%",""
"Age specific fertility rates","2000","15 - 19 years","Ireland","%","19.5"
"Age specific fertility rates","2000","20 - 24 years","Border","%",""
"Age specific fertility rates","2000","20 - 24 years","Dublin","%",""
"Age specific fertility rates","2000","20 - 24 years","Mid-East","%",""
"Age specific fertility rates","2000","20 - 24 years","Midland","%",""
"Age specific fertility rates","2000","20 - 24 years","Mid-West","%",""
"Age specific fertility rates","2000","20 - 24 years","South-East","%",""
"Age specific fertility rates","2000","20 - 24 years","South-West","%",""
"Age specific fertility rates","2000","20 - 24 years","West","%",""
"Age specific fertility rates","2000","20 - 24 years","Ireland","%","51.6"
"Age specific fertility rates","2000","25 - 29 years","Border","%",""
"Age specific fertility rates","2000","25 - 29 years","Dublin","%",""
"Age specific fertility rates","2000","25 - 29 years","Mid-East","%",""
"Age specific fertility rates","2000","25 - 29 years","Midland","%",""
"Age specific fertility rates","2000","25 - 29 years","Mid-West","%",""
"Age specific fertility rates","2000","25 - 29 years","South-East","%",""
"Age specific fertility rates","2000","25 - 29 years","South-West","%",""
"Age specific fertility rates","2000","25 - 29 years","West","%",""
"Age specific fertility rates","2000","25 - 29 years","Ireland","%","95.1"
"Age specific fertility rates","2000","30 - 34 years","Border","%",""
"Age specific fertility rates","2000","30 - 34 years","Dublin","%",""
"Age specific fertility rates","2000","30 - 34 years","Mid-East","%",""
"Age specific fertility rates","2000","30 - 34 years","Midland","%",""
"Age specific fertility rates","2000","30 - 34 years","Mid-West","%",""
"Age specific fertility rates","2000","30 - 34 years","South-East","%",""
"Age specific fertility rates","2000","30 - 34 years","South-West","%",""
"Age specific fertility rates","2000","30 - 34 years","West","%",""
"Age specific fertility rates","2000","30 - 34 years","Ireland","%","129.3"
"Age specific fertility rates","2000","35 - 39 years","Border","%",""
"Age specific fertility rates","2000","35 - 39 years","Dublin","%",""
"Age specific fertility rates","2000","35 - 39 years","Mid-East","%",""
"Age specific fertility rates","2000","35 - 39 years","Midland","%",""
"Age specific fertility rates","2000","35 - 39 years","Mid-West","%",""
"Age specific fertility rates","2000","35 - 39 years","South-East","%",""
"Age specific fertility rates","2000","35 - 39 years","South-West","%",""
"Age specific fertility rates","2000","35 - 39 years","West","%",""
"Age specific fertility rates","2000","35 - 39 years","Ireland","%","71.3"
"Age specific fertility rates","2000","40 - 44 years","Border","%",""
"Age specific fertility rates","2000","40 - 44 years","Dublin","%",""
"Age specific fertility rates","2000","40 - 44 years","Mid-East","%",""
"Age specific fertility rates","2000","40 - 44 years","Midland","%",""
"Age specific fertility rates","2000","40 - 44 years","Mid-West","%",""
"Age specific fertility rates","2000","40 - 44 years","South-East","%",""
"Age specific fertility rates","2000","40 - 44 years","South-West","%",""
"Age specific fertility rates","2000","40 - 44 years","West","%",""
"Age specific fertility rates","2000","40 - 44 years","Ireland","%","13.6"
"Age specific fertility rates","2000","45 - 49 years","Border","%",""
"Age specific fertility rates","2000","45 - 49 years","Dublin","%",""
"Age specific fertility rates","2000","45 - 49 years","Mid-East","%",""
"Age specific fertility rates","2000","45 - 49 years","Midland","%",""
"Age specific fertility rates","2000","45 - 49 years","Mid-West","%",""
"Age specific fertility rates","2000","45 - 49 years","South-East","%",""
"Age specific fertility rates","2000","45 - 49 years","South-West","%",""
"Age specific fertility rates","2000","45 - 49 years","West","%",""
"Age specific fertility rates","2000","45 - 49 years","Ireland","%","0.5"
"Age specific fertility rates","2001","All ages","Border","%",""
"Age specific fertility rates","2001","All ages","Dublin","%",""
"Age specific fertility rates","2001","All ages","Mid-East","%",""
"Age specific fertility rates","2001","All ages","Midland","%",""
"Age specific fertility rates","2001","All ages","Mid-West","%",""
"Age specific fertility rates","2001","All ages","South-East","%",""
"Age specific fertility rates","2001","All ages","South-West","%",""
"Age specific fertility rates","2001","All ages","West","%",""
"Age specific fertility rates","2001","All ages","Ireland","%",""
"Age specific fertility rates","2001","15 - 19 years","Border","%",""
"Age specific fertility rates","2001","15 - 19 years","Dublin","%",""
"Age specific fertility rates","2001","15 - 19 years","Mid-East","%",""
"Age specific fertility rates","2001","15 - 19 years","Midland","%",""
"Age specific fertility rates","2001","15 - 19 years","Mid-West","%",""
"Age specific fertility rates","2001","15 - 19 years","South-East","%",""
"Age specific fertility rates","2001","15 - 19 years","South-West","%",""
"Age specific fertility rates","2001","15 - 19 years","West","%",""
"Age specific fertility rates","2001","15 - 19 years","Ireland","%","19.9"
"Age specific fertility rates","2001","20 - 24 years","Border","%",""
"Age specific fertility rates","2001","20 - 24 years","Dublin","%",""
"Age specific fertility rates","2001","20 - 24 years","Mid-East","%",""
"Age specific fertility rates","2001","20 - 24 years","Midland","%",""
"Age specific fertility rates","2001","20 - 24 years","Mid-West","%",""
"Age specific fertility rates","2001","20 - 24 years","South-East","%",""
"Age specific fertility rates","2001","20 - 24 years","South-West","%",""
"Age specific fertility rates","2001","20 - 24 years","West","%",""
"Age specific fertility rates","2001","20 - 24 years","Ireland","%","53.3"
"Age specific fertility rates","2001","25 - 29 years","Border","%",""
"Age specific fertility rates","2001","25 - 29 years","Dublin","%",""
"Age specific fertility rates","2001","25 - 29 years","Mid-East","%",""
"Age specific fertility rates","2001","25 - 29 years","Midland","%",""
"Age specific fertility rates","2001","25 - 29 years","Mid-West","%",""
"Age specific fertility rates","2001","25 - 29 years","South-East","%",""
"Age specific fertility rates","2001","25 - 29 years","South-West","%",""
"Age specific fertility rates","2001","25 - 29 years","West","%",""
"Age specific fertility rates","2001","25 - 29 years","Ireland","%","95.1"
"Age specific fertility rates","2001","30 - 34 years","Border","%",""
"Age specific fertility rates","2001","30 - 34 years","Dublin","%",""
"Age specific fertility rates","2001","30 - 34 years","Mid-East","%",""
"Age specific fertility rates","2001","30 - 34 years","Midland","%",""
"Age specific fertility rates","2001","30 - 34 years","Mid-West","%",""
"Age specific fertility rates","2001","30 - 34 years","South-East","%",""
"Age specific fertility rates","2001","30 - 34 years","South-West","%",""
"Age specific fertility rates","2001","30 - 34 years","West","%",""
"Age specific fertility rates","2001","30 - 34 years","Ireland","%","134.1"
"Age specific fertility rates","2001","35 - 39 years","Border","%",""
"Age specific fertility rates","2001","35 - 39 years","Dublin","%",""
"Age specific fertility rates","2001","35 - 39 years","Mid-East","%",""
"Age specific fertility rates","2001","35 - 39 years","Midland","%",""
"Age specific fertility rates","2001","35 - 39 years","Mid-West","%",""
"Age specific fertility rates","2001","35 - 39 years","South-East","%",""
"Age specific fertility rates","2001","35 - 39 years","South-West","%",""
"Age specific fertility rates","2001","35 - 39 years","West","%",""
"Age specific fertility rates","2001","35 - 39 years","Ireland","%","75.3"
"Age specific fertility rates","2001","40 - 44 years","Border","%",""
"Age specific fertility rates","2001","40 - 44 years","Dublin","%",""
"Age specific fertility rates","2001","40 - 44 years","Mid-East","%",""
"Age specific fertility rates","2001","40 - 44 years","Midland","%",""
"Age specific fertility rates","2001","40 - 44 years","Mid-West","%",""
"Age specific fertility rates","2001","40 - 44 years","South-East","%",""
"Age specific fertility rates","2001","40 - 44 years","South-West","%",""
"Age specific fertility rates","2001","40 - 44 years","West","%",""
"Age specific fertility rates","2001","40 - 44 years","Ireland","%","13.9"
"Age specific fertility rates","2001","45 - 49 years","Border","%",""
"Age specific fertility rates","2001","45 - 49 years","Dublin","%",""
"Age specific fertility rates","2001","45 - 49 years","Mid-East","%",""
"Age specific fertility rates","2001","45 - 49 years","Midland","%",""
"Age specific fertility rates","2001","45 - 49 years","Mid-West","%",""
"Age specific fertility rates","2001","45 - 49 years","South-East","%",""
"Age specific fertility rates","2001","45 - 49 years","South-West","%",""
"Age specific fertility rates","2001","45 - 49 years","West","%",""
"Age specific fertility rates","2001","45 - 49 years","Ireland","%","0.7"
"Age specific fertility rates","2002","All ages","Border","%",""
"Age specific fertility rates","2002","All ages","Dublin","%",""
"Age specific fertility rates","2002","All ages","Mid-East","%",""
"Age specific fertility rates","2002","All ages","Midland","%",""
"Age specific fertility rates","2002","All ages","Mid-West","%",""
"Age specific fertility rates","2002","All ages","South-East","%",""
"Age specific fertility rates","2002","All ages","South-West","%",""
"Age specific fertility rates","2002","All ages","West","%",""
"Age specific fertility rates","2002","All ages","Ireland","%",""
"Age specific fertility rates","2002","15 - 19 years","Border","%",""
"Age specific fertility rates","2002","15 - 19 years","Dublin","%",""
"Age specific fertility rates","2002","15 - 19 years","Mid-East","%",""
"Age specific fertility rates","2002","15 - 19 years","Midland","%",""
"Age specific fertility rates","2002","15 - 19 years","Mid-West","%",""
"Age specific fertility rates","2002","15 - 19 years","South-East","%",""
"Age specific fertility rates","2002","15 - 19 years","South-West","%",""
"Age specific fertility rates","2002","15 - 19 years","West","%",""
"Age specific fertility rates","2002","15 - 19 years","Ireland","%","19.4"
"Age specific fertility rates","2002","20 - 24 years","Border","%",""
"Age specific fertility rates","2002","20 - 24 years","Dublin","%",""
"Age specific fertility rates","2002","20 - 24 years","Mid-East","%",""
"Age specific fertility rates","2002","20 - 24 years","Midland","%",""
"Age specific fertility rates","2002","20 - 24 years","Mid-West","%",""
"Age specific fertility rates","2002","20 - 24 years","South-East","%",""
"Age specific fertility rates","2002","20 - 24 years","South-West","%",""
"Age specific fertility rates","2002","20 - 24 years","West","%",""
"Age specific fertility rates","2002","20 - 24 years","Ireland","%","52.8"
"Age specific fertility rates","2002","25 - 29 years","Border","%",""
"Age specific fertility rates","2002","25 - 29 years","Dublin","%",""
"Age specific fertility rates","2002","25 - 29 years","Mid-East","%",""
"Age specific fertility rates","2002","25 - 29 years","Midland","%",""
"Age specific fertility rates","2002","25 - 29 years","Mid-West","%",""
"Age specific fertility rates","2002","25 - 29 years","South-East","%",""
"Age specific fertility rates","2002","25 - 29 years","South-West","%",""
"Age specific fertility rates","2002","25 - 29 years","West","%",""
"Age specific fertility rates","2002","25 - 29 years","Ireland","%","93.7"
"Age specific fertility rates","2002","30 - 34 years","Border","%",""
"Age specific fertility rates","2002","30 - 34 years","Dublin","%",""
"Age specific fertility rates","2002","30 - 34 years","Mid-East","%",""
"Age specific fertility rates","2002","30 - 34 years","Midland","%",""
"Age specific fertility rates","2002","30 - 34 years","Mid-West","%",""
"Age specific fertility rates","2002","30 - 34 years","South-East","%",""
"Age specific fertility rates","2002","30 - 34 years","South-West","%",""
"Age specific fertility rates","2002","30 - 34 years","West","%",""
"Age specific fertility rates","2002","30 - 34 years","Ireland","%","134.5"
"Age specific fertility rates","2002","35 - 39 years","Border","%",""
"Age specific fertility rates","2002","35 - 39 years","Dublin","%",""
"Age specific fertility rates","2002","35 - 39 years","Mid-East","%",""
"Age specific fertility rates","2002","35 - 39 years","Midland","%",""
"Age specific fertility rates","2002","35 - 39 years","Mid-West","%",""
"Age specific fertility rates","2002","35 - 39 years","South-East","%",""
"Age specific fertility rates","2002","35 - 39 years","South-West","%",""
"Age specific fertility rates","2002","35 - 39 years","West","%",""
"Age specific fertility rates","2002","35 - 39 years","Ireland","%","80"
"Age specific fertility rates","2002","40 - 44 years","Border","%",""
"Age specific fertility rates","2002","40 - 44 years","Dublin","%",""
"Age specific fertility rates","2002","40 - 44 years","Mid-East","%",""
"Age specific fertility rates","2002","40 - 44 years","Midland","%",""
"Age specific fertility rates","2002","40 - 44 years","Mid-West","%",""
"Age specific fertility rates","2002","40 - 44 years","South-East","%",""
"Age specific fertility rates","2002","40 - 44 years","South-West","%",""
"Age specific fertility rates","2002","40 - 44 years","West","%",""
"Age specific fertility rates","2002","40 - 44 years","Ireland","%","14.5"
"Age specific fertility rates","2002","45 - 49 years","Border","%",""
"Age specific fertility rates","2002","45 - 49 years","Dublin","%",""
"Age specific fertility rates","2002","45 - 49 years","Mid-East","%",""
"Age specific fertility rates","2002","45 - 49 years","Midland","%",""
"Age specific fertility rates","2002","45 - 49 years","Mid-West","%",""
"Age specific fertility rates","2002","45 - 49 years","South-East","%",""
"Age specific fertility rates","2002","45 - 49 years","South-West","%",""
"Age specific fertility rates","2002","45 - 49 years","West","%",""
"Age specific fertility rates","2002","45 - 49 years","Ireland","%","0.6"
"Age specific fertility rates","2003","All ages","Border","%",""
"Age specific fertility rates","2003","All ages","Dublin","%",""
"Age specific fertility rates","2003","All ages","Mid-East","%",""
"Age specific fertility rates","2003","All ages","Midland","%",""
"Age specific fertility rates","2003","All ages","Mid-West","%",""
"Age specific fertility rates","2003","All ages","South-East","%",""
"Age specific fertility rates","2003","All ages","South-West","%",""
"Age specific fertility rates","2003","All ages","West","%",""
"Age specific fertility rates","2003","All ages","Ireland","%",""
"Age specific fertility rates","2003","15 - 19 years","Border","%",""
"Age specific fertility rates","2003","15 - 19 years","Dublin","%",""
"Age specific fertility rates","2003","15 - 19 years","Mid-East","%",""
"Age specific fertility rates","2003","15 - 19 years","Midland","%",""
"Age specific fertility rates","2003","15 - 19 years","Mid-West","%",""
"Age specific fertility rates","2003","15 - 19 years","South-East","%",""
"Age specific fertility rates","2003","15 - 19 years","South-West","%",""
"Age specific fertility rates","2003","15 - 19 years","West","%",""
"Age specific fertility rates","2003","15 - 19 years","Ireland","%","19"
"Age specific fertility rates","2003","20 - 24 years","Border","%",""
"Age specific fertility rates","2003","20 - 24 years","Dublin","%",""
"Age specific fertility rates","2003","20 - 24 years","Mid-East","%",""
"Age specific fertility rates","2003","20 - 24 years","Midland","%",""
"Age specific fertility rates","2003","20 - 24 years","Mid-West","%",""
"Age specific fertility rates","2003","20 - 24 years","South-East","%",""
"Age specific fertility rates","2003","20 - 24 years","South-West","%",""
"Age specific fertility rates","2003","20 - 24 years","West","%",""
"Age specific fertility rates","2003","20 - 24 years","Ireland","%","50.3"
"Age specific fertility rates","2003","25 - 29 years","Border","%",""
"Age specific fertility rates","2003","25 - 29 years","Dublin","%",""
"Age specific fertility rates","2003","25 - 29 years","Mid-East","%",""
"Age specific fertility rates","2003","25 - 29 years","Midland","%",""
"Age specific fertility rates","2003","25 - 29 years","Mid-West","%",""
"Age specific fertility rates","2003","25 - 29 years","South-East","%",""
"Age specific fertility rates","2003","25 - 29 years","South-West","%",""
"Age specific fertility rates","2003","25 - 29 years","West","%",""
"Age specific fertility rates","2003","25 - 29 years","Ireland","%","92.6"
"Age specific fertility rates","2003","30 - 34 years","Border","%",""
"Age specific fertility rates","2003","30 - 34 years","Dublin","%",""
"Age specific fertility rates","2003","30 - 34 years","Mid-East","%",""
"Age specific fertility rates","2003","30 - 34 years","Midland","%",""
"Age specific fertility rates","2003","30 - 34 years","Mid-West","%",""
"Age specific fertility rates","2003","30 - 34 years","South-East","%",""
"Age specific fertility rates","2003","30 - 34 years","South-West","%",""
"Age specific fertility rates","2003","30 - 34 years","West","%",""
"Age specific fertility rates","2003","30 - 34 years","Ireland","%","135"
"Age specific fertility rates","2003","35 - 39 years","Border","%",""
"Age specific fertility rates","2003","35 - 39 years","Dublin","%",""
"Age specific fertility rates","2003","35 - 39 years","Mid-East","%",""
"Age specific fertility rates","2003","35 - 39 years","Midland","%",""
"Age specific fertility rates","2003","35 - 39 years","Mid-West","%",""
"Age specific fertility rates","2003","35 - 39 years","South-East","%",""
"Age specific fertility rates","2003","35 - 39 years","South-West","%",""
"Age specific fertility rates","2003","35 - 39 years","West","%",""
"Age specific fertility rates","2003","35 - 39 years","Ireland","%","82.3"
"Age specific fertility rates","2003","40 - 44 years","Border","%",""
"Age specific fertility rates","2003","40 - 44 years","Dublin","%",""
"Age specific fertility rates","2003","40 - 44 years","Mid-East","%",""
"Age specific fertility rates","2003","40 - 44 years","Midland","%",""
"Age specific fertility rates","2003","40 - 44 years","Mid-West","%",""
"Age specific fertility rates","2003","40 - 44 years","South-East","%",""
"Age specific fertility rates","2003","40 - 44 years","South-West","%",""
"Age specific fertility rates","2003","40 - 44 years","West","%",""
"Age specific fertility rates","2003","40 - 44 years","Ireland","%","15.7"
"Age specific fertility rates","2003","45 - 49 years","Border","%",""
"Age specific fertility rates","2003","45 - 49 years","Dublin","%",""
"Age specific fertility rates","2003","45 - 49 years","Mid-East","%",""
"Age specific fertility rates","2003","45 - 49 years","Midland","%",""
"Age specific fertility rates","2003","45 - 49 years","Mid-West","%",""
"Age specific fertility rates","2003","45 - 49 years","South-East","%",""
"Age specific fertility rates","2003","45 - 49 years","South-West","%",""
"Age specific fertility rates","2003","45 - 49 years","West","%",""
"Age specific fertility rates","2003","45 - 49 years","Ireland","%","0.5"
"Age specific fertility rates","2004","All ages","Border","%",""
"Age specific fertility rates","2004","All ages","Dublin","%",""
"Age specific fertility rates","2004","All ages","Mid-East","%",""
"Age specific fertility rates","2004","All ages","Midland","%",""
"Age specific fertility rates","2004","All ages","Mid-West","%",""
"Age specific fertility rates","2004","All ages","South-East","%",""
"Age specific fertility rates","2004","All ages","South-West","%",""
"Age specific fertility rates","2004","All ages","West","%",""
"Age specific fertility rates","2004","All ages","Ireland","%",""
"Age specific fertility rates","2004","15 - 19 years","Border","%",""
"Age specific fertility rates","2004","15 - 19 years","Dublin","%",""
"Age specific fertility rates","2004","15 - 19 years","Mid-East","%",""
"Age specific fertility rates","2004","15 - 19 years","Midland","%",""
"Age specific fertility rates","2004","15 - 19 years","Mid-West","%",""
"Age specific fertility rates","2004","15 - 19 years","South-East","%",""
"Age specific fertility rates","2004","15 - 19 years","South-West","%",""
"Age specific fertility rates","2004","15 - 19 years","West","%",""
"Age specific fertility rates","2004","15 - 19 years","Ireland","%","17.1"
"Age specific fertility rates","2004","20 - 24 years","Border","%",""
"Age specific fertility rates","2004","20 - 24 years","Dublin","%",""
"Age specific fertility rates","2004","20 - 24 years","Mid-East","%",""
"Age specific fertility rates","2004","20 - 24 years","Midland","%",""
"Age specific fertility rates","2004","20 - 24 years","Mid-West","%",""
"Age specific fertility rates","2004","20 - 24 years","South-East","%",""
"Age specific fertility rates","2004","20 - 24 years","South-West","%",""
"Age specific fertility rates","2004","20 - 24 years","West","%",""
"Age specific fertility rates","2004","20 - 24 years","Ireland","%","49.1"
"Age specific fertility rates","2004","25 - 29 years","Border","%",""
"Age specific fertility rates","2004","25 - 29 years","Dublin","%",""
"Age specific fertility rates","2004","25 - 29 years","Mid-East","%",""
"Age specific fertility rates","2004","25 - 29 years","Midland","%",""
"Age specific fertility rates","2004","25 - 29 years","Mid-West","%",""
"Age specific fertility rates","2004","25 - 29 years","South-East","%",""
"Age specific fertility rates","2004","25 - 29 years","South-West","%",""
"Age specific fertility rates","2004","25 - 29 years","West","%",""
"Age specific fertility rates","2004","25 - 29 years","Ireland","%","88.4"
"Age specific fertility rates","2004","30 - 34 years","Border","%",""
"Age specific fertility rates","2004","30 - 34 years","Dublin","%",""
"Age specific fertility rates","2004","30 - 34 years","Mid-East","%",""
"Age specific fertility rates","2004","30 - 34 years","Midland","%",""
"Age specific fertility rates","2004","30 - 34 years","Mid-West","%",""
"Age specific fertility rates","2004","30 - 34 years","South-East","%",""
"Age specific fertility rates","2004","30 - 34 years","South-West","%",""
"Age specific fertility rates","2004","30 - 34 years","West","%",""
"Age specific fertility rates","2004","30 - 34 years","Ireland","%","134.3"
"Age specific fertility rates","2004","35 - 39 years","Border","%",""
"Age specific fertility rates","2004","35 - 39 years","Dublin","%",""
"Age specific fertility rates","2004","35 - 39 years","Mid-East","%",""
"Age specific fertility rates","2004","35 - 39 years","Midland","%",""
"Age specific fertility rates","2004","35 - 39 years","Mid-West","%",""
"Age specific fertility rates","2004","35 - 39 years","South-East","%",""
"Age specific fertility rates","2004","35 - 39 years","South-West","%",""
"Age specific fertility rates","2004","35 - 39 years","West","%",""
"Age specific fertility rates","2004","35 - 39 years","Ireland","%","85.2"
"Age specific fertility rates","2004","40 - 44 years","Border","%",""
"Age specific fertility rates","2004","40 - 44 years","Dublin","%",""
"Age specific fertility rates","2004","40 - 44 years","Mid-East","%",""
"Age specific fertility rates","2004","40 - 44 years","Midland","%",""
"Age specific fertility rates","2004","40 - 44 years","Mid-West","%",""
"Age specific fertility rates","2004","40 - 44 years","South-East","%",""
"Age specific fertility rates","2004","40 - 44 years","South-West","%",""
"Age specific fertility rates","2004","40 - 44 years","West","%",""
"Age specific fertility rates","2004","40 - 44 years","Ireland","%","16.2"
"Age specific fertility rates","2004","45 - 49 years","Border","%",""
"Age specific fertility rates","2004","45 - 49 years","Dublin","%",""
"Age specific fertility rates","2004","45 - 49 years","Mid-East","%",""
"Age specific fertility rates","2004","45 - 49 years","Midland","%",""
"Age specific fertility rates","2004","45 - 49 years","Mid-West","%",""
"Age specific fertility rates","2004","45 - 49 years","South-East","%",""
"Age specific fertility rates","2004","45 - 49 years","South-West","%",""
"Age specific fertility rates","2004","45 - 49 years","West","%",""
"Age specific fertility rates","2004","45 - 49 years","Ireland","%","0.5"
"Age specific fertility rates","2005","All ages","Border","%",""
"Age specific fertility rates","2005","All ages","Dublin","%",""
"Age specific fertility rates","2005","All ages","Mid-East","%",""
"Age specific fertility rates","2005","All ages","Midland","%",""
"Age specific fertility rates","2005","All ages","Mid-West","%",""
"Age specific fertility rates","2005","All ages","South-East","%",""
"Age specific fertility rates","2005","All ages","South-West","%",""
"Age specific fertility rates","2005","All ages","West","%",""
"Age specific fertility rates","2005","All ages","Ireland","%",""
"Age specific fertility rates","2005","15 - 19 years","Border","%",""
"Age specific fertility rates","2005","15 - 19 years","Dublin","%",""
"Age specific fertility rates","2005","15 - 19 years","Mid-East","%",""
"Age specific fertility rates","2005","15 - 19 years","Midland","%",""
"Age specific fertility rates","2005","15 - 19 years","Mid-West","%",""
"Age specific fertility rates","2005","15 - 19 years","South-East","%",""
"Age specific fertility rates","2005","15 - 19 years","South-West","%",""
"Age specific fertility rates","2005","15 - 19 years","West","%",""
"Age specific fertility rates","2005","15 - 19 years","Ireland","%","16.8"
"Age specific fertility rates","2005","20 - 24 years","Border","%",""
"Age specific fertility rates","2005","20 - 24 years","Dublin","%",""
"Age specific fertility rates","2005","20 - 24 years","Mid-East","%",""
"Age specific fertility rates","2005","20 - 24 years","Midland","%",""
"Age specific fertility rates","2005","20 - 24 years","Mid-West","%",""
"Age specific fertility rates","2005","20 - 24 years","South-East","%",""
"Age specific fertility rates","2005","20 - 24 years","South-West","%",""
"Age specific fertility rates","2005","20 - 24 years","West","%",""
"Age specific fertility rates","2005","20 - 24 years","Ireland","%","45.8"
"Age specific fertility rates","2005","25 - 29 years","Border","%",""
"Age specific fertility rates","2005","25 - 29 years","Dublin","%",""
"Age specific fertility rates","2005","25 - 29 years","Mid-East","%",""
"Age specific fertility rates","2005","25 - 29 years","Midland","%",""
"Age specific fertility rates","2005","25 - 29 years","Mid-West","%",""
"Age specific fertility rates","2005","25 - 29 years","South-East","%",""
"Age specific fertility rates","2005","25 - 29 years","South-West","%",""
"Age specific fertility rates","2005","25 - 29 years","West","%",""
"Age specific fertility rates","2005","25 - 29 years","Ireland","%","79.9"
"Age specific fertility rates","2005","30 - 34 years","Border","%",""
"Age specific fertility rates","2005","30 - 34 years","Dublin","%",""
"Age specific fertility rates","2005","30 - 34 years","Mid-East","%",""
"Age specific fertility rates","2005","30 - 34 years","Midland","%",""
"Age specific fertility rates","2005","30 - 34 years","Mid-West","%",""
"Age specific fertility rates","2005","30 - 34 years","South-East","%",""
"Age specific fertility rates","2005","30 - 34 years","South-West","%",""
"Age specific fertility rates","2005","30 - 34 years","West","%",""
"Age specific fertility rates","2005","30 - 34 years","Ireland","%","129.4"
"Age specific fertility rates","2005","35 - 39 years","Border","%",""
"Age specific fertility rates","2005","35 - 39 years","Dublin","%",""
"Age specific fertility rates","2005","35 - 39 years","Mid-East","%",""
"Age specific fertility rates","2005","35 - 39 years","Midland","%",""
"Age specific fertility rates","2005","35 - 39 years","Mid-West","%",""
"Age specific fertility rates","2005","35 - 39 years","South-East","%",""
"Age specific fertility rates","2005","35 - 39 years","South-West","%",""
"Age specific fertility rates","2005","35 - 39 years","West","%",""
"Age specific fertility rates","2005","35 - 39 years","Ireland","%","86.4"
"Age specific fertility rates","2005","40 - 44 years","Border","%",""
"Age specific fertility rates","2005","40 - 44 years","Dublin","%",""
"Age specific fertility rates","2005","40 - 44 years","Mid-East","%",""
"Age specific fertility rates","2005","40 - 44 years","Midland","%",""
"Age specific fertility rates","2005","40 - 44 years","Mid-West","%",""
"Age specific fertility rates","2005","40 - 44 years","South-East","%",""
"Age specific fertility rates","2005","40 - 44 years","South-West","%",""
"Age specific fertility rates","2005","40 - 44 years","West","%",""
"Age specific fertility rates","2005","40 - 44 years","Ireland","%","16.9"
"Age specific fertility rates","2005","45 - 49 years","Border","%",""
"Age specific fertility rates","2005","45 - 49 years","Dublin","%",""
"Age specific fertility rates","2005","45 - 49 years","Mid-East","%",""
"Age specific fertility rates","2005","45 - 49 years","Midland","%",""
"Age specific fertility rates","2005","45 - 49 years","Mid-West","%",""
"Age specific fertility rates","2005","45 - 49 years","South-East","%",""
"Age specific fertility rates","2005","45 - 49 years","South-West","%",""
"Age specific fertility rates","2005","45 - 49 years","West","%",""
"Age specific fertility rates","2005","45 - 49 years","Ireland","%","0.6"
"Age specific fertility rates","2006","All ages","Border","%",""
"Age specific fertility rates","2006","All ages","Dublin","%",""
"Age specific fertility rates","2006","All ages","Mid-East","%",""
"Age specific fertility rates","2006","All ages","Midland","%",""
"Age specific fertility rates","2006","All ages","Mid-West","%",""
"Age specific fertility rates","2006","All ages","South-East","%",""
"Age specific fertility rates","2006","All ages","South-West","%",""
"Age specific fertility rates","2006","All ages","West","%",""
"Age specific fertility rates","2006","All ages","Ireland","%",""
"Age specific fertility rates","2006","15 - 19 years","Border","%",""
"Age specific fertility rates","2006","15 - 19 years","Dublin","%",""
"Age specific fertility rates","2006","15 - 19 years","Mid-East","%",""
"Age specific fertility rates","2006","15 - 19 years","Midland","%",""
"Age specific fertility rates","2006","15 - 19 years","Mid-West","%",""
"Age specific fertility rates","2006","15 - 19 years","South-East","%",""
"Age specific fertility rates","2006","15 - 19 years","South-West","%",""
"Age specific fertility rates","2006","15 - 19 years","West","%",""
"Age specific fertility rates","2006","15 - 19 years","Ireland","%","16.4"
"Age specific fertility rates","2006","20 - 24 years","Border","%",""
"Age specific fertility rates","2006","20 - 24 years","Dublin","%",""
"Age specific fertility rates","2006","20 - 24 years","Mid-East","%",""
"Age specific fertility rates","2006","20 - 24 years","Midland","%",""
"Age specific fertility rates","2006","20 - 24 years","Mid-West","%",""
"Age specific fertility rates","2006","20 - 24 years","South-East","%",""
"Age specific fertility rates","2006","20 - 24 years","South-West","%",""
"Age specific fertility rates","2006","20 - 24 years","West","%",""
"Age specific fertility rates","2006","20 - 24 years","Ireland","%","49.5"
"Age specific fertility rates","2006","25 - 29 years","Border","%",""
"Age specific fertility rates","2006","25 - 29 years","Dublin","%",""
"Age specific fertility rates","2006","25 - 29 years","Mid-East","%",""
"Age specific fertility rates","2006","25 - 29 years","Midland","%",""
"Age specific fertility rates","2006","25 - 29 years","Mid-West","%",""
"Age specific fertility rates","2006","25 - 29 years","South-East","%",""
"Age specific fertility rates","2006","25 - 29 years","South-West","%",""
"Age specific fertility rates","2006","25 - 29 years","West","%",""
"Age specific fertility rates","2006","25 - 29 years","Ireland","%","82.1"
"Age specific fertility rates","2006","30 - 34 years","Border","%",""
"Age specific fertility rates","2006","30 - 34 years","Dublin","%",""
"Age specific fertility rates","2006","30 - 34 years","Mid-East","%",""
"Age specific fertility rates","2006","30 - 34 years","Midland","%",""
"Age specific fertility rates","2006","30 - 34 years","Mid-West","%",""
"Age specific fertility rates","2006","30 - 34 years","South-East","%",""
"Age specific fertility rates","2006","30 - 34 years","South-West","%",""
"Age specific fertility rates","2006","30 - 34 years","West","%",""
"Age specific fertility rates","2006","30 - 34 years","Ireland","%","130.4"
"Age specific fertility rates","2006","35 - 39 years","Border","%",""
"Age specific fertility rates","2006","35 - 39 years","Dublin","%",""
"Age specific fertility rates","2006","35 - 39 years","Mid-East","%",""
"Age specific fertility rates","2006","35 - 39 years","Midland","%",""
"Age specific fertility rates","2006","35 - 39 years","Mid-West","%",""
"Age specific fertility rates","2006","35 - 39 years","South-East","%",""
"Age specific fertility rates","2006","35 - 39 years","South-West","%",""
"Age specific fertility rates","2006","35 - 39 years","West","%",""
"Age specific fertility rates","2006","35 - 39 years","Ireland","%","90.8"
"Age specific fertility rates","2006","40 - 44 years","Border","%",""
"Age specific fertility rates","2006","40 - 44 years","Dublin","%",""
"Age specific fertility rates","2006","40 - 44 years","Mid-East","%",""
"Age specific fertility rates","2006","40 - 44 years","Midland","%",""
"Age specific fertility rates","2006","40 - 44 years","Mid-West","%",""
"Age specific fertility rates","2006","40 - 44 years","South-East","%",""
"Age specific fertility rates","2006","40 - 44 years","South-West","%",""
"Age specific fertility rates","2006","40 - 44 years","West","%",""
"Age specific fertility rates","2006","40 - 44 years","Ireland","%","18.1"
"Age specific fertility rates","2006","45 - 49 years","Border","%",""
"Age specific fertility rates","2006","45 - 49 years","Dublin","%",""
"Age specific fertility rates","2006","45 - 49 years","Mid-East","%",""
"Age specific fertility rates","2006","45 - 49 years","Midland","%",""
"Age specific fertility rates","2006","45 - 49 years","Mid-West","%",""
"Age specific fertility rates","2006","45 - 49 years","South-East","%",""
"Age specific fertility rates","2006","45 - 49 years","South-West","%",""
"Age specific fertility rates","2006","45 - 49 years","West","%",""
"Age specific fertility rates","2006","45 - 49 years","Ireland","%","0.8"
"Age specific fertility rates","2007","All ages","Border","%",""
"Age specific fertility rates","2007","All ages","Dublin","%",""
"Age specific fertility rates","2007","All ages","Mid-East","%",""
"Age specific fertility rates","2007","All ages","Midland","%",""
"Age specific fertility rates","2007","All ages","Mid-West","%",""
"Age specific fertility rates","2007","All ages","South-East","%",""
"Age specific fertility rates","2007","All ages","South-West","%",""
"Age specific fertility rates","2007","All ages","West","%",""
"Age specific fertility rates","2007","All ages","Ireland","%",""
"Age specific fertility rates","2007","15 - 19 years","Border","%",""
"Age specific fertility rates","2007","15 - 19 years","Dublin","%",""
"Age specific fertility rates","2007","15 - 19 years","Mid-East","%",""
"Age specific fertility rates","2007","15 - 19 years","Midland","%",""
"Age specific fertility rates","2007","15 - 19 years","Mid-West","%",""
"Age specific fertility rates","2007","15 - 19 years","South-East","%",""
"Age specific fertility rates","2007","15 - 19 years","South-West","%",""
"Age specific fertility rates","2007","15 - 19 years","West","%",""
"Age specific fertility rates","2007","15 - 19 years","Ireland","%","17.4"
"Age specific fertility rates","2007","20 - 24 years","Border","%",""
"Age specific fertility rates","2007","20 - 24 years","Dublin","%",""
"Age specific fertility rates","2007","20 - 24 years","Mid-East","%",""
"Age specific fertility rates","2007","20 - 24 years","Midland","%",""
"Age specific fertility rates","2007","20 - 24 years","Mid-West","%",""
"Age specific fertility rates","2007","20 - 24 years","South-East","%",""
"Age specific fertility rates","2007","20 - 24 years","South-West","%",""
"Age specific fertility rates","2007","20 - 24 years","West","%",""
"Age specific fertility rates","2007","20 - 24 years","Ireland","%","48.5"
"Age specific fertility rates","2007","25 - 29 years","Border","%",""
"Age specific fertility rates","2007","25 - 29 years","Dublin","%",""
"Age specific fertility rates","2007","25 - 29 years","Mid-East","%",""
"Age specific fertility rates","2007","25 - 29 years","Midland","%",""
"Age specific fertility rates","2007","25 - 29 years","Mid-West","%",""
"Age specific fertility rates","2007","25 - 29 years","South-East","%",""
"Age specific fertility rates","2007","25 - 29 years","South-West","%",""
"Age specific fertility rates","2007","25 - 29 years","West","%",""
"Age specific fertility rates","2007","25 - 29 years","Ireland","%","84.1"
"Age specific fertility rates","2007","30 - 34 years","Border","%",""
"Age specific fertility rates","2007","30 - 34 years","Dublin","%",""
"Age specific fertility rates","2007","30 - 34 years","Mid-East","%",""
"Age specific fertility rates","2007","30 - 34 years","Midland","%",""
"Age specific fertility rates","2007","30 - 34 years","Mid-West","%",""
"Age specific fertility rates","2007","30 - 34 years","South-East","%",""
"Age specific fertility rates","2007","30 - 34 years","South-West","%",""
"Age specific fertility rates","2007","30 - 34 years","West","%",""
"Age specific fertility rates","2007","30 - 34 years","Ireland","%","138.1"
"Age specific fertility rates","2007","35 - 39 years","Border","%",""
"Age specific fertility rates","2007","35 - 39 years","Dublin","%",""
"Age specific fertility rates","2007","35 - 39 years","Mid-East","%",""
"Age specific fertility rates","2007","35 - 39 years","Midland","%",""
"Age specific fertility rates","2007","35 - 39 years","Mid-West","%",""
"Age specific fertility rates","2007","35 - 39 years","South-East","%",""
"Age specific fertility rates","2007","35 - 39 years","South-West","%",""
"Age specific fertility rates","2007","35 - 39 years","West","%",""
"Age specific fertility rates","2007","35 - 39 years","Ireland","%","96.7"
"Age specific fertility rates","2007","40 - 44 years","Border","%",""
"Age specific fertility rates","2007","40 - 44 years","Dublin","%",""
"Age specific fertility rates","2007","40 - 44 years","Mid-East","%",""
"Age specific fertility rates","2007","40 - 44 years","Midland","%",""
"Age specific fertility rates","2007","40 - 44 years","Mid-West","%",""
"Age specific fertility rates","2007","40 - 44 years","South-East","%",""
"Age specific fertility rates","2007","40 - 44 years","South-West","%",""
"Age specific fertility rates","2007","40 - 44 years","West","%",""
"Age specific fertility rates","2007","40 - 44 years","Ireland","%","19.4"
"Age specific fertility rates","2007","45 - 49 years","Border","%",""
"Age specific fertility rates","2007","45 - 49 years","Dublin","%",""
"Age specific fertility rates","2007","45 - 49 years","Mid-East","%",""
"Age specific fertility rates","2007","45 - 49 years","Midland","%",""
"Age specific fertility rates","2007","45 - 49 years","Mid-West","%",""
"Age specific fertility rates","2007","45 - 49 years","South-East","%",""
"Age specific fertility rates","2007","45 - 49 years","South-West","%",""
"Age specific fertility rates","2007","45 - 49 years","West","%",""
"Age specific fertility rates","2007","45 - 49 years","Ireland","%","0.8"
"Age specific fertility rates","2008","All ages","Border","%",""
"Age specific fertility rates","2008","All ages","Dublin","%",""
"Age specific fertility rates","2008","All ages","Mid-East","%",""
"Age specific fertility rates","2008","All ages","Midland","%",""
"Age specific fertility rates","2008","All ages","Mid-West","%",""
"Age specific fertility rates","2008","All ages","South-East","%",""
"Age specific fertility rates","2008","All ages","South-West","%",""
"Age specific fertility rates","2008","All ages","West","%",""
"Age specific fertility rates","2008","All ages","Ireland","%",""
"Age specific fertility rates","2008","15 - 19 years","Border","%",""
"Age specific fertility rates","2008","15 - 19 years","Dublin","%",""
"Age specific fertility rates","2008","15 - 19 years","Mid-East","%",""
"Age specific fertility rates","2008","15 - 19 years","Midland","%",""
"Age specific fertility rates","2008","15 - 19 years","Mid-West","%",""
"Age specific fertility rates","2008","15 - 19 years","South-East","%",""
"Age specific fertility rates","2008","15 - 19 years","South-West","%",""
"Age specific fertility rates","2008","15 - 19 years","West","%",""
"Age specific fertility rates","2008","15 - 19 years","Ireland","%","16.5"
"Age specific fertility rates","2008","20 - 24 years","Border","%",""
"Age specific fertility rates","2008","20 - 24 years","Dublin","%",""
"Age specific fertility rates","2008","20 - 24 years","Mid-East","%",""
"Age specific fertility rates","2008","20 - 24 years","Midland","%",""
"Age specific fertility rates","2008","20 - 24 years","Mid-West","%",""
"Age specific fertility rates","2008","20 - 24 years","South-East","%",""
"Age specific fertility rates","2008","20 - 24 years","South-West","%",""
"Age specific fertility rates","2008","20 - 24 years","West","%",""
"Age specific fertility rates","2008","20 - 24 years","Ireland","%","49.6"
"Age specific fertility rates","2008","25 - 29 years","Border","%",""
"Age specific fertility rates","2008","25 - 29 years","Dublin","%",""
"Age specific fertility rates","2008","25 - 29 years","Mid-East","%",""
"Age specific fertility rates","2008","25 - 29 years","Midland","%",""
"Age specific fertility rates","2008","25 - 29 years","Mid-West","%",""
"Age specific fertility rates","2008","25 - 29 years","South-East","%",""
"Age specific fertility rates","2008","25 - 29 years","South-West","%",""
"Age specific fertility rates","2008","25 - 29 years","West","%",""
"Age specific fertility rates","2008","25 - 29 years","Ireland","%","87.8"
"Age specific fertility rates","2008","30 - 34 years","Border","%",""
"Age specific fertility rates","2008","30 - 34 years","Dublin","%",""
"Age specific fertility rates","2008","30 - 34 years","Mid-East","%",""
"Age specific fertility rates","2008","30 - 34 years","Midland","%",""
"Age specific fertility rates","2008","30 - 34 years","Mid-West","%",""
"Age specific fertility rates","2008","30 - 34 years","South-East","%",""
"Age specific fertility rates","2008","30 - 34 years","South-West","%",""
"Age specific fertility rates","2008","30 - 34 years","West","%",""
"Age specific fertility rates","2008","30 - 34 years","Ireland","%","139.3"
"Age specific fertility rates","2008","35 - 39 years","Border","%",""
"Age specific fertility rates","2008","35 - 39 years","Dublin","%",""
"Age specific fertility rates","2008","35 - 39 years","Mid-East","%",""
"Age specific fertility rates","2008","35 - 39 years","Midland","%",""
"Age specific fertility rates","2008","35 - 39 years","Mid-West","%",""
"Age specific fertility rates","2008","35 - 39 years","South-East","%",""
"Age specific fertility rates","2008","35 - 39 years","South-West","%",""
"Age specific fertility rates","2008","35 - 39 years","West","%",""
"Age specific fertility rates","2008","35 - 39 years","Ireland","%","98.9"
"Age specific fertility rates","2008","40 - 44 years","Border","%",""
"Age specific fertility rates","2008","40 - 44 years","Dublin","%",""
"Age specific fertility rates","2008","40 - 44 years","Mid-East","%",""
"Age specific fertility rates","2008","40 - 44 years","Midland","%",""
"Age specific fertility rates","2008","40 - 44 years","Mid-West","%",""
"Age specific fertility rates","2008","40 - 44 years","South-East","%",""
"Age specific fertility rates","2008","40 - 44 years","South-West","%",""
"Age specific fertility rates","2008","40 - 44 years","West","%",""
"Age specific fertility rates","2008","40 - 44 years","Ireland","%","19.7"
"Age specific fertility rates","2008","45 - 49 years","Border","%",""
"Age specific fertility rates","2008","45 - 49 years","Dublin","%",""
"Age specific fertility rates","2008","45 - 49 years","Mid-East","%",""
"Age specific fertility rates","2008","45 - 49 years","Midland","%",""
"Age specific fertility rates","2008","45 - 49 years","Mid-West","%",""
"Age specific fertility rates","2008","45 - 49 years","South-East","%",""
"Age specific fertility rates","2008","45 - 49 years","South-West","%",""
"Age specific fertility rates","2008","45 - 49 years","West","%",""
"Age specific fertility rates","2008","45 - 49 years","Ireland","%","1.2"
"Age specific fertility rates","2009","All ages","Border","%",""
"Age specific fertility rates","2009","All ages","Dublin","%",""
"Age specific fertility rates","2009","All ages","Mid-East","%",""
"Age specific fertility rates","2009","All ages","Midland","%",""
"Age specific fertility rates","2009","All ages","Mid-West","%",""
"Age specific fertility rates","2009","All ages","South-East","%",""
"Age specific fertility rates","2009","All ages","South-West","%",""
"Age specific fertility rates","2009","All ages","West","%",""
"Age specific fertility rates","2009","All ages","Ireland","%",""
"Age specific fertility rates","2009","15 - 19 years","Border","%",""
"Age specific fertility rates","2009","15 - 19 years","Dublin","%",""
"Age specific fertility rates","2009","15 - 19 years","Mid-East","%",""
"Age specific fertility rates","2009","15 - 19 years","Midland","%",""
"Age specific fertility rates","2009","15 - 19 years","Mid-West","%",""
"Age specific fertility rates","2009","15 - 19 years","South-East","%",""
"Age specific fertility rates","2009","15 - 19 years","South-West","%",""
"Age specific fertility rates","2009","15 - 19 years","West","%",""
"Age specific fertility rates","2009","15 - 19 years","Ireland","%","15.6"
"Age specific fertility rates","2009","20 - 24 years","Border","%",""
"Age specific fertility rates","2009","20 - 24 years","Dublin","%",""
"Age specific fertility rates","2009","20 - 24 years","Mid-East","%",""
"Age specific fertility rates","2009","20 - 24 years","Midland","%",""
"Age specific fertility rates","2009","20 - 24 years","Mid-West","%",""
"Age specific fertility rates","2009","20 - 24 years","South-East","%",""
"Age specific fertility rates","2009","20 - 24 years","South-West","%",""
"Age specific fertility rates","2009","20 - 24 years","West","%",""
"Age specific fertility rates","2009","20 - 24 years","Ireland","%","48.9"
"Age specific fertility rates","2009","25 - 29 years","Border","%",""
"Age specific fertility rates","2009","25 - 29 years","Dublin","%",""
"Age specific fertility rates","2009","25 - 29 years","Mid-East","%",""
"Age specific fertility rates","2009","25 - 29 years","Midland","%",""
"Age specific fertility rates","2009","25 - 29 years","Mid-West","%",""
"Age specific fertility rates","2009","25 - 29 years","South-East","%",""
"Age specific fertility rates","2009","25 - 29 years","South-West","%",""
"Age specific fertility rates","2009","25 - 29 years","West","%",""
"Age specific fertility rates","2009","25 - 29 years","Ireland","%","90.2"
"Age specific fertility rates","2009","30 - 34 years","Border","%",""
"Age specific fertility rates","2009","30 - 34 years","Dublin","%",""
"Age specific fertility rates","2009","30 - 34 years","Mid-East","%",""
"Age specific fertility rates","2009","30 - 34 years","Midland","%",""
"Age specific fertility rates","2009","30 - 34 years","Mid-West","%",""
"Age specific fertility rates","2009","30 - 34 years","South-East","%",""
"Age specific fertility rates","2009","30 - 34 years","South-West","%",""
"Age specific fertility rates","2009","30 - 34 years","West","%",""
"Age specific fertility rates","2009","30 - 34 years","Ireland","%","136.3"
"Age specific fertility rates","2009","35 - 39 years","Border","%",""
"Age specific fertility rates","2009","35 - 39 years","Dublin","%",""
"Age specific fertility rates","2009","35 - 39 years","Mid-East","%",""
"Age specific fertility rates","2009","35 - 39 years","Midland","%",""
"Age specific fertility rates","2009","35 - 39 years","Mid-West","%",""
"Age specific fertility rates","2009","35 - 39 years","South-East","%",""
"Age specific fertility rates","2009","35 - 39 years","South-West","%",""
"Age specific fertility rates","2009","35 - 39 years","West","%",""
"Age specific fertility rates","2009","35 - 39 years","Ireland","%","98.5"
"Age specific fertility rates","2009","40 - 44 years","Border","%",""
"Age specific fertility rates","2009","40 - 44 years","Dublin","%",""
"Age specific fertility rates","2009","40 - 44 years","Mid-East","%",""
"Age specific fertility rates","2009","40 - 44 years","Midland","%",""
"Age specific fertility rates","2009","40 - 44 years","Mid-West","%",""
"Age specific fertility rates","2009","40 - 44 years","South-East","%",""
"Age specific fertility rates","2009","40 - 44 years","South-West","%",""
"Age specific fertility rates","2009","40 - 44 years","West","%",""
"Age specific fertility rates","2009","40 - 44 years","Ireland","%","20.9"
"Age specific fertility rates","2009","45 - 49 years","Border","%",""
"Age specific fertility rates","2009","45 - 49 years","Dublin","%",""
"Age specific fertility rates","2009","45 - 49 years","Mid-East","%",""
"Age specific fertility rates","2009","45 - 49 years","Midland","%",""
"Age specific fertility rates","2009","45 - 49 years","Mid-West","%",""
"Age specific fertility rates","2009","45 - 49 years","South-East","%",""
"Age specific fertility rates","2009","45 - 49 years","South-West","%",""
"Age specific fertility rates","2009","45 - 49 years","West","%",""
"Age specific fertility rates","2009","45 - 49 years","Ireland","%","1.1"
"Age specific fertility rates","2010","All ages","Border","%",""
"Age specific fertility rates","2010","All ages","Dublin","%",""
"Age specific fertility rates","2010","All ages","Mid-East","%",""
"Age specific fertility rates","2010","All ages","Midland","%",""
"Age specific fertility rates","2010","All ages","Mid-West","%",""
"Age specific fertility rates","2010","All ages","South-East","%",""
"Age specific fertility rates","2010","All ages","South-West","%",""
"Age specific fertility rates","2010","All ages","West","%",""
"Age specific fertility rates","2010","All ages","Ireland","%",""
"Age specific fertility rates","2010","15 - 19 years","Border","%",""
"Age specific fertility rates","2010","15 - 19 years","Dublin","%",""
"Age specific fertility rates","2010","15 - 19 years","Mid-East","%",""
"Age specific fertility rates","2010","15 - 19 years","Midland","%",""
"Age specific fertility rates","2010","15 - 19 years","Mid-West","%",""
"Age specific fertility rates","2010","15 - 19 years","South-East","%",""
"Age specific fertility rates","2010","15 - 19 years","South-West","%",""
"Age specific fertility rates","2010","15 - 19 years","West","%",""
"Age specific fertility rates","2010","15 - 19 years","Ireland","%","14.4"
"Age specific fertility rates","2010","20 - 24 years","Border","%",""
"Age specific fertility rates","2010","20 - 24 years","Dublin","%",""
"Age specific fertility rates","2010","20 - 24 years","Mid-East","%",""
"Age specific fertility rates","2010","20 - 24 years","Midland","%",""
"Age specific fertility rates","2010","20 - 24 years","Mid-West","%",""
"Age specific fertility rates","2010","20 - 24 years","South-East","%",""
"Age specific fertility rates","2010","20 - 24 years","South-West","%",""
"Age specific fertility rates","2010","20 - 24 years","West","%",""
"Age specific fertility rates","2010","20 - 24 years","Ireland","%","48.7"
"Age specific fertility rates","2010","25 - 29 years","Border","%",""
"Age specific fertility rates","2010","25 - 29 years","Dublin","%",""
"Age specific fertility rates","2010","25 - 29 years","Mid-East","%",""
"Age specific fertility rates","2010","25 - 29 years","Midland","%",""
"Age specific fertility rates","2010","25 - 29 years","Mid-West","%",""
"Age specific fertility rates","2010","25 - 29 years","South-East","%",""
"Age specific fertility rates","2010","25 - 29 years","South-West","%",""
"Age specific fertility rates","2010","25 - 29 years","West","%",""
"Age specific fertility rates","2010","25 - 29 years","Ireland","%","91.1"
"Age specific fertility rates","2010","30 - 34 years","Border","%",""
"Age specific fertility rates","2010","30 - 34 years","Dublin","%",""
"Age specific fertility rates","2010","30 - 34 years","Mid-East","%",""
"Age specific fertility rates","2010","30 - 34 years","Midland","%",""
"Age specific fertility rates","2010","30 - 34 years","Mid-West","%",""
"Age specific fertility rates","2010","30 - 34 years","South-East","%",""
"Age specific fertility rates","2010","30 - 34 years","South-West","%",""
"Age specific fertility rates","2010","30 - 34 years","West","%",""
"Age specific fertility rates","2010","30 - 34 years","Ireland","%","136.4"
"Age specific fertility rates","2010","35 - 39 years","Border","%",""
"Age specific fertility rates","2010","35 - 39 years","Dublin","%",""
"Age specific fertility rates","2010","35 - 39 years","Mid-East","%",""
"Age specific fertility rates","2010","35 - 39 years","Midland","%",""
"Age specific fertility rates","2010","35 - 39 years","Mid-West","%",""
"Age specific fertility rates","2010","35 - 39 years","South-East","%",""
"Age specific fertility rates","2010","35 - 39 years","South-West","%",""
"Age specific fertility rates","2010","35 - 39 years","West","%",""
"Age specific fertility rates","2010","35 - 39 years","Ireland","%","97.9"
"Age specific fertility rates","2010","40 - 44 years","Border","%",""
"Age specific fertility rates","2010","40 - 44 years","Dublin","%",""
"Age specific fertility rates","2010","40 - 44 years","Mid-East","%",""
"Age specific fertility rates","2010","40 - 44 years","Midland","%",""
"Age specific fertility rates","2010","40 - 44 years","Mid-West","%",""
"Age specific fertility rates","2010","40 - 44 years","South-East","%",""
"Age specific fertility rates","2010","40 - 44 years","South-West","%",""
"Age specific fertility rates","2010","40 - 44 years","West","%",""
"Age specific fertility rates","2010","40 - 44 years","Ireland","%","21.7"
"Age specific fertility rates","2010","45 - 49 years","Border","%",""
"Age specific fertility rates","2010","45 - 49 years","Dublin","%",""
"Age specific fertility rates","2010","45 - 49 years","Mid-East","%",""
"Age specific fertility rates","2010","45 - 49 years","Midland","%",""
"Age specific fertility rates","2010","45 - 49 years","Mid-West","%",""
"Age specific fertility rates","2010","45 - 49 years","South-East","%",""
"Age specific fertility rates","2010","45 - 49 years","South-West","%",""
"Age specific fertility rates","2010","45 - 49 years","West","%",""
"Age specific fertility rates","2010","45 - 49 years","Ireland","%","1.1"
"Age specific fertility rates","2011","All ages","Border","%",""
"Age specific fertility rates","2011","All ages","Dublin","%",""
"Age specific fertility rates","2011","All ages","Mid-East","%",""
"Age specific fertility rates","2011","All ages","Midland","%",""
"Age specific fertility rates","2011","All ages","Mid-West","%",""
"Age specific fertility rates","2011","All ages","South-East","%",""
"Age specific fertility rates","2011","All ages","South-West","%",""
"Age specific fertility rates","2011","All ages","West","%",""
"Age specific fertility rates","2011","All ages","Ireland","%",""
"Age specific fertility rates","2011","15 - 19 years","Border","%",""
"Age specific fertility rates","2011","15 - 19 years","Dublin","%",""
"Age specific fertility rates","2011","15 - 19 years","Mid-East","%",""
"Age specific fertility rates","2011","15 - 19 years","Midland","%",""
"Age specific fertility rates","2011","15 - 19 years","Mid-West","%",""
"Age specific fertility rates","2011","15 - 19 years","South-East","%",""
"Age specific fertility rates","2011","15 - 19 years","South-West","%",""
"Age specific fertility rates","2011","15 - 19 years","West","%",""
"Age specific fertility rates","2011","15 - 19 years","Ireland","%","12.3"
"Age specific fertility rates","2011","20 - 24 years","Border","%",""
"Age specific fertility rates","2011","20 - 24 years","Dublin","%",""
"Age specific fertility rates","2011","20 - 24 years","Mid-East","%",""
"Age specific fertility rates","2011","20 - 24 years","Midland","%",""
"Age specific fertility rates","2011","20 - 24 years","Mid-West","%",""
"Age specific fertility rates","2011","20 - 24 years","South-East","%",""
"Age specific fertility rates","2011","20 - 24 years","South-West","%",""
"Age specific fertility rates","2011","20 - 24 years","West","%",""
"Age specific fertility rates","2011","20 - 24 years","Ireland","%","48.8"
"Age specific fertility rates","2011","25 - 29 years","Border","%",""
"Age specific fertility rates","2011","25 - 29 years","Dublin","%",""
"Age specific fertility rates","2011","25 - 29 years","Mid-East","%",""
"Age specific fertility rates","2011","25 - 29 years","Midland","%",""
"Age specific fertility rates","2011","25 - 29 years","Mid-West","%",""
"Age specific fertility rates","2011","25 - 29 years","South-East","%",""
"Age specific fertility rates","2011","25 - 29 years","South-West","%",""
"Age specific fertility rates","2011","25 - 29 years","West","%",""
"Age specific fertility rates","2011","25 - 29 years","Ireland","%","88.9"
"Age specific fertility rates","2011","30 - 34 years","Border","%",""
"Age specific fertility rates","2011","30 - 34 years","Dublin","%",""
"Age specific fertility rates","2011","30 - 34 years","Mid-East","%",""
"Age specific fertility rates","2011","30 - 34 years","Midland","%",""
"Age specific fertility rates","2011","30 - 34 years","Mid-West","%",""
"Age specific fertility rates","2011","30 - 34 years","South-East","%",""
"Age specific fertility rates","2011","30 - 34 years","South-West","%",""
"Age specific fertility rates","2011","30 - 34 years","West","%",""
"Age specific fertility rates","2011","30 - 34 years","Ireland","%","134.8"
"Age specific fertility rates","2011","35 - 39 years","Border","%",""
"Age specific fertility rates","2011","35 - 39 years","Dublin","%",""
"Age specific fertility rates","2011","35 - 39 years","Mid-East","%",""
"Age specific fertility rates","2011","35 - 39 years","Midland","%",""
"Age specific fertility rates","2011","35 - 39 years","Mid-West","%",""
"Age specific fertility rates","2011","35 - 39 years","South-East","%",""
"Age specific fertility rates","2011","35 - 39 years","South-West","%",""
"Age specific fertility rates","2011","35 - 39 years","West","%",""
"Age specific fertility rates","2011","35 - 39 years","Ireland","%","97.9"
"Age specific fertility rates","2011","40 - 44 years","Border","%",""
"Age specific fertility rates","2011","40 - 44 years","Dublin","%",""
"Age specific fertility rates","2011","40 - 44 years","Mid-East","%",""
"Age specific fertility rates","2011","40 - 44 years","Midland","%",""
"Age specific fertility rates","2011","40 - 44 years","Mid-West","%",""
"Age specific fertility rates","2011","40 - 44 years","South-East","%",""
"Age specific fertility rates","2011","40 - 44 years","South-West","%",""
"Age specific fertility rates","2011","40 - 44 years","West","%",""
"Age specific fertility rates","2011","40 - 44 years","Ireland","%","22.4"
"Age specific fertility rates","2011","45 - 49 years","Border","%",""
"Age specific fertility rates","2011","45 - 49 years","Dublin","%",""
"Age specific fertility rates","2011","45 - 49 years","Mid-East","%",""
"Age specific fertility rates","2011","45 - 49 years","Midland","%",""
"Age specific fertility rates","2011","45 - 49 years","Mid-West","%",""
"Age specific fertility rates","2011","45 - 49 years","South-East","%",""
"Age specific fertility rates","2011","45 - 49 years","South-West","%",""
"Age specific fertility rates","2011","45 - 49 years","West","%",""
"Age specific fertility rates","2011","45 - 49 years","Ireland","%","1.1"
"Age specific fertility rates","2012","All ages","Border","%",""
"Age specific fertility rates","2012","All ages","Dublin","%",""
"Age specific fertility rates","2012","All ages","Mid-East","%",""
"Age specific fertility rates","2012","All ages","Midland","%",""
"Age specific fertility rates","2012","All ages","Mid-West","%",""
"Age specific fertility rates","2012","All ages","South-East","%",""
"Age specific fertility rates","2012","All ages","South-West","%",""
"Age specific fertility rates","2012","All ages","West","%",""
"Age specific fertility rates","2012","All ages","Ireland","%",""
"Age specific fertility rates","2012","15 - 19 years","Border","%",""
"Age specific fertility rates","2012","15 - 19 years","Dublin","%",""
"Age specific fertility rates","2012","15 - 19 years","Mid-East","%",""
"Age specific fertility rates","2012","15 - 19 years","Midland","%",""
"Age specific fertility rates","2012","15 - 19 years","Mid-West","%",""
"Age specific fertility rates","2012","15 - 19 years","South-East","%",""
"Age specific fertility rates","2012","15 - 19 years","South-West","%",""
"Age specific fertility rates","2012","15 - 19 years","West","%",""
"Age specific fertility rates","2012","15 - 19 years","Ireland","%","11.8"
"Age specific fertility rates","2012","20 - 24 years","Border","%",""
"Age specific fertility rates","2012","20 - 24 years","Dublin","%",""
"Age specific fertility rates","2012","20 - 24 years","Mid-East","%",""
"Age specific fertility rates","2012","20 - 24 years","Midland","%",""
"Age specific fertility rates","2012","20 - 24 years","Mid-West","%",""
"Age specific fertility rates","2012","20 - 24 years","South-East","%",""
"Age specific fertility rates","2012","20 - 24 years","South-West","%",""
"Age specific fertility rates","2012","20 - 24 years","West","%",""
"Age specific fertility rates","2012","20 - 24 years","Ireland","%","48"
"Age specific fertility rates","2012","25 - 29 years","Border","%",""
"Age specific fertility rates","2012","25 - 29 years","Dublin","%",""
"Age specific fertility rates","2012","25 - 29 years","Mid-East","%",""
"Age specific fertility rates","2012","25 - 29 years","Midland","%",""
"Age specific fertility rates","2012","25 - 29 years","Mid-West","%",""
"Age specific fertility rates","2012","25 - 29 years","South-East","%",""
"Age specific fertility rates","2012","25 - 29 years","South-West","%",""
"Age specific fertility rates","2012","25 - 29 years","West","%",""
"Age specific fertility rates","2012","25 - 29 years","Ireland","%","86"
"Age specific fertility rates","2012","30 - 34 years","Border","%",""
"Age specific fertility rates","2012","30 - 34 years","Dublin","%",""
"Age specific fertility rates","2012","30 - 34 years","Mid-East","%",""
"Age specific fertility rates","2012","30 - 34 years","Midland","%",""
"Age specific fertility rates","2012","30 - 34 years","Mid-West","%",""
"Age specific fertility rates","2012","30 - 34 years","South-East","%",""
"Age specific fertility rates","2012","30 - 34 years","South-West","%",""
"Age specific fertility rates","2012","30 - 34 years","West","%",""
"Age specific fertility rates","2012","30 - 34 years","Ireland","%","129.7"
"Age specific fertility rates","2012","35 - 39 years","Border","%",""
"Age specific fertility rates","2012","35 - 39 years","Dublin","%",""
"Age specific fertility rates","2012","35 - 39 years","Mid-East","%",""
"Age specific fertility rates","2012","35 - 39 years","Midland","%",""
"Age specific fertility rates","2012","35 - 39 years","Mid-West","%",""
"Age specific fertility rates","2012","35 - 39 years","South-East","%",""
"Age specific fertility rates","2012","35 - 39 years","South-West","%",""
"Age specific fertility rates","2012","35 - 39 years","West","%",""
"Age specific fertility rates","2012","35 - 39 years","Ireland","%","97.4"
"Age specific fertility rates","2012","40 - 44 years","Border","%",""
"Age specific fertility rates","2012","40 - 44 years","Dublin","%",""
"Age specific fertility rates","2012","40 - 44 years","Mid-East","%",""
"Age specific fertility rates","2012","40 - 44 years","Midland","%",""
"Age specific fertility rates","2012","40 - 44 years","Mid-West","%",""
"Age specific fertility rates","2012","40 - 44 years","South-East","%",""
"Age specific fertility rates","2012","40 - 44 years","South-West","%",""
"Age specific fertility rates","2012","40 - 44 years","West","%",""
"Age specific fertility rates","2012","40 - 44 years","Ireland","%","22.8"
"Age specific fertility rates","2012","45 - 49 years","Border","%",""
"Age specific fertility rates","2012","45 - 49 years","Dublin","%",""
"Age specific fertility rates","2012","45 - 49 years","Mid-East","%",""
"Age specific fertility rates","2012","45 - 49 years","Midland","%",""
"Age specific fertility rates","2012","45 - 49 years","Mid-West","%",""
"Age specific fertility rates","2012","45 - 49 years","South-East","%",""
"Age specific fertility rates","2012","45 - 49 years","South-West","%",""
"Age specific fertility rates","2012","45 - 49 years","West","%",""
"Age specific fertility rates","2012","45 - 49 years","Ireland","%","1.4"
"Age specific fertility rates","2013","All ages","Border","%",""
"Age specific fertility rates","2013","All ages","Dublin","%",""
"Age specific fertility rates","2013","All ages","Mid-East","%",""
"Age specific fertility rates","2013","All ages","Midland","%",""
"Age specific fertility rates","2013","All ages","Mid-West","%",""
"Age specific fertility rates","2013","All ages","South-East","%",""
"Age specific fertility rates","2013","All ages","South-West","%",""
"Age specific fertility rates","2013","All ages","West","%",""
"Age specific fertility rates","2013","All ages","Ireland","%",""
"Age specific fertility rates","2013","15 - 19 years","Border","%",""
"Age specific fertility rates","2013","15 - 19 years","Dublin","%",""
"Age specific fertility rates","2013","15 - 19 years","Mid-East","%",""
"Age specific fertility rates","2013","15 - 19 years","Midland","%",""
"Age specific fertility rates","2013","15 - 19 years","Mid-West","%",""
"Age specific fertility rates","2013","15 - 19 years","South-East","%",""
"Age specific fertility rates","2013","15 - 19 years","South-West","%",""
"Age specific fertility rates","2013","15 - 19 years","West","%",""
"Age specific fertility rates","2013","15 - 19 years","Ireland","%","10"
"Age specific fertility rates","2013","20 - 24 years","Border","%",""
"Age specific fertility rates","2013","20 - 24 years","Dublin","%",""
"Age specific fertility rates","2013","20 - 24 years","Mid-East","%",""
"Age specific fertility rates","2013","20 - 24 years","Midland","%",""
"Age specific fertility rates","2013","20 - 24 years","Mid-West","%",""
"Age specific fertility rates","2013","20 - 24 years","South-East","%",""
"Age specific fertility rates","2013","20 - 24 years","South-West","%",""
"Age specific fertility rates","2013","20 - 24 years","West","%",""
"Age specific fertility rates","2013","20 - 24 years","Ireland","%","46"
"Age specific fertility rates","2013","25 - 29 years","Border","%",""
"Age specific fertility rates","2013","25 - 29 years","Dublin","%",""
"Age specific fertility rates","2013","25 - 29 years","Mid-East","%",""
"Age specific fertility rates","2013","25 - 29 years","Midland","%",""
"Age specific fertility rates","2013","25 - 29 years","Mid-West","%",""
"Age specific fertility rates","2013","25 - 29 years","South-East","%",""
"Age specific fertility rates","2013","25 - 29 years","South-West","%",""
"Age specific fertility rates","2013","25 - 29 years","West","%",""
"Age specific fertility rates","2013","25 - 29 years","Ireland","%","83.2"
"Age specific fertility rates","2013","30 - 34 years","Border","%",""
"Age specific fertility rates","2013","30 - 34 years","Dublin","%",""
"Age specific fertility rates","2013","30 - 34 years","Mid-East","%",""
"Age specific fertility rates","2013","30 - 34 years","Midland","%",""
"Age specific fertility rates","2013","30 - 34 years","Mid-West","%",""
"Age specific fertility rates","2013","30 - 34 years","South-East","%",""
"Age specific fertility rates","2013","30 - 34 years","South-West","%",""
"Age specific fertility rates","2013","30 - 34 years","West","%",""
"Age specific fertility rates","2013","30 - 34 years","Ireland","%","126.5"
"Age specific fertility rates","2013","35 - 39 years","Border","%",""
"Age specific fertility rates","2013","35 - 39 years","Dublin","%",""
"Age specific fertility rates","2013","35 - 39 years","Mid-East","%",""
"Age specific fertility rates","2013","35 - 39 years","Midland","%",""
"Age specific fertility rates","2013","35 - 39 years","Mid-West","%",""
"Age specific fertility rates","2013","35 - 39 years","South-East","%",""
"Age specific fertility rates","2013","35 - 39 years","South-West","%",""
"Age specific fertility rates","2013","35 - 39 years","West","%",""
"Age specific fertility rates","2013","35 - 39 years","Ireland","%","97.1"
"Age specific fertility rates","2013","40 - 44 years","Border","%",""
"Age specific fertility rates","2013","40 - 44 years","Dublin","%",""
"Age specific fertility rates","2013","40 - 44 years","Mid-East","%",""
"Age specific fertility rates","2013","40 - 44 years","Midland","%",""
"Age specific fertility rates","2013","40 - 44 years","Mid-West","%",""
"Age specific fertility rates","2013","40 - 44 years","South-East","%",""
"Age specific fertility rates","2013","40 - 44 years","South-West","%",""
"Age specific fertility rates","2013","40 - 44 years","West","%",""
"Age specific fertility rates","2013","40 - 44 years","Ireland","%","22.2"
"Age specific fertility rates","2013","45 - 49 years","Border","%",""
"Age specific fertility rates","2013","45 - 49 years","Dublin","%",""
"Age specific fertility rates","2013","45 - 49 years","Mid-East","%",""
"Age specific fertility rates","2013","45 - 49 years","Midland","%",""
"Age specific fertility rates","2013","45 - 49 years","Mid-West","%",""
"Age specific fertility rates","2013","45 - 49 years","South-East","%",""
"Age specific fertility rates","2013","45 - 49 years","South-West","%",""
"Age specific fertility rates","2013","45 - 49 years","West","%",""
"Age specific fertility rates","2013","45 - 49 years","Ireland","%","1.5"
"Age specific fertility rates","2014","All ages","Border","%",""
"Age specific fertility rates","2014","All ages","Dublin","%",""
"Age specific fertility rates","2014","All ages","Mid-East","%",""
"Age specific fertility rates","2014","All ages","Midland","%",""
"Age specific fertility rates","2014","All ages","Mid-West","%",""
"Age specific fertility rates","2014","All ages","South-East","%",""
"Age specific fertility rates","2014","All ages","South-West","%",""
"Age specific fertility rates","2014","All ages","West","%",""
"Age specific fertility rates","2014","All ages","Ireland","%",""
"Age specific fertility rates","2014","15 - 19 years","Border","%",""
"Age specific fertility rates","2014","15 - 19 years","Dublin","%",""
"Age specific fertility rates","2014","15 - 19 years","Mid-East","%",""
"Age specific fertility rates","2014","15 - 19 years","Midland","%",""
"Age specific fertility rates","2014","15 - 19 years","Mid-West","%",""
"Age specific fertility rates","2014","15 - 19 years","South-East","%",""
"Age specific fertility rates","2014","15 - 19 years","South-West","%",""
"Age specific fertility rates","2014","15 - 19 years","West","%",""
"Age specific fertility rates","2014","15 - 19 years","Ireland","%","8.7"
"Age specific fertility rates","2014","20 - 24 years","Border","%",""
"Age specific fertility rates","2014","20 - 24 years","Dublin","%",""
"Age specific fertility rates","2014","20 - 24 years","Mid-East","%",""
"Age specific fertility rates","2014","20 - 24 years","Midland","%",""
"Age specific fertility rates","2014","20 - 24 years","Mid-West","%",""
"Age specific fertility rates","2014","20 - 24 years","South-East","%",""
"Age specific fertility rates","2014","20 - 24 years","South-West","%",""
"Age specific fertility rates","2014","20 - 24 years","West","%",""
"Age specific fertility rates","2014","20 - 24 years","Ireland","%","43.4"
"Age specific fertility rates","2014","25 - 29 years","Border","%",""
"Age specific fertility rates","2014","25 - 29 years","Dublin","%",""
"Age specific fertility rates","2014","25 - 29 years","Mid-East","%",""
"Age specific fertility rates","2014","25 - 29 years","Midland","%",""
"Age specific fertility rates","2014","25 - 29 years","Mid-West","%",""
"Age specific fertility rates","2014","25 - 29 years","South-East","%",""
"Age specific fertility rates","2014","25 - 29 years","South-West","%",""
"Age specific fertility rates","2014","25 - 29 years","West","%",""
"Age specific fertility rates","2014","25 - 29 years","Ireland","%","82.7"
"Age specific fertility rates","2014","30 - 34 years","Border","%",""
"Age specific fertility rates","2014","30 - 34 years","Dublin","%",""
"Age specific fertility rates","2014","30 - 34 years","Mid-East","%",""
"Age specific fertility rates","2014","30 - 34 years","Midland","%",""
"Age specific fertility rates","2014","30 - 34 years","Mid-West","%",""
"Age specific fertility rates","2014","30 - 34 years","South-East","%",""
"Age specific fertility rates","2014","30 - 34 years","South-West","%",""
"Age specific fertility rates","2014","30 - 34 years","West","%",""
"Age specific fertility rates","2014","30 - 34 years","Ireland","%","124.8"
"Age specific fertility rates","2014","35 - 39 years","Border","%",""
"Age specific fertility rates","2014","35 - 39 years","Dublin","%",""
"Age specific fertility rates","2014","35 - 39 years","Mid-East","%",""
"Age specific fertility rates","2014","35 - 39 years","Midland","%",""
"Age specific fertility rates","2014","35 - 39 years","Mid-West","%",""
"Age specific fertility rates","2014","35 - 39 years","South-East","%",""
"Age specific fertility rates","2014","35 - 39 years","South-West","%",""
"Age specific fertility rates","2014","35 - 39 years","West","%",""
"Age specific fertility rates","2014","35 - 39 years","Ireland","%","96.8"
"Age specific fertility rates","2014","40 - 44 years","Border","%",""
"Age specific fertility rates","2014","40 - 44 years","Dublin","%",""
"Age specific fertility rates","2014","40 - 44 years","Mid-East","%",""
"Age specific fertility rates","2014","40 - 44 years","Midland","%",""
"Age specific fertility rates","2014","40 - 44 years","Mid-West","%",""
"Age specific fertility rates","2014","40 - 44 years","South-East","%",""
"Age specific fertility rates","2014","40 - 44 years","South-West","%",""
"Age specific fertility rates","2014","40 - 44 years","West","%",""
"Age specific fertility rates","2014","40 - 44 years","Ireland","%","22.3"
"Age specific fertility rates","2014","45 - 49 years","Border","%",""
"Age specific fertility rates","2014","45 - 49 years","Dublin","%",""
"Age specific fertility rates","2014","45 - 49 years","Mid-East","%",""
"Age specific fertility rates","2014","45 - 49 years","Midland","%",""
"Age specific fertility rates","2014","45 - 49 years","Mid-West","%",""
"Age specific fertility rates","2014","45 - 49 years","South-East","%",""
"Age specific fertility rates","2014","45 - 49 years","South-West","%",""
"Age specific fertility rates","2014","45 - 49 years","West","%",""
"Age specific fertility rates","2014","45 - 49 years","Ireland","%","1.6"
"Age specific fertility rates","2015","All ages","Border","%",""
"Age specific fertility rates","2015","All ages","Dublin","%",""
"Age specific fertility rates","2015","All ages","Mid-East","%",""
"Age specific fertility rates","2015","All ages","Midland","%",""
"Age specific fertility rates","2015","All ages","Mid-West","%",""
"Age specific fertility rates","2015","All ages","South-East","%",""
"Age specific fertility rates","2015","All ages","South-West","%",""
"Age specific fertility rates","2015","All ages","West","%",""
"Age specific fertility rates","2015","All ages","Ireland","%",""
"Age specific fertility rates","2015","15 - 19 years","Border","%",""
"Age specific fertility rates","2015","15 - 19 years","Dublin","%",""
"Age specific fertility rates","2015","15 - 19 years","Mid-East","%",""
"Age specific fertility rates","2015","15 - 19 years","Midland","%",""
"Age specific fertility rates","2015","15 - 19 years","Mid-West","%",""
"Age specific fertility rates","2015","15 - 19 years","South-East","%",""
"Age specific fertility rates","2015","15 - 19 years","South-West","%",""
"Age specific fertility rates","2015","15 - 19 years","West","%",""
"Age specific fertility rates","2015","15 - 19 years","Ireland","%","8.3"
"Age specific fertility rates","2015","20 - 24 years","Border","%",""
"Age specific fertility rates","2015","20 - 24 years","Dublin","%",""
"Age specific fertility rates","2015","20 - 24 years","Mid-East","%",""
"Age specific fertility rates","2015","20 - 24 years","Midland","%",""
"Age specific fertility rates","2015","20 - 24 years","Mid-West","%",""
"Age specific fertility rates","2015","20 - 24 years","South-East","%",""
"Age specific fertility rates","2015","20 - 24 years","South-West","%",""
"Age specific fertility rates","2015","20 - 24 years","West","%",""
"Age specific fertility rates","2015","20 - 24 years","Ireland","%","42.1"
"Age specific fertility rates","2015","25 - 29 years","Border","%",""
"Age specific fertility rates","2015","25 - 29 years","Dublin","%",""
"Age specific fertility rates","2015","25 - 29 years","Mid-East","%",""
"Age specific fertility rates","2015","25 - 29 years","Midland","%",""
"Age specific fertility rates","2015","25 - 29 years","Mid-West","%",""
"Age specific fertility rates","2015","25 - 29 years","South-East","%",""
"Age specific fertility rates","2015","25 - 29 years","South-West","%",""
"Age specific fertility rates","2015","25 - 29 years","West","%",""
"Age specific fertility rates","2015","25 - 29 years","Ireland","%","79.5"
"Age specific fertility rates","2015","30 - 34 years","Border","%",""
"Age specific fertility rates","2015","30 - 34 years","Dublin","%",""
"Age specific fertility rates","2015","30 - 34 years","Mid-East","%",""
"Age specific fertility rates","2015","30 - 34 years","Midland","%",""
"Age specific fertility rates","2015","30 - 34 years","Mid-West","%",""
"Age specific fertility rates","2015","30 - 34 years","South-East","%",""
"Age specific fertility rates","2015","30 - 34 years","South-West","%",""
"Age specific fertility rates","2015","30 - 34 years","West","%",""
"Age specific fertility rates","2015","30 - 34 years","Ireland","%","123.2"
"Age specific fertility rates","2015","35 - 39 years","Border","%",""
"Age specific fertility rates","2015","35 - 39 years","Dublin","%",""
"Age specific fertility rates","2015","35 - 39 years","Mid-East","%",""
"Age specific fertility rates","2015","35 - 39 years","Midland","%",""
"Age specific fertility rates","2015","35 - 39 years","Mid-West","%",""
"Age specific fertility rates","2015","35 - 39 years","South-East","%",""
"Age specific fertility rates","2015","35 - 39 years","South-West","%",""
"Age specific fertility rates","2015","35 - 39 years","West","%",""
"Age specific fertility rates","2015","35 - 39 years","Ireland","%","95.6"
"Age specific fertility rates","2015","40 - 44 years","Border","%",""
"Age specific fertility rates","2015","40 - 44 years","Dublin","%",""
"Age specific fertility rates","2015","40 - 44 years","Mid-East","%",""
"Age specific fertility rates","2015","40 - 44 years","Midland","%",""
"Age specific fertility rates","2015","40 - 44 years","Mid-West","%",""
"Age specific fertility rates","2015","40 - 44 years","South-East","%",""
"Age specific fertility rates","2015","40 - 44 years","South-West","%",""
"Age specific fertility rates","2015","40 - 44 years","West","%",""
"Age specific fertility rates","2015","40 - 44 years","Ireland","%","22.2"
"Age specific fertility rates","2015","45 - 49 years","Border","%",""
"Age specific fertility rates","2015","45 - 49 years","Dublin","%",""
"Age specific fertility rates","2015","45 - 49 years","Mid-East","%",""
"Age specific fertility rates","2015","45 - 49 years","Midland","%",""
"Age specific fertility rates","2015","45 - 49 years","Mid-West","%",""
"Age specific fertility rates","2015","45 - 49 years","South-East","%",""
"Age specific fertility rates","2015","45 - 49 years","South-West","%",""
"Age specific fertility rates","2015","45 - 49 years","West","%",""
"Age specific fertility rates","2015","45 - 49 years","Ireland","%","1.4"
"Age specific fertility rates","2016","All ages","Border","%",""
"Age specific fertility rates","2016","All ages","Dublin","%",""
"Age specific fertility rates","2016","All ages","Mid-East","%",""
"Age specific fertility rates","2016","All ages","Midland","%",""
"Age specific fertility rates","2016","All ages","Mid-West","%",""
"Age specific fertility rates","2016","All ages","South-East","%",""
"Age specific fertility rates","2016","All ages","South-West","%",""
"Age specific fertility rates","2016","All ages","West","%",""
"Age specific fertility rates","2016","All ages","Ireland","%",""
"Age specific fertility rates","2016","15 - 19 years","Border","%",""
"Age specific fertility rates","2016","15 - 19 years","Dublin","%",""
"Age specific fertility rates","2016","15 - 19 years","Mid-East","%",""
"Age specific fertility rates","2016","15 - 19 years","Midland","%",""
"Age specific fertility rates","2016","15 - 19 years","Mid-West","%",""
"Age specific fertility rates","2016","15 - 19 years","South-East","%",""
"Age specific fertility rates","2016","15 - 19 years","South-West","%",""
"Age specific fertility rates","2016","15 - 19 years","West","%",""
"Age specific fertility rates","2016","15 - 19 years","Ireland","%","7.5"
"Age specific fertility rates","2016","20 - 24 years","Border","%",""
"Age specific fertility rates","2016","20 - 24 years","Dublin","%",""
"Age specific fertility rates","2016","20 - 24 years","Mid-East","%",""
"Age specific fertility rates","2016","20 - 24 years","Midland","%",""
"Age specific fertility rates","2016","20 - 24 years","Mid-West","%",""
"Age specific fertility rates","2016","20 - 24 years","South-East","%",""
"Age specific fertility rates","2016","20 - 24 years","South-West","%",""
"Age specific fertility rates","2016","20 - 24 years","West","%",""
"Age specific fertility rates","2016","20 - 24 years","Ireland","%","38.6"
"Age specific fertility rates","2016","25 - 29 years","Border","%",""
"Age specific fertility rates","2016","25 - 29 years","Dublin","%",""
"Age specific fertility rates","2016","25 - 29 years","Mid-East","%",""
"Age specific fertility rates","2016","25 - 29 years","Midland","%",""
"Age specific fertility rates","2016","25 - 29 years","Mid-West","%",""
"Age specific fertility rates","2016","25 - 29 years","South-East","%",""
"Age specific fertility rates","2016","25 - 29 years","South-West","%",""
"Age specific fertility rates","2016","25 - 29 years","West","%",""
"Age specific fertility rates","2016","25 - 29 years","Ireland","%","75"
"Age specific fertility rates","2016","30 - 34 years","Border","%",""
"Age specific fertility rates","2016","30 - 34 years","Dublin","%",""
"Age specific fertility rates","2016","30 - 34 years","Mid-East","%",""
"Age specific fertility rates","2016","30 - 34 years","Midland","%",""
"Age specific fertility rates","2016","30 - 34 years","Mid-West","%",""
"Age specific fertility rates","2016","30 - 34 years","South-East","%",""
"Age specific fertility rates","2016","30 - 34 years","South-West","%",""
"Age specific fertility rates","2016","30 - 34 years","West","%",""
"Age specific fertility rates","2016","30 - 34 years","Ireland","%","122.5"
"Age specific fertility rates","2016","35 - 39 years","Border","%",""
"Age specific fertility rates","2016","35 - 39 years","Dublin","%",""
"Age specific fertility rates","2016","35 - 39 years","Mid-East","%",""
"Age specific fertility rates","2016","35 - 39 years","Midland","%",""
"Age specific fertility rates","2016","35 - 39 years","Mid-West","%",""
"Age specific fertility rates","2016","35 - 39 years","South-East","%",""
"Age specific fertility rates","2016","35 - 39 years","South-West","%",""
"Age specific fertility rates","2016","35 - 39 years","West","%",""
"Age specific fertility rates","2016","35 - 39 years","Ireland","%","95.1"
"Age specific fertility rates","2016","40 - 44 years","Border","%",""
"Age specific fertility rates","2016","40 - 44 years","Dublin","%",""
"Age specific fertility rates","2016","40 - 44 years","Mid-East","%",""
"Age specific fertility rates","2016","40 - 44 years","Midland","%",""
"Age specific fertility rates","2016","40 - 44 years","Mid-West","%",""
"Age specific fertility rates","2016","40 - 44 years","South-East","%",""
"Age specific fertility rates","2016","40 - 44 years","South-West","%",""
"Age specific fertility rates","2016","40 - 44 years","West","%",""
"Age specific fertility rates","2016","40 - 44 years","Ireland","%","22.7"
"Age specific fertility rates","2016","45 - 49 years","Border","%",""
"Age specific fertility rates","2016","45 - 49 years","Dublin","%",""
"Age specific fertility rates","2016","45 - 49 years","Mid-East","%",""
"Age specific fertility rates","2016","45 - 49 years","Midland","%",""
"Age specific fertility rates","2016","45 - 49 years","Mid-West","%",""
"Age specific fertility rates","2016","45 - 49 years","South-East","%",""
"Age specific fertility rates","2016","45 - 49 years","South-West","%",""
"Age specific fertility rates","2016","45 - 49 years","West","%",""
"Age specific fertility rates","2016","45 - 49 years","Ireland","%","1.8"
"Age specific fertility rates","2017","All ages","Border","%",""
"Age specific fertility rates","2017","All ages","Dublin","%",""
"Age specific fertility rates","2017","All ages","Mid-East","%",""
"Age specific fertility rates","2017","All ages","Midland","%",""
"Age specific fertility rates","2017","All ages","Mid-West","%",""
"Age specific fertility rates","2017","All ages","South-East","%",""
"Age specific fertility rates","2017","All ages","South-West","%",""
"Age specific fertility rates","2017","All ages","West","%",""
"Age specific fertility rates","2017","All ages","Ireland","%",""
"Age specific fertility rates","2017","15 - 19 years","Border","%",""
"Age specific fertility rates","2017","15 - 19 years","Dublin","%",""
"Age specific fertility rates","2017","15 - 19 years","Mid-East","%",""
"Age specific fertility rates","2017","15 - 19 years","Midland","%",""
"Age specific fertility rates","2017","15 - 19 years","Mid-West","%",""
"Age specific fertility rates","2017","15 - 19 years","South-East","%",""
"Age specific fertility rates","2017","15 - 19 years","South-West","%",""
"Age specific fertility rates","2017","15 - 19 years","West","%",""
"Age specific fertility rates","2017","15 - 19 years","Ireland","%","6.9"
"Age specific fertility rates","2017","20 - 24 years","Border","%",""
"Age specific fertility rates","2017","20 - 24 years","Dublin","%",""
"Age specific fertility rates","2017","20 - 24 years","Mid-East","%",""
"Age specific fertility rates","2017","20 - 24 years","Midland","%",""
"Age specific fertility rates","2017","20 - 24 years","Mid-West","%",""
"Age specific fertility rates","2017","20 - 24 years","South-East","%",""
"Age specific fertility rates","2017","20 - 24 years","South-West","%",""
"Age specific fertility rates","2017","20 - 24 years","West","%",""
"Age specific fertility rates","2017","20 - 24 years","Ireland","%","37.6"
"Age specific fertility rates","2017","25 - 29 years","Border","%",""
"Age specific fertility rates","2017","25 - 29 years","Dublin","%",""
"Age specific fertility rates","2017","25 - 29 years","Mid-East","%",""
"Age specific fertility rates","2017","25 - 29 years","Midland","%",""
"Age specific fertility rates","2017","25 - 29 years","Mid-West","%",""
"Age specific fertility rates","2017","25 - 29 years","South-East","%",""
"Age specific fertility rates","2017","25 - 29 years","South-West","%",""
"Age specific fertility rates","2017","25 - 29 years","West","%",""
"Age specific fertility rates","2017","25 - 29 years","Ireland","%","72.8"
"Age specific fertility rates","2017","30 - 34 years","Border","%",""
"Age specific fertility rates","2017","30 - 34 years","Dublin","%",""
"Age specific fertility rates","2017","30 - 34 years","Mid-East","%",""
"Age specific fertility rates","2017","30 - 34 years","Midland","%",""
"Age specific fertility rates","2017","30 - 34 years","Mid-West","%",""
"Age specific fertility rates","2017","30 - 34 years","South-East","%",""
"Age specific fertility rates","2017","30 - 34 years","South-West","%",""
"Age specific fertility rates","2017","30 - 34 years","West","%",""
"Age specific fertility rates","2017","30 - 34 years","Ireland","%","119.3"
"Age specific fertility rates","2017","35 - 39 years","Border","%",""
"Age specific fertility rates","2017","35 - 39 years","Dublin","%",""
"Age specific fertility rates","2017","35 - 39 years","Mid-East","%",""
"Age specific fertility rates","2017","35 - 39 years","Midland","%",""
"Age specific fertility rates","2017","35 - 39 years","Mid-West","%",""
"Age specific fertility rates","2017","35 - 39 years","South-East","%",""
"Age specific fertility rates","2017","35 - 39 years","South-West","%",""
"Age specific fertility rates","2017","35 - 39 years","West","%",""
"Age specific fertility rates","2017","35 - 39 years","Ireland","%","93.8"
"Age specific fertility rates","2017","40 - 44 years","Border","%",""
"Age specific fertility rates","2017","40 - 44 years","Dublin","%",""
"Age specific fertility rates","2017","40 - 44 years","Mid-East","%",""
"Age specific fertility rates","2017","40 - 44 years","Midland","%",""
"Age specific fertility rates","2017","40 - 44 years","Mid-West","%",""
"Age specific fertility rates","2017","40 - 44 years","South-East","%",""
"Age specific fertility rates","2017","40 - 44 years","South-West","%",""
"Age specific fertility rates","2017","40 - 44 years","West","%",""
"Age specific fertility rates","2017","40 - 44 years","Ireland","%","21.7"
"Age specific fertility rates","2017","45 - 49 years","Border","%",""
"Age specific fertility rates","2017","45 - 49 years","Dublin","%",""
"Age specific fertility rates","2017","45 - 49 years","Mid-East","%",""
"Age specific fertility rates","2017","45 - 49 years","Midland","%",""
"Age specific fertility rates","2017","45 - 49 years","Mid-West","%",""
"Age specific fertility rates","2017","45 - 49 years","South-East","%",""
"Age specific fertility rates","2017","45 - 49 years","South-West","%",""
"Age specific fertility rates","2017","45 - 49 years","West","%",""
"Age specific fertility rates","2017","45 - 49 years","Ireland","%","1.9"
"Age specific fertility rates","2018","All ages","Border","%",""
"Age specific fertility rates","2018","All ages","Dublin","%",""
"Age specific fertility rates","2018","All ages","Mid-East","%",""
"Age specific fertility rates","2018","All ages","Midland","%",""
"Age specific fertility rates","2018","All ages","Mid-West","%",""
"Age specific fertility rates","2018","All ages","South-East","%",""
"Age specific fertility rates","2018","All ages","South-West","%",""
"Age specific fertility rates","2018","All ages","West","%",""
"Age specific fertility rates","2018","All ages","Ireland","%",""
"Age specific fertility rates","2018","15 - 19 years","Border","%",""
"Age specific fertility rates","2018","15 - 19 years","Dublin","%",""
"Age specific fertility rates","2018","15 - 19 years","Mid-East","%",""
"Age specific fertility rates","2018","15 - 19 years","Midland","%",""
"Age specific fertility rates","2018","15 - 19 years","Mid-West","%",""
"Age specific fertility rates","2018","15 - 19 years","South-East","%",""
"Age specific fertility rates","2018","15 - 19 years","South-West","%",""
"Age specific fertility rates","2018","15 - 19 years","West","%",""
"Age specific fertility rates","2018","15 - 19 years","Ireland","%","6.2"
"Age specific fertility rates","2018","20 - 24 years","Border","%",""
"Age specific fertility rates","2018","20 - 24 years","Dublin","%",""
"Age specific fertility rates","2018","20 - 24 years","Mid-East","%",""
"Age specific fertility rates","2018","20 - 24 years","Midland","%",""
"Age specific fertility rates","2018","20 - 24 years","Mid-West","%",""
"Age specific fertility rates","2018","20 - 24 years","South-East","%",""
"Age specific fertility rates","2018","20 - 24 years","South-West","%",""
"Age specific fertility rates","2018","20 - 24 years","West","%",""
"Age specific fertility rates","2018","20 - 24 years","Ireland","%","35.7"
"Age specific fertility rates","2018","25 - 29 years","Border","%",""
"Age specific fertility rates","2018","25 - 29 years","Dublin","%",""
"Age specific fertility rates","2018","25 - 29 years","Mid-East","%",""
"Age specific fertility rates","2018","25 - 29 years","Midland","%",""
"Age specific fertility rates","2018","25 - 29 years","Mid-West","%",""
"Age specific fertility rates","2018","25 - 29 years","South-East","%",""
"Age specific fertility rates","2018","25 - 29 years","South-West","%",""
"Age specific fertility rates","2018","25 - 29 years","West","%",""
"Age specific fertility rates","2018","25 - 29 years","Ireland","%","71.9"
"Age specific fertility rates","2018","30 - 34 years","Border","%",""
"Age specific fertility rates","2018","30 - 34 years","Dublin","%",""
"Age specific fertility rates","2018","30 - 34 years","Mid-East","%",""
"Age specific fertility rates","2018","30 - 34 years","Midland","%",""
"Age specific fertility rates","2018","30 - 34 years","Mid-West","%",""
"Age specific fertility rates","2018","30 - 34 years","South-East","%",""
"Age specific fertility rates","2018","30 - 34 years","South-West","%",""
"Age specific fertility rates","2018","30 - 34 years","West","%",""
"Age specific fertility rates","2018","30 - 34 years","Ireland","%","119.5"
"Age specific fertility rates","2018","35 - 39 years","Border","%",""
"Age specific fertility rates","2018","35 - 39 years","Dublin","%",""
"Age specific fertility rates","2018","35 - 39 years","Mid-East","%",""
"Age specific fertility rates","2018","35 - 39 years","Midland","%",""
"Age specific fertility rates","2018","35 - 39 years","Mid-West","%",""
"Age specific fertility rates","2018","35 - 39 years","South-East","%",""
"Age specific fertility rates","2018","35 - 39 years","South-West","%",""
"Age specific fertility rates","2018","35 - 39 years","West","%",""
"Age specific fertility rates","2018","35 - 39 years","Ireland","%","92.6"
"Age specific fertility rates","2018","40 - 44 years","Border","%",""
"Age specific fertility rates","2018","40 - 44 years","Dublin","%",""
"Age specific fertility rates","2018","40 - 44 years","Mid-East","%",""
"Age specific fertility rates","2018","40 - 44 years","Midland","%",""
"Age specific fertility rates","2018","40 - 44 years","Mid-West","%",""
"Age specific fertility rates","2018","40 - 44 years","South-East","%",""
"Age specific fertility rates","2018","40 - 44 years","South-West","%",""
"Age specific fertility rates","2018","40 - 44 years","West","%",""
"Age specific fertility rates","2018","40 - 44 years","Ireland","%","23"
"Age specific fertility rates","2018","45 - 49 years","Border","%",""
"Age specific fertility rates","2018","45 - 49 years","Dublin","%",""
"Age specific fertility rates","2018","45 - 49 years","Mid-East","%",""
"Age specific fertility rates","2018","45 - 49 years","Midland","%",""
"Age specific fertility rates","2018","45 - 49 years","Mid-West","%",""
"Age specific fertility rates","2018","45 - 49 years","South-East","%",""
"Age specific fertility rates","2018","45 - 49 years","South-West","%",""
"Age specific fertility rates","2018","45 - 49 years","West","%",""
"Age specific fertility rates","2018","45 - 49 years","Ireland","%","1.9"
"Age specific fertility rates","2019","All ages","Border","%",""
"Age specific fertility rates","2019","All ages","Dublin","%",""
"Age specific fertility rates","2019","All ages","Mid-East","%",""
"Age specific fertility rates","2019","All ages","Midland","%",""
"Age specific fertility rates","2019","All ages","Mid-West","%",""
"Age specific fertility rates","2019","All ages","South-East","%",""
"Age specific fertility rates","2019","All ages","South-West","%",""
"Age specific fertility rates","2019","All ages","West","%",""
"Age specific fertility rates","2019","All ages","Ireland","%",""
"Age specific fertility rates","2019","15 - 19 years","Border","%",""
"Age specific fertility rates","2019","15 - 19 years","Dublin","%",""
"Age specific fertility rates","2019","15 - 19 years","Mid-East","%",""
"Age specific fertility rates","2019","15 - 19 years","Midland","%",""
"Age specific fertility rates","2019","15 - 19 years","Mid-West","%",""
"Age specific fertility rates","2019","15 - 19 years","South-East","%",""
"Age specific fertility rates","2019","15 - 19 years","South-West","%",""
"Age specific fertility rates","2019","15 - 19 years","West","%",""
"Age specific fertility rates","2019","15 - 19 years","Ireland","%","5.4"
"Age specific fertility rates","2019","20 - 24 years","Border","%",""
"Age specific fertility rates","2019","20 - 24 years","Dublin","%",""
"Age specific fertility rates","2019","20 - 24 years","Mid-East","%",""
"Age specific fertility rates","2019","20 - 24 years","Midland","%",""
"Age specific fertility rates","2019","20 - 24 years","Mid-West","%",""
"Age specific fertility rates","2019","20 - 24 years","South-East","%",""
"Age specific fertility rates","2019","20 - 24 years","South-West","%",""
"Age specific fertility rates","2019","20 - 24 years","West","%",""
"Age specific fertility rates","2019","20 - 24 years","Ireland","%","31.9"
"Age specific fertility rates","2019","25 - 29 years","Border","%",""
"Age specific fertility rates","2019","25 - 29 years","Dublin","%",""
"Age specific fertility rates","2019","25 - 29 years","Mid-East","%",""
"Age specific fertility rates","2019","25 - 29 years","Midland","%",""
"Age specific fertility rates","2019","25 - 29 years","Mid-West","%",""
"Age specific fertility rates","2019","25 - 29 years","South-East","%",""
"Age specific fertility rates","2019","25 - 29 years","South-West","%",""
"Age specific fertility rates","2019","25 - 29 years","West","%",""
"Age specific fertility rates","2019","25 - 29 years","Ireland","%","69.6"
"Age specific fertility rates","2019","30 - 34 years","Border","%",""
"Age specific fertility rates","2019","30 - 34 years","Dublin","%",""
"Age specific fertility rates","2019","30 - 34 years","Mid-East","%",""
"Age specific fertility rates","2019","30 - 34 years","Midland","%",""
"Age specific fertility rates","2019","30 - 34 years","Mid-West","%",""
"Age specific fertility rates","2019","30 - 34 years","South-East","%",""
"Age specific fertility rates","2019","30 - 34 years","South-West","%",""
"Age specific fertility rates","2019","30 - 34 years","West","%",""
"Age specific fertility rates","2019","30 - 34 years","Ireland","%","118.6"
"Age specific fertility rates","2019","35 - 39 years","Border","%",""
"Age specific fertility rates","2019","35 - 39 years","Dublin","%",""
"Age specific fertility rates","2019","35 - 39 years","Mid-East","%",""
"Age specific fertility rates","2019","35 - 39 years","Midland","%",""
"Age specific fertility rates","2019","35 - 39 years","Mid-West","%",""
"Age specific fertility rates","2019","35 - 39 years","South-East","%",""
"Age specific fertility rates","2019","35 - 39 years","South-West","%",""
"Age specific fertility rates","2019","35 - 39 years","West","%",""
"Age specific fertility rates","2019","35 - 39 years","Ireland","%","91.6"
"Age specific fertility rates","2019","40 - 44 years","Border","%",""
"Age specific fertility rates","2019","40 - 44 years","Dublin","%",""
"Age specific fertility rates","2019","40 - 44 years","Mid-East","%",""
"Age specific fertility rates","2019","40 - 44 years","Midland","%",""
"Age specific fertility rates","2019","40 - 44 years","Mid-West","%",""
"Age specific fertility rates","2019","40 - 44 years","South-East","%",""
"Age specific fertility rates","2019","40 - 44 years","South-West","%",""
"Age specific fertility rates","2019","40 - 44 years","West","%",""
"Age specific fertility rates","2019","40 - 44 years","Ireland","%","22.4"
"Age specific fertility rates","2019","45 - 49 years","Border","%",""
"Age specific fertility rates","2019","45 - 49 years","Dublin","%",""
"Age specific fertility rates","2019","45 - 49 years","Mid-East","%",""
"Age specific fertility rates","2019","45 - 49 years","Midland","%",""
"Age specific fertility rates","2019","45 - 49 years","Mid-West","%",""
"Age specific fertility rates","2019","45 - 49 years","South-East","%",""
"Age specific fertility rates","2019","45 - 49 years","South-West","%",""
"Age specific fertility rates","2019","45 - 49 years","West","%",""
"Age specific fertility rates","2019","45 - 49 years","Ireland","%","2.1"
"Age specific fertility rates","2020","All ages","Border","%",""
"Age specific fertility rates","2020","All ages","Dublin","%",""
"Age specific fertility rates","2020","All ages","Mid-East","%",""
"Age specific fertility rates","2020","All ages","Midland","%",""
"Age specific fertility rates","2020","All ages","Mid-West","%",""
"Age specific fertility rates","2020","All ages","South-East","%",""
"Age specific fertility rates","2020","All ages","South-West","%",""
"Age specific fertility rates","2020","All ages","West","%",""
"Age specific fertility rates","2020","All ages","Ireland","%",""
"Age specific fertility rates","2020","15 - 19 years","Border","%",""
"Age specific fertility rates","2020","15 - 19 years","Dublin","%",""
"Age specific fertility rates","2020","15 - 19 years","Mid-East","%",""
"Age specific fertility rates","2020","15 - 19 years","Midland","%",""
"Age specific fertility rates","2020","15 - 19 years","Mid-West","%",""
"Age specific fertility rates","2020","15 - 19 years","South-East","%",""
"Age specific fertility rates","2020","15 - 19 years","South-West","%",""
"Age specific fertility rates","2020","15 - 19 years","West","%",""
"Age specific fertility rates","2020","15 - 19 years","Ireland","%","5.4"
"Age specific fertility rates","2020","20 - 24 years","Border","%",""
"Age specific fertility rates","2020","20 - 24 years","Dublin","%",""
"Age specific fertility rates","2020","20 - 24 years","Mid-East","%",""
"Age specific fertility rates","2020","20 - 24 years","Midland","%",""
"Age specific fertility rates","2020","20 - 24 years","Mid-West","%",""
"Age specific fertility rates","2020","20 - 24 years","South-East","%",""
"Age specific fertility rates","2020","20 - 24 years","South-West","%",""
"Age specific fertility rates","2020","20 - 24 years","West","%",""
"Age specific fertility rates","2020","20 - 24 years","Ireland","%","28.5"
"Age specific fertility rates","2020","25 - 29 years","Border","%",""
"Age specific fertility rates","2020","25 - 29 years","Dublin","%",""
"Age specific fertility rates","2020","25 - 29 years","Mid-East","%",""
"Age specific fertility rates","2020","25 - 29 years","Midland","%",""
"Age specific fertility rates","2020","25 - 29 years","Mid-West","%",""
"Age specific fertility rates","2020","25 - 29 years","South-East","%",""
"Age specific fertility rates","2020","25 - 29 years","South-West","%",""
"Age specific fertility rates","2020","25 - 29 years","West","%",""
"Age specific fertility rates","2020","25 - 29 years","Ireland","%","66"
"Age specific fertility rates","2020","30 - 34 years","Border","%",""
"Age specific fertility rates","2020","30 - 34 years","Dublin","%",""
"Age specific fertility rates","2020","30 - 34 years","Mid-East","%",""
"Age specific fertility rates","2020","30 - 34 years","Midland","%",""
"Age specific fertility rates","2020","30 - 34 years","Mid-West","%",""
"Age specific fertility rates","2020","30 - 34 years","South-East","%",""
"Age specific fertility rates","2020","30 - 34 years","South-West","%",""
"Age specific fertility rates","2020","30 - 34 years","West","%",""
"Age specific fertility rates","2020","30 - 34 years","Ireland","%","117.4"
"Age specific fertility rates","2020","35 - 39 years","Border","%",""
"Age specific fertility rates","2020","35 - 39 years","Dublin","%",""
"Age specific fertility rates","2020","35 - 39 years","Mid-East","%",""
"Age specific fertility rates","2020","35 - 39 years","Midland","%",""
"Age specific fertility rates","2020","35 - 39 years","Mid-West","%",""
"Age specific fertility rates","2020","35 - 39 years","South-East","%",""
"Age specific fertility rates","2020","35 - 39 years","South-West","%",""
"Age specific fertility rates","2020","35 - 39 years","West","%",""
"Age specific fertility rates","2020","35 - 39 years","Ireland","%","89.2"
"Age specific fertility rates","2020","40 - 44 years","Border","%",""
"Age specific fertility rates","2020","40 - 44 years","Dublin","%",""
"Age specific fertility rates","2020","40 - 44 years","Mid-East","%",""
"Age specific fertility rates","2020","40 - 44 years","Midland","%",""
"Age specific fertility rates","2020","40 - 44 years","Mid-West","%",""
"Age specific fertility rates","2020","40 - 44 years","South-East","%",""
"Age specific fertility rates","2020","40 - 44 years","South-West","%",""
"Age specific fertility rates","2020","40 - 44 years","West","%",""
"Age specific fertility rates","2020","40 - 44 years","Ireland","%","21.8"
"Age specific fertility rates","2020","45 - 49 years","Border","%",""
"Age specific fertility rates","2020","45 - 49 years","Dublin","%",""
"Age specific fertility rates","2020","45 - 49 years","Mid-East","%",""
"Age specific fertility rates","2020","45 - 49 years","Midland","%",""
"Age specific fertility rates","2020","45 - 49 years","Mid-West","%",""
"Age specific fertility rates","2020","45 - 49 years","South-East","%",""
"Age specific fertility rates","2020","45 - 49 years","South-West","%",""
"Age specific fertility rates","2020","45 - 49 years","West","%",""
"Age specific fertility rates","2020","45 - 49 years","Ireland","%","1.7"
"Age specific fertility rates","2021","All ages","Border","%",""
"Age specific fertility rates","2021","All ages","Dublin","%",""
"Age specific fertility rates","2021","All ages","Mid-East","%",""
"Age specific fertility rates","2021","All ages","Midland","%",""
"Age specific fertility rates","2021","All ages","Mid-West","%",""
"Age specific fertility rates","2021","All ages","South-East","%",""
"Age specific fertility rates","2021","All ages","South-West","%",""
"Age specific fertility rates","2021","All ages","West","%",""
"Age specific fertility rates","2021","All ages","Ireland","%",""
"Age specific fertility rates","2021","15 - 19 years","Border","%","3.3"
"Age specific fertility rates","2021","15 - 19 years","Dublin","%","5.6"
"Age specific fertility rates","2021","15 - 19 years","Mid-East","%","3.3"
"Age specific fertility rates","2021","15 - 19 years","Midland","%","6.6"
"Age specific fertility rates","2021","15 - 19 years","Mid-West","%","5"
"Age specific fertility rates","2021","15 - 19 years","South-East","%","4.8"
"Age specific fertility rates","2021","15 - 19 years","South-West","%","3.1"
"Age specific fertility rates","2021","15 - 19 years","West","%","2.9"
"Age specific fertility rates","2021","15 - 19 years","Ireland","%","4.4"
"Age specific fertility rates","2021","20 - 24 years","Border","%","27.5"
"Age specific fertility rates","2021","20 - 24 years","Dublin","%","25.6"
"Age specific fertility rates","2021","20 - 24 years","Mid-East","%","29.6"
"Age specific fertility rates","2021","20 - 24 years","Midland","%","38.1"
"Age specific fertility rates","2021","20 - 24 years","Mid-West","%","33.9"
"Age specific fertility rates","2021","20 - 24 years","South-East","%","33.7"
"Age specific fertility rates","2021","20 - 24 years","South-West","%","23.1"
"Age specific fertility rates","2021","20 - 24 years","West","%","23.2"
"Age specific fertility rates","2021","20 - 24 years","Ireland","%","28"
"Age specific fertility rates","2021","25 - 29 years","Border","%","89.3"
"Age specific fertility rates","2021","25 - 29 years","Dublin","%","50.2"
"Age specific fertility rates","2021","25 - 29 years","Mid-East","%","82.2"
"Age specific fertility rates","2021","25 - 29 years","Midland","%","91.3"
"Age specific fertility rates","2021","25 - 29 years","Mid-West","%","79.9"
"Age specific fertility rates","2021","25 - 29 years","South-East","%","82.3"
"Age specific fertility rates","2021","25 - 29 years","South-West","%","61.1"
"Age specific fertility rates","2021","25 - 29 years","West","%","61.4"
"Age specific fertility rates","2021","25 - 29 years","Ireland","%","66.8"
"Age specific fertility rates","2021","30 - 34 years","Border","%","146.6"
"Age specific fertility rates","2021","30 - 34 years","Dublin","%","100.7"
"Age specific fertility rates","2021","30 - 34 years","Mid-East","%","143.1"
"Age specific fertility rates","2021","30 - 34 years","Midland","%","138.3"
"Age specific fertility rates","2021","30 - 34 years","Mid-West","%","138"
"Age specific fertility rates","2021","30 - 34 years","South-East","%","135.3"
"Age specific fertility rates","2021","30 - 34 years","South-West","%","127.2"
"Age specific fertility rates","2021","30 - 34 years","West","%","133.3"
"Age specific fertility rates","2021","30 - 34 years","Ireland","%","124.2"
"Age specific fertility rates","2021","35 - 39 years","Border","%","98.6"
"Age specific fertility rates","2021","35 - 39 years","Dublin","%","93"
"Age specific fertility rates","2021","35 - 39 years","Mid-East","%","100.4"
"Age specific fertility rates","2021","35 - 39 years","Midland","%","92.3"
"Age specific fertility rates","2021","35 - 39 years","Mid-West","%","97.3"
"Age specific fertility rates","2021","35 - 39 years","South-East","%","92.3"
"Age specific fertility rates","2021","35 - 39 years","South-West","%","106.6"
"Age specific fertility rates","2021","35 - 39 years","West","%","114.2"
"Age specific fertility rates","2021","35 - 39 years","Ireland","%","98.6"
"Age specific fertility rates","2021","40 - 44 years","Border","%","21.9"
"Age specific fertility rates","2021","40 - 44 years","Dublin","%","24.2"
"Age specific fertility rates","2021","40 - 44 years","Mid-East","%","21.4"
"Age specific fertility rates","2021","40 - 44 years","Midland","%","19.6"
"Age specific fertility rates","2021","40 - 44 years","Mid-West","%","22.6"
"Age specific fertility rates","2021","40 - 44 years","South-East","%","18.5"
"Age specific fertility rates","2021","40 - 44 years","South-West","%","25.8"
"Age specific fertility rates","2021","40 - 44 years","West","%","29.1"
"Age specific fertility rates","2021","40 - 44 years","Ireland","%","23.3"
"Age specific fertility rates","2021","45 - 49 years","Border","%","1"
"Age specific fertility rates","2021","45 - 49 years","Dublin","%","2.1"
"Age specific fertility rates","2021","45 - 49 years","Mid-East","%","1"
"Age specific fertility rates","2021","45 - 49 years","Midland","%","1"
"Age specific fertility rates","2021","45 - 49 years","Mid-West","%","1"
"Age specific fertility rates","2021","45 - 49 years","South-East","%","1.8"
"Age specific fertility rates","2021","45 - 49 years","South-West","%","1.5"
"Age specific fertility rates","2021","45 - 49 years","West","%","1.5"
"Age specific fertility rates","2021","45 - 49 years","Ireland","%","1.5"
"Age specific fertility rates","2022","All ages","Border","%",""
"Age specific fertility rates","2022","All ages","Dublin","%",""
"Age specific fertility rates","2022","All ages","Mid-East","%",""
"Age specific fertility rates","2022","All ages","Midland","%",""
"Age specific fertility rates","2022","All ages","Mid-West","%",""
"Age specific fertility rates","2022","All ages","South-East","%",""
"Age specific fertility rates","2022","All ages","South-West","%",""
"Age specific fertility rates","2022","All ages","West","%",""
"Age specific fertility rates","2022","All ages","Ireland","%",""
"Age specific fertility rates","2022","15 - 19 years","Border","%","3.3"
"Age specific fertility rates","2022","15 - 19 years","Dublin","%","5.8"
"Age specific fertility rates","2022","15 - 19 years","Mid-East","%","4.4"
"Age specific fertility rates","2022","15 - 19 years","Midland","%","7"
"Age specific fertility rates","2022","15 - 19 years","Mid-West","%","5.7"
"Age specific fertility rates","2022","15 - 19 years","South-East","%","4.1"
"Age specific fertility rates","2022","15 - 19 years","South-West","%","3.2"
"Age specific fertility rates","2022","15 - 19 years","West","%","3.6"
"Age specific fertility rates","2022","15 - 19 years","Ireland","%","4.7"
"Age specific fertility rates","2022","20 - 24 years","Border","%","31.7"
"Age specific fertility rates","2022","20 - 24 years","Dublin","%","24.8"
"Age specific fertility rates","2022","20 - 24 years","Mid-East","%","28.5"
"Age specific fertility rates","2022","20 - 24 years","Midland","%","35.7"
"Age specific fertility rates","2022","20 - 24 years","Mid-West","%","32.2"
"Age specific fertility rates","2022","20 - 24 years","South-East","%","35.7"
"Age specific fertility rates","2022","20 - 24 years","South-West","%","22.5"
"Age specific fertility rates","2022","20 - 24 years","West","%","20.8"
"Age specific fertility rates","2022","20 - 24 years","Ireland","%","27.3"
"Age specific fertility rates","2022","25 - 29 years","Border","%","81.9"
"Age specific fertility rates","2022","25 - 29 years","Dublin","%","46.1"
"Age specific fertility rates","2022","25 - 29 years","Mid-East","%","74.9"
"Age specific fertility rates","2022","25 - 29 years","Midland","%","81.4"
"Age specific fertility rates","2022","25 - 29 years","Mid-West","%","68.8"
"Age specific fertility rates","2022","25 - 29 years","South-East","%","75.2"
"Age specific fertility rates","2022","25 - 29 years","South-West","%","52.6"
"Age specific fertility rates","2022","25 - 29 years","West","%","56.8"
"Age specific fertility rates","2022","25 - 29 years","Ireland","%","60.1"
"Age specific fertility rates","2022","30 - 34 years","Border","%","128.6"
"Age specific fertility rates","2022","30 - 34 years","Dublin","%","86.5"
"Age specific fertility rates","2022","30 - 34 years","Mid-East","%","120.7"
"Age specific fertility rates","2022","30 - 34 years","Midland","%","114.1"
"Age specific fertility rates","2022","30 - 34 years","Mid-West","%","113.9"
"Age specific fertility rates","2022","30 - 34 years","South-East","%","123.4"
"Age specific fertility rates","2022","30 - 34 years","South-West","%","108"
"Age specific fertility rates","2022","30 - 34 years","West","%","113.7"
"Age specific fertility rates","2022","30 - 34 years","Ireland","%","106.4"
"Age specific fertility rates","2022","35 - 39 years","Border","%","88.2"
"Age specific fertility rates","2022","35 - 39 years","Dublin","%","78.4"
"Age specific fertility rates","2022","35 - 39 years","Mid-East","%","88.3"
"Age specific fertility rates","2022","35 - 39 years","Midland","%","75.8"
"Age specific fertility rates","2022","35 - 39 years","Mid-West","%","86.4"
"Age specific fertility rates","2022","35 - 39 years","South-East","%","82.9"
"Age specific fertility rates","2022","35 - 39 years","South-West","%","90.4"
"Age specific fertility rates","2022","35 - 39 years","West","%","101.9"
"Age specific fertility rates","2022","35 - 39 years","Ireland","%","85.4"
"Age specific fertility rates","2022","40 - 44 years","Border","%","20.1"
"Age specific fertility rates","2022","40 - 44 years","Dublin","%","21.9"
"Age specific fertility rates","2022","40 - 44 years","Mid-East","%","20.1"
"Age specific fertility rates","2022","40 - 44 years","Midland","%","19.4"
"Age specific fertility rates","2022","40 - 44 years","Mid-West","%","20.5"
"Age specific fertility rates","2022","40 - 44 years","South-East","%","18.8"
"Age specific fertility rates","2022","40 - 44 years","South-West","%","21.4"
"Age specific fertility rates","2022","40 - 44 years","West","%","25.2"
"Age specific fertility rates","2022","40 - 44 years","Ireland","%","21.2"
"Age specific fertility rates","2022","45 - 49 years","Border","%","1.1"
"Age specific fertility rates","2022","45 - 49 years","Dublin","%","2"
"Age specific fertility rates","2022","45 - 49 years","Mid-East","%","1.5"
"Age specific fertility rates","2022","45 - 49 years","Midland","%","0.9"
"Age specific fertility rates","2022","45 - 49 years","Mid-West","%","1.7"
"Age specific fertility rates","2022","45 - 49 years","South-East","%","1.9"
"Age specific fertility rates","2022","45 - 49 years","South-West","%","2.1"
"Age specific fertility rates","2022","45 - 49 years","West","%","1.9"
"Age specific fertility rates","2022","45 - 49 years","Ireland","%","1.7"
"Age specific fertility rates","2023","All ages","Border","%",""
"Age specific fertility rates","2023","All ages","Dublin","%",""
"Age specific fertility rates","2023","All ages","Mid-East","%",""
"Age specific fertility rates","2023","All ages","Midland","%",""
"Age specific fertility rates","2023","All ages","Mid-West","%",""
"Age specific fertility rates","2023","All ages","South-East","%",""
"Age specific fertility rates","2023","All ages","South-West","%",""
"Age specific fertility rates","2023","All ages","West","%",""
"Age specific fertility rates","2023","All ages","Ireland","%",""
"Age specific fertility rates","2023","15 - 19 years","Border","%","4.1"
"Age specific fertility rates","2023","15 - 19 years","Dublin","%","4.7"
"Age specific fertility rates","2023","15 - 19 years","Mid-East","%","3.4"
"Age specific fertility rates","2023","15 - 19 years","Midland","%","4.2"
"Age specific fertility rates","2023","15 - 19 years","Mid-West","%","3.5"
"Age specific fertility rates","2023","15 - 19 years","South-East","%","4.9"
"Age specific fertility rates","2023","15 - 19 years","South-West","%","3.5"
"Age specific fertility rates","2023","15 - 19 years","West","%","2.9"
"Age specific fertility rates","2023","15 - 19 years","Ireland","%","4"
"Age specific fertility rates","2023","20 - 24 years","Border","%","31.1"
"Age specific fertility rates","2023","20 - 24 years","Dublin","%","25.4"
"Age specific fertility rates","2023","20 - 24 years","Mid-East","%","27.1"
"Age specific fertility rates","2023","20 - 24 years","Midland","%","36"
"Age specific fertility rates","2023","20 - 24 years","Mid-West","%","25.6"
"Age specific fertility rates","2023","20 - 24 years","South-East","%","30.5"
"Age specific fertility rates","2023","20 - 24 years","South-West","%","18.8"
"Age specific fertility rates","2023","20 - 24 years","West","%","17.8"
"Age specific fertility rates","2023","20 - 24 years","Ireland","%","25.6"
"Age specific fertility rates","2023","25 - 29 years","Border","%","80.8"
"Age specific fertility rates","2023","25 - 29 years","Dublin","%","43.9"
"Age specific fertility rates","2023","25 - 29 years","Mid-East","%","76.3"
"Age specific fertility rates","2023","25 - 29 years","Midland","%","80.4"
"Age specific fertility rates","2023","25 - 29 years","Mid-West","%","67.7"
"Age specific fertility rates","2023","25 - 29 years","South-East","%","74.7"
"Age specific fertility rates","2023","25 - 29 years","South-West","%","49.7"
"Age specific fertility rates","2023","25 - 29 years","West","%","55.1"
"Age specific fertility rates","2023","25 - 29 years","Ireland","%","58.6"
"Age specific fertility rates","2023","30 - 34 years","Border","%","136.5"
"Age specific fertility rates","2023","30 - 34 years","Dublin","%","83.6"
"Age specific fertility rates","2023","30 - 34 years","Mid-East","%","139.4"
"Age specific fertility rates","2023","30 - 34 years","Midland","%","118.4"
"Age specific fertility rates","2023","30 - 34 years","Mid-West","%","118.5"
"Age specific fertility rates","2023","30 - 34 years","South-East","%","126"
"Age specific fertility rates","2023","30 - 34 years","South-West","%","111.6"
"Age specific fertility rates","2023","30 - 34 years","West","%","116"
"Age specific fertility rates","2023","30 - 34 years","Ireland","%","109.5"
"Age specific fertility rates","2023","35 - 39 years","Border","%","87.8"
"Age specific fertility rates","2023","35 - 39 years","Dublin","%","76.5"
"Age specific fertility rates","2023","35 - 39 years","Mid-East","%","91.9"
"Age specific fertility rates","2023","35 - 39 years","Midland","%","79.4"
"Age specific fertility rates","2023","35 - 39 years","Mid-West","%","84.5"
"Age specific fertility rates","2023","35 - 39 years","South-East","%","77.4"
"Age specific fertility rates","2023","35 - 39 years","South-West","%","85.6"
"Age specific fertility rates","2023","35 - 39 years","West","%","96.1"
"Age specific fertility rates","2023","35 - 39 years","Ireland","%","83.7"
"Age specific fertility rates","2023","40 - 44 years","Border","%","20.4"
"Age specific fertility rates","2023","40 - 44 years","Dublin","%","22"
"Age specific fertility rates","2023","40 - 44 years","Mid-East","%","20.3"
"Age specific fertility rates","2023","40 - 44 years","Midland","%","18.3"
"Age specific fertility rates","2023","40 - 44 years","Mid-West","%","17.9"
"Age specific fertility rates","2023","40 - 44 years","South-East","%","18.2"
"Age specific fertility rates","2023","40 - 44 years","South-West","%","21.5"
"Age specific fertility rates","2023","40 - 44 years","West","%","23.5"
"Age specific fertility rates","2023","40 - 44 years","Ireland","%","20.7"
"Age specific fertility rates","2023","45 - 49 years","Border","%","1.3"
"Age specific fertility rates","2023","45 - 49 years","Dublin","%","2.4"
"Age specific fertility rates","2023","45 - 49 years","Mid-East","%","1.7"
"Age specific fertility rates","2023","45 - 49 years","Midland","%","1"
"Age specific fertility rates","2023","45 - 49 years","Mid-West","%","1.9"
"Age specific fertility rates","2023","45 - 49 years","South-East","%","1.8"
"Age specific fertility rates","2023","45 - 49 years","South-West","%","2"
"Age specific fertility rates","2023","45 - 49 years","West","%","1.7"
"Age specific fertility rates","2023","45 - 49 years","Ireland","%","1.9"
