"Statistic Label","Month","Industry Sector NACE Rev 2","UNIT","VALUE"
"Domestic Industrial Price Index (Excl VAT)","2021 January","Food products (10)","Base Year 2021=100","99.04693461"
"Domestic Industrial Price Index (Excl VAT)","2021 January","Manufacture of beverages (11)","Base Year 2021=100",""
"Domestic Industrial Price Index (Excl VAT)","2021 January","Tobacco products (12)","Base Year 2021=100",""
"Domestic Industrial Price Index (Excl VAT)","2021 January","Textiles (13)","Base Year 2021=100","98.44185925"
"Domestic Industrial Price Index (Excl VAT)","2021 January","Wearing apparel (14)","Base Year 2021=100","99.77152321"
"Domestic Industrial Price Index (Excl VAT)","2021 January","Leather and related products (15)","Base Year 2021=100",""
"Domestic Industrial Price Index (Excl VAT)","2021 January","Wood and wood products, except furniture (16)","Base Year 2021=100","94.3044976"
"Domestic Industrial Price Index (Excl VAT)","2021 January","Paper and paper products (17)","Base Year 2021=100","99.03718867"
"Domestic Industrial Price Index (Excl VAT)","2021 January","Printing and reproduction of recorded media (18)","Base Year 2021=100",""
"Domestic Industrial Price Index (Excl VAT)","2021 January","Coke and refined petroleum products (19)","Base Year 2021=100",""
"Domestic Industrial Price Index (Excl VAT)","2021 January","Chemicals and chemical products (20)","Base Year 2021=100","92.43424718"
"Domestic Industrial Price Index (Excl VAT)","2021 January","Basic pharmaceutical products and preparations (21)","Base Year 2021=100",""
"Domestic Industrial Price Index (Excl VAT)","2021 January","Rubber and plastic products (22)","Base Year 2021=100","98.65077385"
"Domestic Industrial Price Index (Excl VAT)","2021 January","Other non-metallic mineral products (23)","Base Year 2021=100","97.44339365"
"Domestic Industrial Price Index (Excl VAT)","2021 January","Basic metals (24)","Base Year 2021=100","86.62810348"
"Domestic Industrial Price Index (Excl VAT)","2021 January","Fabricated metal products, except machinery and equipment (25)","Base Year 2021=100","89.1222729"
"Domestic Industrial Price Index (Excl VAT)","2021 January","Computer, electronic and optical products (26)","Base Year 2021=100",""
"Domestic Industrial Price Index (Excl VAT)","2021 January","Electrical equipment (27)","Base Year 2021=100","98.61445874"
"Domestic Industrial Price Index (Excl VAT)","2021 January","Machinery and equipment n.e.c. (28)","Base Year 2021=100",""
"Domestic Industrial Price Index (Excl VAT)","2021 January","Motor vehicles, trailers and semi-trailers (29)","Base Year 2021=100","99.6323566"
"Domestic Industrial Price Index (Excl VAT)","2021 January","Other transport equipment (30)","Base Year 2021=100",""
"Domestic Industrial Price Index (Excl VAT)","2021 January","Furniture (31)","Base Year 2021=100","99.73772773"
"Domestic Industrial Price Index (Excl VAT)","2021 January","Other manufacturing (32)","Base Year 2021=100",""
"Domestic Industrial Price Index (Excl VAT)","2021 January","Mining and quarrying (05 to 09)","Base Year 2021=100","99.54998611"
"Domestic Industrial Price Index (Excl VAT)","2021 January","Repair and installation of machinery and equipment (33)","Base Year 2021=100",""
"Domestic Industrial Price Index (Excl VAT)","2021 February","Food products (10)","Base Year 2021=100","99.26772457"
"Domestic Industrial Price Index (Excl VAT)","2021 February","Manufacture of beverages (11)","Base Year 2021=100",""
"Domestic Industrial Price Index (Excl VAT)","2021 February","Tobacco products (12)","Base Year 2021=100",""
"Domestic Industrial Price Index (Excl VAT)","2021 February","Textiles (13)","Base Year 2021=100","98.44185925"
"Domestic Industrial Price Index (Excl VAT)","2021 February","Wearing apparel (14)","Base Year 2021=100","99.77152321"
"Domestic Industrial Price Index (Excl VAT)","2021 February","Leather and related products (15)","Base Year 2021=100",""
"Domestic Industrial Price Index (Excl VAT)","2021 February","Wood and wood products, except furniture (16)","Base Year 2021=100","94.33969073"
"Domestic Industrial Price Index (Excl VAT)","2021 February","Paper and paper products (17)","Base Year 2021=100","99.38006732"
"Domestic Industrial Price Index (Excl VAT)","2021 February","Printing and reproduction of recorded media (18)","Base Year 2021=100",""
"Domestic Industrial Price Index (Excl VAT)","2021 February","Coke and refined petroleum products (19)","Base Year 2021=100",""
"Domestic Industrial Price Index (Excl VAT)","2021 February","Chemicals and chemical products (20)","Base Year 2021=100","92.45576199"
"Domestic Industrial Price Index (Excl VAT)","2021 February","Basic pharmaceutical products and preparations (21)","Base Year 2021=100",""
"Domestic Industrial Price Index (Excl VAT)","2021 February","Rubber and plastic products (22)","Base Year 2021=100","99.09518459"
"Domestic Industrial Price Index (Excl VAT)","2021 February","Other non-metallic mineral products (23)","Base Year 2021=100","97.58944434"
"Domestic Industrial Price Index (Excl VAT)","2021 February","Basic metals (24)","Base Year 2021=100","87.50675588"
"Domestic Industrial Price Index (Excl VAT)","2021 February","Fabricated metal products, except machinery and equipment (25)","Base Year 2021=100","99.11012549"
"Domestic Industrial Price Index (Excl VAT)","2021 February","Computer, electronic and optical products (26)","Base Year 2021=100",""
"Domestic Industrial Price Index (Excl VAT)","2021 February","Electrical equipment (27)","Base Year 2021=100","98.78746555"
"Domestic Industrial Price Index (Excl VAT)","2021 February","Machinery and equipment n.e.c. (28)","Base Year 2021=100",""
"Domestic Industrial Price Index (Excl VAT)","2021 February","Motor vehicles, trailers and semi-trailers (29)","Base Year 2021=100","99.6323566"
"Domestic Industrial Price Index (Excl VAT)","2021 February","Other transport equipment (30)","Base Year 2021=100",""
"Domestic Industrial Price Index (Excl VAT)","2021 February","Furniture (31)","Base Year 2021=100","100.205984"
"Domestic Industrial Price Index (Excl VAT)","2021 February","Other manufacturing (32)","Base Year 2021=100",""
"Domestic Industrial Price Index (Excl VAT)","2021 February","Mining and quarrying (05 to 09)","Base Year 2021=100","99.55198286"
"Domestic Industrial Price Index (Excl VAT)","2021 February","Repair and installation of machinery and equipment (33)","Base Year 2021=100",""
"Domestic Industrial Price Index (Excl VAT)","2021 March","Food products (10)","Base Year 2021=100","99.5259559"
"Domestic Industrial Price Index (Excl VAT)","2021 March","Manufacture of beverages (11)","Base Year 2021=100",""
"Domestic Industrial Price Index (Excl VAT)","2021 March","Tobacco products (12)","Base Year 2021=100",""
"Domestic Industrial Price Index (Excl VAT)","2021 March","Textiles (13)","Base Year 2021=100","98.44185925"
"Domestic Industrial Price Index (Excl VAT)","2021 March","Wearing apparel (14)","Base Year 2021=100","99.77152321"
"Domestic Industrial Price Index (Excl VAT)","2021 March","Leather and related products (15)","Base Year 2021=100",""
"Domestic Industrial Price Index (Excl VAT)","2021 March","Wood and wood products, except furniture (16)","Base Year 2021=100","94.3803978"
"Domestic Industrial Price Index (Excl VAT)","2021 March","Paper and paper products (17)","Base Year 2021=100","98.67935307"
"Domestic Industrial Price Index (Excl VAT)","2021 March","Printing and reproduction of recorded media (18)","Base Year 2021=100",""
"Domestic Industrial Price Index (Excl VAT)","2021 March","Coke and refined petroleum products (19)","Base Year 2021=100",""
"Domestic Industrial Price Index (Excl VAT)","2021 March","Chemicals and chemical products (20)","Base Year 2021=100","97.0245024"
"Domestic Industrial Price Index (Excl VAT)","2021 March","Basic pharmaceutical products and preparations (21)","Base Year 2021=100",""
"Domestic Industrial Price Index (Excl VAT)","2021 March","Rubber and plastic products (22)","Base Year 2021=100","99.16218946"
"Domestic Industrial Price Index (Excl VAT)","2021 March","Other non-metallic mineral products (23)","Base Year 2021=100","97.83076503"
"Domestic Industrial Price Index (Excl VAT)","2021 March","Basic metals (24)","Base Year 2021=100","90.65264322"
"Domestic Industrial Price Index (Excl VAT)","2021 March","Fabricated metal products, except machinery and equipment (25)","Base Year 2021=100","99.1370113"
"Domestic Industrial Price Index (Excl VAT)","2021 March","Computer, electronic and optical products (26)","Base Year 2021=100",""
"Domestic Industrial Price Index (Excl VAT)","2021 March","Electrical equipment (27)","Base Year 2021=100","98.78746555"
"Domestic Industrial Price Index (Excl VAT)","2021 March","Machinery and equipment n.e.c. (28)","Base Year 2021=100",""
"Domestic Industrial Price Index (Excl VAT)","2021 March","Motor vehicles, trailers and semi-trailers (29)","Base Year 2021=100","99.6323566"
"Domestic Industrial Price Index (Excl VAT)","2021 March","Other transport equipment (30)","Base Year 2021=100",""
"Domestic Industrial Price Index (Excl VAT)","2021 March","Furniture (31)","Base Year 2021=100","97.94593311"
"Domestic Industrial Price Index (Excl VAT)","2021 March","Other manufacturing (32)","Base Year 2021=100",""
"Domestic Industrial Price Index (Excl VAT)","2021 March","Mining and quarrying (05 to 09)","Base Year 2021=100","99.55430372"
"Domestic Industrial Price Index (Excl VAT)","2021 March","Repair and installation of machinery and equipment (33)","Base Year 2021=100",""
"Domestic Industrial Price Index (Excl VAT)","2021 April","Food products (10)","Base Year 2021=100","99.36319098"
"Domestic Industrial Price Index (Excl VAT)","2021 April","Manufacture of beverages (11)","Base Year 2021=100",""
"Domestic Industrial Price Index (Excl VAT)","2021 April","Tobacco products (12)","Base Year 2021=100",""
"Domestic Industrial Price Index (Excl VAT)","2021 April","Textiles (13)","Base Year 2021=100","98.44185925"
"Domestic Industrial Price Index (Excl VAT)","2021 April","Wearing apparel (14)","Base Year 2021=100","99.77152321"
"Domestic Industrial Price Index (Excl VAT)","2021 April","Leather and related products (15)","Base Year 2021=100",""
"Domestic Industrial Price Index (Excl VAT)","2021 April","Wood and wood products, except furniture (16)","Base Year 2021=100","97.00833775"
"Domestic Industrial Price Index (Excl VAT)","2021 April","Paper and paper products (17)","Base Year 2021=100","98.73204412"
"Domestic Industrial Price Index (Excl VAT)","2021 April","Printing and reproduction of recorded media (18)","Base Year 2021=100",""
"Domestic Industrial Price Index (Excl VAT)","2021 April","Coke and refined petroleum products (19)","Base Year 2021=100",""
"Domestic Industrial Price Index (Excl VAT)","2021 April","Chemicals and chemical products (20)","Base Year 2021=100","97.0245024"
"Domestic Industrial Price Index (Excl VAT)","2021 April","Basic pharmaceutical products and preparations (21)","Base Year 2021=100",""
"Domestic Industrial Price Index (Excl VAT)","2021 April","Rubber and plastic products (22)","Base Year 2021=100","99.22910686"
"Domestic Industrial Price Index (Excl VAT)","2021 April","Other non-metallic mineral products (23)","Base Year 2021=100","98.38271203"
"Domestic Industrial Price Index (Excl VAT)","2021 April","Basic metals (24)","Base Year 2021=100","92.46898627"
"Domestic Industrial Price Index (Excl VAT)","2021 April","Fabricated metal products, except machinery and equipment (25)","Base Year 2021=100","99.46843009"
"Domestic Industrial Price Index (Excl VAT)","2021 April","Computer, electronic and optical products (26)","Base Year 2021=100",""
"Domestic Industrial Price Index (Excl VAT)","2021 April","Electrical equipment (27)","Base Year 2021=100","98.78746555"
"Domestic Industrial Price Index (Excl VAT)","2021 April","Machinery and equipment n.e.c. (28)","Base Year 2021=100",""
"Domestic Industrial Price Index (Excl VAT)","2021 April","Motor vehicles, trailers and semi-trailers (29)","Base Year 2021=100","99.6323566"
"Domestic Industrial Price Index (Excl VAT)","2021 April","Other transport equipment (30)","Base Year 2021=100",""
"Domestic Industrial Price Index (Excl VAT)","2021 April","Furniture (31)","Base Year 2021=100","97.94602192"
"Domestic Industrial Price Index (Excl VAT)","2021 April","Other manufacturing (32)","Base Year 2021=100",""
"Domestic Industrial Price Index (Excl VAT)","2021 April","Mining and quarrying (05 to 09)","Base Year 2021=100","99.85073292"
"Domestic Industrial Price Index (Excl VAT)","2021 April","Repair and installation of machinery and equipment (33)","Base Year 2021=100",""
"Domestic Industrial Price Index (Excl VAT)","2021 May","Food products (10)","Base Year 2021=100","99.50133426"
"Domestic Industrial Price Index (Excl VAT)","2021 May","Manufacture of beverages (11)","Base Year 2021=100",""
"Domestic Industrial Price Index (Excl VAT)","2021 May","Tobacco products (12)","Base Year 2021=100",""
"Domestic Industrial Price Index (Excl VAT)","2021 May","Textiles (13)","Base Year 2021=100","98.44185925"
"Domestic Industrial Price Index (Excl VAT)","2021 May","Wearing apparel (14)","Base Year 2021=100","100.1616687"
"Domestic Industrial Price Index (Excl VAT)","2021 May","Leather and related products (15)","Base Year 2021=100",""
"Domestic Industrial Price Index (Excl VAT)","2021 May","Wood and wood products, except furniture (16)","Base Year 2021=100","98.69223467"
"Domestic Industrial Price Index (Excl VAT)","2021 May","Paper and paper products (17)","Base Year 2021=100","99.63876642"
"Domestic Industrial Price Index (Excl VAT)","2021 May","Printing and reproduction of recorded media (18)","Base Year 2021=100",""
"Domestic Industrial Price Index (Excl VAT)","2021 May","Coke and refined petroleum products (19)","Base Year 2021=100",""
"Domestic Industrial Price Index (Excl VAT)","2021 May","Chemicals and chemical products (20)","Base Year 2021=100","97.02466439"
"Domestic Industrial Price Index (Excl VAT)","2021 May","Basic pharmaceutical products and preparations (21)","Base Year 2021=100",""
"Domestic Industrial Price Index (Excl VAT)","2021 May","Rubber and plastic products (22)","Base Year 2021=100","99.65981295"
"Domestic Industrial Price Index (Excl VAT)","2021 May","Other non-metallic mineral products (23)","Base Year 2021=100","98.33943494"
"Domestic Industrial Price Index (Excl VAT)","2021 May","Basic metals (24)","Base Year 2021=100","95.34179451"
"Domestic Industrial Price Index (Excl VAT)","2021 May","Fabricated metal products, except machinery and equipment (25)","Base Year 2021=100","99.54179483"
"Domestic Industrial Price Index (Excl VAT)","2021 May","Computer, electronic and optical products (26)","Base Year 2021=100",""
"Domestic Industrial Price Index (Excl VAT)","2021 May","Electrical equipment (27)","Base Year 2021=100","98.78746555"
"Domestic Industrial Price Index (Excl VAT)","2021 May","Machinery and equipment n.e.c. (28)","Base Year 2021=100",""
"Domestic Industrial Price Index (Excl VAT)","2021 May","Motor vehicles, trailers and semi-trailers (29)","Base Year 2021=100","99.6323566"
"Domestic Industrial Price Index (Excl VAT)","2021 May","Other transport equipment (30)","Base Year 2021=100",""
"Domestic Industrial Price Index (Excl VAT)","2021 May","Furniture (31)","Base Year 2021=100","97.94602192"
"Domestic Industrial Price Index (Excl VAT)","2021 May","Other manufacturing (32)","Base Year 2021=100",""
"Domestic Industrial Price Index (Excl VAT)","2021 May","Mining and quarrying (05 to 09)","Base Year 2021=100","99.85087074"
"Domestic Industrial Price Index (Excl VAT)","2021 May","Repair and installation of machinery and equipment (33)","Base Year 2021=100",""
"Domestic Industrial Price Index (Excl VAT)","2021 June","Food products (10)","Base Year 2021=100","99.55921048"
"Domestic Industrial Price Index (Excl VAT)","2021 June","Manufacture of beverages (11)","Base Year 2021=100",""
"Domestic Industrial Price Index (Excl VAT)","2021 June","Tobacco products (12)","Base Year 2021=100",""
"Domestic Industrial Price Index (Excl VAT)","2021 June","Textiles (13)","Base Year 2021=100","100.8394077"
"Domestic Industrial Price Index (Excl VAT)","2021 June","Wearing apparel (14)","Base Year 2021=100","100.1616687"
"Domestic Industrial Price Index (Excl VAT)","2021 June","Leather and related products (15)","Base Year 2021=100",""
"Domestic Industrial Price Index (Excl VAT)","2021 June","Wood and wood products, except furniture (16)","Base Year 2021=100","98.93606185"
"Domestic Industrial Price Index (Excl VAT)","2021 June","Paper and paper products (17)","Base Year 2021=100","99.46726894"
"Domestic Industrial Price Index (Excl VAT)","2021 June","Printing and reproduction of recorded media (18)","Base Year 2021=100",""
"Domestic Industrial Price Index (Excl VAT)","2021 June","Coke and refined petroleum products (19)","Base Year 2021=100",""
"Domestic Industrial Price Index (Excl VAT)","2021 June","Chemicals and chemical products (20)","Base Year 2021=100","97.02489935"
"Domestic Industrial Price Index (Excl VAT)","2021 June","Basic pharmaceutical products and preparations (21)","Base Year 2021=100",""
"Domestic Industrial Price Index (Excl VAT)","2021 June","Rubber and plastic products (22)","Base Year 2021=100","99.98754365"
"Domestic Industrial Price Index (Excl VAT)","2021 June","Other non-metallic mineral products (23)","Base Year 2021=100","98.33112297"
"Domestic Industrial Price Index (Excl VAT)","2021 June","Basic metals (24)","Base Year 2021=100","99.48803002"
"Domestic Industrial Price Index (Excl VAT)","2021 June","Fabricated metal products, except machinery and equipment (25)","Base Year 2021=100","100.5513075"
"Domestic Industrial Price Index (Excl VAT)","2021 June","Computer, electronic and optical products (26)","Base Year 2021=100",""
"Domestic Industrial Price Index (Excl VAT)","2021 June","Electrical equipment (27)","Base Year 2021=100","98.78746555"
"Domestic Industrial Price Index (Excl VAT)","2021 June","Machinery and equipment n.e.c. (28)","Base Year 2021=100",""
"Domestic Industrial Price Index (Excl VAT)","2021 June","Motor vehicles, trailers and semi-trailers (29)","Base Year 2021=100","99.6323566"
"Domestic Industrial Price Index (Excl VAT)","2021 June","Other transport equipment (30)","Base Year 2021=100",""
"Domestic Industrial Price Index (Excl VAT)","2021 June","Furniture (31)","Base Year 2021=100","97.94602192"
"Domestic Industrial Price Index (Excl VAT)","2021 June","Other manufacturing (32)","Base Year 2021=100",""
"Domestic Industrial Price Index (Excl VAT)","2021 June","Mining and quarrying (05 to 09)","Base Year 2021=100","99.85055898"
"Domestic Industrial Price Index (Excl VAT)","2021 June","Repair and installation of machinery and equipment (33)","Base Year 2021=100",""
"Domestic Industrial Price Index (Excl VAT)","2021 July","Food products (10)","Base Year 2021=100","100.3497574"
"Domestic Industrial Price Index (Excl VAT)","2021 July","Manufacture of beverages (11)","Base Year 2021=100",""
"Domestic Industrial Price Index (Excl VAT)","2021 July","Tobacco products (12)","Base Year 2021=100",""
"Domestic Industrial Price Index (Excl VAT)","2021 July","Textiles (13)","Base Year 2021=100","101.4960168"
"Domestic Industrial Price Index (Excl VAT)","2021 July","Wearing apparel (14)","Base Year 2021=100","100.1616687"
"Domestic Industrial Price Index (Excl VAT)","2021 July","Leather and related products (15)","Base Year 2021=100",""
"Domestic Industrial Price Index (Excl VAT)","2021 July","Wood and wood products, except furniture (16)","Base Year 2021=100","99.42197849"
"Domestic Industrial Price Index (Excl VAT)","2021 July","Paper and paper products (17)","Base Year 2021=100","99.17485573"
"Domestic Industrial Price Index (Excl VAT)","2021 July","Printing and reproduction of recorded media (18)","Base Year 2021=100",""
"Domestic Industrial Price Index (Excl VAT)","2021 July","Coke and refined petroleum products (19)","Base Year 2021=100",""
"Domestic Industrial Price Index (Excl VAT)","2021 July","Chemicals and chemical products (20)","Base Year 2021=100","99.74977515"
"Domestic Industrial Price Index (Excl VAT)","2021 July","Basic pharmaceutical products and preparations (21)","Base Year 2021=100",""
"Domestic Industrial Price Index (Excl VAT)","2021 July","Rubber and plastic products (22)","Base Year 2021=100","99.98786547"
"Domestic Industrial Price Index (Excl VAT)","2021 July","Other non-metallic mineral products (23)","Base Year 2021=100","100.4640148"
"Domestic Industrial Price Index (Excl VAT)","2021 July","Basic metals (24)","Base Year 2021=100","102.4310723"
"Domestic Industrial Price Index (Excl VAT)","2021 July","Fabricated metal products, except machinery and equipment (25)","Base Year 2021=100","101.5871517"
"Domestic Industrial Price Index (Excl VAT)","2021 July","Computer, electronic and optical products (26)","Base Year 2021=100",""
"Domestic Industrial Price Index (Excl VAT)","2021 July","Electrical equipment (27)","Base Year 2021=100","101.2421972"
"Domestic Industrial Price Index (Excl VAT)","2021 July","Machinery and equipment n.e.c. (28)","Base Year 2021=100",""
"Domestic Industrial Price Index (Excl VAT)","2021 July","Motor vehicles, trailers and semi-trailers (29)","Base Year 2021=100","99.6323566"
"Domestic Industrial Price Index (Excl VAT)","2021 July","Other transport equipment (30)","Base Year 2021=100",""
"Domestic Industrial Price Index (Excl VAT)","2021 July","Furniture (31)","Base Year 2021=100","101.0678987"
"Domestic Industrial Price Index (Excl VAT)","2021 July","Other manufacturing (32)","Base Year 2021=100",""
"Domestic Industrial Price Index (Excl VAT)","2021 July","Mining and quarrying (05 to 09)","Base Year 2021=100","99.85864287"
"Domestic Industrial Price Index (Excl VAT)","2021 July","Repair and installation of machinery and equipment (33)","Base Year 2021=100",""
"Domestic Industrial Price Index (Excl VAT)","2021 August","Food products (10)","Base Year 2021=100","100.4099857"
"Domestic Industrial Price Index (Excl VAT)","2021 August","Manufacture of beverages (11)","Base Year 2021=100",""
"Domestic Industrial Price Index (Excl VAT)","2021 August","Tobacco products (12)","Base Year 2021=100",""
"Domestic Industrial Price Index (Excl VAT)","2021 August","Textiles (13)","Base Year 2021=100","101.4960168"
"Domestic Industrial Price Index (Excl VAT)","2021 August","Wearing apparel (14)","Base Year 2021=100","100.1616687"
"Domestic Industrial Price Index (Excl VAT)","2021 August","Leather and related products (15)","Base Year 2021=100",""
"Domestic Industrial Price Index (Excl VAT)","2021 August","Wood and wood products, except furniture (16)","Base Year 2021=100","103.3085314"
"Domestic Industrial Price Index (Excl VAT)","2021 August","Paper and paper products (17)","Base Year 2021=100","99.62695739"
"Domestic Industrial Price Index (Excl VAT)","2021 August","Printing and reproduction of recorded media (18)","Base Year 2021=100",""
"Domestic Industrial Price Index (Excl VAT)","2021 August","Coke and refined petroleum products (19)","Base Year 2021=100",""
"Domestic Industrial Price Index (Excl VAT)","2021 August","Chemicals and chemical products (20)","Base Year 2021=100","99.74261351"
"Domestic Industrial Price Index (Excl VAT)","2021 August","Basic pharmaceutical products and preparations (21)","Base Year 2021=100",""
"Domestic Industrial Price Index (Excl VAT)","2021 August","Rubber and plastic products (22)","Base Year 2021=100","100.7468193"
"Domestic Industrial Price Index (Excl VAT)","2021 August","Other non-metallic mineral products (23)","Base Year 2021=100","100.6018424"
"Domestic Industrial Price Index (Excl VAT)","2021 August","Basic metals (24)","Base Year 2021=100","102.4385716"
"Domestic Industrial Price Index (Excl VAT)","2021 August","Fabricated metal products, except machinery and equipment (25)","Base Year 2021=100","101.6073817"
"Domestic Industrial Price Index (Excl VAT)","2021 August","Computer, electronic and optical products (26)","Base Year 2021=100",""
"Domestic Industrial Price Index (Excl VAT)","2021 August","Electrical equipment (27)","Base Year 2021=100","101.2421972"
"Domestic Industrial Price Index (Excl VAT)","2021 August","Machinery and equipment n.e.c. (28)","Base Year 2021=100",""
"Domestic Industrial Price Index (Excl VAT)","2021 August","Motor vehicles, trailers and semi-trailers (29)","Base Year 2021=100","99.6323566"
"Domestic Industrial Price Index (Excl VAT)","2021 August","Other transport equipment (30)","Base Year 2021=100",""
"Domestic Industrial Price Index (Excl VAT)","2021 August","Furniture (31)","Base Year 2021=100","101.0679648"
"Domestic Industrial Price Index (Excl VAT)","2021 August","Other manufacturing (32)","Base Year 2021=100",""
"Domestic Industrial Price Index (Excl VAT)","2021 August","Mining and quarrying (05 to 09)","Base Year 2021=100","99.85866344"
"Domestic Industrial Price Index (Excl VAT)","2021 August","Repair and installation of machinery and equipment (33)","Base Year 2021=100",""
"Domestic Industrial Price Index (Excl VAT)","2021 September","Food products (10)","Base Year 2021=100","100.4703806"
"Domestic Industrial Price Index (Excl VAT)","2021 September","Manufacture of beverages (11)","Base Year 2021=100",""
"Domestic Industrial Price Index (Excl VAT)","2021 September","Tobacco products (12)","Base Year 2021=100",""
"Domestic Industrial Price Index (Excl VAT)","2021 September","Textiles (13)","Base Year 2021=100","101.4960168"
"Domestic Industrial Price Index (Excl VAT)","2021 September","Wearing apparel (14)","Base Year 2021=100","100.1616687"
"Domestic Industrial Price Index (Excl VAT)","2021 September","Leather and related products (15)","Base Year 2021=100",""
"Domestic Industrial Price Index (Excl VAT)","2021 September","Wood and wood products, except furniture (16)","Base Year 2021=100","103.5032192"
"Domestic Industrial Price Index (Excl VAT)","2021 September","Paper and paper products (17)","Base Year 2021=100","100.5921061"
"Domestic Industrial Price Index (Excl VAT)","2021 September","Printing and reproduction of recorded media (18)","Base Year 2021=100",""
"Domestic Industrial Price Index (Excl VAT)","2021 September","Coke and refined petroleum products (19)","Base Year 2021=100",""
"Domestic Industrial Price Index (Excl VAT)","2021 September","Chemicals and chemical products (20)","Base Year 2021=100","99.78683924"
"Domestic Industrial Price Index (Excl VAT)","2021 September","Basic pharmaceutical products and preparations (21)","Base Year 2021=100",""
"Domestic Industrial Price Index (Excl VAT)","2021 September","Rubber and plastic products (22)","Base Year 2021=100","100.7468316"
"Domestic Industrial Price Index (Excl VAT)","2021 September","Other non-metallic mineral products (23)","Base Year 2021=100","100.5748457"
"Domestic Industrial Price Index (Excl VAT)","2021 September","Basic metals (24)","Base Year 2021=100","107.3071494"
"Domestic Industrial Price Index (Excl VAT)","2021 September","Fabricated metal products, except machinery and equipment (25)","Base Year 2021=100","101.6780598"
"Domestic Industrial Price Index (Excl VAT)","2021 September","Computer, electronic and optical products (26)","Base Year 2021=100",""
"Domestic Industrial Price Index (Excl VAT)","2021 September","Electrical equipment (27)","Base Year 2021=100","101.2421972"
"Domestic Industrial Price Index (Excl VAT)","2021 September","Machinery and equipment n.e.c. (28)","Base Year 2021=100",""
"Domestic Industrial Price Index (Excl VAT)","2021 September","Motor vehicles, trailers and semi-trailers (29)","Base Year 2021=100","99.6323566"
"Domestic Industrial Price Index (Excl VAT)","2021 September","Other transport equipment (30)","Base Year 2021=100",""
"Domestic Industrial Price Index (Excl VAT)","2021 September","Furniture (31)","Base Year 2021=100","101.0679648"
"Domestic Industrial Price Index (Excl VAT)","2021 September","Other manufacturing (32)","Base Year 2021=100",""
"Domestic Industrial Price Index (Excl VAT)","2021 September","Mining and quarrying (05 to 09)","Base Year 2021=100","100.5187275"
"Domestic Industrial Price Index (Excl VAT)","2021 September","Repair and installation of machinery and equipment (33)","Base Year 2021=100",""
"Domestic Industrial Price Index (Excl VAT)","2021 October","Food products (10)","Base Year 2021=100","100.75772"
"Domestic Industrial Price Index (Excl VAT)","2021 October","Manufacture of beverages (11)","Base Year 2021=100",""
"Domestic Industrial Price Index (Excl VAT)","2021 October","Tobacco products (12)","Base Year 2021=100",""
"Domestic Industrial Price Index (Excl VAT)","2021 October","Textiles (13)","Base Year 2021=100","100.9964421"
"Domestic Industrial Price Index (Excl VAT)","2021 October","Wearing apparel (14)","Base Year 2021=100","100.0366865"
"Domestic Industrial Price Index (Excl VAT)","2021 October","Leather and related products (15)","Base Year 2021=100",""
"Domestic Industrial Price Index (Excl VAT)","2021 October","Wood and wood products, except furniture (16)","Base Year 2021=100","105.1628592"
"Domestic Industrial Price Index (Excl VAT)","2021 October","Paper and paper products (17)","Base Year 2021=100","101.845855"
"Domestic Industrial Price Index (Excl VAT)","2021 October","Printing and reproduction of recorded media (18)","Base Year 2021=100",""
"Domestic Industrial Price Index (Excl VAT)","2021 October","Coke and refined petroleum products (19)","Base Year 2021=100",""
"Domestic Industrial Price Index (Excl VAT)","2021 October","Chemicals and chemical products (20)","Base Year 2021=100","100.7796285"
"Domestic Industrial Price Index (Excl VAT)","2021 October","Basic pharmaceutical products and preparations (21)","Base Year 2021=100",""
"Domestic Industrial Price Index (Excl VAT)","2021 October","Rubber and plastic products (22)","Base Year 2021=100","100.7470367"
"Domestic Industrial Price Index (Excl VAT)","2021 October","Other non-metallic mineral products (23)","Base Year 2021=100","102.6268729"
"Domestic Industrial Price Index (Excl VAT)","2021 October","Basic metals (24)","Base Year 2021=100","111.574039"
"Domestic Industrial Price Index (Excl VAT)","2021 October","Fabricated metal products, except machinery and equipment (25)","Base Year 2021=100","102.6286284"
"Domestic Industrial Price Index (Excl VAT)","2021 October","Computer, electronic and optical products (26)","Base Year 2021=100",""
"Domestic Industrial Price Index (Excl VAT)","2021 October","Electrical equipment (27)","Base Year 2021=100","101.2421972"
"Domestic Industrial Price Index (Excl VAT)","2021 October","Machinery and equipment n.e.c. (28)","Base Year 2021=100",""
"Domestic Industrial Price Index (Excl VAT)","2021 October","Motor vehicles, trailers and semi-trailers (29)","Base Year 2021=100","99.6323566"
"Domestic Industrial Price Index (Excl VAT)","2021 October","Other transport equipment (30)","Base Year 2021=100",""
"Domestic Industrial Price Index (Excl VAT)","2021 October","Furniture (31)","Base Year 2021=100","101.0680515"
"Domestic Industrial Price Index (Excl VAT)","2021 October","Other manufacturing (32)","Base Year 2021=100",""
"Domestic Industrial Price Index (Excl VAT)","2021 October","Mining and quarrying (05 to 09)","Base Year 2021=100","100.5188843"
"Domestic Industrial Price Index (Excl VAT)","2021 October","Repair and installation of machinery and equipment (33)","Base Year 2021=100",""
"Domestic Industrial Price Index (Excl VAT)","2021 November","Food products (10)","Base Year 2021=100","100.8913314"
"Domestic Industrial Price Index (Excl VAT)","2021 November","Manufacture of beverages (11)","Base Year 2021=100",""
"Domestic Industrial Price Index (Excl VAT)","2021 November","Tobacco products (12)","Base Year 2021=100",""
"Domestic Industrial Price Index (Excl VAT)","2021 November","Textiles (13)","Base Year 2021=100","100.9305052"
"Domestic Industrial Price Index (Excl VAT)","2021 November","Wearing apparel (14)","Base Year 2021=100","100.0366865"
"Domestic Industrial Price Index (Excl VAT)","2021 November","Leather and related products (15)","Base Year 2021=100",""
"Domestic Industrial Price Index (Excl VAT)","2021 November","Wood and wood products, except furniture (16)","Base Year 2021=100","105.8190168"
"Domestic Industrial Price Index (Excl VAT)","2021 November","Paper and paper products (17)","Base Year 2021=100","101.9105032"
"Domestic Industrial Price Index (Excl VAT)","2021 November","Printing and reproduction of recorded media (18)","Base Year 2021=100",""
"Domestic Industrial Price Index (Excl VAT)","2021 November","Coke and refined petroleum products (19)","Base Year 2021=100",""
"Domestic Industrial Price Index (Excl VAT)","2021 November","Chemicals and chemical products (20)","Base Year 2021=100","101.0814003"
"Domestic Industrial Price Index (Excl VAT)","2021 November","Basic pharmaceutical products and preparations (21)","Base Year 2021=100",""
"Domestic Industrial Price Index (Excl VAT)","2021 November","Rubber and plastic products (22)","Base Year 2021=100","100.8451854"
"Domestic Industrial Price Index (Excl VAT)","2021 November","Other non-metallic mineral products (23)","Base Year 2021=100","103.3012686"
"Domestic Industrial Price Index (Excl VAT)","2021 November","Basic metals (24)","Base Year 2021=100","112.0689728"
"Domestic Industrial Price Index (Excl VAT)","2021 November","Fabricated metal products, except machinery and equipment (25)","Base Year 2021=100","102.7808402"
"Domestic Industrial Price Index (Excl VAT)","2021 November","Computer, electronic and optical products (26)","Base Year 2021=100",""
"Domestic Industrial Price Index (Excl VAT)","2021 November","Electrical equipment (27)","Base Year 2021=100","101.2421972"
"Domestic Industrial Price Index (Excl VAT)","2021 November","Machinery and equipment n.e.c. (28)","Base Year 2021=100",""
"Domestic Industrial Price Index (Excl VAT)","2021 November","Motor vehicles, trailers and semi-trailers (29)","Base Year 2021=100","99.6323566"
"Domestic Industrial Price Index (Excl VAT)","2021 November","Other transport equipment (30)","Base Year 2021=100",""
"Domestic Industrial Price Index (Excl VAT)","2021 November","Furniture (31)","Base Year 2021=100","101.938012"
"Domestic Industrial Price Index (Excl VAT)","2021 November","Other manufacturing (32)","Base Year 2021=100",""
"Domestic Industrial Price Index (Excl VAT)","2021 November","Mining and quarrying (05 to 09)","Base Year 2021=100","100.5196908"
"Domestic Industrial Price Index (Excl VAT)","2021 November","Repair and installation of machinery and equipment (33)","Base Year 2021=100",""
"Domestic Industrial Price Index (Excl VAT)","2021 December","Food products (10)","Base Year 2021=100","100.8577816"
"Domestic Industrial Price Index (Excl VAT)","2021 December","Manufacture of beverages (11)","Base Year 2021=100",""
"Domestic Industrial Price Index (Excl VAT)","2021 December","Tobacco products (12)","Base Year 2021=100",""
"Domestic Industrial Price Index (Excl VAT)","2021 December","Textiles (13)","Base Year 2021=100","100.5374358"
"Domestic Industrial Price Index (Excl VAT)","2021 December","Wearing apparel (14)","Base Year 2021=100","100.0366865"
"Domestic Industrial Price Index (Excl VAT)","2021 December","Leather and related products (15)","Base Year 2021=100",""
"Domestic Industrial Price Index (Excl VAT)","2021 December","Wood and wood products, except furniture (16)","Base Year 2021=100","105.1253624"
"Domestic Industrial Price Index (Excl VAT)","2021 December","Paper and paper products (17)","Base Year 2021=100","101.9163884"
"Domestic Industrial Price Index (Excl VAT)","2021 December","Printing and reproduction of recorded media (18)","Base Year 2021=100",""
"Domestic Industrial Price Index (Excl VAT)","2021 December","Coke and refined petroleum products (19)","Base Year 2021=100",""
"Domestic Industrial Price Index (Excl VAT)","2021 December","Chemicals and chemical products (20)","Base Year 2021=100","125.8759065"
"Domestic Industrial Price Index (Excl VAT)","2021 December","Basic pharmaceutical products and preparations (21)","Base Year 2021=100",""
"Domestic Industrial Price Index (Excl VAT)","2021 December","Rubber and plastic products (22)","Base Year 2021=100","101.1368397"
"Domestic Industrial Price Index (Excl VAT)","2021 December","Other non-metallic mineral products (23)","Base Year 2021=100","104.5116525"
"Domestic Industrial Price Index (Excl VAT)","2021 December","Basic metals (24)","Base Year 2021=100","112.0902076"
"Domestic Industrial Price Index (Excl VAT)","2021 December","Fabricated metal products, except machinery and equipment (25)","Base Year 2021=100","102.7827359"
"Domestic Industrial Price Index (Excl VAT)","2021 December","Computer, electronic and optical products (26)","Base Year 2021=100",""
"Domestic Industrial Price Index (Excl VAT)","2021 December","Electrical equipment (27)","Base Year 2021=100","101.2421972"
"Domestic Industrial Price Index (Excl VAT)","2021 December","Machinery and equipment n.e.c. (28)","Base Year 2021=100",""
"Domestic Industrial Price Index (Excl VAT)","2021 December","Motor vehicles, trailers and semi-trailers (29)","Base Year 2021=100","104.0400618"
"Domestic Industrial Price Index (Excl VAT)","2021 December","Other transport equipment (30)","Base Year 2021=100",""
"Domestic Industrial Price Index (Excl VAT)","2021 December","Furniture (31)","Base Year 2021=100","102.0660392"
"Domestic Industrial Price Index (Excl VAT)","2021 December","Other manufacturing (32)","Base Year 2021=100",""
"Domestic Industrial Price Index (Excl VAT)","2021 December","Mining and quarrying (05 to 09)","Base Year 2021=100","100.519634"
"Domestic Industrial Price Index (Excl VAT)","2021 December","Repair and installation of machinery and equipment (33)","Base Year 2021=100",""
"Domestic Industrial Price Index (Excl VAT)","2022 January","Food products (10)","Base Year 2021=100","102.2667147"
"Domestic Industrial Price Index (Excl VAT)","2022 January","Manufacture of beverages (11)","Base Year 2021=100",""
"Domestic Industrial Price Index (Excl VAT)","2022 January","Tobacco products (12)","Base Year 2021=100",""
"Domestic Industrial Price Index (Excl VAT)","2022 January","Textiles (13)","Base Year 2021=100","100.5374358"
"Domestic Industrial Price Index (Excl VAT)","2022 January","Wearing apparel (14)","Base Year 2021=100","100.0366865"
"Domestic Industrial Price Index (Excl VAT)","2022 January","Leather and related products (15)","Base Year 2021=100",""
"Domestic Industrial Price Index (Excl VAT)","2022 January","Wood and wood products, except furniture (16)","Base Year 2021=100","104.6380998"
"Domestic Industrial Price Index (Excl VAT)","2022 January","Paper and paper products (17)","Base Year 2021=100","103.2145861"
"Domestic Industrial Price Index (Excl VAT)","2022 January","Printing and reproduction of recorded media (18)","Base Year 2021=100",""
"Domestic Industrial Price Index (Excl VAT)","2022 January","Coke and refined petroleum products (19)","Base Year 2021=100",""
"Domestic Industrial Price Index (Excl VAT)","2022 January","Chemicals and chemical products (20)","Base Year 2021=100","126.2134415"
"Domestic Industrial Price Index (Excl VAT)","2022 January","Basic pharmaceutical products and preparations (21)","Base Year 2021=100",""
"Domestic Industrial Price Index (Excl VAT)","2022 January","Rubber and plastic products (22)","Base Year 2021=100","101.1369655"
"Domestic Industrial Price Index (Excl VAT)","2022 January","Other non-metallic mineral products (23)","Base Year 2021=100","105.9815384"
"Domestic Industrial Price Index (Excl VAT)","2022 January","Basic metals (24)","Base Year 2021=100","112.1382908"
"Domestic Industrial Price Index (Excl VAT)","2022 January","Fabricated metal products, except machinery and equipment (25)","Base Year 2021=100","102.93103"
"Domestic Industrial Price Index (Excl VAT)","2022 January","Computer, electronic and optical products (26)","Base Year 2021=100",""
"Domestic Industrial Price Index (Excl VAT)","2022 January","Electrical equipment (27)","Base Year 2021=100","102.6618036"
"Domestic Industrial Price Index (Excl VAT)","2022 January","Machinery and equipment n.e.c. (28)","Base Year 2021=100",""
"Domestic Industrial Price Index (Excl VAT)","2022 January","Motor vehicles, trailers and semi-trailers (29)","Base Year 2021=100","104.0400618"
"Domestic Industrial Price Index (Excl VAT)","2022 January","Other transport equipment (30)","Base Year 2021=100",""
"Domestic Industrial Price Index (Excl VAT)","2022 January","Furniture (31)","Base Year 2021=100","103.3953466"
"Domestic Industrial Price Index (Excl VAT)","2022 January","Other manufacturing (32)","Base Year 2021=100",""
"Domestic Industrial Price Index (Excl VAT)","2022 January","Mining and quarrying (05 to 09)","Base Year 2021=100","100.5337348"
"Domestic Industrial Price Index (Excl VAT)","2022 January","Repair and installation of machinery and equipment (33)","Base Year 2021=100",""
"Domestic Industrial Price Index (Excl VAT)","2022 February","Food products (10)","Base Year 2021=100","103.0072782"
"Domestic Industrial Price Index (Excl VAT)","2022 February","Manufacture of beverages (11)","Base Year 2021=100",""
"Domestic Industrial Price Index (Excl VAT)","2022 February","Tobacco products (12)","Base Year 2021=100",""
"Domestic Industrial Price Index (Excl VAT)","2022 February","Textiles (13)","Base Year 2021=100","100.5374358"
"Domestic Industrial Price Index (Excl VAT)","2022 February","Wearing apparel (14)","Base Year 2021=100","100.0366865"
"Domestic Industrial Price Index (Excl VAT)","2022 February","Leather and related products (15)","Base Year 2021=100",""
"Domestic Industrial Price Index (Excl VAT)","2022 February","Wood and wood products, except furniture (16)","Base Year 2021=100","104.2910699"
"Domestic Industrial Price Index (Excl VAT)","2022 February","Paper and paper products (17)","Base Year 2021=100","103.3651079"
"Domestic Industrial Price Index (Excl VAT)","2022 February","Printing and reproduction of recorded media (18)","Base Year 2021=100",""
"Domestic Industrial Price Index (Excl VAT)","2022 February","Coke and refined petroleum products (19)","Base Year 2021=100",""
"Domestic Industrial Price Index (Excl VAT)","2022 February","Chemicals and chemical products (20)","Base Year 2021=100","126.2760141"
"Domestic Industrial Price Index (Excl VAT)","2022 February","Basic pharmaceutical products and preparations (21)","Base Year 2021=100",""
"Domestic Industrial Price Index (Excl VAT)","2022 February","Rubber and plastic products (22)","Base Year 2021=100","101.1370241"
"Domestic Industrial Price Index (Excl VAT)","2022 February","Other non-metallic mineral products (23)","Base Year 2021=100","107.675284"
"Domestic Industrial Price Index (Excl VAT)","2022 February","Basic metals (24)","Base Year 2021=100","112.9324291"
"Domestic Industrial Price Index (Excl VAT)","2022 February","Fabricated metal products, except machinery and equipment (25)","Base Year 2021=100","103.2355138"
"Domestic Industrial Price Index (Excl VAT)","2022 February","Computer, electronic and optical products (26)","Base Year 2021=100",""
"Domestic Industrial Price Index (Excl VAT)","2022 February","Electrical equipment (27)","Base Year 2021=100","102.6618036"
"Domestic Industrial Price Index (Excl VAT)","2022 February","Machinery and equipment n.e.c. (28)","Base Year 2021=100",""
"Domestic Industrial Price Index (Excl VAT)","2022 February","Motor vehicles, trailers and semi-trailers (29)","Base Year 2021=100","104.0400618"
"Domestic Industrial Price Index (Excl VAT)","2022 February","Other transport equipment (30)","Base Year 2021=100",""
"Domestic Industrial Price Index (Excl VAT)","2022 February","Furniture (31)","Base Year 2021=100","103.3953466"
"Domestic Industrial Price Index (Excl VAT)","2022 February","Other manufacturing (32)","Base Year 2021=100",""
"Domestic Industrial Price Index (Excl VAT)","2022 February","Mining and quarrying (05 to 09)","Base Year 2021=100","100.5398188"
"Domestic Industrial Price Index (Excl VAT)","2022 February","Repair and installation of machinery and equipment (33)","Base Year 2021=100",""
"Domestic Industrial Price Index (Excl VAT)","2022 March","Food products (10)","Base Year 2021=100","106.5980846"
"Domestic Industrial Price Index (Excl VAT)","2022 March","Manufacture of beverages (11)","Base Year 2021=100",""
"Domestic Industrial Price Index (Excl VAT)","2022 March","Tobacco products (12)","Base Year 2021=100",""
"Domestic Industrial Price Index (Excl VAT)","2022 March","Textiles (13)","Base Year 2021=100","100.5374358"
"Domestic Industrial Price Index (Excl VAT)","2022 March","Wearing apparel (14)","Base Year 2021=100","100.0366865"
"Domestic Industrial Price Index (Excl VAT)","2022 March","Leather and related products (15)","Base Year 2021=100",""
"Domestic Industrial Price Index (Excl VAT)","2022 March","Wood and wood products, except furniture (16)","Base Year 2021=100","104.0426307"
"Domestic Industrial Price Index (Excl VAT)","2022 March","Paper and paper products (17)","Base Year 2021=100","103.5724452"
"Domestic Industrial Price Index (Excl VAT)","2022 March","Printing and reproduction of recorded media (18)","Base Year 2021=100",""
"Domestic Industrial Price Index (Excl VAT)","2022 March","Coke and refined petroleum products (19)","Base Year 2021=100",""
"Domestic Industrial Price Index (Excl VAT)","2022 March","Chemicals and chemical products (20)","Base Year 2021=100","128.8323545"
"Domestic Industrial Price Index (Excl VAT)","2022 March","Basic pharmaceutical products and preparations (21)","Base Year 2021=100",""
"Domestic Industrial Price Index (Excl VAT)","2022 March","Rubber and plastic products (22)","Base Year 2021=100","101.328663"
"Domestic Industrial Price Index (Excl VAT)","2022 March","Other non-metallic mineral products (23)","Base Year 2021=100","108.5887532"
"Domestic Industrial Price Index (Excl VAT)","2022 March","Basic metals (24)","Base Year 2021=100","114.3399673"
"Domestic Industrial Price Index (Excl VAT)","2022 March","Fabricated metal products, except machinery and equipment (25)","Base Year 2021=100","106.9741676"
"Domestic Industrial Price Index (Excl VAT)","2022 March","Computer, electronic and optical products (26)","Base Year 2021=100",""
"Domestic Industrial Price Index (Excl VAT)","2022 March","Electrical equipment (27)","Base Year 2021=100","102.6618036"
"Domestic Industrial Price Index (Excl VAT)","2022 March","Machinery and equipment n.e.c. (28)","Base Year 2021=100",""
"Domestic Industrial Price Index (Excl VAT)","2022 March","Motor vehicles, trailers and semi-trailers (29)","Base Year 2021=100","104.2477783"
"Domestic Industrial Price Index (Excl VAT)","2022 March","Other transport equipment (30)","Base Year 2021=100",""
"Domestic Industrial Price Index (Excl VAT)","2022 March","Furniture (31)","Base Year 2021=100","103.4816963"
"Domestic Industrial Price Index (Excl VAT)","2022 March","Other manufacturing (32)","Base Year 2021=100",""
"Domestic Industrial Price Index (Excl VAT)","2022 March","Mining and quarrying (05 to 09)","Base Year 2021=100","100.5455991"
"Domestic Industrial Price Index (Excl VAT)","2022 March","Repair and installation of machinery and equipment (33)","Base Year 2021=100",""
"Domestic Industrial Price Index (Excl VAT)","2022 April","Food products (10)","Base Year 2021=100","115.5142706"
"Domestic Industrial Price Index (Excl VAT)","2022 April","Manufacture of beverages (11)","Base Year 2021=100",""
"Domestic Industrial Price Index (Excl VAT)","2022 April","Tobacco products (12)","Base Year 2021=100",""
"Domestic Industrial Price Index (Excl VAT)","2022 April","Textiles (13)","Base Year 2021=100","102.6223381"
"Domestic Industrial Price Index (Excl VAT)","2022 April","Wearing apparel (14)","Base Year 2021=100","100.0366865"
"Domestic Industrial Price Index (Excl VAT)","2022 April","Leather and related products (15)","Base Year 2021=100",""
"Domestic Industrial Price Index (Excl VAT)","2022 April","Wood and wood products, except furniture (16)","Base Year 2021=100","104.0871082"
"Domestic Industrial Price Index (Excl VAT)","2022 April","Paper and paper products (17)","Base Year 2021=100","104.4882161"
"Domestic Industrial Price Index (Excl VAT)","2022 April","Printing and reproduction of recorded media (18)","Base Year 2021=100",""
"Domestic Industrial Price Index (Excl VAT)","2022 April","Coke and refined petroleum products (19)","Base Year 2021=100",""
"Domestic Industrial Price Index (Excl VAT)","2022 April","Chemicals and chemical products (20)","Base Year 2021=100","130.3552285"
"Domestic Industrial Price Index (Excl VAT)","2022 April","Basic pharmaceutical products and preparations (21)","Base Year 2021=100",""
"Domestic Industrial Price Index (Excl VAT)","2022 April","Rubber and plastic products (22)","Base Year 2021=100","101.3289515"
"Domestic Industrial Price Index (Excl VAT)","2022 April","Other non-metallic mineral products (23)","Base Year 2021=100","110.0886579"
"Domestic Industrial Price Index (Excl VAT)","2022 April","Basic metals (24)","Base Year 2021=100","126.4600373"
"Domestic Industrial Price Index (Excl VAT)","2022 April","Fabricated metal products, except machinery and equipment (25)","Base Year 2021=100","110.8013677"
"Domestic Industrial Price Index (Excl VAT)","2022 April","Computer, electronic and optical products (26)","Base Year 2021=100",""
"Domestic Industrial Price Index (Excl VAT)","2022 April","Electrical equipment (27)","Base Year 2021=100","102.6618036"
"Domestic Industrial Price Index (Excl VAT)","2022 April","Machinery and equipment n.e.c. (28)","Base Year 2021=100",""
"Domestic Industrial Price Index (Excl VAT)","2022 April","Motor vehicles, trailers and semi-trailers (29)","Base Year 2021=100","105.02652"
"Domestic Industrial Price Index (Excl VAT)","2022 April","Other transport equipment (30)","Base Year 2021=100",""
"Domestic Industrial Price Index (Excl VAT)","2022 April","Furniture (31)","Base Year 2021=100","103.4819141"
"Domestic Industrial Price Index (Excl VAT)","2022 April","Other manufacturing (32)","Base Year 2021=100",""
"Domestic Industrial Price Index (Excl VAT)","2022 April","Mining and quarrying (05 to 09)","Base Year 2021=100","100.5457793"
"Domestic Industrial Price Index (Excl VAT)","2022 April","Repair and installation of machinery and equipment (33)","Base Year 2021=100",""
"Domestic Industrial Price Index (Excl VAT)","2022 May","Food products (10)","Base Year 2021=100","116.254242"
"Domestic Industrial Price Index (Excl VAT)","2022 May","Manufacture of beverages (11)","Base Year 2021=100",""
"Domestic Industrial Price Index (Excl VAT)","2022 May","Tobacco products (12)","Base Year 2021=100",""
"Domestic Industrial Price Index (Excl VAT)","2022 May","Textiles (13)","Base Year 2021=100","106.0270547"
"Domestic Industrial Price Index (Excl VAT)","2022 May","Wearing apparel (14)","Base Year 2021=100","100.0366865"
"Domestic Industrial Price Index (Excl VAT)","2022 May","Leather and related products (15)","Base Year 2021=100",""
"Domestic Industrial Price Index (Excl VAT)","2022 May","Wood and wood products, except furniture (16)","Base Year 2021=100","108.3717119"
"Domestic Industrial Price Index (Excl VAT)","2022 May","Paper and paper products (17)","Base Year 2021=100","104.4884027"
"Domestic Industrial Price Index (Excl VAT)","2022 May","Printing and reproduction of recorded media (18)","Base Year 2021=100",""
"Domestic Industrial Price Index (Excl VAT)","2022 May","Coke and refined petroleum products (19)","Base Year 2021=100",""
"Domestic Industrial Price Index (Excl VAT)","2022 May","Chemicals and chemical products (20)","Base Year 2021=100","131.2839198"
"Domestic Industrial Price Index (Excl VAT)","2022 May","Basic pharmaceutical products and preparations (21)","Base Year 2021=100",""
"Domestic Industrial Price Index (Excl VAT)","2022 May","Rubber and plastic products (22)","Base Year 2021=100","102.2926498"
"Domestic Industrial Price Index (Excl VAT)","2022 May","Other non-metallic mineral products (23)","Base Year 2021=100","111.146544"
"Domestic Industrial Price Index (Excl VAT)","2022 May","Basic metals (24)","Base Year 2021=100","127.1497635"
"Domestic Industrial Price Index (Excl VAT)","2022 May","Fabricated metal products, except machinery and equipment (25)","Base Year 2021=100","112.4860207"
"Domestic Industrial Price Index (Excl VAT)","2022 May","Computer, electronic and optical products (26)","Base Year 2021=100",""
"Domestic Industrial Price Index (Excl VAT)","2022 May","Electrical equipment (27)","Base Year 2021=100","102.6618036"
"Domestic Industrial Price Index (Excl VAT)","2022 May","Machinery and equipment n.e.c. (28)","Base Year 2021=100",""
"Domestic Industrial Price Index (Excl VAT)","2022 May","Motor vehicles, trailers and semi-trailers (29)","Base Year 2021=100","107.939607"
"Domestic Industrial Price Index (Excl VAT)","2022 May","Other transport equipment (30)","Base Year 2021=100",""
"Domestic Industrial Price Index (Excl VAT)","2022 May","Furniture (31)","Base Year 2021=100","103.6197832"
"Domestic Industrial Price Index (Excl VAT)","2022 May","Other manufacturing (32)","Base Year 2021=100",""
"Domestic Industrial Price Index (Excl VAT)","2022 May","Mining and quarrying (05 to 09)","Base Year 2021=100","101.259194"
"Domestic Industrial Price Index (Excl VAT)","2022 May","Repair and installation of machinery and equipment (33)","Base Year 2021=100",""
"Domestic Industrial Price Index (Excl VAT)","2022 June","Food products (10)","Base Year 2021=100","116.7498681"
"Domestic Industrial Price Index (Excl VAT)","2022 June","Manufacture of beverages (11)","Base Year 2021=100",""
"Domestic Industrial Price Index (Excl VAT)","2022 June","Tobacco products (12)","Base Year 2021=100",""
"Domestic Industrial Price Index (Excl VAT)","2022 June","Textiles (13)","Base Year 2021=100","106.6666176"
"Domestic Industrial Price Index (Excl VAT)","2022 June","Wearing apparel (14)","Base Year 2021=100","100.0412961"
"Domestic Industrial Price Index (Excl VAT)","2022 June","Leather and related products (15)","Base Year 2021=100",""
"Domestic Industrial Price Index (Excl VAT)","2022 June","Wood and wood products, except furniture (16)","Base Year 2021=100","108.4979897"
"Domestic Industrial Price Index (Excl VAT)","2022 June","Paper and paper products (17)","Base Year 2021=100","106.5611365"
"Domestic Industrial Price Index (Excl VAT)","2022 June","Printing and reproduction of recorded media (18)","Base Year 2021=100",""
"Domestic Industrial Price Index (Excl VAT)","2022 June","Coke and refined petroleum products (19)","Base Year 2021=100",""
"Domestic Industrial Price Index (Excl VAT)","2022 June","Chemicals and chemical products (20)","Base Year 2021=100","131.2852587"
"Domestic Industrial Price Index (Excl VAT)","2022 June","Basic pharmaceutical products and preparations (21)","Base Year 2021=100",""
"Domestic Industrial Price Index (Excl VAT)","2022 June","Rubber and plastic products (22)","Base Year 2021=100","102.5586472"
"Domestic Industrial Price Index (Excl VAT)","2022 June","Other non-metallic mineral products (23)","Base Year 2021=100","113.3335784"
"Domestic Industrial Price Index (Excl VAT)","2022 June","Basic metals (24)","Base Year 2021=100","135.1695366"
"Domestic Industrial Price Index (Excl VAT)","2022 June","Fabricated metal products, except machinery and equipment (25)","Base Year 2021=100","113.8269171"
"Domestic Industrial Price Index (Excl VAT)","2022 June","Computer, electronic and optical products (26)","Base Year 2021=100",""
"Domestic Industrial Price Index (Excl VAT)","2022 June","Electrical equipment (27)","Base Year 2021=100","102.6618036"
"Domestic Industrial Price Index (Excl VAT)","2022 June","Machinery and equipment n.e.c. (28)","Base Year 2021=100",""
"Domestic Industrial Price Index (Excl VAT)","2022 June","Motor vehicles, trailers and semi-trailers (29)","Base Year 2021=100","107.9265948"
"Domestic Industrial Price Index (Excl VAT)","2022 June","Other transport equipment (30)","Base Year 2021=100",""
"Domestic Industrial Price Index (Excl VAT)","2022 June","Furniture (31)","Base Year 2021=100","103.6197832"
"Domestic Industrial Price Index (Excl VAT)","2022 June","Other manufacturing (32)","Base Year 2021=100",""
"Domestic Industrial Price Index (Excl VAT)","2022 June","Mining and quarrying (05 to 09)","Base Year 2021=100","101.2622099"
"Domestic Industrial Price Index (Excl VAT)","2022 June","Repair and installation of machinery and equipment (33)","Base Year 2021=100",""
"Domestic Industrial Price Index (Excl VAT)","2022 July","Food products (10)","Base Year 2021=100","117.5660767"
"Domestic Industrial Price Index (Excl VAT)","2022 July","Manufacture of beverages (11)","Base Year 2021=100",""
"Domestic Industrial Price Index (Excl VAT)","2022 July","Tobacco products (12)","Base Year 2021=100",""
"Domestic Industrial Price Index (Excl VAT)","2022 July","Textiles (13)","Base Year 2021=100","106.6666176"
"Domestic Industrial Price Index (Excl VAT)","2022 July","Wearing apparel (14)","Base Year 2021=100","100.0412961"
"Domestic Industrial Price Index (Excl VAT)","2022 July","Leather and related products (15)","Base Year 2021=100",""
"Domestic Industrial Price Index (Excl VAT)","2022 July","Wood and wood products, except furniture (16)","Base Year 2021=100","108.9646093"
"Domestic Industrial Price Index (Excl VAT)","2022 July","Paper and paper products (17)","Base Year 2021=100","106.2456637"
"Domestic Industrial Price Index (Excl VAT)","2022 July","Printing and reproduction of recorded media (18)","Base Year 2021=100",""
"Domestic Industrial Price Index (Excl VAT)","2022 July","Coke and refined petroleum products (19)","Base Year 2021=100",""
"Domestic Industrial Price Index (Excl VAT)","2022 July","Chemicals and chemical products (20)","Base Year 2021=100","157.6674644"
"Domestic Industrial Price Index (Excl VAT)","2022 July","Basic pharmaceutical products and preparations (21)","Base Year 2021=100",""
"Domestic Industrial Price Index (Excl VAT)","2022 July","Rubber and plastic products (22)","Base Year 2021=100","102.558908"
"Domestic Industrial Price Index (Excl VAT)","2022 July","Other non-metallic mineral products (23)","Base Year 2021=100","116.9468059"
"Domestic Industrial Price Index (Excl VAT)","2022 July","Basic metals (24)","Base Year 2021=100","126.235684"
"Domestic Industrial Price Index (Excl VAT)","2022 July","Fabricated metal products, except machinery and equipment (25)","Base Year 2021=100","114.1809886"
"Domestic Industrial Price Index (Excl VAT)","2022 July","Computer, electronic and optical products (26)","Base Year 2021=100",""
"Domestic Industrial Price Index (Excl VAT)","2022 July","Electrical equipment (27)","Base Year 2021=100","110.749494"
"Domestic Industrial Price Index (Excl VAT)","2022 July","Machinery and equipment n.e.c. (28)","Base Year 2021=100",""
"Domestic Industrial Price Index (Excl VAT)","2022 July","Motor vehicles, trailers and semi-trailers (29)","Base Year 2021=100","107.9265948"
"Domestic Industrial Price Index (Excl VAT)","2022 July","Other transport equipment (30)","Base Year 2021=100",""
"Domestic Industrial Price Index (Excl VAT)","2022 July","Furniture (31)","Base Year 2021=100","103.6197832"
"Domestic Industrial Price Index (Excl VAT)","2022 July","Other manufacturing (32)","Base Year 2021=100",""
"Domestic Industrial Price Index (Excl VAT)","2022 July","Mining and quarrying (05 to 09)","Base Year 2021=100","101.264453"
"Domestic Industrial Price Index (Excl VAT)","2022 July","Repair and installation of machinery and equipment (33)","Base Year 2021=100",""
"Domestic Industrial Price Index (Excl VAT)","2022 August","Food products (10)","Base Year 2021=100","119.8418317"
"Domestic Industrial Price Index (Excl VAT)","2022 August","Manufacture of beverages (11)","Base Year 2021=100",""
"Domestic Industrial Price Index (Excl VAT)","2022 August","Tobacco products (12)","Base Year 2021=100",""
"Domestic Industrial Price Index (Excl VAT)","2022 August","Textiles (13)","Base Year 2021=100","106.6666176"
"Domestic Industrial Price Index (Excl VAT)","2022 August","Wearing apparel (14)","Base Year 2021=100","100.0412961"
"Domestic Industrial Price Index (Excl VAT)","2022 August","Leather and related products (15)","Base Year 2021=100",""
"Domestic Industrial Price Index (Excl VAT)","2022 August","Wood and wood products, except furniture (16)","Base Year 2021=100","109.1681829"
"Domestic Industrial Price Index (Excl VAT)","2022 August","Paper and paper products (17)","Base Year 2021=100","107.0561406"
"Domestic Industrial Price Index (Excl VAT)","2022 August","Printing and reproduction of recorded media (18)","Base Year 2021=100",""
"Domestic Industrial Price Index (Excl VAT)","2022 August","Coke and refined petroleum products (19)","Base Year 2021=100",""
"Domestic Industrial Price Index (Excl VAT)","2022 August","Chemicals and chemical products (20)","Base Year 2021=100","157.6680498"
"Domestic Industrial Price Index (Excl VAT)","2022 August","Basic pharmaceutical products and preparations (21)","Base Year 2021=100",""
"Domestic Industrial Price Index (Excl VAT)","2022 August","Rubber and plastic products (22)","Base Year 2021=100","102.5588873"
"Domestic Industrial Price Index (Excl VAT)","2022 August","Other non-metallic mineral products (23)","Base Year 2021=100","120.2558624"
"Domestic Industrial Price Index (Excl VAT)","2022 August","Basic metals (24)","Base Year 2021=100","123.7175827"
"Domestic Industrial Price Index (Excl VAT)","2022 August","Fabricated metal products, except machinery and equipment (25)","Base Year 2021=100","116.1236448"
"Domestic Industrial Price Index (Excl VAT)","2022 August","Computer, electronic and optical products (26)","Base Year 2021=100",""
"Domestic Industrial Price Index (Excl VAT)","2022 August","Electrical equipment (27)","Base Year 2021=100","110.749494"
"Domestic Industrial Price Index (Excl VAT)","2022 August","Machinery and equipment n.e.c. (28)","Base Year 2021=100",""
"Domestic Industrial Price Index (Excl VAT)","2022 August","Motor vehicles, trailers and semi-trailers (29)","Base Year 2021=100","107.5029323"
"Domestic Industrial Price Index (Excl VAT)","2022 August","Other transport equipment (30)","Base Year 2021=100",""
"Domestic Industrial Price Index (Excl VAT)","2022 August","Furniture (31)","Base Year 2021=100","109.7896132"
"Domestic Industrial Price Index (Excl VAT)","2022 August","Other manufacturing (32)","Base Year 2021=100",""
"Domestic Industrial Price Index (Excl VAT)","2022 August","Mining and quarrying (05 to 09)","Base Year 2021=100","101.2649677"
"Domestic Industrial Price Index (Excl VAT)","2022 August","Repair and installation of machinery and equipment (33)","Base Year 2021=100",""
"Domestic Industrial Price Index (Excl VAT)","2022 September","Food products (10)","Base Year 2021=100","128.8623319"
"Domestic Industrial Price Index (Excl VAT)","2022 September","Manufacture of beverages (11)","Base Year 2021=100",""
"Domestic Industrial Price Index (Excl VAT)","2022 September","Tobacco products (12)","Base Year 2021=100",""
"Domestic Industrial Price Index (Excl VAT)","2022 September","Textiles (13)","Base Year 2021=100","107.3396644"
"Domestic Industrial Price Index (Excl VAT)","2022 September","Wearing apparel (14)","Base Year 2021=100","100.0412961"
"Domestic Industrial Price Index (Excl VAT)","2022 September","Leather and related products (15)","Base Year 2021=100",""
"Domestic Industrial Price Index (Excl VAT)","2022 September","Wood and wood products, except furniture (16)","Base Year 2021=100","109.1807626"
"Domestic Industrial Price Index (Excl VAT)","2022 September","Paper and paper products (17)","Base Year 2021=100","107.1319301"
"Domestic Industrial Price Index (Excl VAT)","2022 September","Printing and reproduction of recorded media (18)","Base Year 2021=100",""
"Domestic Industrial Price Index (Excl VAT)","2022 September","Coke and refined petroleum products (19)","Base Year 2021=100",""
"Domestic Industrial Price Index (Excl VAT)","2022 September","Chemicals and chemical products (20)","Base Year 2021=100","157.7522857"
"Domestic Industrial Price Index (Excl VAT)","2022 September","Basic pharmaceutical products and preparations (21)","Base Year 2021=100",""
"Domestic Industrial Price Index (Excl VAT)","2022 September","Rubber and plastic products (22)","Base Year 2021=100","102.5592931"
"Domestic Industrial Price Index (Excl VAT)","2022 September","Other non-metallic mineral products (23)","Base Year 2021=100","121.0425056"
"Domestic Industrial Price Index (Excl VAT)","2022 September","Basic metals (24)","Base Year 2021=100","123.7175351"
"Domestic Industrial Price Index (Excl VAT)","2022 September","Fabricated metal products, except machinery and equipment (25)","Base Year 2021=100","116.1363221"
"Domestic Industrial Price Index (Excl VAT)","2022 September","Computer, electronic and optical products (26)","Base Year 2021=100",""
"Domestic Industrial Price Index (Excl VAT)","2022 September","Electrical equipment (27)","Base Year 2021=100","110.749494"
"Domestic Industrial Price Index (Excl VAT)","2022 September","Machinery and equipment n.e.c. (28)","Base Year 2021=100",""
"Domestic Industrial Price Index (Excl VAT)","2022 September","Motor vehicles, trailers and semi-trailers (29)","Base Year 2021=100","107.3199989"
"Domestic Industrial Price Index (Excl VAT)","2022 September","Other transport equipment (30)","Base Year 2021=100",""
"Domestic Industrial Price Index (Excl VAT)","2022 September","Furniture (31)","Base Year 2021=100","109.8505168"
"Domestic Industrial Price Index (Excl VAT)","2022 September","Other manufacturing (32)","Base Year 2021=100",""
"Domestic Industrial Price Index (Excl VAT)","2022 September","Mining and quarrying (05 to 09)","Base Year 2021=100","101.185408"
"Domestic Industrial Price Index (Excl VAT)","2022 September","Repair and installation of machinery and equipment (33)","Base Year 2021=100",""
"Domestic Industrial Price Index (Excl VAT)","2022 October","Food products (10)","Base Year 2021=100","128.2225168"
"Domestic Industrial Price Index (Excl VAT)","2022 October","Manufacture of beverages (11)","Base Year 2021=100",""
"Domestic Industrial Price Index (Excl VAT)","2022 October","Tobacco products (12)","Base Year 2021=100",""
"Domestic Industrial Price Index (Excl VAT)","2022 October","Textiles (13)","Base Year 2021=100","107.4035346"
"Domestic Industrial Price Index (Excl VAT)","2022 October","Wearing apparel (14)","Base Year 2021=100","100.0412961"
"Domestic Industrial Price Index (Excl VAT)","2022 October","Leather and related products (15)","Base Year 2021=100",""
"Domestic Industrial Price Index (Excl VAT)","2022 October","Wood and wood products, except furniture (16)","Base Year 2021=100","109.1694764"
"Domestic Industrial Price Index (Excl VAT)","2022 October","Paper and paper products (17)","Base Year 2021=100","107.1685452"
"Domestic Industrial Price Index (Excl VAT)","2022 October","Printing and reproduction of recorded media (18)","Base Year 2021=100",""
"Domestic Industrial Price Index (Excl VAT)","2022 October","Coke and refined petroleum products (19)","Base Year 2021=100",""
"Domestic Industrial Price Index (Excl VAT)","2022 October","Chemicals and chemical products (20)","Base Year 2021=100","158.2737164"
"Domestic Industrial Price Index (Excl VAT)","2022 October","Basic pharmaceutical products and preparations (21)","Base Year 2021=100",""
"Domestic Industrial Price Index (Excl VAT)","2022 October","Rubber and plastic products (22)","Base Year 2021=100","102.4215558"
"Domestic Industrial Price Index (Excl VAT)","2022 October","Other non-metallic mineral products (23)","Base Year 2021=100","122.8965283"
"Domestic Industrial Price Index (Excl VAT)","2022 October","Basic metals (24)","Base Year 2021=100","124.4773621"
"Domestic Industrial Price Index (Excl VAT)","2022 October","Fabricated metal products, except machinery and equipment (25)","Base Year 2021=100","116.1471261"
"Domestic Industrial Price Index (Excl VAT)","2022 October","Computer, electronic and optical products (26)","Base Year 2021=100",""
"Domestic Industrial Price Index (Excl VAT)","2022 October","Electrical equipment (27)","Base Year 2021=100","110.749494"
"Domestic Industrial Price Index (Excl VAT)","2022 October","Machinery and equipment n.e.c. (28)","Base Year 2021=100",""
"Domestic Industrial Price Index (Excl VAT)","2022 October","Motor vehicles, trailers and semi-trailers (29)","Base Year 2021=100","107.9932878"
"Domestic Industrial Price Index (Excl VAT)","2022 October","Other transport equipment (30)","Base Year 2021=100",""
"Domestic Industrial Price Index (Excl VAT)","2022 October","Furniture (31)","Base Year 2021=100","109.8515426"
"Domestic Industrial Price Index (Excl VAT)","2022 October","Other manufacturing (32)","Base Year 2021=100",""
"Domestic Industrial Price Index (Excl VAT)","2022 October","Mining and quarrying (05 to 09)","Base Year 2021=100","101.1874324"
"Domestic Industrial Price Index (Excl VAT)","2022 October","Repair and installation of machinery and equipment (33)","Base Year 2021=100",""
"Domestic Industrial Price Index (Excl VAT)","2022 November","Food products (10)","Base Year 2021=100","128.2614084"
"Domestic Industrial Price Index (Excl VAT)","2022 November","Manufacture of beverages (11)","Base Year 2021=100",""
"Domestic Industrial Price Index (Excl VAT)","2022 November","Tobacco products (12)","Base Year 2021=100",""
"Domestic Industrial Price Index (Excl VAT)","2022 November","Textiles (13)","Base Year 2021=100","107.8937663"
"Domestic Industrial Price Index (Excl VAT)","2022 November","Wearing apparel (14)","Base Year 2021=100","101.8021297"
"Domestic Industrial Price Index (Excl VAT)","2022 November","Leather and related products (15)","Base Year 2021=100",""
"Domestic Industrial Price Index (Excl VAT)","2022 November","Wood and wood products, except furniture (16)","Base Year 2021=100","109.3643654"
"Domestic Industrial Price Index (Excl VAT)","2022 November","Paper and paper products (17)","Base Year 2021=100","107.1103452"
"Domestic Industrial Price Index (Excl VAT)","2022 November","Printing and reproduction of recorded media (18)","Base Year 2021=100",""
"Domestic Industrial Price Index (Excl VAT)","2022 November","Coke and refined petroleum products (19)","Base Year 2021=100",""
"Domestic Industrial Price Index (Excl VAT)","2022 November","Chemicals and chemical products (20)","Base Year 2021=100","158.3208593"
"Domestic Industrial Price Index (Excl VAT)","2022 November","Basic pharmaceutical products and preparations (21)","Base Year 2021=100",""
"Domestic Industrial Price Index (Excl VAT)","2022 November","Rubber and plastic products (22)","Base Year 2021=100","102.4215265"
"Domestic Industrial Price Index (Excl VAT)","2022 November","Other non-metallic mineral products (23)","Base Year 2021=100","124.1453599"
"Domestic Industrial Price Index (Excl VAT)","2022 November","Basic metals (24)","Base Year 2021=100","125.1582841"
"Domestic Industrial Price Index (Excl VAT)","2022 November","Fabricated metal products, except machinery and equipment (25)","Base Year 2021=100","116.0525865"
"Domestic Industrial Price Index (Excl VAT)","2022 November","Computer, electronic and optical products (26)","Base Year 2021=100",""
"Domestic Industrial Price Index (Excl VAT)","2022 November","Electrical equipment (27)","Base Year 2021=100","110.749494"
"Domestic Industrial Price Index (Excl VAT)","2022 November","Machinery and equipment n.e.c. (28)","Base Year 2021=100",""
"Domestic Industrial Price Index (Excl VAT)","2022 November","Motor vehicles, trailers and semi-trailers (29)","Base Year 2021=100","107.9932878"
"Domestic Industrial Price Index (Excl VAT)","2022 November","Other transport equipment (30)","Base Year 2021=100",""
"Domestic Industrial Price Index (Excl VAT)","2022 November","Furniture (31)","Base Year 2021=100","109.8515426"
"Domestic Industrial Price Index (Excl VAT)","2022 November","Other manufacturing (32)","Base Year 2021=100",""
"Domestic Industrial Price Index (Excl VAT)","2022 November","Mining and quarrying (05 to 09)","Base Year 2021=100","101.1891217"
"Domestic Industrial Price Index (Excl VAT)","2022 November","Repair and installation of machinery and equipment (33)","Base Year 2021=100",""
"Domestic Industrial Price Index (Excl VAT)","2022 December","Food products (10)","Base Year 2021=100","128.230169"
"Domestic Industrial Price Index (Excl VAT)","2022 December","Manufacture of beverages (11)","Base Year 2021=100",""
"Domestic Industrial Price Index (Excl VAT)","2022 December","Tobacco products (12)","Base Year 2021=100",""
"Domestic Industrial Price Index (Excl VAT)","2022 December","Textiles (13)","Base Year 2021=100","107.8937663"
"Domestic Industrial Price Index (Excl VAT)","2022 December","Wearing apparel (14)","Base Year 2021=100","101.8021297"
"Domestic Industrial Price Index (Excl VAT)","2022 December","Leather and related products (15)","Base Year 2021=100",""
"Domestic Industrial Price Index (Excl VAT)","2022 December","Wood and wood products, except furniture (16)","Base Year 2021=100","109.3514256"
"Domestic Industrial Price Index (Excl VAT)","2022 December","Paper and paper products (17)","Base Year 2021=100","107.1103452"
"Domestic Industrial Price Index (Excl VAT)","2022 December","Printing and reproduction of recorded media (18)","Base Year 2021=100",""
"Domestic Industrial Price Index (Excl VAT)","2022 December","Coke and refined petroleum products (19)","Base Year 2021=100",""
"Domestic Industrial Price Index (Excl VAT)","2022 December","Chemicals and chemical products (20)","Base Year 2021=100","158.3208593"
"Domestic Industrial Price Index (Excl VAT)","2022 December","Basic pharmaceutical products and preparations (21)","Base Year 2021=100",""
"Domestic Industrial Price Index (Excl VAT)","2022 December","Rubber and plastic products (22)","Base Year 2021=100","102.4215184"
"Domestic Industrial Price Index (Excl VAT)","2022 December","Other non-metallic mineral products (23)","Base Year 2021=100","125.1384936"
"Domestic Industrial Price Index (Excl VAT)","2022 December","Basic metals (24)","Base Year 2021=100","124.8315737"
"Domestic Industrial Price Index (Excl VAT)","2022 December","Fabricated metal products, except machinery and equipment (25)","Base Year 2021=100","116.0440974"
"Domestic Industrial Price Index (Excl VAT)","2022 December","Computer, electronic and optical products (26)","Base Year 2021=100",""
"Domestic Industrial Price Index (Excl VAT)","2022 December","Electrical equipment (27)","Base Year 2021=100","110.749494"
"Domestic Industrial Price Index (Excl VAT)","2022 December","Machinery and equipment n.e.c. (28)","Base Year 2021=100",""
"Domestic Industrial Price Index (Excl VAT)","2022 December","Motor vehicles, trailers and semi-trailers (29)","Base Year 2021=100","110.3202237"
"Domestic Industrial Price Index (Excl VAT)","2022 December","Other transport equipment (30)","Base Year 2021=100",""
"Domestic Industrial Price Index (Excl VAT)","2022 December","Furniture (31)","Base Year 2021=100","109.8515426"
"Domestic Industrial Price Index (Excl VAT)","2022 December","Other manufacturing (32)","Base Year 2021=100",""
"Domestic Industrial Price Index (Excl VAT)","2022 December","Mining and quarrying (05 to 09)","Base Year 2021=100","101.1894458"
"Domestic Industrial Price Index (Excl VAT)","2022 December","Repair and installation of machinery and equipment (33)","Base Year 2021=100",""
"Domestic Industrial Price Index (Excl VAT)","2023 January","Food products (10)","Base Year 2021=100","130.4034876"
"Domestic Industrial Price Index (Excl VAT)","2023 January","Manufacture of beverages (11)","Base Year 2021=100",""
"Domestic Industrial Price Index (Excl VAT)","2023 January","Tobacco products (12)","Base Year 2021=100",""
"Domestic Industrial Price Index (Excl VAT)","2023 January","Textiles (13)","Base Year 2021=100","108.2240489"
"Domestic Industrial Price Index (Excl VAT)","2023 January","Wearing apparel (14)","Base Year 2021=100","101.8113489"
"Domestic Industrial Price Index (Excl VAT)","2023 January","Leather and related products (15)","Base Year 2021=100",""
"Domestic Industrial Price Index (Excl VAT)","2023 January","Wood and wood products, except furniture (16)","Base Year 2021=100","109.7395088"
"Domestic Industrial Price Index (Excl VAT)","2023 January","Paper and paper products (17)","Base Year 2021=100","107.784242"
"Domestic Industrial Price Index (Excl VAT)","2023 January","Printing and reproduction of recorded media (18)","Base Year 2021=100",""
"Domestic Industrial Price Index (Excl VAT)","2023 January","Coke and refined petroleum products (19)","Base Year 2021=100",""
"Domestic Industrial Price Index (Excl VAT)","2023 January","Chemicals and chemical products (20)","Base Year 2021=100","158.3308567"
"Domestic Industrial Price Index (Excl VAT)","2023 January","Basic pharmaceutical products and preparations (21)","Base Year 2021=100",""
"Domestic Industrial Price Index (Excl VAT)","2023 January","Rubber and plastic products (22)","Base Year 2021=100","102.4214341"
"Domestic Industrial Price Index (Excl VAT)","2023 January","Other non-metallic mineral products (23)","Base Year 2021=100","125.6821102"
"Domestic Industrial Price Index (Excl VAT)","2023 January","Basic metals (24)","Base Year 2021=100","122.7614255"
"Domestic Industrial Price Index (Excl VAT)","2023 January","Fabricated metal products, except machinery and equipment (25)","Base Year 2021=100","123.9236671"
"Domestic Industrial Price Index (Excl VAT)","2023 January","Computer, electronic and optical products (26)","Base Year 2021=100",""
"Domestic Industrial Price Index (Excl VAT)","2023 January","Electrical equipment (27)","Base Year 2021=100","110.824806"
"Domestic Industrial Price Index (Excl VAT)","2023 January","Machinery and equipment n.e.c. (28)","Base Year 2021=100",""
"Domestic Industrial Price Index (Excl VAT)","2023 January","Motor vehicles, trailers and semi-trailers (29)","Base Year 2021=100","110.3202237"
"Domestic Industrial Price Index (Excl VAT)","2023 January","Other transport equipment (30)","Base Year 2021=100",""
"Domestic Industrial Price Index (Excl VAT)","2023 January","Furniture (31)","Base Year 2021=100","110.5573473"
"Domestic Industrial Price Index (Excl VAT)","2023 January","Other manufacturing (32)","Base Year 2021=100",""
"Domestic Industrial Price Index (Excl VAT)","2023 January","Mining and quarrying (05 to 09)","Base Year 2021=100","101.190789"
"Domestic Industrial Price Index (Excl VAT)","2023 January","Repair and installation of machinery and equipment (33)","Base Year 2021=100",""
"Domestic Industrial Price Index (Excl VAT)","2023 February","Food products (10)","Base Year 2021=100","130.8264697"
"Domestic Industrial Price Index (Excl VAT)","2023 February","Manufacture of beverages (11)","Base Year 2021=100",""
"Domestic Industrial Price Index (Excl VAT)","2023 February","Tobacco products (12)","Base Year 2021=100",""
"Domestic Industrial Price Index (Excl VAT)","2023 February","Textiles (13)","Base Year 2021=100","108.2240489"
"Domestic Industrial Price Index (Excl VAT)","2023 February","Wearing apparel (14)","Base Year 2021=100","101.8113489"
"Domestic Industrial Price Index (Excl VAT)","2023 February","Leather and related products (15)","Base Year 2021=100",""
"Domestic Industrial Price Index (Excl VAT)","2023 February","Wood and wood products, except furniture (16)","Base Year 2021=100","106.7984044"
"Domestic Industrial Price Index (Excl VAT)","2023 February","Paper and paper products (17)","Base Year 2021=100","108.0071656"
"Domestic Industrial Price Index (Excl VAT)","2023 February","Printing and reproduction of recorded media (18)","Base Year 2021=100",""
"Domestic Industrial Price Index (Excl VAT)","2023 February","Coke and refined petroleum products (19)","Base Year 2021=100",""
"Domestic Industrial Price Index (Excl VAT)","2023 February","Chemicals and chemical products (20)","Base Year 2021=100","160.2426415"
"Domestic Industrial Price Index (Excl VAT)","2023 February","Basic pharmaceutical products and preparations (21)","Base Year 2021=100",""
"Domestic Industrial Price Index (Excl VAT)","2023 February","Rubber and plastic products (22)","Base Year 2021=100","102.4214377"
"Domestic Industrial Price Index (Excl VAT)","2023 February","Other non-metallic mineral products (23)","Base Year 2021=100","125.763726"
"Domestic Industrial Price Index (Excl VAT)","2023 February","Basic metals (24)","Base Year 2021=100","123.0283235"
"Domestic Industrial Price Index (Excl VAT)","2023 February","Fabricated metal products, except machinery and equipment (25)","Base Year 2021=100","123.9120295"
"Domestic Industrial Price Index (Excl VAT)","2023 February","Computer, electronic and optical products (26)","Base Year 2021=100",""
"Domestic Industrial Price Index (Excl VAT)","2023 February","Electrical equipment (27)","Base Year 2021=100","110.824806"
"Domestic Industrial Price Index (Excl VAT)","2023 February","Machinery and equipment n.e.c. (28)","Base Year 2021=100",""
"Domestic Industrial Price Index (Excl VAT)","2023 February","Motor vehicles, trailers and semi-trailers (29)","Base Year 2021=100","110.3202237"
"Domestic Industrial Price Index (Excl VAT)","2023 February","Other transport equipment (30)","Base Year 2021=100",""
"Domestic Industrial Price Index (Excl VAT)","2023 February","Furniture (31)","Base Year 2021=100","112.6621783"
"Domestic Industrial Price Index (Excl VAT)","2023 February","Other manufacturing (32)","Base Year 2021=100",""
"Domestic Industrial Price Index (Excl VAT)","2023 February","Mining and quarrying (05 to 09)","Base Year 2021=100","101.1967874"
"Domestic Industrial Price Index (Excl VAT)","2023 February","Repair and installation of machinery and equipment (33)","Base Year 2021=100",""
"Domestic Industrial Price Index (Excl VAT)","2023 March","Food products (10)","Base Year 2021=100","130.990996"
"Domestic Industrial Price Index (Excl VAT)","2023 March","Manufacture of beverages (11)","Base Year 2021=100",""
"Domestic Industrial Price Index (Excl VAT)","2023 March","Tobacco products (12)","Base Year 2021=100",""
"Domestic Industrial Price Index (Excl VAT)","2023 March","Textiles (13)","Base Year 2021=100","108.2240489"
"Domestic Industrial Price Index (Excl VAT)","2023 March","Wearing apparel (14)","Base Year 2021=100","101.8113489"
"Domestic Industrial Price Index (Excl VAT)","2023 March","Leather and related products (15)","Base Year 2021=100",""
"Domestic Industrial Price Index (Excl VAT)","2023 March","Wood and wood products, except furniture (16)","Base Year 2021=100","106.4902209"
"Domestic Industrial Price Index (Excl VAT)","2023 March","Paper and paper products (17)","Base Year 2021=100","107.0475376"
"Domestic Industrial Price Index (Excl VAT)","2023 March","Printing and reproduction of recorded media (18)","Base Year 2021=100",""
"Domestic Industrial Price Index (Excl VAT)","2023 March","Coke and refined petroleum products (19)","Base Year 2021=100",""
"Domestic Industrial Price Index (Excl VAT)","2023 March","Chemicals and chemical products (20)","Base Year 2021=100","142.5595896"
"Domestic Industrial Price Index (Excl VAT)","2023 March","Basic pharmaceutical products and preparations (21)","Base Year 2021=100",""
"Domestic Industrial Price Index (Excl VAT)","2023 March","Rubber and plastic products (22)","Base Year 2021=100","102.0848083"
"Domestic Industrial Price Index (Excl VAT)","2023 March","Other non-metallic mineral products (23)","Base Year 2021=100","125.6952712"
"Domestic Industrial Price Index (Excl VAT)","2023 March","Basic metals (24)","Base Year 2021=100","122.6653213"
"Domestic Industrial Price Index (Excl VAT)","2023 March","Fabricated metal products, except machinery and equipment (25)","Base Year 2021=100","123.9591159"
"Domestic Industrial Price Index (Excl VAT)","2023 March","Computer, electronic and optical products (26)","Base Year 2021=100",""
"Domestic Industrial Price Index (Excl VAT)","2023 March","Electrical equipment (27)","Base Year 2021=100","110.824806"
"Domestic Industrial Price Index (Excl VAT)","2023 March","Machinery and equipment n.e.c. (28)","Base Year 2021=100",""
"Domestic Industrial Price Index (Excl VAT)","2023 March","Motor vehicles, trailers and semi-trailers (29)","Base Year 2021=100","110.3202237"
"Domestic Industrial Price Index (Excl VAT)","2023 March","Other transport equipment (30)","Base Year 2021=100",""
"Domestic Industrial Price Index (Excl VAT)","2023 March","Furniture (31)","Base Year 2021=100","112.6622568"
"Domestic Industrial Price Index (Excl VAT)","2023 March","Other manufacturing (32)","Base Year 2021=100",""
"Domestic Industrial Price Index (Excl VAT)","2023 March","Mining and quarrying (05 to 09)","Base Year 2021=100","101.199362"
"Domestic Industrial Price Index (Excl VAT)","2023 March","Repair and installation of machinery and equipment (33)","Base Year 2021=100",""
"Domestic Industrial Price Index (Excl VAT)","2023 April","Food products (10)","Base Year 2021=100","131.2516269"
"Domestic Industrial Price Index (Excl VAT)","2023 April","Manufacture of beverages (11)","Base Year 2021=100",""
"Domestic Industrial Price Index (Excl VAT)","2023 April","Tobacco products (12)","Base Year 2021=100",""
"Domestic Industrial Price Index (Excl VAT)","2023 April","Textiles (13)","Base Year 2021=100","108.3077351"
"Domestic Industrial Price Index (Excl VAT)","2023 April","Wearing apparel (14)","Base Year 2021=100","101.8113489"
"Domestic Industrial Price Index (Excl VAT)","2023 April","Leather and related products (15)","Base Year 2021=100",""
"Domestic Industrial Price Index (Excl VAT)","2023 April","Wood and wood products, except furniture (16)","Base Year 2021=100","106.3208344"
"Domestic Industrial Price Index (Excl VAT)","2023 April","Paper and paper products (17)","Base Year 2021=100","107.2788721"
"Domestic Industrial Price Index (Excl VAT)","2023 April","Printing and reproduction of recorded media (18)","Base Year 2021=100",""
"Domestic Industrial Price Index (Excl VAT)","2023 April","Coke and refined petroleum products (19)","Base Year 2021=100",""
"Domestic Industrial Price Index (Excl VAT)","2023 April","Chemicals and chemical products (20)","Base Year 2021=100","142.5596542"
"Domestic Industrial Price Index (Excl VAT)","2023 April","Basic pharmaceutical products and preparations (21)","Base Year 2021=100",""
"Domestic Industrial Price Index (Excl VAT)","2023 April","Rubber and plastic products (22)","Base Year 2021=100","102.0848658"
"Domestic Industrial Price Index (Excl VAT)","2023 April","Other non-metallic mineral products (23)","Base Year 2021=100","127.29854"
"Domestic Industrial Price Index (Excl VAT)","2023 April","Basic metals (24)","Base Year 2021=100","121.2497717"
"Domestic Industrial Price Index (Excl VAT)","2023 April","Fabricated metal products, except machinery and equipment (25)","Base Year 2021=100","124.2409373"
"Domestic Industrial Price Index (Excl VAT)","2023 April","Computer, electronic and optical products (26)","Base Year 2021=100",""
"Domestic Industrial Price Index (Excl VAT)","2023 April","Electrical equipment (27)","Base Year 2021=100","110.824806"
"Domestic Industrial Price Index (Excl VAT)","2023 April","Machinery and equipment n.e.c. (28)","Base Year 2021=100",""
"Domestic Industrial Price Index (Excl VAT)","2023 April","Motor vehicles, trailers and semi-trailers (29)","Base Year 2021=100","110.3202237"
"Domestic Industrial Price Index (Excl VAT)","2023 April","Other transport equipment (30)","Base Year 2021=100",""
"Domestic Industrial Price Index (Excl VAT)","2023 April","Furniture (31)","Base Year 2021=100","112.6622568"
"Domestic Industrial Price Index (Excl VAT)","2023 April","Other manufacturing (32)","Base Year 2021=100",""
"Domestic Industrial Price Index (Excl VAT)","2023 April","Mining and quarrying (05 to 09)","Base Year 2021=100","101.1999322"
"Domestic Industrial Price Index (Excl VAT)","2023 April","Repair and installation of machinery and equipment (33)","Base Year 2021=100",""
"Domestic Industrial Price Index (Excl VAT)","2023 May","Food products (10)","Base Year 2021=100","130.8481255"
"Domestic Industrial Price Index (Excl VAT)","2023 May","Manufacture of beverages (11)","Base Year 2021=100",""
"Domestic Industrial Price Index (Excl VAT)","2023 May","Tobacco products (12)","Base Year 2021=100",""
"Domestic Industrial Price Index (Excl VAT)","2023 May","Textiles (13)","Base Year 2021=100","108.3077351"
"Domestic Industrial Price Index (Excl VAT)","2023 May","Wearing apparel (14)","Base Year 2021=100","101.8113489"
"Domestic Industrial Price Index (Excl VAT)","2023 May","Leather and related products (15)","Base Year 2021=100",""
"Domestic Industrial Price Index (Excl VAT)","2023 May","Wood and wood products, except furniture (16)","Base Year 2021=100","106.7627465"
"Domestic Industrial Price Index (Excl VAT)","2023 May","Paper and paper products (17)","Base Year 2021=100","107.0695555"
"Domestic Industrial Price Index (Excl VAT)","2023 May","Printing and reproduction of recorded media (18)","Base Year 2021=100",""
"Domestic Industrial Price Index (Excl VAT)","2023 May","Coke and refined petroleum products (19)","Base Year 2021=100",""
"Domestic Industrial Price Index (Excl VAT)","2023 May","Chemicals and chemical products (20)","Base Year 2021=100","142.5567211"
"Domestic Industrial Price Index (Excl VAT)","2023 May","Basic pharmaceutical products and preparations (21)","Base Year 2021=100",""
"Domestic Industrial Price Index (Excl VAT)","2023 May","Rubber and plastic products (22)","Base Year 2021=100","101.2336934"
"Domestic Industrial Price Index (Excl VAT)","2023 May","Other non-metallic mineral products (23)","Base Year 2021=100","127.6696955"
"Domestic Industrial Price Index (Excl VAT)","2023 May","Basic metals (24)","Base Year 2021=100","117.735439"
"Domestic Industrial Price Index (Excl VAT)","2023 May","Fabricated metal products, except machinery and equipment (25)","Base Year 2021=100","124.2452628"
"Domestic Industrial Price Index (Excl VAT)","2023 May","Computer, electronic and optical products (26)","Base Year 2021=100",""
"Domestic Industrial Price Index (Excl VAT)","2023 May","Electrical equipment (27)","Base Year 2021=100","110.824806"
"Domestic Industrial Price Index (Excl VAT)","2023 May","Machinery and equipment n.e.c. (28)","Base Year 2021=100",""
"Domestic Industrial Price Index (Excl VAT)","2023 May","Motor vehicles, trailers and semi-trailers (29)","Base Year 2021=100","110.3202237"
"Domestic Industrial Price Index (Excl VAT)","2023 May","Other transport equipment (30)","Base Year 2021=100",""
"Domestic Industrial Price Index (Excl VAT)","2023 May","Furniture (31)","Base Year 2021=100","112.6622568"
"Domestic Industrial Price Index (Excl VAT)","2023 May","Other manufacturing (32)","Base Year 2021=100",""
"Domestic Industrial Price Index (Excl VAT)","2023 May","Mining and quarrying (05 to 09)","Base Year 2021=100","101.3016137"
"Domestic Industrial Price Index (Excl VAT)","2023 May","Repair and installation of machinery and equipment (33)","Base Year 2021=100",""
"Domestic Industrial Price Index (Excl VAT)","2023 June","Food products (10)","Base Year 2021=100","130.6629001"
"Domestic Industrial Price Index (Excl VAT)","2023 June","Manufacture of beverages (11)","Base Year 2021=100",""
"Domestic Industrial Price Index (Excl VAT)","2023 June","Tobacco products (12)","Base Year 2021=100",""
"Domestic Industrial Price Index (Excl VAT)","2023 June","Textiles (13)","Base Year 2021=100","108.3077351"
"Domestic Industrial Price Index (Excl VAT)","2023 June","Wearing apparel (14)","Base Year 2021=100","101.8113489"
"Domestic Industrial Price Index (Excl VAT)","2023 June","Leather and related products (15)","Base Year 2021=100",""
"Domestic Industrial Price Index (Excl VAT)","2023 June","Wood and wood products, except furniture (16)","Base Year 2021=100","106.4697643"
"Domestic Industrial Price Index (Excl VAT)","2023 June","Paper and paper products (17)","Base Year 2021=100","106.7297218"
"Domestic Industrial Price Index (Excl VAT)","2023 June","Printing and reproduction of recorded media (18)","Base Year 2021=100",""
"Domestic Industrial Price Index (Excl VAT)","2023 June","Coke and refined petroleum products (19)","Base Year 2021=100",""
"Domestic Industrial Price Index (Excl VAT)","2023 June","Chemicals and chemical products (20)","Base Year 2021=100","140.633566"
"Domestic Industrial Price Index (Excl VAT)","2023 June","Basic pharmaceutical products and preparations (21)","Base Year 2021=100",""
"Domestic Industrial Price Index (Excl VAT)","2023 June","Rubber and plastic products (22)","Base Year 2021=100","101.3049632"
"Domestic Industrial Price Index (Excl VAT)","2023 June","Other non-metallic mineral products (23)","Base Year 2021=100","128.37879"
"Domestic Industrial Price Index (Excl VAT)","2023 June","Basic metals (24)","Base Year 2021=100","117.8443909"
"Domestic Industrial Price Index (Excl VAT)","2023 June","Fabricated metal products, except machinery and equipment (25)","Base Year 2021=100","123.1421788"
"Domestic Industrial Price Index (Excl VAT)","2023 June","Computer, electronic and optical products (26)","Base Year 2021=100",""
"Domestic Industrial Price Index (Excl VAT)","2023 June","Electrical equipment (27)","Base Year 2021=100","110.824806"
"Domestic Industrial Price Index (Excl VAT)","2023 June","Machinery and equipment n.e.c. (28)","Base Year 2021=100",""
"Domestic Industrial Price Index (Excl VAT)","2023 June","Motor vehicles, trailers and semi-trailers (29)","Base Year 2021=100","110.3202237"
"Domestic Industrial Price Index (Excl VAT)","2023 June","Other transport equipment (30)","Base Year 2021=100",""
"Domestic Industrial Price Index (Excl VAT)","2023 June","Furniture (31)","Base Year 2021=100","112.6618407"
"Domestic Industrial Price Index (Excl VAT)","2023 June","Other manufacturing (32)","Base Year 2021=100",""
"Domestic Industrial Price Index (Excl VAT)","2023 June","Mining and quarrying (05 to 09)","Base Year 2021=100","101.3040385"
"Domestic Industrial Price Index (Excl VAT)","2023 June","Repair and installation of machinery and equipment (33)","Base Year 2021=100",""
"Domestic Industrial Price Index (Excl VAT)","2023 July","Food products (10)","Base Year 2021=100","130.5008926"
"Domestic Industrial Price Index (Excl VAT)","2023 July","Manufacture of beverages (11)","Base Year 2021=100",""
"Domestic Industrial Price Index (Excl VAT)","2023 July","Tobacco products (12)","Base Year 2021=100",""
"Domestic Industrial Price Index (Excl VAT)","2023 July","Textiles (13)","Base Year 2021=100","108.3077351"
"Domestic Industrial Price Index (Excl VAT)","2023 July","Wearing apparel (14)","Base Year 2021=100","101.8113489"
"Domestic Industrial Price Index (Excl VAT)","2023 July","Leather and related products (15)","Base Year 2021=100",""
"Domestic Industrial Price Index (Excl VAT)","2023 July","Wood and wood products, except furniture (16)","Base Year 2021=100","106.4655316"
"Domestic Industrial Price Index (Excl VAT)","2023 July","Paper and paper products (17)","Base Year 2021=100","105.0975912"
"Domestic Industrial Price Index (Excl VAT)","2023 July","Printing and reproduction of recorded media (18)","Base Year 2021=100",""
"Domestic Industrial Price Index (Excl VAT)","2023 July","Coke and refined petroleum products (19)","Base Year 2021=100",""
"Domestic Industrial Price Index (Excl VAT)","2023 July","Chemicals and chemical products (20)","Base Year 2021=100","110.0577598"
"Domestic Industrial Price Index (Excl VAT)","2023 July","Basic pharmaceutical products and preparations (21)","Base Year 2021=100",""
"Domestic Industrial Price Index (Excl VAT)","2023 July","Rubber and plastic products (22)","Base Year 2021=100","101.4068526"
"Domestic Industrial Price Index (Excl VAT)","2023 July","Other non-metallic mineral products (23)","Base Year 2021=100","128.8476888"
"Domestic Industrial Price Index (Excl VAT)","2023 July","Basic metals (24)","Base Year 2021=100","117.959065"
"Domestic Industrial Price Index (Excl VAT)","2023 July","Fabricated metal products, except machinery and equipment (25)","Base Year 2021=100","123.3033493"
"Domestic Industrial Price Index (Excl VAT)","2023 July","Computer, electronic and optical products (26)","Base Year 2021=100",""
"Domestic Industrial Price Index (Excl VAT)","2023 July","Electrical equipment (27)","Base Year 2021=100","111.3482935"
"Domestic Industrial Price Index (Excl VAT)","2023 July","Machinery and equipment n.e.c. (28)","Base Year 2021=100",""
"Domestic Industrial Price Index (Excl VAT)","2023 July","Motor vehicles, trailers and semi-trailers (29)","Base Year 2021=100","110.3202237"
"Domestic Industrial Price Index (Excl VAT)","2023 July","Other transport equipment (30)","Base Year 2021=100",""
"Domestic Industrial Price Index (Excl VAT)","2023 July","Furniture (31)","Base Year 2021=100","115.356589"
"Domestic Industrial Price Index (Excl VAT)","2023 July","Other manufacturing (32)","Base Year 2021=100",""
"Domestic Industrial Price Index (Excl VAT)","2023 July","Mining and quarrying (05 to 09)","Base Year 2021=100","101.3046876"
"Domestic Industrial Price Index (Excl VAT)","2023 July","Repair and installation of machinery and equipment (33)","Base Year 2021=100",""
"Domestic Industrial Price Index (Excl VAT)","2023 August","Food products (10)","Base Year 2021=100","131.2066242"
"Domestic Industrial Price Index (Excl VAT)","2023 August","Manufacture of beverages (11)","Base Year 2021=100",""
"Domestic Industrial Price Index (Excl VAT)","2023 August","Tobacco products (12)","Base Year 2021=100",""
"Domestic Industrial Price Index (Excl VAT)","2023 August","Textiles (13)","Base Year 2021=100","108.3077351"
"Domestic Industrial Price Index (Excl VAT)","2023 August","Wearing apparel (14)","Base Year 2021=100","101.8113489"
"Domestic Industrial Price Index (Excl VAT)","2023 August","Leather and related products (15)","Base Year 2021=100",""
"Domestic Industrial Price Index (Excl VAT)","2023 August","Wood and wood products, except furniture (16)","Base Year 2021=100","107.0934163"
"Domestic Industrial Price Index (Excl VAT)","2023 August","Paper and paper products (17)","Base Year 2021=100","105.0975789"
"Domestic Industrial Price Index (Excl VAT)","2023 August","Printing and reproduction of recorded media (18)","Base Year 2021=100",""
"Domestic Industrial Price Index (Excl VAT)","2023 August","Coke and refined petroleum products (19)","Base Year 2021=100",""
"Domestic Industrial Price Index (Excl VAT)","2023 August","Chemicals and chemical products (20)","Base Year 2021=100","110.032432"
"Domestic Industrial Price Index (Excl VAT)","2023 August","Basic pharmaceutical products and preparations (21)","Base Year 2021=100",""
"Domestic Industrial Price Index (Excl VAT)","2023 August","Rubber and plastic products (22)","Base Year 2021=100","101.4068548"
"Domestic Industrial Price Index (Excl VAT)","2023 August","Other non-metallic mineral products (23)","Base Year 2021=100","129.0092057"
"Domestic Industrial Price Index (Excl VAT)","2023 August","Basic metals (24)","Base Year 2021=100","118.0672518"
"Domestic Industrial Price Index (Excl VAT)","2023 August","Fabricated metal products, except machinery and equipment (25)","Base Year 2021=100","123.3200647"
"Domestic Industrial Price Index (Excl VAT)","2023 August","Computer, electronic and optical products (26)","Base Year 2021=100",""
"Domestic Industrial Price Index (Excl VAT)","2023 August","Electrical equipment (27)","Base Year 2021=100","111.3482935"
"Domestic Industrial Price Index (Excl VAT)","2023 August","Machinery and equipment n.e.c. (28)","Base Year 2021=100",""
"Domestic Industrial Price Index (Excl VAT)","2023 August","Motor vehicles, trailers and semi-trailers (29)","Base Year 2021=100","111.7025475"
"Domestic Industrial Price Index (Excl VAT)","2023 August","Other transport equipment (30)","Base Year 2021=100",""
"Domestic Industrial Price Index (Excl VAT)","2023 August","Furniture (31)","Base Year 2021=100","115.356589"
"Domestic Industrial Price Index (Excl VAT)","2023 August","Other manufacturing (32)","Base Year 2021=100",""
"Domestic Industrial Price Index (Excl VAT)","2023 August","Mining and quarrying (05 to 09)","Base Year 2021=100","101.3046876"
"Domestic Industrial Price Index (Excl VAT)","2023 August","Repair and installation of machinery and equipment (33)","Base Year 2021=100",""
"Domestic Industrial Price Index (Excl VAT)","2023 September","Food products (10)","Base Year 2021=100","131.1635701"
"Domestic Industrial Price Index (Excl VAT)","2023 September","Manufacture of beverages (11)","Base Year 2021=100",""
"Domestic Industrial Price Index (Excl VAT)","2023 September","Tobacco products (12)","Base Year 2021=100",""
"Domestic Industrial Price Index (Excl VAT)","2023 September","Textiles (13)","Base Year 2021=100","108.3077351"
"Domestic Industrial Price Index (Excl VAT)","2023 September","Wearing apparel (14)","Base Year 2021=100","101.8113489"
"Domestic Industrial Price Index (Excl VAT)","2023 September","Leather and related products (15)","Base Year 2021=100",""
"Domestic Industrial Price Index (Excl VAT)","2023 September","Wood and wood products, except furniture (16)","Base Year 2021=100","106.7312971"
"Domestic Industrial Price Index (Excl VAT)","2023 September","Paper and paper products (17)","Base Year 2021=100","105.3266305"
"Domestic Industrial Price Index (Excl VAT)","2023 September","Printing and reproduction of recorded media (18)","Base Year 2021=100",""
"Domestic Industrial Price Index (Excl VAT)","2023 September","Coke and refined petroleum products (19)","Base Year 2021=100",""
"Domestic Industrial Price Index (Excl VAT)","2023 September","Chemicals and chemical products (20)","Base Year 2021=100","110.031825"
"Domestic Industrial Price Index (Excl VAT)","2023 September","Basic pharmaceutical products and preparations (21)","Base Year 2021=100",""
"Domestic Industrial Price Index (Excl VAT)","2023 September","Rubber and plastic products (22)","Base Year 2021=100","101.3356902"
"Domestic Industrial Price Index (Excl VAT)","2023 September","Other non-metallic mineral products (23)","Base Year 2021=100","128.9205716"
"Domestic Industrial Price Index (Excl VAT)","2023 September","Basic metals (24)","Base Year 2021=100","117.6576161"
"Domestic Industrial Price Index (Excl VAT)","2023 September","Fabricated metal products, except machinery and equipment (25)","Base Year 2021=100","125.4670905"
"Domestic Industrial Price Index (Excl VAT)","2023 September","Computer, electronic and optical products (26)","Base Year 2021=100",""
"Domestic Industrial Price Index (Excl VAT)","2023 September","Electrical equipment (27)","Base Year 2021=100","111.3482935"
"Domestic Industrial Price Index (Excl VAT)","2023 September","Machinery and equipment n.e.c. (28)","Base Year 2021=100",""
"Domestic Industrial Price Index (Excl VAT)","2023 September","Motor vehicles, trailers and semi-trailers (29)","Base Year 2021=100","111.5941593"
"Domestic Industrial Price Index (Excl VAT)","2023 September","Other transport equipment (30)","Base Year 2021=100",""
"Domestic Industrial Price Index (Excl VAT)","2023 September","Furniture (31)","Base Year 2021=100","115.356589"
"Domestic Industrial Price Index (Excl VAT)","2023 September","Other manufacturing (32)","Base Year 2021=100",""
"Domestic Industrial Price Index (Excl VAT)","2023 September","Mining and quarrying (05 to 09)","Base Year 2021=100","101.3047438"
"Domestic Industrial Price Index (Excl VAT)","2023 September","Repair and installation of machinery and equipment (33)","Base Year 2021=100",""
"Domestic Industrial Price Index (Excl VAT)","2023 October","Food products (10)","Base Year 2021=100","131.4024607"
"Domestic Industrial Price Index (Excl VAT)","2023 October","Manufacture of beverages (11)","Base Year 2021=100",""
"Domestic Industrial Price Index (Excl VAT)","2023 October","Tobacco products (12)","Base Year 2021=100",""
"Domestic Industrial Price Index (Excl VAT)","2023 October","Textiles (13)","Base Year 2021=100","108.2859793"
"Domestic Industrial Price Index (Excl VAT)","2023 October","Wearing apparel (14)","Base Year 2021=100","101.8113489"
"Domestic Industrial Price Index (Excl VAT)","2023 October","Leather and related products (15)","Base Year 2021=100",""
"Domestic Industrial Price Index (Excl VAT)","2023 October","Wood and wood products, except furniture (16)","Base Year 2021=100","106.4917643"
"Domestic Industrial Price Index (Excl VAT)","2023 October","Paper and paper products (17)","Base Year 2021=100","105.3266305"
"Domestic Industrial Price Index (Excl VAT)","2023 October","Printing and reproduction of recorded media (18)","Base Year 2021=100",""
"Domestic Industrial Price Index (Excl VAT)","2023 October","Coke and refined petroleum products (19)","Base Year 2021=100",""
"Domestic Industrial Price Index (Excl VAT)","2023 October","Chemicals and chemical products (20)","Base Year 2021=100","109.9926263"
"Domestic Industrial Price Index (Excl VAT)","2023 October","Basic pharmaceutical products and preparations (21)","Base Year 2021=100",""
"Domestic Industrial Price Index (Excl VAT)","2023 October","Rubber and plastic products (22)","Base Year 2021=100","101.335701"
"Domestic Industrial Price Index (Excl VAT)","2023 October","Other non-metallic mineral products (23)","Base Year 2021=100","128.7759563"
"Domestic Industrial Price Index (Excl VAT)","2023 October","Basic metals (24)","Base Year 2021=100","116.2157637"
"Domestic Industrial Price Index (Excl VAT)","2023 October","Fabricated metal products, except machinery and equipment (25)","Base Year 2021=100","124.6370619"
"Domestic Industrial Price Index (Excl VAT)","2023 October","Computer, electronic and optical products (26)","Base Year 2021=100",""
"Domestic Industrial Price Index (Excl VAT)","2023 October","Electrical equipment (27)","Base Year 2021=100","111.3482935"
"Domestic Industrial Price Index (Excl VAT)","2023 October","Machinery and equipment n.e.c. (28)","Base Year 2021=100",""
"Domestic Industrial Price Index (Excl VAT)","2023 October","Motor vehicles, trailers and semi-trailers (29)","Base Year 2021=100","111.7717453"
"Domestic Industrial Price Index (Excl VAT)","2023 October","Other transport equipment (30)","Base Year 2021=100",""
"Domestic Industrial Price Index (Excl VAT)","2023 October","Furniture (31)","Base Year 2021=100","115.3566987"
"Domestic Industrial Price Index (Excl VAT)","2023 October","Other manufacturing (32)","Base Year 2021=100",""
"Domestic Industrial Price Index (Excl VAT)","2023 October","Mining and quarrying (05 to 09)","Base Year 2021=100","101.3048762"
"Domestic Industrial Price Index (Excl VAT)","2023 October","Repair and installation of machinery and equipment (33)","Base Year 2021=100",""
"Domestic Industrial Price Index (Excl VAT)","2023 November","Food products (10)","Base Year 2021=100","131.3212913"
"Domestic Industrial Price Index (Excl VAT)","2023 November","Manufacture of beverages (11)","Base Year 2021=100",""
"Domestic Industrial Price Index (Excl VAT)","2023 November","Tobacco products (12)","Base Year 2021=100",""
"Domestic Industrial Price Index (Excl VAT)","2023 November","Textiles (13)","Base Year 2021=100","108.2859793"
"Domestic Industrial Price Index (Excl VAT)","2023 November","Wearing apparel (14)","Base Year 2021=100","101.8113489"
"Domestic Industrial Price Index (Excl VAT)","2023 November","Leather and related products (15)","Base Year 2021=100",""
"Domestic Industrial Price Index (Excl VAT)","2023 November","Wood and wood products, except furniture (16)","Base Year 2021=100","106.0802065"
"Domestic Industrial Price Index (Excl VAT)","2023 November","Paper and paper products (17)","Base Year 2021=100","105.3266305"
"Domestic Industrial Price Index (Excl VAT)","2023 November","Printing and reproduction of recorded media (18)","Base Year 2021=100",""
"Domestic Industrial Price Index (Excl VAT)","2023 November","Coke and refined petroleum products (19)","Base Year 2021=100",""
"Domestic Industrial Price Index (Excl VAT)","2023 November","Chemicals and chemical products (20)","Base Year 2021=100","109.9926263"
"Domestic Industrial Price Index (Excl VAT)","2023 November","Basic pharmaceutical products and preparations (21)","Base Year 2021=100",""
"Domestic Industrial Price Index (Excl VAT)","2023 November","Rubber and plastic products (22)","Base Year 2021=100","101.2654851"
"Domestic Industrial Price Index (Excl VAT)","2023 November","Other non-metallic mineral products (23)","Base Year 2021=100","128.0391392"
"Domestic Industrial Price Index (Excl VAT)","2023 November","Basic metals (24)","Base Year 2021=100","116.2157406"
"Domestic Industrial Price Index (Excl VAT)","2023 November","Fabricated metal products, except machinery and equipment (25)","Base Year 2021=100","124.6370494"
"Domestic Industrial Price Index (Excl VAT)","2023 November","Computer, electronic and optical products (26)","Base Year 2021=100",""
"Domestic Industrial Price Index (Excl VAT)","2023 November","Electrical equipment (27)","Base Year 2021=100","111.3482935"
"Domestic Industrial Price Index (Excl VAT)","2023 November","Machinery and equipment n.e.c. (28)","Base Year 2021=100",""
"Domestic Industrial Price Index (Excl VAT)","2023 November","Motor vehicles, trailers and semi-trailers (29)","Base Year 2021=100","111.7717453"
"Domestic Industrial Price Index (Excl VAT)","2023 November","Other transport equipment (30)","Base Year 2021=100",""
"Domestic Industrial Price Index (Excl VAT)","2023 November","Furniture (31)","Base Year 2021=100","115.3566987"
"Domestic Industrial Price Index (Excl VAT)","2023 November","Other manufacturing (32)","Base Year 2021=100",""
"Domestic Industrial Price Index (Excl VAT)","2023 November","Mining and quarrying (05 to 09)","Base Year 2021=100","101.3049803"
"Domestic Industrial Price Index (Excl VAT)","2023 November","Repair and installation of machinery and equipment (33)","Base Year 2021=100",""
"Domestic Industrial Price Index (Excl VAT)","2023 December","Food products (10)","Base Year 2021=100","131.3813095"
"Domestic Industrial Price Index (Excl VAT)","2023 December","Manufacture of beverages (11)","Base Year 2021=100",""
"Domestic Industrial Price Index (Excl VAT)","2023 December","Tobacco products (12)","Base Year 2021=100",""
"Domestic Industrial Price Index (Excl VAT)","2023 December","Textiles (13)","Base Year 2021=100","108.2859793"
"Domestic Industrial Price Index (Excl VAT)","2023 December","Wearing apparel (14)","Base Year 2021=100","101.8113489"
"Domestic Industrial Price Index (Excl VAT)","2023 December","Leather and related products (15)","Base Year 2021=100",""
"Domestic Industrial Price Index (Excl VAT)","2023 December","Wood and wood products, except furniture (16)","Base Year 2021=100","106.0802171"
"Domestic Industrial Price Index (Excl VAT)","2023 December","Paper and paper products (17)","Base Year 2021=100","105.7426217"
"Domestic Industrial Price Index (Excl VAT)","2023 December","Printing and reproduction of recorded media (18)","Base Year 2021=100",""
"Domestic Industrial Price Index (Excl VAT)","2023 December","Coke and refined petroleum products (19)","Base Year 2021=100",""
"Domestic Industrial Price Index (Excl VAT)","2023 December","Chemicals and chemical products (20)","Base Year 2021=100","112.4536931"
"Domestic Industrial Price Index (Excl VAT)","2023 December","Basic pharmaceutical products and preparations (21)","Base Year 2021=100",""
"Domestic Industrial Price Index (Excl VAT)","2023 December","Rubber and plastic products (22)","Base Year 2021=100","101.2654851"
"Domestic Industrial Price Index (Excl VAT)","2023 December","Other non-metallic mineral products (23)","Base Year 2021=100","128.649889"
"Domestic Industrial Price Index (Excl VAT)","2023 December","Basic metals (24)","Base Year 2021=100","116.2156979"
"Domestic Industrial Price Index (Excl VAT)","2023 December","Fabricated metal products, except machinery and equipment (25)","Base Year 2021=100","125.4643429"
"Domestic Industrial Price Index (Excl VAT)","2023 December","Computer, electronic and optical products (26)","Base Year 2021=100",""
"Domestic Industrial Price Index (Excl VAT)","2023 December","Electrical equipment (27)","Base Year 2021=100","111.3482935"
"Domestic Industrial Price Index (Excl VAT)","2023 December","Machinery and equipment n.e.c. (28)","Base Year 2021=100",""
"Domestic Industrial Price Index (Excl VAT)","2023 December","Motor vehicles, trailers and semi-trailers (29)","Base Year 2021=100","111.7717453"
"Domestic Industrial Price Index (Excl VAT)","2023 December","Other transport equipment (30)","Base Year 2021=100",""
"Domestic Industrial Price Index (Excl VAT)","2023 December","Furniture (31)","Base Year 2021=100","115.3566987"
"Domestic Industrial Price Index (Excl VAT)","2023 December","Other manufacturing (32)","Base Year 2021=100",""
"Domestic Industrial Price Index (Excl VAT)","2023 December","Mining and quarrying (05 to 09)","Base Year 2021=100","101.3050593"
"Domestic Industrial Price Index (Excl VAT)","2023 December","Repair and installation of machinery and equipment (33)","Base Year 2021=100",""
"Domestic Industrial Price Index (Excl VAT)","2024 January","Food products (10)","Base Year 2021=100","134.5060716"
"Domestic Industrial Price Index (Excl VAT)","2024 January","Manufacture of beverages (11)","Base Year 2021=100",""
"Domestic Industrial Price Index (Excl VAT)","2024 January","Tobacco products (12)","Base Year 2021=100",""
"Domestic Industrial Price Index (Excl VAT)","2024 January","Textiles (13)","Base Year 2021=100","108.2859793"
"Domestic Industrial Price Index (Excl VAT)","2024 January","Wearing apparel (14)","Base Year 2021=100","101.8113489"
"Domestic Industrial Price Index (Excl VAT)","2024 January","Leather and related products (15)","Base Year 2021=100",""
"Domestic Industrial Price Index (Excl VAT)","2024 January","Wood and wood products, except furniture (16)","Base Year 2021=100","105.4624533"
"Domestic Industrial Price Index (Excl VAT)","2024 January","Paper and paper products (17)","Base Year 2021=100","105.8025837"
"Domestic Industrial Price Index (Excl VAT)","2024 January","Printing and reproduction of recorded media (18)","Base Year 2021=100",""
"Domestic Industrial Price Index (Excl VAT)","2024 January","Coke and refined petroleum products (19)","Base Year 2021=100",""
"Domestic Industrial Price Index (Excl VAT)","2024 January","Chemicals and chemical products (20)","Base Year 2021=100","112.6834658"
"Domestic Industrial Price Index (Excl VAT)","2024 January","Basic pharmaceutical products and preparations (21)","Base Year 2021=100",""
"Domestic Industrial Price Index (Excl VAT)","2024 January","Rubber and plastic products (22)","Base Year 2021=100","101.2654945"
"Domestic Industrial Price Index (Excl VAT)","2024 January","Other non-metallic mineral products (23)","Base Year 2021=100","129.6759798"
"Domestic Industrial Price Index (Excl VAT)","2024 January","Basic metals (24)","Base Year 2021=100","115.7799257"
"Domestic Industrial Price Index (Excl VAT)","2024 January","Fabricated metal products, except machinery and equipment (25)","Base Year 2021=100","125.1842591"
"Domestic Industrial Price Index (Excl VAT)","2024 January","Computer, electronic and optical products (26)","Base Year 2021=100",""
"Domestic Industrial Price Index (Excl VAT)","2024 January","Electrical equipment (27)","Base Year 2021=100","110.8967673"
"Domestic Industrial Price Index (Excl VAT)","2024 January","Machinery and equipment n.e.c. (28)","Base Year 2021=100",""
"Domestic Industrial Price Index (Excl VAT)","2024 January","Motor vehicles, trailers and semi-trailers (29)","Base Year 2021=100","111.990701"
"Domestic Industrial Price Index (Excl VAT)","2024 January","Other transport equipment (30)","Base Year 2021=100",""
"Domestic Industrial Price Index (Excl VAT)","2024 January","Furniture (31)","Base Year 2021=100","115.3566987"
"Domestic Industrial Price Index (Excl VAT)","2024 January","Other manufacturing (32)","Base Year 2021=100",""
"Domestic Industrial Price Index (Excl VAT)","2024 January","Mining and quarrying (05 to 09)","Base Year 2021=100","101.3047545"
"Domestic Industrial Price Index (Excl VAT)","2024 January","Repair and installation of machinery and equipment (33)","Base Year 2021=100",""
"Domestic Industrial Price Index (Excl VAT)","2024 February","Food products (10)","Base Year 2021=100","133.697685"
"Domestic Industrial Price Index (Excl VAT)","2024 February","Manufacture of beverages (11)","Base Year 2021=100",""
"Domestic Industrial Price Index (Excl VAT)","2024 February","Tobacco products (12)","Base Year 2021=100",""
"Domestic Industrial Price Index (Excl VAT)","2024 February","Textiles (13)","Base Year 2021=100","108.2859793"
"Domestic Industrial Price Index (Excl VAT)","2024 February","Wearing apparel (14)","Base Year 2021=100","104.7378253"
"Domestic Industrial Price Index (Excl VAT)","2024 February","Leather and related products (15)","Base Year 2021=100",""
"Domestic Industrial Price Index (Excl VAT)","2024 February","Wood and wood products, except furniture (16)","Base Year 2021=100","105.0620874"
"Domestic Industrial Price Index (Excl VAT)","2024 February","Paper and paper products (17)","Base Year 2021=100","105.847399"
"Domestic Industrial Price Index (Excl VAT)","2024 February","Printing and reproduction of recorded media (18)","Base Year 2021=100",""
"Domestic Industrial Price Index (Excl VAT)","2024 February","Coke and refined petroleum products (19)","Base Year 2021=100",""
"Domestic Industrial Price Index (Excl VAT)","2024 February","Chemicals and chemical products (20)","Base Year 2021=100","113.2722056"
"Domestic Industrial Price Index (Excl VAT)","2024 February","Basic pharmaceutical products and preparations (21)","Base Year 2021=100",""
"Domestic Industrial Price Index (Excl VAT)","2024 February","Rubber and plastic products (22)","Base Year 2021=100","101.265497"
"Domestic Industrial Price Index (Excl VAT)","2024 February","Other non-metallic mineral products (23)","Base Year 2021=100","129.559884"
"Domestic Industrial Price Index (Excl VAT)","2024 February","Basic metals (24)","Base Year 2021=100","115.9978118"
"Domestic Industrial Price Index (Excl VAT)","2024 February","Fabricated metal products, except machinery and equipment (25)","Base Year 2021=100","126.615942"
"Domestic Industrial Price Index (Excl VAT)","2024 February","Computer, electronic and optical products (26)","Base Year 2021=100",""
"Domestic Industrial Price Index (Excl VAT)","2024 February","Electrical equipment (27)","Base Year 2021=100","110.8967673"
"Domestic Industrial Price Index (Excl VAT)","2024 February","Machinery and equipment n.e.c. (28)","Base Year 2021=100",""
"Domestic Industrial Price Index (Excl VAT)","2024 February","Motor vehicles, trailers and semi-trailers (29)","Base Year 2021=100","111.990701"
"Domestic Industrial Price Index (Excl VAT)","2024 February","Other transport equipment (30)","Base Year 2021=100",""
"Domestic Industrial Price Index (Excl VAT)","2024 February","Furniture (31)","Base Year 2021=100","114.2826834"
"Domestic Industrial Price Index (Excl VAT)","2024 February","Other manufacturing (32)","Base Year 2021=100",""
"Domestic Industrial Price Index (Excl VAT)","2024 February","Mining and quarrying (05 to 09)","Base Year 2021=100","101.304823"
"Domestic Industrial Price Index (Excl VAT)","2024 February","Repair and installation of machinery and equipment (33)","Base Year 2021=100",""
"Domestic Industrial Price Index (Excl VAT)","2024 March","Food products (10)","Base Year 2021=100","133.992676"
"Domestic Industrial Price Index (Excl VAT)","2024 March","Manufacture of beverages (11)","Base Year 2021=100",""
"Domestic Industrial Price Index (Excl VAT)","2024 March","Tobacco products (12)","Base Year 2021=100",""
"Domestic Industrial Price Index (Excl VAT)","2024 March","Textiles (13)","Base Year 2021=100","108.2859793"
"Domestic Industrial Price Index (Excl VAT)","2024 March","Wearing apparel (14)","Base Year 2021=100","104.7378253"
"Domestic Industrial Price Index (Excl VAT)","2024 March","Leather and related products (15)","Base Year 2021=100",""
"Domestic Industrial Price Index (Excl VAT)","2024 March","Wood and wood products, except furniture (16)","Base Year 2021=100","105.0765118"
"Domestic Industrial Price Index (Excl VAT)","2024 March","Paper and paper products (17)","Base Year 2021=100","105.8473325"
"Domestic Industrial Price Index (Excl VAT)","2024 March","Printing and reproduction of recorded media (18)","Base Year 2021=100",""
"Domestic Industrial Price Index (Excl VAT)","2024 March","Coke and refined petroleum products (19)","Base Year 2021=100",""
"Domestic Industrial Price Index (Excl VAT)","2024 March","Chemicals and chemical products (20)","Base Year 2021=100","113.3985451"
"Domestic Industrial Price Index (Excl VAT)","2024 March","Basic pharmaceutical products and preparations (21)","Base Year 2021=100",""
"Domestic Industrial Price Index (Excl VAT)","2024 March","Rubber and plastic products (22)","Base Year 2021=100","101.2655565"
"Domestic Industrial Price Index (Excl VAT)","2024 March","Other non-metallic mineral products (23)","Base Year 2021=100","127.0485629"
"Domestic Industrial Price Index (Excl VAT)","2024 March","Basic metals (24)","Base Year 2021=100","114.6300742"
"Domestic Industrial Price Index (Excl VAT)","2024 March","Fabricated metal products, except machinery and equipment (25)","Base Year 2021=100","125.1891823"
"Domestic Industrial Price Index (Excl VAT)","2024 March","Computer, electronic and optical products (26)","Base Year 2021=100",""
"Domestic Industrial Price Index (Excl VAT)","2024 March","Electrical equipment (27)","Base Year 2021=100","110.8967673"
"Domestic Industrial Price Index (Excl VAT)","2024 March","Machinery and equipment n.e.c. (28)","Base Year 2021=100",""
"Domestic Industrial Price Index (Excl VAT)","2024 March","Motor vehicles, trailers and semi-trailers (29)","Base Year 2021=100","111.9907064"
"Domestic Industrial Price Index (Excl VAT)","2024 March","Other transport equipment (30)","Base Year 2021=100",""
"Domestic Industrial Price Index (Excl VAT)","2024 March","Furniture (31)","Base Year 2021=100","114.2826834"
"Domestic Industrial Price Index (Excl VAT)","2024 March","Other manufacturing (32)","Base Year 2021=100",""
"Domestic Industrial Price Index (Excl VAT)","2024 March","Mining and quarrying (05 to 09)","Base Year 2021=100","101.3048456"
"Domestic Industrial Price Index (Excl VAT)","2024 March","Repair and installation of machinery and equipment (33)","Base Year 2021=100",""
"Domestic Industrial Price Index (Excl VAT)","2024 April","Food products (10)","Base Year 2021=100","134.0061773"
"Domestic Industrial Price Index (Excl VAT)","2024 April","Manufacture of beverages (11)","Base Year 2021=100",""
"Domestic Industrial Price Index (Excl VAT)","2024 April","Tobacco products (12)","Base Year 2021=100",""
"Domestic Industrial Price Index (Excl VAT)","2024 April","Textiles (13)","Base Year 2021=100","108.2859793"
"Domestic Industrial Price Index (Excl VAT)","2024 April","Wearing apparel (14)","Base Year 2021=100","104.7378253"
"Domestic Industrial Price Index (Excl VAT)","2024 April","Leather and related products (15)","Base Year 2021=100",""
"Domestic Industrial Price Index (Excl VAT)","2024 April","Wood and wood products, except furniture (16)","Base Year 2021=100","105.0695284"
"Domestic Industrial Price Index (Excl VAT)","2024 April","Paper and paper products (17)","Base Year 2021=100","105.8473234"
"Domestic Industrial Price Index (Excl VAT)","2024 April","Printing and reproduction of recorded media (18)","Base Year 2021=100",""
"Domestic Industrial Price Index (Excl VAT)","2024 April","Coke and refined petroleum products (19)","Base Year 2021=100",""
"Domestic Industrial Price Index (Excl VAT)","2024 April","Chemicals and chemical products (20)","Base Year 2021=100","113.3505302"
"Domestic Industrial Price Index (Excl VAT)","2024 April","Basic pharmaceutical products and preparations (21)","Base Year 2021=100",""
"Domestic Industrial Price Index (Excl VAT)","2024 April","Rubber and plastic products (22)","Base Year 2021=100","101.2655617"
"Domestic Industrial Price Index (Excl VAT)","2024 April","Other non-metallic mineral products (23)","Base Year 2021=100","131.2680331"
"Domestic Industrial Price Index (Excl VAT)","2024 April","Basic metals (24)","Base Year 2021=100","114.6300068"
"Domestic Industrial Price Index (Excl VAT)","2024 April","Fabricated metal products, except machinery and equipment (25)","Base Year 2021=100","125.1658305"
"Domestic Industrial Price Index (Excl VAT)","2024 April","Computer, electronic and optical products (26)","Base Year 2021=100",""
"Domestic Industrial Price Index (Excl VAT)","2024 April","Electrical equipment (27)","Base Year 2021=100","110.8967673"
"Domestic Industrial Price Index (Excl VAT)","2024 April","Machinery and equipment n.e.c. (28)","Base Year 2021=100",""
"Domestic Industrial Price Index (Excl VAT)","2024 April","Motor vehicles, trailers and semi-trailers (29)","Base Year 2021=100","111.9907064"
"Domestic Industrial Price Index (Excl VAT)","2024 April","Other transport equipment (30)","Base Year 2021=100",""
"Domestic Industrial Price Index (Excl VAT)","2024 April","Furniture (31)","Base Year 2021=100","114.2826834"
"Domestic Industrial Price Index (Excl VAT)","2024 April","Other manufacturing (32)","Base Year 2021=100",""
"Domestic Industrial Price Index (Excl VAT)","2024 April","Mining and quarrying (05 to 09)","Base Year 2021=100","101.3075085"
"Domestic Industrial Price Index (Excl VAT)","2024 April","Repair and installation of machinery and equipment (33)","Base Year 2021=100",""
"Domestic Industrial Price Index (Excl VAT)","2024 May","Food products (10)","Base Year 2021=100","133.7128578"
"Domestic Industrial Price Index (Excl VAT)","2024 May","Manufacture of beverages (11)","Base Year 2021=100",""
"Domestic Industrial Price Index (Excl VAT)","2024 May","Tobacco products (12)","Base Year 2021=100",""
"Domestic Industrial Price Index (Excl VAT)","2024 May","Textiles (13)","Base Year 2021=100","108.2859793"
"Domestic Industrial Price Index (Excl VAT)","2024 May","Wearing apparel (14)","Base Year 2021=100","104.7378253"
"Domestic Industrial Price Index (Excl VAT)","2024 May","Leather and related products (15)","Base Year 2021=100",""
"Domestic Industrial Price Index (Excl VAT)","2024 May","Wood and wood products, except furniture (16)","Base Year 2021=100","105.62079"
"Domestic Industrial Price Index (Excl VAT)","2024 May","Paper and paper products (17)","Base Year 2021=100","105.8473234"
"Domestic Industrial Price Index (Excl VAT)","2024 May","Printing and reproduction of recorded media (18)","Base Year 2021=100",""
"Domestic Industrial Price Index (Excl VAT)","2024 May","Coke and refined petroleum products (19)","Base Year 2021=100",""
"Domestic Industrial Price Index (Excl VAT)","2024 May","Chemicals and chemical products (20)","Base Year 2021=100","113.2927625"
"Domestic Industrial Price Index (Excl VAT)","2024 May","Basic pharmaceutical products and preparations (21)","Base Year 2021=100",""
"Domestic Industrial Price Index (Excl VAT)","2024 May","Rubber and plastic products (22)","Base Year 2021=100","101.4483683"
"Domestic Industrial Price Index (Excl VAT)","2024 May","Other non-metallic mineral products (23)","Base Year 2021=100","131.2836362"
"Domestic Industrial Price Index (Excl VAT)","2024 May","Basic metals (24)","Base Year 2021=100","114.2804108"
"Domestic Industrial Price Index (Excl VAT)","2024 May","Fabricated metal products, except machinery and equipment (25)","Base Year 2021=100","127.9963407"
"Domestic Industrial Price Index (Excl VAT)","2024 May","Computer, electronic and optical products (26)","Base Year 2021=100",""
"Domestic Industrial Price Index (Excl VAT)","2024 May","Electrical equipment (27)","Base Year 2021=100","110.8967673"
"Domestic Industrial Price Index (Excl VAT)","2024 May","Machinery and equipment n.e.c. (28)","Base Year 2021=100",""
"Domestic Industrial Price Index (Excl VAT)","2024 May","Motor vehicles, trailers and semi-trailers (29)","Base Year 2021=100","111.9907064"
"Domestic Industrial Price Index (Excl VAT)","2024 May","Other transport equipment (30)","Base Year 2021=100",""
"Domestic Industrial Price Index (Excl VAT)","2024 May","Furniture (31)","Base Year 2021=100","114.2827386"
"Domestic Industrial Price Index (Excl VAT)","2024 May","Other manufacturing (32)","Base Year 2021=100",""
"Domestic Industrial Price Index (Excl VAT)","2024 May","Mining and quarrying (05 to 09)","Base Year 2021=100","101.3076272"
"Domestic Industrial Price Index (Excl VAT)","2024 May","Repair and installation of machinery and equipment (33)","Base Year 2021=100",""
"Domestic Industrial Price Index (Excl VAT)","2024 June","Food products (10)","Base Year 2021=100","133.7128042"
"Domestic Industrial Price Index (Excl VAT)","2024 June","Manufacture of beverages (11)","Base Year 2021=100",""
"Domestic Industrial Price Index (Excl VAT)","2024 June","Tobacco products (12)","Base Year 2021=100",""
"Domestic Industrial Price Index (Excl VAT)","2024 June","Textiles (13)","Base Year 2021=100","108.2859793"
"Domestic Industrial Price Index (Excl VAT)","2024 June","Wearing apparel (14)","Base Year 2021=100","104.7378253"
"Domestic Industrial Price Index (Excl VAT)","2024 June","Leather and related products (15)","Base Year 2021=100",""
"Domestic Industrial Price Index (Excl VAT)","2024 June","Wood and wood products, except furniture (16)","Base Year 2021=100","105.6775646"
"Domestic Industrial Price Index (Excl VAT)","2024 June","Paper and paper products (17)","Base Year 2021=100","105.8473234"
"Domestic Industrial Price Index (Excl VAT)","2024 June","Printing and reproduction of recorded media (18)","Base Year 2021=100",""
"Domestic Industrial Price Index (Excl VAT)","2024 June","Coke and refined petroleum products (19)","Base Year 2021=100",""
"Domestic Industrial Price Index (Excl VAT)","2024 June","Chemicals and chemical products (20)","Base Year 2021=100","113.2923868"
"Domestic Industrial Price Index (Excl VAT)","2024 June","Basic pharmaceutical products and preparations (21)","Base Year 2021=100",""
"Domestic Industrial Price Index (Excl VAT)","2024 June","Rubber and plastic products (22)","Base Year 2021=100","101.4483645"
"Domestic Industrial Price Index (Excl VAT)","2024 June","Other non-metallic mineral products (23)","Base Year 2021=100","132.0044414"
"Domestic Industrial Price Index (Excl VAT)","2024 June","Basic metals (24)","Base Year 2021=100","114.2804122"
"Domestic Industrial Price Index (Excl VAT)","2024 June","Fabricated metal products, except machinery and equipment (25)","Base Year 2021=100","127.9963319"
"Domestic Industrial Price Index (Excl VAT)","2024 June","Computer, electronic and optical products (26)","Base Year 2021=100",""
"Domestic Industrial Price Index (Excl VAT)","2024 June","Electrical equipment (27)","Base Year 2021=100","110.8967673"
"Domestic Industrial Price Index (Excl VAT)","2024 June","Machinery and equipment n.e.c. (28)","Base Year 2021=100",""
"Domestic Industrial Price Index (Excl VAT)","2024 June","Motor vehicles, trailers and semi-trailers (29)","Base Year 2021=100","111.9907064"
"Domestic Industrial Price Index (Excl VAT)","2024 June","Other transport equipment (30)","Base Year 2021=100",""
"Domestic Industrial Price Index (Excl VAT)","2024 June","Furniture (31)","Base Year 2021=100","114.2825962"
"Domestic Industrial Price Index (Excl VAT)","2024 June","Other manufacturing (32)","Base Year 2021=100",""
"Domestic Industrial Price Index (Excl VAT)","2024 June","Mining and quarrying (05 to 09)","Base Year 2021=100","101.3097384"
"Domestic Industrial Price Index (Excl VAT)","2024 June","Repair and installation of machinery and equipment (33)","Base Year 2021=100",""
"Domestic Industrial Price Index (Excl VAT)","2024 July","Food products (10)","Base Year 2021=100","133.675426"
"Domestic Industrial Price Index (Excl VAT)","2024 July","Manufacture of beverages (11)","Base Year 2021=100",""
"Domestic Industrial Price Index (Excl VAT)","2024 July","Tobacco products (12)","Base Year 2021=100",""
"Domestic Industrial Price Index (Excl VAT)","2024 July","Textiles (13)","Base Year 2021=100","108.2859793"
"Domestic Industrial Price Index (Excl VAT)","2024 July","Wearing apparel (14)","Base Year 2021=100","104.7378253"
"Domestic Industrial Price Index (Excl VAT)","2024 July","Leather and related products (15)","Base Year 2021=100",""
"Domestic Industrial Price Index (Excl VAT)","2024 July","Wood and wood products, except furniture (16)","Base Year 2021=100","106.2687357"
"Domestic Industrial Price Index (Excl VAT)","2024 July","Paper and paper products (17)","Base Year 2021=100","105.8738401"
"Domestic Industrial Price Index (Excl VAT)","2024 July","Printing and reproduction of recorded media (18)","Base Year 2021=100",""
"Domestic Industrial Price Index (Excl VAT)","2024 July","Coke and refined petroleum products (19)","Base Year 2021=100",""
"Domestic Industrial Price Index (Excl VAT)","2024 July","Chemicals and chemical products (20)","Base Year 2021=100","111.7365652"
"Domestic Industrial Price Index (Excl VAT)","2024 July","Basic pharmaceutical products and preparations (21)","Base Year 2021=100",""
"Domestic Industrial Price Index (Excl VAT)","2024 July","Rubber and plastic products (22)","Base Year 2021=100","101.4480999"
"Domestic Industrial Price Index (Excl VAT)","2024 July","Other non-metallic mineral products (23)","Base Year 2021=100","132.4707401"
"Domestic Industrial Price Index (Excl VAT)","2024 July","Basic metals (24)","Base Year 2021=100","114.2804122"
"Domestic Industrial Price Index (Excl VAT)","2024 July","Fabricated metal products, except machinery and equipment (25)","Base Year 2021=100","128.8823675"
"Domestic Industrial Price Index (Excl VAT)","2024 July","Computer, electronic and optical products (26)","Base Year 2021=100",""
"Domestic Industrial Price Index (Excl VAT)","2024 July","Electrical equipment (27)","Base Year 2021=100","111.7292325"
"Domestic Industrial Price Index (Excl VAT)","2024 July","Machinery and equipment n.e.c. (28)","Base Year 2021=100",""
"Domestic Industrial Price Index (Excl VAT)","2024 July","Motor vehicles, trailers and semi-trailers (29)","Base Year 2021=100","111.9907064"
"Domestic Industrial Price Index (Excl VAT)","2024 July","Other transport equipment (30)","Base Year 2021=100",""
"Domestic Industrial Price Index (Excl VAT)","2024 July","Furniture (31)","Base Year 2021=100","118.0641556"
"Domestic Industrial Price Index (Excl VAT)","2024 July","Other manufacturing (32)","Base Year 2021=100",""
"Domestic Industrial Price Index (Excl VAT)","2024 July","Mining and quarrying (05 to 09)","Base Year 2021=100","101.3099717"
"Domestic Industrial Price Index (Excl VAT)","2024 July","Repair and installation of machinery and equipment (33)","Base Year 2021=100",""
"Domestic Industrial Price Index (Excl VAT)","2024 August","Food products (10)","Base Year 2021=100","133.5727329"
"Domestic Industrial Price Index (Excl VAT)","2024 August","Manufacture of beverages (11)","Base Year 2021=100",""
"Domestic Industrial Price Index (Excl VAT)","2024 August","Tobacco products (12)","Base Year 2021=100",""
"Domestic Industrial Price Index (Excl VAT)","2024 August","Textiles (13)","Base Year 2021=100","108.2859793"
"Domestic Industrial Price Index (Excl VAT)","2024 August","Wearing apparel (14)","Base Year 2021=100","104.7378253"
"Domestic Industrial Price Index (Excl VAT)","2024 August","Leather and related products (15)","Base Year 2021=100",""
"Domestic Industrial Price Index (Excl VAT)","2024 August","Wood and wood products, except furniture (16)","Base Year 2021=100","106.2491174"
"Domestic Industrial Price Index (Excl VAT)","2024 August","Paper and paper products (17)","Base Year 2021=100","105.664554"
"Domestic Industrial Price Index (Excl VAT)","2024 August","Printing and reproduction of recorded media (18)","Base Year 2021=100",""
"Domestic Industrial Price Index (Excl VAT)","2024 August","Coke and refined petroleum products (19)","Base Year 2021=100",""
"Domestic Industrial Price Index (Excl VAT)","2024 August","Chemicals and chemical products (20)","Base Year 2021=100","111.7365599"
"Domestic Industrial Price Index (Excl VAT)","2024 August","Basic pharmaceutical products and preparations (21)","Base Year 2021=100",""
"Domestic Industrial Price Index (Excl VAT)","2024 August","Rubber and plastic products (22)","Base Year 2021=100","101.4480851"
"Domestic Industrial Price Index (Excl VAT)","2024 August","Other non-metallic mineral products (23)","Base Year 2021=100","131.5840416"
"Domestic Industrial Price Index (Excl VAT)","2024 August","Basic metals (24)","Base Year 2021=100","114.397207"
"Domestic Industrial Price Index (Excl VAT)","2024 August","Fabricated metal products, except machinery and equipment (25)","Base Year 2021=100","128.8823735"
"Domestic Industrial Price Index (Excl VAT)","2024 August","Computer, electronic and optical products (26)","Base Year 2021=100",""
"Domestic Industrial Price Index (Excl VAT)","2024 August","Electrical equipment (27)","Base Year 2021=100","111.7292325"
"Domestic Industrial Price Index (Excl VAT)","2024 August","Machinery and equipment n.e.c. (28)","Base Year 2021=100",""
"Domestic Industrial Price Index (Excl VAT)","2024 August","Motor vehicles, trailers and semi-trailers (29)","Base Year 2021=100","111.9907064"
"Domestic Industrial Price Index (Excl VAT)","2024 August","Other transport equipment (30)","Base Year 2021=100",""
"Domestic Industrial Price Index (Excl VAT)","2024 August","Furniture (31)","Base Year 2021=100","118.0641556"
"Domestic Industrial Price Index (Excl VAT)","2024 August","Other manufacturing (32)","Base Year 2021=100",""
"Domestic Industrial Price Index (Excl VAT)","2024 August","Mining and quarrying (05 to 09)","Base Year 2021=100","101.3099498"
"Domestic Industrial Price Index (Excl VAT)","2024 August","Repair and installation of machinery and equipment (33)","Base Year 2021=100",""
"Domestic Industrial Price Index (Excl VAT)","2024 September","Food products (10)","Base Year 2021=100","133.611589"
"Domestic Industrial Price Index (Excl VAT)","2024 September","Manufacture of beverages (11)","Base Year 2021=100",""
"Domestic Industrial Price Index (Excl VAT)","2024 September","Tobacco products (12)","Base Year 2021=100",""
"Domestic Industrial Price Index (Excl VAT)","2024 September","Textiles (13)","Base Year 2021=100","108.2859793"
"Domestic Industrial Price Index (Excl VAT)","2024 September","Wearing apparel (14)","Base Year 2021=100","104.7378253"
"Domestic Industrial Price Index (Excl VAT)","2024 September","Leather and related products (15)","Base Year 2021=100",""
"Domestic Industrial Price Index (Excl VAT)","2024 September","Wood and wood products, except furniture (16)","Base Year 2021=100","106.4455833"
"Domestic Industrial Price Index (Excl VAT)","2024 September","Paper and paper products (17)","Base Year 2021=100","105.9337341"
"Domestic Industrial Price Index (Excl VAT)","2024 September","Printing and reproduction of recorded media (18)","Base Year 2021=100",""
"Domestic Industrial Price Index (Excl VAT)","2024 September","Coke and refined petroleum products (19)","Base Year 2021=100",""
"Domestic Industrial Price Index (Excl VAT)","2024 September","Chemicals and chemical products (20)","Base Year 2021=100","111.7365555"
"Domestic Industrial Price Index (Excl VAT)","2024 September","Basic pharmaceutical products and preparations (21)","Base Year 2021=100",""
"Domestic Industrial Price Index (Excl VAT)","2024 September","Rubber and plastic products (22)","Base Year 2021=100","101.4480697"
"Domestic Industrial Price Index (Excl VAT)","2024 September","Other non-metallic mineral products (23)","Base Year 2021=100","132.0670449"
"Domestic Industrial Price Index (Excl VAT)","2024 September","Basic metals (24)","Base Year 2021=100","114.3971856"
"Domestic Industrial Price Index (Excl VAT)","2024 September","Fabricated metal products, except machinery and equipment (25)","Base Year 2021=100","128.9016007"
"Domestic Industrial Price Index (Excl VAT)","2024 September","Computer, electronic and optical products (26)","Base Year 2021=100",""
"Domestic Industrial Price Index (Excl VAT)","2024 September","Electrical equipment (27)","Base Year 2021=100","111.7292325"
"Domestic Industrial Price Index (Excl VAT)","2024 September","Machinery and equipment n.e.c. (28)","Base Year 2021=100",""
"Domestic Industrial Price Index (Excl VAT)","2024 September","Motor vehicles, trailers and semi-trailers (29)","Base Year 2021=100","112.0203041"
"Domestic Industrial Price Index (Excl VAT)","2024 September","Other transport equipment (30)","Base Year 2021=100",""
"Domestic Industrial Price Index (Excl VAT)","2024 September","Furniture (31)","Base Year 2021=100","118.0641556"
"Domestic Industrial Price Index (Excl VAT)","2024 September","Other manufacturing (32)","Base Year 2021=100",""
"Domestic Industrial Price Index (Excl VAT)","2024 September","Mining and quarrying (05 to 09)","Base Year 2021=100","101.3099498"
"Domestic Industrial Price Index (Excl VAT)","2024 September","Repair and installation of machinery and equipment (33)","Base Year 2021=100",""
"Domestic Industrial Price Index (Excl VAT)","2024 October","Food products (10)","Base Year 2021=100","133.6"
"Domestic Industrial Price Index (Excl VAT)","2024 October","Manufacture of beverages (11)","Base Year 2021=100",""
"Domestic Industrial Price Index (Excl VAT)","2024 October","Tobacco products (12)","Base Year 2021=100",""
"Domestic Industrial Price Index (Excl VAT)","2024 October","Textiles (13)","Base Year 2021=100","108.3"
"Domestic Industrial Price Index (Excl VAT)","2024 October","Wearing apparel (14)","Base Year 2021=100","104.7"
"Domestic Industrial Price Index (Excl VAT)","2024 October","Leather and related products (15)","Base Year 2021=100",""
"Domestic Industrial Price Index (Excl VAT)","2024 October","Wood and wood products, except furniture (16)","Base Year 2021=100","106.5"
"Domestic Industrial Price Index (Excl VAT)","2024 October","Paper and paper products (17)","Base Year 2021=100","106.9"
"Domestic Industrial Price Index (Excl VAT)","2024 October","Printing and reproduction of recorded media (18)","Base Year 2021=100",""
"Domestic Industrial Price Index (Excl VAT)","2024 October","Coke and refined petroleum products (19)","Base Year 2021=100",""
"Domestic Industrial Price Index (Excl VAT)","2024 October","Chemicals and chemical products (20)","Base Year 2021=100","111.7"
"Domestic Industrial Price Index (Excl VAT)","2024 October","Basic pharmaceutical products and preparations (21)","Base Year 2021=100",""
"Domestic Industrial Price Index (Excl VAT)","2024 October","Rubber and plastic products (22)","Base Year 2021=100","101.5"
"Domestic Industrial Price Index (Excl VAT)","2024 October","Other non-metallic mineral products (23)","Base Year 2021=100","133.2"
"Domestic Industrial Price Index (Excl VAT)","2024 October","Basic metals (24)","Base Year 2021=100","114"
"Domestic Industrial Price Index (Excl VAT)","2024 October","Fabricated metal products, except machinery and equipment (25)","Base Year 2021=100","128.9"
"Domestic Industrial Price Index (Excl VAT)","2024 October","Computer, electronic and optical products (26)","Base Year 2021=100",""
"Domestic Industrial Price Index (Excl VAT)","2024 October","Electrical equipment (27)","Base Year 2021=100","111.7"
"Domestic Industrial Price Index (Excl VAT)","2024 October","Machinery and equipment n.e.c. (28)","Base Year 2021=100",""
"Domestic Industrial Price Index (Excl VAT)","2024 October","Motor vehicles, trailers and semi-trailers (29)","Base Year 2021=100","112"
"Domestic Industrial Price Index (Excl VAT)","2024 October","Other transport equipment (30)","Base Year 2021=100",""
"Domestic Industrial Price Index (Excl VAT)","2024 October","Furniture (31)","Base Year 2021=100","118.1"
"Domestic Industrial Price Index (Excl VAT)","2024 October","Other manufacturing (32)","Base Year 2021=100",""
"Domestic Industrial Price Index (Excl VAT)","2024 October","Mining and quarrying (05 to 09)","Base Year 2021=100","101.3"
"Domestic Industrial Price Index (Excl VAT)","2024 October","Repair and installation of machinery and equipment (33)","Base Year 2021=100",""
"Domestic Industrial Price Index (Excl VAT)","2024 November","Food products (10)","Base Year 2021=100","133.7"
"Domestic Industrial Price Index (Excl VAT)","2024 November","Manufacture of beverages (11)","Base Year 2021=100",""
"Domestic Industrial Price Index (Excl VAT)","2024 November","Tobacco products (12)","Base Year 2021=100",""
"Domestic Industrial Price Index (Excl VAT)","2024 November","Textiles (13)","Base Year 2021=100","108.3"
"Domestic Industrial Price Index (Excl VAT)","2024 November","Wearing apparel (14)","Base Year 2021=100","104.7"
"Domestic Industrial Price Index (Excl VAT)","2024 November","Leather and related products (15)","Base Year 2021=100",""
"Domestic Industrial Price Index (Excl VAT)","2024 November","Wood and wood products, except furniture (16)","Base Year 2021=100","106.5"
"Domestic Industrial Price Index (Excl VAT)","2024 November","Paper and paper products (17)","Base Year 2021=100","106.8"
"Domestic Industrial Price Index (Excl VAT)","2024 November","Printing and reproduction of recorded media (18)","Base Year 2021=100",""
"Domestic Industrial Price Index (Excl VAT)","2024 November","Coke and refined petroleum products (19)","Base Year 2021=100",""
"Domestic Industrial Price Index (Excl VAT)","2024 November","Chemicals and chemical products (20)","Base Year 2021=100","111.8"
"Domestic Industrial Price Index (Excl VAT)","2024 November","Basic pharmaceutical products and preparations (21)","Base Year 2021=100",""
"Domestic Industrial Price Index (Excl VAT)","2024 November","Rubber and plastic products (22)","Base Year 2021=100","101.5"
"Domestic Industrial Price Index (Excl VAT)","2024 November","Other non-metallic mineral products (23)","Base Year 2021=100","131.4"
"Domestic Industrial Price Index (Excl VAT)","2024 November","Basic metals (24)","Base Year 2021=100","114"
"Domestic Industrial Price Index (Excl VAT)","2024 November","Fabricated metal products, except machinery and equipment (25)","Base Year 2021=100","128.9"
"Domestic Industrial Price Index (Excl VAT)","2024 November","Computer, electronic and optical products (26)","Base Year 2021=100",""
"Domestic Industrial Price Index (Excl VAT)","2024 November","Electrical equipment (27)","Base Year 2021=100","111.7"
"Domestic Industrial Price Index (Excl VAT)","2024 November","Machinery and equipment n.e.c. (28)","Base Year 2021=100",""
"Domestic Industrial Price Index (Excl VAT)","2024 November","Motor vehicles, trailers and semi-trailers (29)","Base Year 2021=100","112"
"Domestic Industrial Price Index (Excl VAT)","2024 November","Other transport equipment (30)","Base Year 2021=100",""
"Domestic Industrial Price Index (Excl VAT)","2024 November","Furniture (31)","Base Year 2021=100","118.1"
"Domestic Industrial Price Index (Excl VAT)","2024 November","Other manufacturing (32)","Base Year 2021=100",""
"Domestic Industrial Price Index (Excl VAT)","2024 November","Mining and quarrying (05 to 09)","Base Year 2021=100","101.3"
"Domestic Industrial Price Index (Excl VAT)","2024 November","Repair and installation of machinery and equipment (33)","Base Year 2021=100",""
"Domestic Industrial Price Index (Excl VAT)","2024 December","Food products (10)","Base Year 2021=100","136.17"
"Domestic Industrial Price Index (Excl VAT)","2024 December","Manufacture of beverages (11)","Base Year 2021=100",""
"Domestic Industrial Price Index (Excl VAT)","2024 December","Tobacco products (12)","Base Year 2021=100",""
"Domestic Industrial Price Index (Excl VAT)","2024 December","Textiles (13)","Base Year 2021=100","108.3"
"Domestic Industrial Price Index (Excl VAT)","2024 December","Wearing apparel (14)","Base Year 2021=100","104.74"
"Domestic Industrial Price Index (Excl VAT)","2024 December","Leather and related products (15)","Base Year 2021=100",""
"Domestic Industrial Price Index (Excl VAT)","2024 December","Wood and wood products, except furniture (16)","Base Year 2021=100","106.45"
"Domestic Industrial Price Index (Excl VAT)","2024 December","Paper and paper products (17)","Base Year 2021=100","106.78"
"Domestic Industrial Price Index (Excl VAT)","2024 December","Printing and reproduction of recorded media (18)","Base Year 2021=100",""
"Domestic Industrial Price Index (Excl VAT)","2024 December","Coke and refined petroleum products (19)","Base Year 2021=100",""
"Domestic Industrial Price Index (Excl VAT)","2024 December","Chemicals and chemical products (20)","Base Year 2021=100","111.75"
"Domestic Industrial Price Index (Excl VAT)","2024 December","Basic pharmaceutical products and preparations (21)","Base Year 2021=100",""
"Domestic Industrial Price Index (Excl VAT)","2024 December","Rubber and plastic products (22)","Base Year 2021=100","101.45"
"Domestic Industrial Price Index (Excl VAT)","2024 December","Other non-metallic mineral products (23)","Base Year 2021=100","131.01"
"Domestic Industrial Price Index (Excl VAT)","2024 December","Basic metals (24)","Base Year 2021=100","114.04"
"Domestic Industrial Price Index (Excl VAT)","2024 December","Fabricated metal products, except machinery and equipment (25)","Base Year 2021=100","128.88"
"Domestic Industrial Price Index (Excl VAT)","2024 December","Computer, electronic and optical products (26)","Base Year 2021=100",""
"Domestic Industrial Price Index (Excl VAT)","2024 December","Electrical equipment (27)","Base Year 2021=100","111.73"
"Domestic Industrial Price Index (Excl VAT)","2024 December","Machinery and equipment n.e.c. (28)","Base Year 2021=100",""
"Domestic Industrial Price Index (Excl VAT)","2024 December","Motor vehicles, trailers and semi-trailers (29)","Base Year 2021=100","112.02"
"Domestic Industrial Price Index (Excl VAT)","2024 December","Other transport equipment (30)","Base Year 2021=100",""
"Domestic Industrial Price Index (Excl VAT)","2024 December","Furniture (31)","Base Year 2021=100","118.06"
"Domestic Industrial Price Index (Excl VAT)","2024 December","Other manufacturing (32)","Base Year 2021=100",""
"Domestic Industrial Price Index (Excl VAT)","2024 December","Mining and quarrying (05 to 09)","Base Year 2021=100","101.31"
"Domestic Industrial Price Index (Excl VAT)","2024 December","Repair and installation of machinery and equipment (33)","Base Year 2021=100",""
"Domestic Industrial Price Index (Excl VAT)","2025 January","Food products (10)","Base Year 2021=100","137.37"
"Domestic Industrial Price Index (Excl VAT)","2025 January","Manufacture of beverages (11)","Base Year 2021=100",""
"Domestic Industrial Price Index (Excl VAT)","2025 January","Tobacco products (12)","Base Year 2021=100",""
"Domestic Industrial Price Index (Excl VAT)","2025 January","Textiles (13)","Base Year 2021=100","109.62"
"Domestic Industrial Price Index (Excl VAT)","2025 January","Wearing apparel (14)","Base Year 2021=100","104.74"
"Domestic Industrial Price Index (Excl VAT)","2025 January","Leather and related products (15)","Base Year 2021=100",""
"Domestic Industrial Price Index (Excl VAT)","2025 January","Wood and wood products, except furniture (16)","Base Year 2021=100","106.45"
"Domestic Industrial Price Index (Excl VAT)","2025 January","Paper and paper products (17)","Base Year 2021=100","108.56"
"Domestic Industrial Price Index (Excl VAT)","2025 January","Printing and reproduction of recorded media (18)","Base Year 2021=100",""
"Domestic Industrial Price Index (Excl VAT)","2025 January","Coke and refined petroleum products (19)","Base Year 2021=100",""
"Domestic Industrial Price Index (Excl VAT)","2025 January","Chemicals and chemical products (20)","Base Year 2021=100","112.93"
"Domestic Industrial Price Index (Excl VAT)","2025 January","Basic pharmaceutical products and preparations (21)","Base Year 2021=100",""
"Domestic Industrial Price Index (Excl VAT)","2025 January","Rubber and plastic products (22)","Base Year 2021=100","101.45"
"Domestic Industrial Price Index (Excl VAT)","2025 January","Other non-metallic mineral products (23)","Base Year 2021=100","131.54"
"Domestic Industrial Price Index (Excl VAT)","2025 January","Basic metals (24)","Base Year 2021=100","113.69"
"Domestic Industrial Price Index (Excl VAT)","2025 January","Fabricated metal products, except machinery and equipment (25)","Base Year 2021=100","128.9"
"Domestic Industrial Price Index (Excl VAT)","2025 January","Computer, electronic and optical products (26)","Base Year 2021=100",""
"Domestic Industrial Price Index (Excl VAT)","2025 January","Electrical equipment (27)","Base Year 2021=100","114.47"
"Domestic Industrial Price Index (Excl VAT)","2025 January","Machinery and equipment n.e.c. (28)","Base Year 2021=100",""
"Domestic Industrial Price Index (Excl VAT)","2025 January","Motor vehicles, trailers and semi-trailers (29)","Base Year 2021=100","112.48"
"Domestic Industrial Price Index (Excl VAT)","2025 January","Other transport equipment (30)","Base Year 2021=100",""
"Domestic Industrial Price Index (Excl VAT)","2025 January","Furniture (31)","Base Year 2021=100","121.61"
"Domestic Industrial Price Index (Excl VAT)","2025 January","Other manufacturing (32)","Base Year 2021=100",""
"Domestic Industrial Price Index (Excl VAT)","2025 January","Mining and quarrying (05 to 09)","Base Year 2021=100","101.02"
"Domestic Industrial Price Index (Excl VAT)","2025 January","Repair and installation of machinery and equipment (33)","Base Year 2021=100",""
"Domestic Industrial Price Index (Excl VAT)","2025 February","Food products (10)","Base Year 2021=100","135.75"
"Domestic Industrial Price Index (Excl VAT)","2025 February","Manufacture of beverages (11)","Base Year 2021=100",""
"Domestic Industrial Price Index (Excl VAT)","2025 February","Tobacco products (12)","Base Year 2021=100",""
"Domestic Industrial Price Index (Excl VAT)","2025 February","Textiles (13)","Base Year 2021=100","109.62"
"Domestic Industrial Price Index (Excl VAT)","2025 February","Wearing apparel (14)","Base Year 2021=100","104.74"
"Domestic Industrial Price Index (Excl VAT)","2025 February","Leather and related products (15)","Base Year 2021=100",""
"Domestic Industrial Price Index (Excl VAT)","2025 February","Wood and wood products, except furniture (16)","Base Year 2021=100","106.45"
"Domestic Industrial Price Index (Excl VAT)","2025 February","Paper and paper products (17)","Base Year 2021=100","108.28"
"Domestic Industrial Price Index (Excl VAT)","2025 February","Printing and reproduction of recorded media (18)","Base Year 2021=100",""
"Domestic Industrial Price Index (Excl VAT)","2025 February","Coke and refined petroleum products (19)","Base Year 2021=100",""
"Domestic Industrial Price Index (Excl VAT)","2025 February","Chemicals and chemical products (20)","Base Year 2021=100","112.93"
"Domestic Industrial Price Index (Excl VAT)","2025 February","Basic pharmaceutical products and preparations (21)","Base Year 2021=100",""
"Domestic Industrial Price Index (Excl VAT)","2025 February","Rubber and plastic products (22)","Base Year 2021=100","101.45"
"Domestic Industrial Price Index (Excl VAT)","2025 February","Other non-metallic mineral products (23)","Base Year 2021=100","131.87"
"Domestic Industrial Price Index (Excl VAT)","2025 February","Basic metals (24)","Base Year 2021=100","113.59"
"Domestic Industrial Price Index (Excl VAT)","2025 February","Fabricated metal products, except machinery and equipment (25)","Base Year 2021=100","130.13"
"Domestic Industrial Price Index (Excl VAT)","2025 February","Computer, electronic and optical products (26)","Base Year 2021=100",""
"Domestic Industrial Price Index (Excl VAT)","2025 February","Electrical equipment (27)","Base Year 2021=100","114.47"
"Domestic Industrial Price Index (Excl VAT)","2025 February","Machinery and equipment n.e.c. (28)","Base Year 2021=100",""
"Domestic Industrial Price Index (Excl VAT)","2025 February","Motor vehicles, trailers and semi-trailers (29)","Base Year 2021=100","112.48"
"Domestic Industrial Price Index (Excl VAT)","2025 February","Other transport equipment (30)","Base Year 2021=100",""
"Domestic Industrial Price Index (Excl VAT)","2025 February","Furniture (31)","Base Year 2021=100","121.61"
"Domestic Industrial Price Index (Excl VAT)","2025 February","Other manufacturing (32)","Base Year 2021=100",""
"Domestic Industrial Price Index (Excl VAT)","2025 February","Mining and quarrying (05 to 09)","Base Year 2021=100","101.02"
"Domestic Industrial Price Index (Excl VAT)","2025 February","Repair and installation of machinery and equipment (33)","Base Year 2021=100",""
"Domestic Industrial Price Index (Excl VAT)","2025 March","Food products (10)","Base Year 2021=100","135.91"
"Domestic Industrial Price Index (Excl VAT)","2025 March","Manufacture of beverages (11)","Base Year 2021=100",""
"Domestic Industrial Price Index (Excl VAT)","2025 March","Tobacco products (12)","Base Year 2021=100",""
"Domestic Industrial Price Index (Excl VAT)","2025 March","Textiles (13)","Base Year 2021=100","109.62"
"Domestic Industrial Price Index (Excl VAT)","2025 March","Wearing apparel (14)","Base Year 2021=100","104.74"
"Domestic Industrial Price Index (Excl VAT)","2025 March","Leather and related products (15)","Base Year 2021=100",""
"Domestic Industrial Price Index (Excl VAT)","2025 March","Wood and wood products, except furniture (16)","Base Year 2021=100","106.44"
"Domestic Industrial Price Index (Excl VAT)","2025 March","Paper and paper products (17)","Base Year 2021=100","106.36"
"Domestic Industrial Price Index (Excl VAT)","2025 March","Printing and reproduction of recorded media (18)","Base Year 2021=100",""
"Domestic Industrial Price Index (Excl VAT)","2025 March","Coke and refined petroleum products (19)","Base Year 2021=100",""
"Domestic Industrial Price Index (Excl VAT)","2025 March","Chemicals and chemical products (20)","Base Year 2021=100","114.96"
"Domestic Industrial Price Index (Excl VAT)","2025 March","Basic pharmaceutical products and preparations (21)","Base Year 2021=100",""
"Domestic Industrial Price Index (Excl VAT)","2025 March","Rubber and plastic products (22)","Base Year 2021=100","101.45"
"Domestic Industrial Price Index (Excl VAT)","2025 March","Other non-metallic mineral products (23)","Base Year 2021=100","131.82"
"Domestic Industrial Price Index (Excl VAT)","2025 March","Basic metals (24)","Base Year 2021=100","113.48"
"Domestic Industrial Price Index (Excl VAT)","2025 March","Fabricated metal products, except machinery and equipment (25)","Base Year 2021=100","130.09"
"Domestic Industrial Price Index (Excl VAT)","2025 March","Computer, electronic and optical products (26)","Base Year 2021=100",""
"Domestic Industrial Price Index (Excl VAT)","2025 March","Electrical equipment (27)","Base Year 2021=100","114.47"
"Domestic Industrial Price Index (Excl VAT)","2025 March","Machinery and equipment n.e.c. (28)","Base Year 2021=100",""
"Domestic Industrial Price Index (Excl VAT)","2025 March","Motor vehicles, trailers and semi-trailers (29)","Base Year 2021=100","112.73"
"Domestic Industrial Price Index (Excl VAT)","2025 March","Other transport equipment (30)","Base Year 2021=100",""
"Domestic Industrial Price Index (Excl VAT)","2025 March","Furniture (31)","Base Year 2021=100","121.61"
"Domestic Industrial Price Index (Excl VAT)","2025 March","Other manufacturing (32)","Base Year 2021=100",""
"Domestic Industrial Price Index (Excl VAT)","2025 March","Mining and quarrying (05 to 09)","Base Year 2021=100","101.02"
"Domestic Industrial Price Index (Excl VAT)","2025 March","Repair and installation of machinery and equipment (33)","Base Year 2021=100",""
"Domestic Industrial Price Index (Excl VAT)","2025 April","Food products (10)","Base Year 2021=100","136.15"
"Domestic Industrial Price Index (Excl VAT)","2025 April","Manufacture of beverages (11)","Base Year 2021=100",""
"Domestic Industrial Price Index (Excl VAT)","2025 April","Tobacco products (12)","Base Year 2021=100",""
"Domestic Industrial Price Index (Excl VAT)","2025 April","Textiles (13)","Base Year 2021=100","109.62"
"Domestic Industrial Price Index (Excl VAT)","2025 April","Wearing apparel (14)","Base Year 2021=100","104.74"
"Domestic Industrial Price Index (Excl VAT)","2025 April","Leather and related products (15)","Base Year 2021=100",""
"Domestic Industrial Price Index (Excl VAT)","2025 April","Wood and wood products, except furniture (16)","Base Year 2021=100","106.39"
"Domestic Industrial Price Index (Excl VAT)","2025 April","Paper and paper products (17)","Base Year 2021=100","108.24"
"Domestic Industrial Price Index (Excl VAT)","2025 April","Printing and reproduction of recorded media (18)","Base Year 2021=100",""
"Domestic Industrial Price Index (Excl VAT)","2025 April","Coke and refined petroleum products (19)","Base Year 2021=100",""
"Domestic Industrial Price Index (Excl VAT)","2025 April","Chemicals and chemical products (20)","Base Year 2021=100","114.96"
"Domestic Industrial Price Index (Excl VAT)","2025 April","Basic pharmaceutical products and preparations (21)","Base Year 2021=100",""
"Domestic Industrial Price Index (Excl VAT)","2025 April","Rubber and plastic products (22)","Base Year 2021=100","101.45"
"Domestic Industrial Price Index (Excl VAT)","2025 April","Other non-metallic mineral products (23)","Base Year 2021=100","131.86"
"Domestic Industrial Price Index (Excl VAT)","2025 April","Basic metals (24)","Base Year 2021=100","113.48"
"Domestic Industrial Price Index (Excl VAT)","2025 April","Fabricated metal products, except machinery and equipment (25)","Base Year 2021=100","130.12"
"Domestic Industrial Price Index (Excl VAT)","2025 April","Computer, electronic and optical products (26)","Base Year 2021=100",""
"Domestic Industrial Price Index (Excl VAT)","2025 April","Electrical equipment (27)","Base Year 2021=100","114.47"
"Domestic Industrial Price Index (Excl VAT)","2025 April","Machinery and equipment n.e.c. (28)","Base Year 2021=100",""
"Domestic Industrial Price Index (Excl VAT)","2025 April","Motor vehicles, trailers and semi-trailers (29)","Base Year 2021=100","112.73"
"Domestic Industrial Price Index (Excl VAT)","2025 April","Other transport equipment (30)","Base Year 2021=100",""
"Domestic Industrial Price Index (Excl VAT)","2025 April","Furniture (31)","Base Year 2021=100","121.61"
"Domestic Industrial Price Index (Excl VAT)","2025 April","Other manufacturing (32)","Base Year 2021=100",""
"Domestic Industrial Price Index (Excl VAT)","2025 April","Mining and quarrying (05 to 09)","Base Year 2021=100","101.03"
"Domestic Industrial Price Index (Excl VAT)","2025 April","Repair and installation of machinery and equipment (33)","Base Year 2021=100",""
"Domestic Industrial Price Index (Excl VAT)","2025 May","Food products (10)","Base Year 2021=100","135.8"
"Domestic Industrial Price Index (Excl VAT)","2025 May","Manufacture of beverages (11)","Base Year 2021=100",""
"Domestic Industrial Price Index (Excl VAT)","2025 May","Tobacco products (12)","Base Year 2021=100",""
"Domestic Industrial Price Index (Excl VAT)","2025 May","Textiles (13)","Base Year 2021=100","109.6"
"Domestic Industrial Price Index (Excl VAT)","2025 May","Wearing apparel (14)","Base Year 2021=100","104.7"
"Domestic Industrial Price Index (Excl VAT)","2025 May","Leather and related products (15)","Base Year 2021=100",""
"Domestic Industrial Price Index (Excl VAT)","2025 May","Wood and wood products, except furniture (16)","Base Year 2021=100","106.4"
"Domestic Industrial Price Index (Excl VAT)","2025 May","Paper and paper products (17)","Base Year 2021=100","108.4"
"Domestic Industrial Price Index (Excl VAT)","2025 May","Printing and reproduction of recorded media (18)","Base Year 2021=100",""
"Domestic Industrial Price Index (Excl VAT)","2025 May","Coke and refined petroleum products (19)","Base Year 2021=100",""
"Domestic Industrial Price Index (Excl VAT)","2025 May","Chemicals and chemical products (20)","Base Year 2021=100","115"
"Domestic Industrial Price Index (Excl VAT)","2025 May","Basic pharmaceutical products and preparations (21)","Base Year 2021=100",""
"Domestic Industrial Price Index (Excl VAT)","2025 May","Rubber and plastic products (22)","Base Year 2021=100","101.7"
"Domestic Industrial Price Index (Excl VAT)","2025 May","Other non-metallic mineral products (23)","Base Year 2021=100","133.1"
"Domestic Industrial Price Index (Excl VAT)","2025 May","Basic metals (24)","Base Year 2021=100","113.5"
"Domestic Industrial Price Index (Excl VAT)","2025 May","Fabricated metal products, except machinery and equipment (25)","Base Year 2021=100","130.1"
"Domestic Industrial Price Index (Excl VAT)","2025 May","Computer, electronic and optical products (26)","Base Year 2021=100",""
"Domestic Industrial Price Index (Excl VAT)","2025 May","Electrical equipment (27)","Base Year 2021=100","114.5"
"Domestic Industrial Price Index (Excl VAT)","2025 May","Machinery and equipment n.e.c. (28)","Base Year 2021=100",""
"Domestic Industrial Price Index (Excl VAT)","2025 May","Motor vehicles, trailers and semi-trailers (29)","Base Year 2021=100","113"
"Domestic Industrial Price Index (Excl VAT)","2025 May","Other transport equipment (30)","Base Year 2021=100",""
"Domestic Industrial Price Index (Excl VAT)","2025 May","Furniture (31)","Base Year 2021=100","121.6"
"Domestic Industrial Price Index (Excl VAT)","2025 May","Other manufacturing (32)","Base Year 2021=100",""
"Domestic Industrial Price Index (Excl VAT)","2025 May","Mining and quarrying (05 to 09)","Base Year 2021=100","101"
"Domestic Industrial Price Index (Excl VAT)","2025 May","Repair and installation of machinery and equipment (33)","Base Year 2021=100",""
"Domestic Industrial Price Index (Excl VAT)","2025 June","Food products (10)","Base Year 2021=100","135.8"
"Domestic Industrial Price Index (Excl VAT)","2025 June","Manufacture of beverages (11)","Base Year 2021=100",""
"Domestic Industrial Price Index (Excl VAT)","2025 June","Tobacco products (12)","Base Year 2021=100",""
"Domestic Industrial Price Index (Excl VAT)","2025 June","Textiles (13)","Base Year 2021=100","109.6"
"Domestic Industrial Price Index (Excl VAT)","2025 June","Wearing apparel (14)","Base Year 2021=100","104.7"
"Domestic Industrial Price Index (Excl VAT)","2025 June","Leather and related products (15)","Base Year 2021=100",""
"Domestic Industrial Price Index (Excl VAT)","2025 June","Wood and wood products, except furniture (16)","Base Year 2021=100","106.9"
"Domestic Industrial Price Index (Excl VAT)","2025 June","Paper and paper products (17)","Base Year 2021=100","107.3"
"Domestic Industrial Price Index (Excl VAT)","2025 June","Printing and reproduction of recorded media (18)","Base Year 2021=100",""
"Domestic Industrial Price Index (Excl VAT)","2025 June","Coke and refined petroleum products (19)","Base Year 2021=100",""
"Domestic Industrial Price Index (Excl VAT)","2025 June","Chemicals and chemical products (20)","Base Year 2021=100","115"
"Domestic Industrial Price Index (Excl VAT)","2025 June","Basic pharmaceutical products and preparations (21)","Base Year 2021=100",""
"Domestic Industrial Price Index (Excl VAT)","2025 June","Rubber and plastic products (22)","Base Year 2021=100","101.8"
"Domestic Industrial Price Index (Excl VAT)","2025 June","Other non-metallic mineral products (23)","Base Year 2021=100","132.6"
"Domestic Industrial Price Index (Excl VAT)","2025 June","Basic metals (24)","Base Year 2021=100","113.5"
"Domestic Industrial Price Index (Excl VAT)","2025 June","Fabricated metal products, except machinery and equipment (25)","Base Year 2021=100","130.1"
"Domestic Industrial Price Index (Excl VAT)","2025 June","Computer, electronic and optical products (26)","Base Year 2021=100",""
"Domestic Industrial Price Index (Excl VAT)","2025 June","Electrical equipment (27)","Base Year 2021=100","114.5"
"Domestic Industrial Price Index (Excl VAT)","2025 June","Machinery and equipment n.e.c. (28)","Base Year 2021=100",""
"Domestic Industrial Price Index (Excl VAT)","2025 June","Motor vehicles, trailers and semi-trailers (29)","Base Year 2021=100","113.3"
"Domestic Industrial Price Index (Excl VAT)","2025 June","Other transport equipment (30)","Base Year 2021=100",""
"Domestic Industrial Price Index (Excl VAT)","2025 June","Furniture (31)","Base Year 2021=100","121.6"
"Domestic Industrial Price Index (Excl VAT)","2025 June","Other manufacturing (32)","Base Year 2021=100",""
"Domestic Industrial Price Index (Excl VAT)","2025 June","Mining and quarrying (05 to 09)","Base Year 2021=100","101"
"Domestic Industrial Price Index (Excl VAT)","2025 June","Repair and installation of machinery and equipment (33)","Base Year 2021=100",""
"Domestic Industrial Price Index (Excl VAT)","2025 July","Food products (10)","Base Year 2021=100","137.6"
"Domestic Industrial Price Index (Excl VAT)","2025 July","Manufacture of beverages (11)","Base Year 2021=100",""
"Domestic Industrial Price Index (Excl VAT)","2025 July","Tobacco products (12)","Base Year 2021=100",""
"Domestic Industrial Price Index (Excl VAT)","2025 July","Textiles (13)","Base Year 2021=100","109.6"
"Domestic Industrial Price Index (Excl VAT)","2025 July","Wearing apparel (14)","Base Year 2021=100","104.7"
"Domestic Industrial Price Index (Excl VAT)","2025 July","Leather and related products (15)","Base Year 2021=100",""
"Domestic Industrial Price Index (Excl VAT)","2025 July","Wood and wood products, except furniture (16)","Base Year 2021=100","106.7"
"Domestic Industrial Price Index (Excl VAT)","2025 July","Paper and paper products (17)","Base Year 2021=100","107.3"
"Domestic Industrial Price Index (Excl VAT)","2025 July","Printing and reproduction of recorded media (18)","Base Year 2021=100",""
"Domestic Industrial Price Index (Excl VAT)","2025 July","Coke and refined petroleum products (19)","Base Year 2021=100",""
"Domestic Industrial Price Index (Excl VAT)","2025 July","Chemicals and chemical products (20)","Base Year 2021=100","117.3"
"Domestic Industrial Price Index (Excl VAT)","2025 July","Basic pharmaceutical products and preparations (21)","Base Year 2021=100",""
"Domestic Industrial Price Index (Excl VAT)","2025 July","Rubber and plastic products (22)","Base Year 2021=100","101.8"
"Domestic Industrial Price Index (Excl VAT)","2025 July","Other non-metallic mineral products (23)","Base Year 2021=100","132.6"
"Domestic Industrial Price Index (Excl VAT)","2025 July","Basic metals (24)","Base Year 2021=100","113.5"
"Domestic Industrial Price Index (Excl VAT)","2025 July","Fabricated metal products, except machinery and equipment (25)","Base Year 2021=100","131.8"
"Domestic Industrial Price Index (Excl VAT)","2025 July","Computer, electronic and optical products (26)","Base Year 2021=100",""
"Domestic Industrial Price Index (Excl VAT)","2025 July","Electrical equipment (27)","Base Year 2021=100","114.5"
"Domestic Industrial Price Index (Excl VAT)","2025 July","Machinery and equipment n.e.c. (28)","Base Year 2021=100",""
"Domestic Industrial Price Index (Excl VAT)","2025 July","Motor vehicles, trailers and semi-trailers (29)","Base Year 2021=100","113.3"
"Domestic Industrial Price Index (Excl VAT)","2025 July","Other transport equipment (30)","Base Year 2021=100",""
"Domestic Industrial Price Index (Excl VAT)","2025 July","Furniture (31)","Base Year 2021=100","123.8"
"Domestic Industrial Price Index (Excl VAT)","2025 July","Other manufacturing (32)","Base Year 2021=100",""
"Domestic Industrial Price Index (Excl VAT)","2025 July","Mining and quarrying (05 to 09)","Base Year 2021=100","101"
"Domestic Industrial Price Index (Excl VAT)","2025 July","Repair and installation of machinery and equipment (33)","Base Year 2021=100",""
"Domestic Industrial Price Index (Excl VAT)","2025 August","Food products (10)","Base Year 2021=100","137.8"
"Domestic Industrial Price Index (Excl VAT)","2025 August","Manufacture of beverages (11)","Base Year 2021=100",""
"Domestic Industrial Price Index (Excl VAT)","2025 August","Tobacco products (12)","Base Year 2021=100",""
"Domestic Industrial Price Index (Excl VAT)","2025 August","Textiles (13)","Base Year 2021=100","109.6"
"Domestic Industrial Price Index (Excl VAT)","2025 August","Wearing apparel (14)","Base Year 2021=100","104.7"
"Domestic Industrial Price Index (Excl VAT)","2025 August","Leather and related products (15)","Base Year 2021=100",""
"Domestic Industrial Price Index (Excl VAT)","2025 August","Wood and wood products, except furniture (16)","Base Year 2021=100","106.7"
"Domestic Industrial Price Index (Excl VAT)","2025 August","Paper and paper products (17)","Base Year 2021=100","106.3"
"Domestic Industrial Price Index (Excl VAT)","2025 August","Printing and reproduction of recorded media (18)","Base Year 2021=100",""
"Domestic Industrial Price Index (Excl VAT)","2025 August","Coke and refined petroleum products (19)","Base Year 2021=100",""
"Domestic Industrial Price Index (Excl VAT)","2025 August","Chemicals and chemical products (20)","Base Year 2021=100","117.3"
"Domestic Industrial Price Index (Excl VAT)","2025 August","Basic pharmaceutical products and preparations (21)","Base Year 2021=100",""
"Domestic Industrial Price Index (Excl VAT)","2025 August","Rubber and plastic products (22)","Base Year 2021=100","101.8"
"Domestic Industrial Price Index (Excl VAT)","2025 August","Other non-metallic mineral products (23)","Base Year 2021=100","133"
"Domestic Industrial Price Index (Excl VAT)","2025 August","Basic metals (24)","Base Year 2021=100","113.6"
"Domestic Industrial Price Index (Excl VAT)","2025 August","Fabricated metal products, except machinery and equipment (25)","Base Year 2021=100","131.8"
"Domestic Industrial Price Index (Excl VAT)","2025 August","Computer, electronic and optical products (26)","Base Year 2021=100",""
"Domestic Industrial Price Index (Excl VAT)","2025 August","Electrical equipment (27)","Base Year 2021=100","114.5"
"Domestic Industrial Price Index (Excl VAT)","2025 August","Machinery and equipment n.e.c. (28)","Base Year 2021=100",""
"Domestic Industrial Price Index (Excl VAT)","2025 August","Motor vehicles, trailers and semi-trailers (29)","Base Year 2021=100","113.3"
"Domestic Industrial Price Index (Excl VAT)","2025 August","Other transport equipment (30)","Base Year 2021=100",""
"Domestic Industrial Price Index (Excl VAT)","2025 August","Furniture (31)","Base Year 2021=100","123.8"
"Domestic Industrial Price Index (Excl VAT)","2025 August","Other manufacturing (32)","Base Year 2021=100",""
"Domestic Industrial Price Index (Excl VAT)","2025 August","Mining and quarrying (05 to 09)","Base Year 2021=100","101"
"Domestic Industrial Price Index (Excl VAT)","2025 August","Repair and installation of machinery and equipment (33)","Base Year 2021=100",""
"Domestic Industrial Price Index (Excl VAT)","2025 September","Food products (10)","Base Year 2021=100","137.5"
"Domestic Industrial Price Index (Excl VAT)","2025 September","Manufacture of beverages (11)","Base Year 2021=100",""
"Domestic Industrial Price Index (Excl VAT)","2025 September","Tobacco products (12)","Base Year 2021=100",""
"Domestic Industrial Price Index (Excl VAT)","2025 September","Textiles (13)","Base Year 2021=100","108.3"
"Domestic Industrial Price Index (Excl VAT)","2025 September","Wearing apparel (14)","Base Year 2021=100","104.7"
"Domestic Industrial Price Index (Excl VAT)","2025 September","Leather and related products (15)","Base Year 2021=100",""
"Domestic Industrial Price Index (Excl VAT)","2025 September","Wood and wood products, except furniture (16)","Base Year 2021=100","107.4"
"Domestic Industrial Price Index (Excl VAT)","2025 September","Paper and paper products (17)","Base Year 2021=100","106.9"
"Domestic Industrial Price Index (Excl VAT)","2025 September","Printing and reproduction of recorded media (18)","Base Year 2021=100",""
"Domestic Industrial Price Index (Excl VAT)","2025 September","Coke and refined petroleum products (19)","Base Year 2021=100",""
"Domestic Industrial Price Index (Excl VAT)","2025 September","Chemicals and chemical products (20)","Base Year 2021=100","117.3"
"Domestic Industrial Price Index (Excl VAT)","2025 September","Basic pharmaceutical products and preparations (21)","Base Year 2021=100",""
"Domestic Industrial Price Index (Excl VAT)","2025 September","Rubber and plastic products (22)","Base Year 2021=100","101.8"
"Domestic Industrial Price Index (Excl VAT)","2025 September","Other non-metallic mineral products (23)","Base Year 2021=100","134.3"
"Domestic Industrial Price Index (Excl VAT)","2025 September","Basic metals (24)","Base Year 2021=100","112.8"
"Domestic Industrial Price Index (Excl VAT)","2025 September","Fabricated metal products, except machinery and equipment (25)","Base Year 2021=100","131.8"
"Domestic Industrial Price Index (Excl VAT)","2025 September","Computer, electronic and optical products (26)","Base Year 2021=100",""
"Domestic Industrial Price Index (Excl VAT)","2025 September","Electrical equipment (27)","Base Year 2021=100","114.5"
"Domestic Industrial Price Index (Excl VAT)","2025 September","Machinery and equipment n.e.c. (28)","Base Year 2021=100",""
"Domestic Industrial Price Index (Excl VAT)","2025 September","Motor vehicles, trailers and semi-trailers (29)","Base Year 2021=100","113.4"
"Domestic Industrial Price Index (Excl VAT)","2025 September","Other transport equipment (30)","Base Year 2021=100",""
"Domestic Industrial Price Index (Excl VAT)","2025 September","Furniture (31)","Base Year 2021=100","123.8"
"Domestic Industrial Price Index (Excl VAT)","2025 September","Other manufacturing (32)","Base Year 2021=100",""
"Domestic Industrial Price Index (Excl VAT)","2025 September","Mining and quarrying (05 to 09)","Base Year 2021=100","101"
"Domestic Industrial Price Index (Excl VAT)","2025 September","Repair and installation of machinery and equipment (33)","Base Year 2021=100",""
"Domestic Industrial Price Index (Excl VAT)","2025 October","Food products (10)","Base Year 2021=100","137.4"
"Domestic Industrial Price Index (Excl VAT)","2025 October","Manufacture of beverages (11)","Base Year 2021=100",""
"Domestic Industrial Price Index (Excl VAT)","2025 October","Tobacco products (12)","Base Year 2021=100",""
"Domestic Industrial Price Index (Excl VAT)","2025 October","Textiles (13)","Base Year 2021=100","108.3"
"Domestic Industrial Price Index (Excl VAT)","2025 October","Wearing apparel (14)","Base Year 2021=100","104.7"
"Domestic Industrial Price Index (Excl VAT)","2025 October","Leather and related products (15)","Base Year 2021=100",""
"Domestic Industrial Price Index (Excl VAT)","2025 October","Wood and wood products, except furniture (16)","Base Year 2021=100","107.3"
"Domestic Industrial Price Index (Excl VAT)","2025 October","Paper and paper products (17)","Base Year 2021=100","109.6"
"Domestic Industrial Price Index (Excl VAT)","2025 October","Printing and reproduction of recorded media (18)","Base Year 2021=100",""
"Domestic Industrial Price Index (Excl VAT)","2025 October","Coke and refined petroleum products (19)","Base Year 2021=100",""
"Domestic Industrial Price Index (Excl VAT)","2025 October","Chemicals and chemical products (20)","Base Year 2021=100","117.2"
"Domestic Industrial Price Index (Excl VAT)","2025 October","Basic pharmaceutical products and preparations (21)","Base Year 2021=100",""
"Domestic Industrial Price Index (Excl VAT)","2025 October","Rubber and plastic products (22)","Base Year 2021=100","101.8"
"Domestic Industrial Price Index (Excl VAT)","2025 October","Other non-metallic mineral products (23)","Base Year 2021=100","134.2"
"Domestic Industrial Price Index (Excl VAT)","2025 October","Basic metals (24)","Base Year 2021=100","112.8"
"Domestic Industrial Price Index (Excl VAT)","2025 October","Fabricated metal products, except machinery and equipment (25)","Base Year 2021=100","132.9"
"Domestic Industrial Price Index (Excl VAT)","2025 October","Computer, electronic and optical products (26)","Base Year 2021=100",""
"Domestic Industrial Price Index (Excl VAT)","2025 October","Electrical equipment (27)","Base Year 2021=100","114.5"
"Domestic Industrial Price Index (Excl VAT)","2025 October","Machinery and equipment n.e.c. (28)","Base Year 2021=100",""
"Domestic Industrial Price Index (Excl VAT)","2025 October","Motor vehicles, trailers and semi-trailers (29)","Base Year 2021=100","113.4"
"Domestic Industrial Price Index (Excl VAT)","2025 October","Other transport equipment (30)","Base Year 2021=100",""
"Domestic Industrial Price Index (Excl VAT)","2025 October","Furniture (31)","Base Year 2021=100","123.8"
"Domestic Industrial Price Index (Excl VAT)","2025 October","Other manufacturing (32)","Base Year 2021=100",""
"Domestic Industrial Price Index (Excl VAT)","2025 October","Mining and quarrying (05 to 09)","Base Year 2021=100","101"
"Domestic Industrial Price Index (Excl VAT)","2025 October","Repair and installation of machinery and equipment (33)","Base Year 2021=100",""
"Domestic Industrial Price Index (Excl VAT)","2025 November","Food products (10)","Base Year 2021=100","137.4"
"Domestic Industrial Price Index (Excl VAT)","2025 November","Manufacture of beverages (11)","Base Year 2021=100",""
"Domestic Industrial Price Index (Excl VAT)","2025 November","Tobacco products (12)","Base Year 2021=100",""
"Domestic Industrial Price Index (Excl VAT)","2025 November","Textiles (13)","Base Year 2021=100","108.3"
"Domestic Industrial Price Index (Excl VAT)","2025 November","Wearing apparel (14)","Base Year 2021=100","104.7"
"Domestic Industrial Price Index (Excl VAT)","2025 November","Leather and related products (15)","Base Year 2021=100",""
"Domestic Industrial Price Index (Excl VAT)","2025 November","Wood and wood products, except furniture (16)","Base Year 2021=100","107"
"Domestic Industrial Price Index (Excl VAT)","2025 November","Paper and paper products (17)","Base Year 2021=100","109.6"
"Domestic Industrial Price Index (Excl VAT)","2025 November","Printing and reproduction of recorded media (18)","Base Year 2021=100",""
"Domestic Industrial Price Index (Excl VAT)","2025 November","Coke and refined petroleum products (19)","Base Year 2021=100",""
"Domestic Industrial Price Index (Excl VAT)","2025 November","Chemicals and chemical products (20)","Base Year 2021=100","117.2"
"Domestic Industrial Price Index (Excl VAT)","2025 November","Basic pharmaceutical products and preparations (21)","Base Year 2021=100",""
"Domestic Industrial Price Index (Excl VAT)","2025 November","Rubber and plastic products (22)","Base Year 2021=100","101.8"
"Domestic Industrial Price Index (Excl VAT)","2025 November","Other non-metallic mineral products (23)","Base Year 2021=100","134.2"
"Domestic Industrial Price Index (Excl VAT)","2025 November","Basic metals (24)","Base Year 2021=100","112.8"
"Domestic Industrial Price Index (Excl VAT)","2025 November","Fabricated metal products, except machinery and equipment (25)","Base Year 2021=100","132.9"
"Domestic Industrial Price Index (Excl VAT)","2025 November","Computer, electronic and optical products (26)","Base Year 2021=100",""
"Domestic Industrial Price Index (Excl VAT)","2025 November","Electrical equipment (27)","Base Year 2021=100","114.5"
"Domestic Industrial Price Index (Excl VAT)","2025 November","Machinery and equipment n.e.c. (28)","Base Year 2021=100",""
"Domestic Industrial Price Index (Excl VAT)","2025 November","Motor vehicles, trailers and semi-trailers (29)","Base Year 2021=100","113.4"
"Domestic Industrial Price Index (Excl VAT)","2025 November","Other transport equipment (30)","Base Year 2021=100",""
"Domestic Industrial Price Index (Excl VAT)","2025 November","Furniture (31)","Base Year 2021=100","123.8"
"Domestic Industrial Price Index (Excl VAT)","2025 November","Other manufacturing (32)","Base Year 2021=100",""
"Domestic Industrial Price Index (Excl VAT)","2025 November","Mining and quarrying (05 to 09)","Base Year 2021=100","101"
"Domestic Industrial Price Index (Excl VAT)","2025 November","Repair and installation of machinery and equipment (33)","Base Year 2021=100",""
"Domestic Industrial Price Index (Excl VAT)","2025 December","Food products (10)","Base Year 2021=100","137.3"
"Domestic Industrial Price Index (Excl VAT)","2025 December","Manufacture of beverages (11)","Base Year 2021=100",""
"Domestic Industrial Price Index (Excl VAT)","2025 December","Tobacco products (12)","Base Year 2021=100",""
"Domestic Industrial Price Index (Excl VAT)","2025 December","Textiles (13)","Base Year 2021=100","108.6"
"Domestic Industrial Price Index (Excl VAT)","2025 December","Wearing apparel (14)","Base Year 2021=100","104.7"
"Domestic Industrial Price Index (Excl VAT)","2025 December","Leather and related products (15)","Base Year 2021=100",""
"Domestic Industrial Price Index (Excl VAT)","2025 December","Wood and wood products, except furniture (16)","Base Year 2021=100","107.1"
"Domestic Industrial Price Index (Excl VAT)","2025 December","Paper and paper products (17)","Base Year 2021=100","111.5"
"Domestic Industrial Price Index (Excl VAT)","2025 December","Printing and reproduction of recorded media (18)","Base Year 2021=100",""
"Domestic Industrial Price Index (Excl VAT)","2025 December","Coke and refined petroleum products (19)","Base Year 2021=100",""
"Domestic Industrial Price Index (Excl VAT)","2025 December","Chemicals and chemical products (20)","Base Year 2021=100","117.2"
"Domestic Industrial Price Index (Excl VAT)","2025 December","Basic pharmaceutical products and preparations (21)","Base Year 2021=100",""
"Domestic Industrial Price Index (Excl VAT)","2025 December","Rubber and plastic products (22)","Base Year 2021=100","101.8"
"Domestic Industrial Price Index (Excl VAT)","2025 December","Other non-metallic mineral products (23)","Base Year 2021=100","134.7"
"Domestic Industrial Price Index (Excl VAT)","2025 December","Basic metals (24)","Base Year 2021=100","112.8"
"Domestic Industrial Price Index (Excl VAT)","2025 December","Fabricated metal products, except machinery and equipment (25)","Base Year 2021=100","132.9"
"Domestic Industrial Price Index (Excl VAT)","2025 December","Computer, electronic and optical products (26)","Base Year 2021=100",""
"Domestic Industrial Price Index (Excl VAT)","2025 December","Electrical equipment (27)","Base Year 2021=100","114.5"
"Domestic Industrial Price Index (Excl VAT)","2025 December","Machinery and equipment n.e.c. (28)","Base Year 2021=100",""
"Domestic Industrial Price Index (Excl VAT)","2025 December","Motor vehicles, trailers and semi-trailers (29)","Base Year 2021=100","113.4"
"Domestic Industrial Price Index (Excl VAT)","2025 December","Other transport equipment (30)","Base Year 2021=100",""
"Domestic Industrial Price Index (Excl VAT)","2025 December","Furniture (31)","Base Year 2021=100","123.8"
"Domestic Industrial Price Index (Excl VAT)","2025 December","Other manufacturing (32)","Base Year 2021=100",""
"Domestic Industrial Price Index (Excl VAT)","2025 December","Mining and quarrying (05 to 09)","Base Year 2021=100","101"
"Domestic Industrial Price Index (Excl VAT)","2025 December","Repair and installation of machinery and equipment (33)","Base Year 2021=100",""
"Export Industrial Price Index (Excl VAT)","2021 January","Food products (10)","Base Year 2021=100","99.38176789"
"Export Industrial Price Index (Excl VAT)","2021 January","Manufacture of beverages (11)","Base Year 2021=100",""
"Export Industrial Price Index (Excl VAT)","2021 January","Tobacco products (12)","Base Year 2021=100",""
"Export Industrial Price Index (Excl VAT)","2021 January","Textiles (13)","Base Year 2021=100","99.72056269"
"Export Industrial Price Index (Excl VAT)","2021 January","Wearing apparel (14)","Base Year 2021=100","99.74167509"
"Export Industrial Price Index (Excl VAT)","2021 January","Leather and related products (15)","Base Year 2021=100",""
"Export Industrial Price Index (Excl VAT)","2021 January","Wood and wood products, except furniture (16)","Base Year 2021=100","78.72039632"
"Export Industrial Price Index (Excl VAT)","2021 January","Paper and paper products (17)","Base Year 2021=100","98.81257649"
"Export Industrial Price Index (Excl VAT)","2021 January","Printing and reproduction of recorded media (18)","Base Year 2021=100",""
"Export Industrial Price Index (Excl VAT)","2021 January","Coke and refined petroleum products (19)","Base Year 2021=100",""
"Export Industrial Price Index (Excl VAT)","2021 January","Chemicals and chemical products (20)","Base Year 2021=100","102.8926912"
"Export Industrial Price Index (Excl VAT)","2021 January","Basic pharmaceutical products and preparations (21)","Base Year 2021=100",""
"Export Industrial Price Index (Excl VAT)","2021 January","Rubber and plastic products (22)","Base Year 2021=100","94.39770549"
"Export Industrial Price Index (Excl VAT)","2021 January","Other non-metallic mineral products (23)","Base Year 2021=100","98.69779514"
"Export Industrial Price Index (Excl VAT)","2021 January","Basic metals (24)","Base Year 2021=100","93.35269026"
"Export Industrial Price Index (Excl VAT)","2021 January","Fabricated metal products, except machinery and equipment (25)","Base Year 2021=100","96.81050451"
"Export Industrial Price Index (Excl VAT)","2021 January","Computer, electronic and optical products (26)","Base Year 2021=100",""
"Export Industrial Price Index (Excl VAT)","2021 January","Electrical equipment (27)","Base Year 2021=100","99.41454031"
"Export Industrial Price Index (Excl VAT)","2021 January","Machinery and equipment n.e.c. (28)","Base Year 2021=100",""
"Export Industrial Price Index (Excl VAT)","2021 January","Motor vehicles, trailers and semi-trailers (29)","Base Year 2021=100","100.0981499"
"Export Industrial Price Index (Excl VAT)","2021 January","Other transport equipment (30)","Base Year 2021=100",""
"Export Industrial Price Index (Excl VAT)","2021 January","Furniture (31)","Base Year 2021=100","92.39634964"
"Export Industrial Price Index (Excl VAT)","2021 January","Other manufacturing (32)","Base Year 2021=100",""
"Export Industrial Price Index (Excl VAT)","2021 January","Mining and quarrying (05 to 09)","Base Year 2021=100","91.61040277"
"Export Industrial Price Index (Excl VAT)","2021 January","Repair and installation of machinery and equipment (33)","Base Year 2021=100",""
"Export Industrial Price Index (Excl VAT)","2021 February","Food products (10)","Base Year 2021=100","99.90356875"
"Export Industrial Price Index (Excl VAT)","2021 February","Manufacture of beverages (11)","Base Year 2021=100",""
"Export Industrial Price Index (Excl VAT)","2021 February","Tobacco products (12)","Base Year 2021=100",""
"Export Industrial Price Index (Excl VAT)","2021 February","Textiles (13)","Base Year 2021=100","99.72947394"
"Export Industrial Price Index (Excl VAT)","2021 February","Wearing apparel (14)","Base Year 2021=100","99.79049941"
"Export Industrial Price Index (Excl VAT)","2021 February","Leather and related products (15)","Base Year 2021=100",""
"Export Industrial Price Index (Excl VAT)","2021 February","Wood and wood products, except furniture (16)","Base Year 2021=100","79.8806481"
"Export Industrial Price Index (Excl VAT)","2021 February","Paper and paper products (17)","Base Year 2021=100","99.453925"
"Export Industrial Price Index (Excl VAT)","2021 February","Printing and reproduction of recorded media (18)","Base Year 2021=100",""
"Export Industrial Price Index (Excl VAT)","2021 February","Coke and refined petroleum products (19)","Base Year 2021=100",""
"Export Industrial Price Index (Excl VAT)","2021 February","Chemicals and chemical products (20)","Base Year 2021=100","99.15976278"
"Export Industrial Price Index (Excl VAT)","2021 February","Basic pharmaceutical products and preparations (21)","Base Year 2021=100",""
"Export Industrial Price Index (Excl VAT)","2021 February","Rubber and plastic products (22)","Base Year 2021=100","94.95957788"
"Export Industrial Price Index (Excl VAT)","2021 February","Other non-metallic mineral products (23)","Base Year 2021=100","98.79968392"
"Export Industrial Price Index (Excl VAT)","2021 February","Basic metals (24)","Base Year 2021=100","95.77254217"
"Export Industrial Price Index (Excl VAT)","2021 February","Fabricated metal products, except machinery and equipment (25)","Base Year 2021=100","97.54661596"
"Export Industrial Price Index (Excl VAT)","2021 February","Computer, electronic and optical products (26)","Base Year 2021=100",""
"Export Industrial Price Index (Excl VAT)","2021 February","Electrical equipment (27)","Base Year 2021=100","99.61810102"
"Export Industrial Price Index (Excl VAT)","2021 February","Machinery and equipment n.e.c. (28)","Base Year 2021=100",""
"Export Industrial Price Index (Excl VAT)","2021 February","Motor vehicles, trailers and semi-trailers (29)","Base Year 2021=100","100.0982001"
"Export Industrial Price Index (Excl VAT)","2021 February","Other transport equipment (30)","Base Year 2021=100",""
"Export Industrial Price Index (Excl VAT)","2021 February","Furniture (31)","Base Year 2021=100","96.74896015"
"Export Industrial Price Index (Excl VAT)","2021 February","Other manufacturing (32)","Base Year 2021=100",""
"Export Industrial Price Index (Excl VAT)","2021 February","Mining and quarrying (05 to 09)","Base Year 2021=100","96.94826526"
"Export Industrial Price Index (Excl VAT)","2021 February","Repair and installation of machinery and equipment (33)","Base Year 2021=100",""
"Export Industrial Price Index (Excl VAT)","2021 March","Food products (10)","Base Year 2021=100","99.68698052"
"Export Industrial Price Index (Excl VAT)","2021 March","Manufacture of beverages (11)","Base Year 2021=100",""
"Export Industrial Price Index (Excl VAT)","2021 March","Tobacco products (12)","Base Year 2021=100",""
"Export Industrial Price Index (Excl VAT)","2021 March","Textiles (13)","Base Year 2021=100","99.73757893"
"Export Industrial Price Index (Excl VAT)","2021 March","Wearing apparel (14)","Base Year 2021=100","99.83490619"
"Export Industrial Price Index (Excl VAT)","2021 March","Leather and related products (15)","Base Year 2021=100",""
"Export Industrial Price Index (Excl VAT)","2021 March","Wood and wood products, except furniture (16)","Base Year 2021=100","80.93982975"
"Export Industrial Price Index (Excl VAT)","2021 March","Paper and paper products (17)","Base Year 2021=100","100.0603141"
"Export Industrial Price Index (Excl VAT)","2021 March","Printing and reproduction of recorded media (18)","Base Year 2021=100",""
"Export Industrial Price Index (Excl VAT)","2021 March","Coke and refined petroleum products (19)","Base Year 2021=100",""
"Export Industrial Price Index (Excl VAT)","2021 March","Chemicals and chemical products (20)","Base Year 2021=100","99.45548188"
"Export Industrial Price Index (Excl VAT)","2021 March","Basic pharmaceutical products and preparations (21)","Base Year 2021=100",""
"Export Industrial Price Index (Excl VAT)","2021 March","Rubber and plastic products (22)","Base Year 2021=100","95.7654556"
"Export Industrial Price Index (Excl VAT)","2021 March","Other non-metallic mineral products (23)","Base Year 2021=100","100.8221636"
"Export Industrial Price Index (Excl VAT)","2021 March","Basic metals (24)","Base Year 2021=100","98.19021259"
"Export Industrial Price Index (Excl VAT)","2021 March","Fabricated metal products, except machinery and equipment (25)","Base Year 2021=100","98.29019964"
"Export Industrial Price Index (Excl VAT)","2021 March","Computer, electronic and optical products (26)","Base Year 2021=100",""
"Export Industrial Price Index (Excl VAT)","2021 March","Electrical equipment (27)","Base Year 2021=100","99.84355941"
"Export Industrial Price Index (Excl VAT)","2021 March","Machinery and equipment n.e.c. (28)","Base Year 2021=100",""
"Export Industrial Price Index (Excl VAT)","2021 March","Motor vehicles, trailers and semi-trailers (29)","Base Year 2021=100","100.0982454"
"Export Industrial Price Index (Excl VAT)","2021 March","Other transport equipment (30)","Base Year 2021=100",""
"Export Industrial Price Index (Excl VAT)","2021 March","Furniture (31)","Base Year 2021=100","97.15141316"
"Export Industrial Price Index (Excl VAT)","2021 March","Other manufacturing (32)","Base Year 2021=100",""
"Export Industrial Price Index (Excl VAT)","2021 March","Mining and quarrying (05 to 09)","Base Year 2021=100","94.45453669"
"Export Industrial Price Index (Excl VAT)","2021 March","Repair and installation of machinery and equipment (33)","Base Year 2021=100",""
"Export Industrial Price Index (Excl VAT)","2021 April","Food products (10)","Base Year 2021=100","99.14176547"
"Export Industrial Price Index (Excl VAT)","2021 April","Manufacture of beverages (11)","Base Year 2021=100",""
"Export Industrial Price Index (Excl VAT)","2021 April","Tobacco products (12)","Base Year 2021=100",""
"Export Industrial Price Index (Excl VAT)","2021 April","Textiles (13)","Base Year 2021=100","99.73191176"
"Export Industrial Price Index (Excl VAT)","2021 April","Wearing apparel (14)","Base Year 2021=100","99.80385611"
"Export Industrial Price Index (Excl VAT)","2021 April","Leather and related products (15)","Base Year 2021=100",""
"Export Industrial Price Index (Excl VAT)","2021 April","Wood and wood products, except furniture (16)","Base Year 2021=100","80.76831123"
"Export Industrial Price Index (Excl VAT)","2021 April","Paper and paper products (17)","Base Year 2021=100","99.65215836"
"Export Industrial Price Index (Excl VAT)","2021 April","Printing and reproduction of recorded media (18)","Base Year 2021=100",""
"Export Industrial Price Index (Excl VAT)","2021 April","Coke and refined petroleum products (19)","Base Year 2021=100",""
"Export Industrial Price Index (Excl VAT)","2021 April","Chemicals and chemical products (20)","Base Year 2021=100","99.37717424"
"Export Industrial Price Index (Excl VAT)","2021 April","Basic pharmaceutical products and preparations (21)","Base Year 2021=100",""
"Export Industrial Price Index (Excl VAT)","2021 April","Rubber and plastic products (22)","Base Year 2021=100","97.19090028"
"Export Industrial Price Index (Excl VAT)","2021 April","Other non-metallic mineral products (23)","Base Year 2021=100","101.0958144"
"Export Industrial Price Index (Excl VAT)","2021 April","Basic metals (24)","Base Year 2021=100","94.85161537"
"Export Industrial Price Index (Excl VAT)","2021 April","Fabricated metal products, except machinery and equipment (25)","Base Year 2021=100","97.80320655"
"Export Industrial Price Index (Excl VAT)","2021 April","Computer, electronic and optical products (26)","Base Year 2021=100",""
"Export Industrial Price Index (Excl VAT)","2021 April","Electrical equipment (27)","Base Year 2021=100","99.72568535"
"Export Industrial Price Index (Excl VAT)","2021 April","Machinery and equipment n.e.c. (28)","Base Year 2021=100",""
"Export Industrial Price Index (Excl VAT)","2021 April","Motor vehicles, trailers and semi-trailers (29)","Base Year 2021=100","100.0982206"
"Export Industrial Price Index (Excl VAT)","2021 April","Other transport equipment (30)","Base Year 2021=100",""
"Export Industrial Price Index (Excl VAT)","2021 April","Furniture (31)","Base Year 2021=100","96.87001015"
"Export Industrial Price Index (Excl VAT)","2021 April","Other manufacturing (32)","Base Year 2021=100",""
"Export Industrial Price Index (Excl VAT)","2021 April","Mining and quarrying (05 to 09)","Base Year 2021=100","94.17905619"
"Export Industrial Price Index (Excl VAT)","2021 April","Repair and installation of machinery and equipment (33)","Base Year 2021=100",""
"Export Industrial Price Index (Excl VAT)","2021 May","Food products (10)","Base Year 2021=100","98.93136493"
"Export Industrial Price Index (Excl VAT)","2021 May","Manufacture of beverages (11)","Base Year 2021=100",""
"Export Industrial Price Index (Excl VAT)","2021 May","Tobacco products (12)","Base Year 2021=100",""
"Export Industrial Price Index (Excl VAT)","2021 May","Textiles (13)","Base Year 2021=100","99.73541116"
"Export Industrial Price Index (Excl VAT)","2021 May","Wearing apparel (14)","Base Year 2021=100","100.132168"
"Export Industrial Price Index (Excl VAT)","2021 May","Leather and related products (15)","Base Year 2021=100",""
"Export Industrial Price Index (Excl VAT)","2021 May","Wood and wood products, except furniture (16)","Base Year 2021=100","99.73715917"
"Export Industrial Price Index (Excl VAT)","2021 May","Paper and paper products (17)","Base Year 2021=100","99.90418937"
"Export Industrial Price Index (Excl VAT)","2021 May","Printing and reproduction of recorded media (18)","Base Year 2021=100",""
"Export Industrial Price Index (Excl VAT)","2021 May","Coke and refined petroleum products (19)","Base Year 2021=100",""
"Export Industrial Price Index (Excl VAT)","2021 May","Chemicals and chemical products (20)","Base Year 2021=100","99.30067841"
"Export Industrial Price Index (Excl VAT)","2021 May","Basic pharmaceutical products and preparations (21)","Base Year 2021=100",""
"Export Industrial Price Index (Excl VAT)","2021 May","Rubber and plastic products (22)","Base Year 2021=100","97.45772631"
"Export Industrial Price Index (Excl VAT)","2021 May","Other non-metallic mineral products (23)","Base Year 2021=100","101.4900291"
"Export Industrial Price Index (Excl VAT)","2021 May","Basic metals (24)","Base Year 2021=100","96.54629434"
"Export Industrial Price Index (Excl VAT)","2021 May","Fabricated metal products, except machinery and equipment (25)","Base Year 2021=100","98.04063992"
"Export Industrial Price Index (Excl VAT)","2021 May","Computer, electronic and optical products (26)","Base Year 2021=100",""
"Export Industrial Price Index (Excl VAT)","2021 May","Electrical equipment (27)","Base Year 2021=100","99.70024581"
"Export Industrial Price Index (Excl VAT)","2021 May","Machinery and equipment n.e.c. (28)","Base Year 2021=100",""
"Export Industrial Price Index (Excl VAT)","2021 May","Motor vehicles, trailers and semi-trailers (29)","Base Year 2021=100","100.0982401"
"Export Industrial Price Index (Excl VAT)","2021 May","Other transport equipment (30)","Base Year 2021=100",""
"Export Industrial Price Index (Excl VAT)","2021 May","Furniture (31)","Base Year 2021=100","97.0437726"
"Export Industrial Price Index (Excl VAT)","2021 May","Other manufacturing (32)","Base Year 2021=100",""
"Export Industrial Price Index (Excl VAT)","2021 May","Mining and quarrying (05 to 09)","Base Year 2021=100","98.2856982"
"Export Industrial Price Index (Excl VAT)","2021 May","Repair and installation of machinery and equipment (33)","Base Year 2021=100",""
"Export Industrial Price Index (Excl VAT)","2021 June","Food products (10)","Base Year 2021=100","98.88044898"
"Export Industrial Price Index (Excl VAT)","2021 June","Manufacture of beverages (11)","Base Year 2021=100",""
"Export Industrial Price Index (Excl VAT)","2021 June","Tobacco products (12)","Base Year 2021=100",""
"Export Industrial Price Index (Excl VAT)","2021 June","Textiles (13)","Base Year 2021=100","100.138042"
"Export Industrial Price Index (Excl VAT)","2021 June","Wearing apparel (14)","Base Year 2021=100","100.1298695"
"Export Industrial Price Index (Excl VAT)","2021 June","Leather and related products (15)","Base Year 2021=100",""
"Export Industrial Price Index (Excl VAT)","2021 June","Wood and wood products, except furniture (16)","Base Year 2021=100","101.3210622"
"Export Industrial Price Index (Excl VAT)","2021 June","Paper and paper products (17)","Base Year 2021=100","99.87731772"
"Export Industrial Price Index (Excl VAT)","2021 June","Printing and reproduction of recorded media (18)","Base Year 2021=100",""
"Export Industrial Price Index (Excl VAT)","2021 June","Coke and refined petroleum products (19)","Base Year 2021=100",""
"Export Industrial Price Index (Excl VAT)","2021 June","Chemicals and chemical products (20)","Base Year 2021=100","99.3198964"
"Export Industrial Price Index (Excl VAT)","2021 June","Basic pharmaceutical products and preparations (21)","Base Year 2021=100",""
"Export Industrial Price Index (Excl VAT)","2021 June","Rubber and plastic products (22)","Base Year 2021=100","97.58243159"
"Export Industrial Price Index (Excl VAT)","2021 June","Other non-metallic mineral products (23)","Base Year 2021=100","100.5351236"
"Export Industrial Price Index (Excl VAT)","2021 June","Basic metals (24)","Base Year 2021=100","96.49182802"
"Export Industrial Price Index (Excl VAT)","2021 June","Fabricated metal products, except machinery and equipment (25)","Base Year 2021=100","98.55586001"
"Export Industrial Price Index (Excl VAT)","2021 June","Computer, electronic and optical products (26)","Base Year 2021=100",""
"Export Industrial Price Index (Excl VAT)","2021 June","Electrical equipment (27)","Base Year 2021=100","99.58242278"
"Export Industrial Price Index (Excl VAT)","2021 June","Machinery and equipment n.e.c. (28)","Base Year 2021=100",""
"Export Industrial Price Index (Excl VAT)","2021 June","Motor vehicles, trailers and semi-trailers (29)","Base Year 2021=100","100.0981789"
"Export Industrial Price Index (Excl VAT)","2021 June","Other transport equipment (30)","Base Year 2021=100",""
"Export Industrial Price Index (Excl VAT)","2021 June","Furniture (31)","Base Year 2021=100","97.0252464"
"Export Industrial Price Index (Excl VAT)","2021 June","Other manufacturing (32)","Base Year 2021=100",""
"Export Industrial Price Index (Excl VAT)","2021 June","Mining and quarrying (05 to 09)","Base Year 2021=100","99.70437398"
"Export Industrial Price Index (Excl VAT)","2021 June","Repair and installation of machinery and equipment (33)","Base Year 2021=100",""
"Export Industrial Price Index (Excl VAT)","2021 July","Food products (10)","Base Year 2021=100","100.048512"
"Export Industrial Price Index (Excl VAT)","2021 July","Manufacture of beverages (11)","Base Year 2021=100",""
"Export Industrial Price Index (Excl VAT)","2021 July","Tobacco products (12)","Base Year 2021=100",""
"Export Industrial Price Index (Excl VAT)","2021 July","Textiles (13)","Base Year 2021=100","100.1431524"
"Export Industrial Price Index (Excl VAT)","2021 July","Wearing apparel (14)","Base Year 2021=100","100.1613528"
"Export Industrial Price Index (Excl VAT)","2021 July","Leather and related products (15)","Base Year 2021=100",""
"Export Industrial Price Index (Excl VAT)","2021 July","Wood and wood products, except furniture (16)","Base Year 2021=100","105.7718246"
"Export Industrial Price Index (Excl VAT)","2021 July","Paper and paper products (17)","Base Year 2021=100","100.2453744"
"Export Industrial Price Index (Excl VAT)","2021 July","Printing and reproduction of recorded media (18)","Base Year 2021=100",""
"Export Industrial Price Index (Excl VAT)","2021 July","Coke and refined petroleum products (19)","Base Year 2021=100",""
"Export Industrial Price Index (Excl VAT)","2021 July","Chemicals and chemical products (20)","Base Year 2021=100","99.78515547"
"Export Industrial Price Index (Excl VAT)","2021 July","Basic pharmaceutical products and preparations (21)","Base Year 2021=100",""
"Export Industrial Price Index (Excl VAT)","2021 July","Rubber and plastic products (22)","Base Year 2021=100","102.5259109"
"Export Industrial Price Index (Excl VAT)","2021 July","Other non-metallic mineral products (23)","Base Year 2021=100","100.9052041"
"Export Industrial Price Index (Excl VAT)","2021 July","Basic metals (24)","Base Year 2021=100","100.8342909"
"Export Industrial Price Index (Excl VAT)","2021 July","Fabricated metal products, except machinery and equipment (25)","Base Year 2021=100","99.27791049"
"Export Industrial Price Index (Excl VAT)","2021 July","Computer, electronic and optical products (26)","Base Year 2021=100",""
"Export Industrial Price Index (Excl VAT)","2021 July","Electrical equipment (27)","Base Year 2021=100","100.1977314"
"Export Industrial Price Index (Excl VAT)","2021 July","Machinery and equipment n.e.c. (28)","Base Year 2021=100",""
"Export Industrial Price Index (Excl VAT)","2021 July","Motor vehicles, trailers and semi-trailers (29)","Base Year 2021=100","99.7076516"
"Export Industrial Price Index (Excl VAT)","2021 July","Other transport equipment (30)","Base Year 2021=100",""
"Export Industrial Price Index (Excl VAT)","2021 July","Furniture (31)","Base Year 2021=100","102.703104"
"Export Industrial Price Index (Excl VAT)","2021 July","Other manufacturing (32)","Base Year 2021=100",""
"Export Industrial Price Index (Excl VAT)","2021 July","Mining and quarrying (05 to 09)","Base Year 2021=100","101.7446335"
"Export Industrial Price Index (Excl VAT)","2021 July","Repair and installation of machinery and equipment (33)","Base Year 2021=100",""
"Export Industrial Price Index (Excl VAT)","2021 August","Food products (10)","Base Year 2021=100","100.5485729"
"Export Industrial Price Index (Excl VAT)","2021 August","Manufacture of beverages (11)","Base Year 2021=100",""
"Export Industrial Price Index (Excl VAT)","2021 August","Tobacco products (12)","Base Year 2021=100",""
"Export Industrial Price Index (Excl VAT)","2021 August","Textiles (13)","Base Year 2021=100","100.1448532"
"Export Industrial Price Index (Excl VAT)","2021 August","Wearing apparel (14)","Base Year 2021=100","100.0837299"
"Export Industrial Price Index (Excl VAT)","2021 August","Leather and related products (15)","Base Year 2021=100",""
"Export Industrial Price Index (Excl VAT)","2021 August","Wood and wood products, except furniture (16)","Base Year 2021=100","109.17604"
"Export Industrial Price Index (Excl VAT)","2021 August","Paper and paper products (17)","Base Year 2021=100","100.3678625"
"Export Industrial Price Index (Excl VAT)","2021 August","Printing and reproduction of recorded media (18)","Base Year 2021=100",""
"Export Industrial Price Index (Excl VAT)","2021 August","Coke and refined petroleum products (19)","Base Year 2021=100",""
"Export Industrial Price Index (Excl VAT)","2021 August","Chemicals and chemical products (20)","Base Year 2021=100","99.86257924"
"Export Industrial Price Index (Excl VAT)","2021 August","Basic pharmaceutical products and preparations (21)","Base Year 2021=100",""
"Export Industrial Price Index (Excl VAT)","2021 August","Rubber and plastic products (22)","Base Year 2021=100","102.655095"
"Export Industrial Price Index (Excl VAT)","2021 August","Other non-metallic mineral products (23)","Base Year 2021=100","98.62005837"
"Export Industrial Price Index (Excl VAT)","2021 August","Basic metals (24)","Base Year 2021=100","103.9744116"
"Export Industrial Price Index (Excl VAT)","2021 August","Fabricated metal products, except machinery and equipment (25)","Base Year 2021=100","101.0568301"
"Export Industrial Price Index (Excl VAT)","2021 August","Computer, electronic and optical products (26)","Base Year 2021=100",""
"Export Industrial Price Index (Excl VAT)","2021 August","Electrical equipment (27)","Base Year 2021=100","100.24544"
"Export Industrial Price Index (Excl VAT)","2021 August","Machinery and equipment n.e.c. (28)","Base Year 2021=100",""
"Export Industrial Price Index (Excl VAT)","2021 August","Motor vehicles, trailers and semi-trailers (29)","Base Year 2021=100","99.70783254"
"Export Industrial Price Index (Excl VAT)","2021 August","Other transport equipment (30)","Base Year 2021=100",""
"Export Industrial Price Index (Excl VAT)","2021 August","Furniture (31)","Base Year 2021=100","103.589884"
"Export Industrial Price Index (Excl VAT)","2021 August","Other manufacturing (32)","Base Year 2021=100",""
"Export Industrial Price Index (Excl VAT)","2021 August","Mining and quarrying (05 to 09)","Base Year 2021=100","101.983372"
"Export Industrial Price Index (Excl VAT)","2021 August","Repair and installation of machinery and equipment (33)","Base Year 2021=100",""
"Export Industrial Price Index (Excl VAT)","2021 September","Food products (10)","Base Year 2021=100","100.6168284"
"Export Industrial Price Index (Excl VAT)","2021 September","Manufacture of beverages (11)","Base Year 2021=100",""
"Export Industrial Price Index (Excl VAT)","2021 September","Tobacco products (12)","Base Year 2021=100",""
"Export Industrial Price Index (Excl VAT)","2021 September","Textiles (13)","Base Year 2021=100","100.2278485"
"Export Industrial Price Index (Excl VAT)","2021 September","Wearing apparel (14)","Base Year 2021=100","100.0625929"
"Export Industrial Price Index (Excl VAT)","2021 September","Leather and related products (15)","Base Year 2021=100",""
"Export Industrial Price Index (Excl VAT)","2021 September","Wood and wood products, except furniture (16)","Base Year 2021=100","112.13881"
"Export Industrial Price Index (Excl VAT)","2021 September","Paper and paper products (17)","Base Year 2021=100","100.1207604"
"Export Industrial Price Index (Excl VAT)","2021 September","Printing and reproduction of recorded media (18)","Base Year 2021=100",""
"Export Industrial Price Index (Excl VAT)","2021 September","Coke and refined petroleum products (19)","Base Year 2021=100",""
"Export Industrial Price Index (Excl VAT)","2021 September","Chemicals and chemical products (20)","Base Year 2021=100","99.76415812"
"Export Industrial Price Index (Excl VAT)","2021 September","Basic pharmaceutical products and preparations (21)","Base Year 2021=100",""
"Export Industrial Price Index (Excl VAT)","2021 September","Rubber and plastic products (22)","Base Year 2021=100","102.4554286"
"Export Industrial Price Index (Excl VAT)","2021 September","Other non-metallic mineral products (23)","Base Year 2021=100","99.71243274"
"Export Industrial Price Index (Excl VAT)","2021 September","Basic metals (24)","Base Year 2021=100","103.9933277"
"Export Industrial Price Index (Excl VAT)","2021 September","Fabricated metal products, except machinery and equipment (25)","Base Year 2021=100","102.5344972"
"Export Industrial Price Index (Excl VAT)","2021 September","Computer, electronic and optical products (26)","Base Year 2021=100",""
"Export Industrial Price Index (Excl VAT)","2021 September","Electrical equipment (27)","Base Year 2021=100","100.1617888"
"Export Industrial Price Index (Excl VAT)","2021 September","Machinery and equipment n.e.c. (28)","Base Year 2021=100",""
"Export Industrial Price Index (Excl VAT)","2021 September","Motor vehicles, trailers and semi-trailers (29)","Base Year 2021=100","99.70781352"
"Export Industrial Price Index (Excl VAT)","2021 September","Other transport equipment (30)","Base Year 2021=100",""
"Export Industrial Price Index (Excl VAT)","2021 September","Furniture (31)","Base Year 2021=100","103.4195195"
"Export Industrial Price Index (Excl VAT)","2021 September","Other manufacturing (32)","Base Year 2021=100",""
"Export Industrial Price Index (Excl VAT)","2021 September","Mining and quarrying (05 to 09)","Base Year 2021=100","98.99050122"
"Export Industrial Price Index (Excl VAT)","2021 September","Repair and installation of machinery and equipment (33)","Base Year 2021=100",""
"Export Industrial Price Index (Excl VAT)","2021 October","Food products (10)","Base Year 2021=100","100.9450337"
"Export Industrial Price Index (Excl VAT)","2021 October","Manufacture of beverages (11)","Base Year 2021=100",""
"Export Industrial Price Index (Excl VAT)","2021 October","Tobacco products (12)","Base Year 2021=100",""
"Export Industrial Price Index (Excl VAT)","2021 October","Textiles (13)","Base Year 2021=100","100.2340271"
"Export Industrial Price Index (Excl VAT)","2021 October","Wearing apparel (14)","Base Year 2021=100","100.1006568"
"Export Industrial Price Index (Excl VAT)","2021 October","Leather and related products (15)","Base Year 2021=100",""
"Export Industrial Price Index (Excl VAT)","2021 October","Wood and wood products, except furniture (16)","Base Year 2021=100","116.6441647"
"Export Industrial Price Index (Excl VAT)","2021 October","Paper and paper products (17)","Base Year 2021=100","100.6395664"
"Export Industrial Price Index (Excl VAT)","2021 October","Printing and reproduction of recorded media (18)","Base Year 2021=100",""
"Export Industrial Price Index (Excl VAT)","2021 October","Coke and refined petroleum products (19)","Base Year 2021=100",""
"Export Industrial Price Index (Excl VAT)","2021 October","Chemicals and chemical products (20)","Base Year 2021=100","100.1185715"
"Export Industrial Price Index (Excl VAT)","2021 October","Basic pharmaceutical products and preparations (21)","Base Year 2021=100",""
"Export Industrial Price Index (Excl VAT)","2021 October","Rubber and plastic products (22)","Base Year 2021=100","103.7210671"
"Export Industrial Price Index (Excl VAT)","2021 October","Other non-metallic mineral products (23)","Base Year 2021=100","99.74061748"
"Export Industrial Price Index (Excl VAT)","2021 October","Basic metals (24)","Base Year 2021=100","105.1879056"
"Export Industrial Price Index (Excl VAT)","2021 October","Fabricated metal products, except machinery and equipment (25)","Base Year 2021=100","103.1491533"
"Export Industrial Price Index (Excl VAT)","2021 October","Computer, electronic and optical products (26)","Base Year 2021=100",""
"Export Industrial Price Index (Excl VAT)","2021 October","Electrical equipment (27)","Base Year 2021=100","100.3847361"
"Export Industrial Price Index (Excl VAT)","2021 October","Machinery and equipment n.e.c. (28)","Base Year 2021=100",""
"Export Industrial Price Index (Excl VAT)","2021 October","Motor vehicles, trailers and semi-trailers (29)","Base Year 2021=100","100.0953518"
"Export Industrial Price Index (Excl VAT)","2021 October","Other transport equipment (30)","Base Year 2021=100",""
"Export Industrial Price Index (Excl VAT)","2021 October","Furniture (31)","Base Year 2021=100","104.328879"
"Export Industrial Price Index (Excl VAT)","2021 October","Other manufacturing (32)","Base Year 2021=100",""
"Export Industrial Price Index (Excl VAT)","2021 October","Mining and quarrying (05 to 09)","Base Year 2021=100","110.3906861"
"Export Industrial Price Index (Excl VAT)","2021 October","Repair and installation of machinery and equipment (33)","Base Year 2021=100",""
"Export Industrial Price Index (Excl VAT)","2021 November","Food products (10)","Base Year 2021=100","101.6008303"
"Export Industrial Price Index (Excl VAT)","2021 November","Manufacture of beverages (11)","Base Year 2021=100",""
"Export Industrial Price Index (Excl VAT)","2021 November","Tobacco products (12)","Base Year 2021=100",""
"Export Industrial Price Index (Excl VAT)","2021 November","Textiles (13)","Base Year 2021=100","100.2297059"
"Export Industrial Price Index (Excl VAT)","2021 November","Wearing apparel (14)","Base Year 2021=100","100.0740355"
"Export Industrial Price Index (Excl VAT)","2021 November","Leather and related products (15)","Base Year 2021=100",""
"Export Industrial Price Index (Excl VAT)","2021 November","Wood and wood products, except furniture (16)","Base Year 2021=100","117.5006052"
"Export Industrial Price Index (Excl VAT)","2021 November","Paper and paper products (17)","Base Year 2021=100","100.3276604"
"Export Industrial Price Index (Excl VAT)","2021 November","Printing and reproduction of recorded media (18)","Base Year 2021=100",""
"Export Industrial Price Index (Excl VAT)","2021 November","Coke and refined petroleum products (19)","Base Year 2021=100",""
"Export Industrial Price Index (Excl VAT)","2021 November","Chemicals and chemical products (20)","Base Year 2021=100","100.3431836"
"Export Industrial Price Index (Excl VAT)","2021 November","Basic pharmaceutical products and preparations (21)","Base Year 2021=100",""
"Export Industrial Price Index (Excl VAT)","2021 November","Rubber and plastic products (22)","Base Year 2021=100","105.5906886"
"Export Industrial Price Index (Excl VAT)","2021 November","Other non-metallic mineral products (23)","Base Year 2021=100","99.76785581"
"Export Industrial Price Index (Excl VAT)","2021 November","Basic metals (24)","Base Year 2021=100","105.0632561"
"Export Industrial Price Index (Excl VAT)","2021 November","Fabricated metal products, except machinery and equipment (25)","Base Year 2021=100","102.8348499"
"Export Industrial Price Index (Excl VAT)","2021 November","Computer, electronic and optical products (26)","Base Year 2021=100",""
"Export Industrial Price Index (Excl VAT)","2021 November","Electrical equipment (27)","Base Year 2021=100","100.5016318"
"Export Industrial Price Index (Excl VAT)","2021 November","Machinery and equipment n.e.c. (28)","Base Year 2021=100",""
"Export Industrial Price Index (Excl VAT)","2021 November","Motor vehicles, trailers and semi-trailers (29)","Base Year 2021=100","100.0953279"
"Export Industrial Price Index (Excl VAT)","2021 November","Other transport equipment (30)","Base Year 2021=100",""
"Export Industrial Price Index (Excl VAT)","2021 November","Furniture (31)","Base Year 2021=100","104.3381033"
"Export Industrial Price Index (Excl VAT)","2021 November","Other manufacturing (32)","Base Year 2021=100",""
"Export Industrial Price Index (Excl VAT)","2021 November","Mining and quarrying (05 to 09)","Base Year 2021=100","107.9321093"
"Export Industrial Price Index (Excl VAT)","2021 November","Repair and installation of machinery and equipment (33)","Base Year 2021=100",""
"Export Industrial Price Index (Excl VAT)","2021 December","Food products (10)","Base Year 2021=100","100.3152563"
"Export Industrial Price Index (Excl VAT)","2021 December","Manufacture of beverages (11)","Base Year 2021=100",""
"Export Industrial Price Index (Excl VAT)","2021 December","Tobacco products (12)","Base Year 2021=100",""
"Export Industrial Price Index (Excl VAT)","2021 December","Textiles (13)","Base Year 2021=100","100.2308444"
"Export Industrial Price Index (Excl VAT)","2021 December","Wearing apparel (14)","Base Year 2021=100","100.0803162"
"Export Industrial Price Index (Excl VAT)","2021 December","Leather and related products (15)","Base Year 2021=100",""
"Export Industrial Price Index (Excl VAT)","2021 December","Wood and wood products, except furniture (16)","Base Year 2021=100","117.3993229"
"Export Industrial Price Index (Excl VAT)","2021 December","Paper and paper products (17)","Base Year 2021=100","100.5328238"
"Export Industrial Price Index (Excl VAT)","2021 December","Printing and reproduction of recorded media (18)","Base Year 2021=100",""
"Export Industrial Price Index (Excl VAT)","2021 December","Coke and refined petroleum products (19)","Base Year 2021=100",""
"Export Industrial Price Index (Excl VAT)","2021 December","Chemicals and chemical products (20)","Base Year 2021=100","100.6197429"
"Export Industrial Price Index (Excl VAT)","2021 December","Basic pharmaceutical products and preparations (21)","Base Year 2021=100",""
"Export Industrial Price Index (Excl VAT)","2021 December","Rubber and plastic products (22)","Base Year 2021=100","105.6925669"
"Export Industrial Price Index (Excl VAT)","2021 December","Other non-metallic mineral products (23)","Base Year 2021=100","99.81400046"
"Export Industrial Price Index (Excl VAT)","2021 December","Basic metals (24)","Base Year 2021=100","105.7365873"
"Export Industrial Price Index (Excl VAT)","2021 December","Fabricated metal products, except machinery and equipment (25)","Base Year 2021=100","104.1034799"
"Export Industrial Price Index (Excl VAT)","2021 December","Computer, electronic and optical products (26)","Base Year 2021=100",""
"Export Industrial Price Index (Excl VAT)","2021 December","Electrical equipment (27)","Base Year 2021=100","100.6248429"
"Export Industrial Price Index (Excl VAT)","2021 December","Machinery and equipment n.e.c. (28)","Base Year 2021=100",""
"Export Industrial Price Index (Excl VAT)","2021 December","Motor vehicles, trailers and semi-trailers (29)","Base Year 2021=100","100.0953336"
"Export Industrial Price Index (Excl VAT)","2021 December","Other transport equipment (30)","Base Year 2021=100",""
"Export Industrial Price Index (Excl VAT)","2021 December","Furniture (31)","Base Year 2021=100","104.388726"
"Export Industrial Price Index (Excl VAT)","2021 December","Other manufacturing (32)","Base Year 2021=100",""
"Export Industrial Price Index (Excl VAT)","2021 December","Mining and quarrying (05 to 09)","Base Year 2021=100","103.7737273"
"Export Industrial Price Index (Excl VAT)","2021 December","Repair and installation of machinery and equipment (33)","Base Year 2021=100",""
"Export Industrial Price Index (Excl VAT)","2022 January","Food products (10)","Base Year 2021=100","104.3074529"
"Export Industrial Price Index (Excl VAT)","2022 January","Manufacture of beverages (11)","Base Year 2021=100",""
"Export Industrial Price Index (Excl VAT)","2022 January","Tobacco products (12)","Base Year 2021=100",""
"Export Industrial Price Index (Excl VAT)","2022 January","Textiles (13)","Base Year 2021=100","99.71004806"
"Export Industrial Price Index (Excl VAT)","2022 January","Wearing apparel (14)","Base Year 2021=100","100.1302272"
"Export Industrial Price Index (Excl VAT)","2022 January","Leather and related products (15)","Base Year 2021=100",""
"Export Industrial Price Index (Excl VAT)","2022 January","Wood and wood products, except furniture (16)","Base Year 2021=100","118.4167276"
"Export Industrial Price Index (Excl VAT)","2022 January","Paper and paper products (17)","Base Year 2021=100","101.1199229"
"Export Industrial Price Index (Excl VAT)","2022 January","Printing and reproduction of recorded media (18)","Base Year 2021=100",""
"Export Industrial Price Index (Excl VAT)","2022 January","Coke and refined petroleum products (19)","Base Year 2021=100",""
"Export Industrial Price Index (Excl VAT)","2022 January","Chemicals and chemical products (20)","Base Year 2021=100","100.3643154"
"Export Industrial Price Index (Excl VAT)","2022 January","Basic pharmaceutical products and preparations (21)","Base Year 2021=100",""
"Export Industrial Price Index (Excl VAT)","2022 January","Rubber and plastic products (22)","Base Year 2021=100","106.2539233"
"Export Industrial Price Index (Excl VAT)","2022 January","Other non-metallic mineral products (23)","Base Year 2021=100","100.465675"
"Export Industrial Price Index (Excl VAT)","2022 January","Basic metals (24)","Base Year 2021=100","107.5071775"
"Export Industrial Price Index (Excl VAT)","2022 January","Fabricated metal products, except machinery and equipment (25)","Base Year 2021=100","104.1789156"
"Export Industrial Price Index (Excl VAT)","2022 January","Computer, electronic and optical products (26)","Base Year 2021=100",""
"Export Industrial Price Index (Excl VAT)","2022 January","Electrical equipment (27)","Base Year 2021=100","112.17684"
"Export Industrial Price Index (Excl VAT)","2022 January","Machinery and equipment n.e.c. (28)","Base Year 2021=100",""
"Export Industrial Price Index (Excl VAT)","2022 January","Motor vehicles, trailers and semi-trailers (29)","Base Year 2021=100","100.0953782"
"Export Industrial Price Index (Excl VAT)","2022 January","Other transport equipment (30)","Base Year 2021=100",""
"Export Industrial Price Index (Excl VAT)","2022 January","Furniture (31)","Base Year 2021=100","104.7910103"
"Export Industrial Price Index (Excl VAT)","2022 January","Other manufacturing (32)","Base Year 2021=100",""
"Export Industrial Price Index (Excl VAT)","2022 January","Mining and quarrying (05 to 09)","Base Year 2021=100","108.1037186"
"Export Industrial Price Index (Excl VAT)","2022 January","Repair and installation of machinery and equipment (33)","Base Year 2021=100",""
"Export Industrial Price Index (Excl VAT)","2022 February","Food products (10)","Base Year 2021=100","106.0355141"
"Export Industrial Price Index (Excl VAT)","2022 February","Manufacture of beverages (11)","Base Year 2021=100",""
"Export Industrial Price Index (Excl VAT)","2022 February","Tobacco products (12)","Base Year 2021=100",""
"Export Industrial Price Index (Excl VAT)","2022 February","Textiles (13)","Base Year 2021=100","99.70859767"
"Export Industrial Price Index (Excl VAT)","2022 February","Wearing apparel (14)","Base Year 2021=100","100.1212919"
"Export Industrial Price Index (Excl VAT)","2022 February","Leather and related products (15)","Base Year 2021=100",""
"Export Industrial Price Index (Excl VAT)","2022 February","Wood and wood products, except furniture (16)","Base Year 2021=100","118.2598482"
"Export Industrial Price Index (Excl VAT)","2022 February","Paper and paper products (17)","Base Year 2021=100","101.9642152"
"Export Industrial Price Index (Excl VAT)","2022 February","Printing and reproduction of recorded media (18)","Base Year 2021=100",""
"Export Industrial Price Index (Excl VAT)","2022 February","Coke and refined petroleum products (19)","Base Year 2021=100",""
"Export Industrial Price Index (Excl VAT)","2022 February","Chemicals and chemical products (20)","Base Year 2021=100","100.5151321"
"Export Industrial Price Index (Excl VAT)","2022 February","Basic pharmaceutical products and preparations (21)","Base Year 2021=100",""
"Export Industrial Price Index (Excl VAT)","2022 February","Rubber and plastic products (22)","Base Year 2021=100","106.3282067"
"Export Industrial Price Index (Excl VAT)","2022 February","Other non-metallic mineral products (23)","Base Year 2021=100","100.5245027"
"Export Industrial Price Index (Excl VAT)","2022 February","Basic metals (24)","Base Year 2021=100","108.52665"
"Export Industrial Price Index (Excl VAT)","2022 February","Fabricated metal products, except machinery and equipment (25)","Base Year 2021=100","104.1074959"
"Export Industrial Price Index (Excl VAT)","2022 February","Computer, electronic and optical products (26)","Base Year 2021=100",""
"Export Industrial Price Index (Excl VAT)","2022 February","Electrical equipment (27)","Base Year 2021=100","112.2136318"
"Export Industrial Price Index (Excl VAT)","2022 February","Machinery and equipment n.e.c. (28)","Base Year 2021=100",""
"Export Industrial Price Index (Excl VAT)","2022 February","Motor vehicles, trailers and semi-trailers (29)","Base Year 2021=100","100.0953703"
"Export Industrial Price Index (Excl VAT)","2022 February","Other transport equipment (30)","Base Year 2021=100",""
"Export Industrial Price Index (Excl VAT)","2022 February","Furniture (31)","Base Year 2021=100","104.744501"
"Export Industrial Price Index (Excl VAT)","2022 February","Other manufacturing (32)","Base Year 2021=100",""
"Export Industrial Price Index (Excl VAT)","2022 February","Mining and quarrying (05 to 09)","Base Year 2021=100","108.3889602"
"Export Industrial Price Index (Excl VAT)","2022 February","Repair and installation of machinery and equipment (33)","Base Year 2021=100",""
"Export Industrial Price Index (Excl VAT)","2022 March","Food products (10)","Base Year 2021=100","107.3242076"
"Export Industrial Price Index (Excl VAT)","2022 March","Manufacture of beverages (11)","Base Year 2021=100",""
"Export Industrial Price Index (Excl VAT)","2022 March","Tobacco products (12)","Base Year 2021=100",""
"Export Industrial Price Index (Excl VAT)","2022 March","Textiles (13)","Base Year 2021=100","99.70698214"
"Export Industrial Price Index (Excl VAT)","2022 March","Wearing apparel (14)","Base Year 2021=100","100.1113391"
"Export Industrial Price Index (Excl VAT)","2022 March","Leather and related products (15)","Base Year 2021=100",""
"Export Industrial Price Index (Excl VAT)","2022 March","Wood and wood products, except furniture (16)","Base Year 2021=100","146.9123769"
"Export Industrial Price Index (Excl VAT)","2022 March","Paper and paper products (17)","Base Year 2021=100","101.9338131"
"Export Industrial Price Index (Excl VAT)","2022 March","Printing and reproduction of recorded media (18)","Base Year 2021=100",""
"Export Industrial Price Index (Excl VAT)","2022 March","Coke and refined petroleum products (19)","Base Year 2021=100",""
"Export Industrial Price Index (Excl VAT)","2022 March","Chemicals and chemical products (20)","Base Year 2021=100","101.2191367"
"Export Industrial Price Index (Excl VAT)","2022 March","Basic pharmaceutical products and preparations (21)","Base Year 2021=100",""
"Export Industrial Price Index (Excl VAT)","2022 March","Rubber and plastic products (22)","Base Year 2021=100","113.3848799"
"Export Industrial Price Index (Excl VAT)","2022 March","Other non-metallic mineral products (23)","Base Year 2021=100","100.5834032"
"Export Industrial Price Index (Excl VAT)","2022 March","Basic metals (24)","Base Year 2021=100","109.7160873"
"Export Industrial Price Index (Excl VAT)","2022 March","Fabricated metal products, except machinery and equipment (25)","Base Year 2021=100","108.7419235"
"Export Industrial Price Index (Excl VAT)","2022 March","Computer, electronic and optical products (26)","Base Year 2021=100",""
"Export Industrial Price Index (Excl VAT)","2022 March","Electrical equipment (27)","Base Year 2021=100","112.4012188"
"Export Industrial Price Index (Excl VAT)","2022 March","Machinery and equipment n.e.c. (28)","Base Year 2021=100",""
"Export Industrial Price Index (Excl VAT)","2022 March","Motor vehicles, trailers and semi-trailers (29)","Base Year 2021=100","100.0953614"
"Export Industrial Price Index (Excl VAT)","2022 March","Other transport equipment (30)","Base Year 2021=100",""
"Export Industrial Price Index (Excl VAT)","2022 March","Furniture (31)","Base Year 2021=100","110.1622688"
"Export Industrial Price Index (Excl VAT)","2022 March","Other manufacturing (32)","Base Year 2021=100",""
"Export Industrial Price Index (Excl VAT)","2022 March","Mining and quarrying (05 to 09)","Base Year 2021=100","113.7214419"
"Export Industrial Price Index (Excl VAT)","2022 March","Repair and installation of machinery and equipment (33)","Base Year 2021=100",""
"Export Industrial Price Index (Excl VAT)","2022 April","Food products (10)","Base Year 2021=100","109.3920083"
"Export Industrial Price Index (Excl VAT)","2022 April","Manufacture of beverages (11)","Base Year 2021=100",""
"Export Industrial Price Index (Excl VAT)","2022 April","Tobacco products (12)","Base Year 2021=100",""
"Export Industrial Price Index (Excl VAT)","2022 April","Textiles (13)","Base Year 2021=100","99.71342294"
"Export Industrial Price Index (Excl VAT)","2022 April","Wearing apparel (14)","Base Year 2021=100","100.1510187"
"Export Industrial Price Index (Excl VAT)","2022 April","Leather and related products (15)","Base Year 2021=100",""
"Export Industrial Price Index (Excl VAT)","2022 April","Wood and wood products, except furniture (16)","Base Year 2021=100","148.0686202"
"Export Industrial Price Index (Excl VAT)","2022 April","Paper and paper products (17)","Base Year 2021=100","102.4149294"
"Export Industrial Price Index (Excl VAT)","2022 April","Printing and reproduction of recorded media (18)","Base Year 2021=100",""
"Export Industrial Price Index (Excl VAT)","2022 April","Coke and refined petroleum products (19)","Base Year 2021=100",""
"Export Industrial Price Index (Excl VAT)","2022 April","Chemicals and chemical products (20)","Base Year 2021=100","101.4212312"
"Export Industrial Price Index (Excl VAT)","2022 April","Basic pharmaceutical products and preparations (21)","Base Year 2021=100",""
"Export Industrial Price Index (Excl VAT)","2022 April","Rubber and plastic products (22)","Base Year 2021=100","114.0617927"
"Export Industrial Price Index (Excl VAT)","2022 April","Other non-metallic mineral products (23)","Base Year 2021=100","107.0748355"
"Export Industrial Price Index (Excl VAT)","2022 April","Basic metals (24)","Base Year 2021=100","113.3732774"
"Export Industrial Price Index (Excl VAT)","2022 April","Fabricated metal products, except machinery and equipment (25)","Base Year 2021=100","109.4481311"
"Export Industrial Price Index (Excl VAT)","2022 April","Computer, electronic and optical products (26)","Base Year 2021=100",""
"Export Industrial Price Index (Excl VAT)","2022 April","Electrical equipment (27)","Base Year 2021=100","112.5778806"
"Export Industrial Price Index (Excl VAT)","2022 April","Machinery and equipment n.e.c. (28)","Base Year 2021=100",""
"Export Industrial Price Index (Excl VAT)","2022 April","Motor vehicles, trailers and semi-trailers (29)","Base Year 2021=100","100.0953967"
"Export Industrial Price Index (Excl VAT)","2022 April","Other transport equipment (30)","Base Year 2021=100",""
"Export Industrial Price Index (Excl VAT)","2022 April","Furniture (31)","Base Year 2021=100","116.4873682"
"Export Industrial Price Index (Excl VAT)","2022 April","Other manufacturing (32)","Base Year 2021=100",""
"Export Industrial Price Index (Excl VAT)","2022 April","Mining and quarrying (05 to 09)","Base Year 2021=100","126.3010376"
"Export Industrial Price Index (Excl VAT)","2022 April","Repair and installation of machinery and equipment (33)","Base Year 2021=100",""
"Export Industrial Price Index (Excl VAT)","2022 May","Food products (10)","Base Year 2021=100","111.2440216"
"Export Industrial Price Index (Excl VAT)","2022 May","Manufacture of beverages (11)","Base Year 2021=100",""
"Export Industrial Price Index (Excl VAT)","2022 May","Tobacco products (12)","Base Year 2021=100",""
"Export Industrial Price Index (Excl VAT)","2022 May","Textiles (13)","Base Year 2021=100","99.70160614"
"Export Industrial Price Index (Excl VAT)","2022 May","Wearing apparel (14)","Base Year 2021=100","100.0782195"
"Export Industrial Price Index (Excl VAT)","2022 May","Leather and related products (15)","Base Year 2021=100",""
"Export Industrial Price Index (Excl VAT)","2022 May","Wood and wood products, except furniture (16)","Base Year 2021=100","157.485604"
"Export Industrial Price Index (Excl VAT)","2022 May","Paper and paper products (17)","Base Year 2021=100","101.5322358"
"Export Industrial Price Index (Excl VAT)","2022 May","Printing and reproduction of recorded media (18)","Base Year 2021=100",""
"Export Industrial Price Index (Excl VAT)","2022 May","Coke and refined petroleum products (19)","Base Year 2021=100",""
"Export Industrial Price Index (Excl VAT)","2022 May","Chemicals and chemical products (20)","Base Year 2021=100","102.1827098"
"Export Industrial Price Index (Excl VAT)","2022 May","Basic pharmaceutical products and preparations (21)","Base Year 2021=100",""
"Export Industrial Price Index (Excl VAT)","2022 May","Rubber and plastic products (22)","Base Year 2021=100","114.4955859"
"Export Industrial Price Index (Excl VAT)","2022 May","Other non-metallic mineral products (23)","Base Year 2021=100","107.0932268"
"Export Industrial Price Index (Excl VAT)","2022 May","Basic metals (24)","Base Year 2021=100","112.181714"
"Export Industrial Price Index (Excl VAT)","2022 May","Fabricated metal products, except machinery and equipment (25)","Base Year 2021=100","111.1623649"
"Export Industrial Price Index (Excl VAT)","2022 May","Computer, electronic and optical products (26)","Base Year 2021=100",""
"Export Industrial Price Index (Excl VAT)","2022 May","Electrical equipment (27)","Base Year 2021=100","112.6773266"
"Export Industrial Price Index (Excl VAT)","2022 May","Machinery and equipment n.e.c. (28)","Base Year 2021=100",""
"Export Industrial Price Index (Excl VAT)","2022 May","Motor vehicles, trailers and semi-trailers (29)","Base Year 2021=100","100.0953317"
"Export Industrial Price Index (Excl VAT)","2022 May","Other transport equipment (30)","Base Year 2021=100",""
"Export Industrial Price Index (Excl VAT)","2022 May","Furniture (31)","Base Year 2021=100","116.1084424"
"Export Industrial Price Index (Excl VAT)","2022 May","Other manufacturing (32)","Base Year 2021=100",""
"Export Industrial Price Index (Excl VAT)","2022 May","Mining and quarrying (05 to 09)","Base Year 2021=100","110.13912"
"Export Industrial Price Index (Excl VAT)","2022 May","Repair and installation of machinery and equipment (33)","Base Year 2021=100",""
"Export Industrial Price Index (Excl VAT)","2022 June","Food products (10)","Base Year 2021=100","110.645884"
"Export Industrial Price Index (Excl VAT)","2022 June","Manufacture of beverages (11)","Base Year 2021=100",""
"Export Industrial Price Index (Excl VAT)","2022 June","Tobacco products (12)","Base Year 2021=100",""
"Export Industrial Price Index (Excl VAT)","2022 June","Textiles (13)","Base Year 2021=100","99.69486482"
"Export Industrial Price Index (Excl VAT)","2022 June","Wearing apparel (14)","Base Year 2021=100","102.6190639"
"Export Industrial Price Index (Excl VAT)","2022 June","Leather and related products (15)","Base Year 2021=100",""
"Export Industrial Price Index (Excl VAT)","2022 June","Wood and wood products, except furniture (16)","Base Year 2021=100","153.1623386"
"Export Industrial Price Index (Excl VAT)","2022 June","Paper and paper products (17)","Base Year 2021=100","101.0223389"
"Export Industrial Price Index (Excl VAT)","2022 June","Printing and reproduction of recorded media (18)","Base Year 2021=100",""
"Export Industrial Price Index (Excl VAT)","2022 June","Coke and refined petroleum products (19)","Base Year 2021=100",""
"Export Industrial Price Index (Excl VAT)","2022 June","Chemicals and chemical products (20)","Base Year 2021=100","102.1535956"
"Export Industrial Price Index (Excl VAT)","2022 June","Basic pharmaceutical products and preparations (21)","Base Year 2021=100",""
"Export Industrial Price Index (Excl VAT)","2022 June","Rubber and plastic products (22)","Base Year 2021=100","126.3724207"
"Export Industrial Price Index (Excl VAT)","2022 June","Other non-metallic mineral products (23)","Base Year 2021=100","107.2755408"
"Export Industrial Price Index (Excl VAT)","2022 June","Basic metals (24)","Base Year 2021=100","115.5946892"
"Export Industrial Price Index (Excl VAT)","2022 June","Fabricated metal products, except machinery and equipment (25)","Base Year 2021=100","110.5851669"
"Export Industrial Price Index (Excl VAT)","2022 June","Computer, electronic and optical products (26)","Base Year 2021=100",""
"Export Industrial Price Index (Excl VAT)","2022 June","Electrical equipment (27)","Base Year 2021=100","112.555314"
"Export Industrial Price Index (Excl VAT)","2022 June","Machinery and equipment n.e.c. (28)","Base Year 2021=100",""
"Export Industrial Price Index (Excl VAT)","2022 June","Motor vehicles, trailers and semi-trailers (29)","Base Year 2021=100","100.0953153"
"Export Industrial Price Index (Excl VAT)","2022 June","Other transport equipment (30)","Base Year 2021=100",""
"Export Industrial Price Index (Excl VAT)","2022 June","Furniture (31)","Base Year 2021=100","115.8895518"
"Export Industrial Price Index (Excl VAT)","2022 June","Other manufacturing (32)","Base Year 2021=100",""
"Export Industrial Price Index (Excl VAT)","2022 June","Mining and quarrying (05 to 09)","Base Year 2021=100","111.3886731"
"Export Industrial Price Index (Excl VAT)","2022 June","Repair and installation of machinery and equipment (33)","Base Year 2021=100",""
"Export Industrial Price Index (Excl VAT)","2022 July","Food products (10)","Base Year 2021=100","112.7194986"
"Export Industrial Price Index (Excl VAT)","2022 July","Manufacture of beverages (11)","Base Year 2021=100",""
"Export Industrial Price Index (Excl VAT)","2022 July","Tobacco products (12)","Base Year 2021=100",""
"Export Industrial Price Index (Excl VAT)","2022 July","Textiles (13)","Base Year 2021=100","103.4067924"
"Export Industrial Price Index (Excl VAT)","2022 July","Wearing apparel (14)","Base Year 2021=100","102.6629515"
"Export Industrial Price Index (Excl VAT)","2022 July","Leather and related products (15)","Base Year 2021=100",""
"Export Industrial Price Index (Excl VAT)","2022 July","Wood and wood products, except furniture (16)","Base Year 2021=100","154.6162324"
"Export Industrial Price Index (Excl VAT)","2022 July","Paper and paper products (17)","Base Year 2021=100","101.6253649"
"Export Industrial Price Index (Excl VAT)","2022 July","Printing and reproduction of recorded media (18)","Base Year 2021=100",""
"Export Industrial Price Index (Excl VAT)","2022 July","Coke and refined petroleum products (19)","Base Year 2021=100",""
"Export Industrial Price Index (Excl VAT)","2022 July","Chemicals and chemical products (20)","Base Year 2021=100","98.84688365"
"Export Industrial Price Index (Excl VAT)","2022 July","Basic pharmaceutical products and preparations (21)","Base Year 2021=100",""
"Export Industrial Price Index (Excl VAT)","2022 July","Rubber and plastic products (22)","Base Year 2021=100","126.9479522"
"Export Industrial Price Index (Excl VAT)","2022 July","Other non-metallic mineral products (23)","Base Year 2021=100","107.3096567"
"Export Industrial Price Index (Excl VAT)","2022 July","Basic metals (24)","Base Year 2021=100","117.1505465"
"Export Industrial Price Index (Excl VAT)","2022 July","Fabricated metal products, except machinery and equipment (25)","Base Year 2021=100","111.3788006"
"Export Industrial Price Index (Excl VAT)","2022 July","Computer, electronic and optical products (26)","Base Year 2021=100",""
"Export Industrial Price Index (Excl VAT)","2022 July","Electrical equipment (27)","Base Year 2021=100","118.8845974"
"Export Industrial Price Index (Excl VAT)","2022 July","Machinery and equipment n.e.c. (28)","Base Year 2021=100",""
"Export Industrial Price Index (Excl VAT)","2022 July","Motor vehicles, trailers and semi-trailers (29)","Base Year 2021=100","100.0953549"
"Export Industrial Price Index (Excl VAT)","2022 July","Other transport equipment (30)","Base Year 2021=100",""
"Export Industrial Price Index (Excl VAT)","2022 July","Furniture (31)","Base Year 2021=100","116.1179907"
"Export Industrial Price Index (Excl VAT)","2022 July","Other manufacturing (32)","Base Year 2021=100",""
"Export Industrial Price Index (Excl VAT)","2022 July","Mining and quarrying (05 to 09)","Base Year 2021=100","100.0739647"
"Export Industrial Price Index (Excl VAT)","2022 July","Repair and installation of machinery and equipment (33)","Base Year 2021=100",""
"Export Industrial Price Index (Excl VAT)","2022 August","Food products (10)","Base Year 2021=100","111.8988313"
"Export Industrial Price Index (Excl VAT)","2022 August","Manufacture of beverages (11)","Base Year 2021=100",""
"Export Industrial Price Index (Excl VAT)","2022 August","Tobacco products (12)","Base Year 2021=100",""
"Export Industrial Price Index (Excl VAT)","2022 August","Textiles (13)","Base Year 2021=100","103.4101366"
"Export Industrial Price Index (Excl VAT)","2022 August","Wearing apparel (14)","Base Year 2021=100","102.6835544"
"Export Industrial Price Index (Excl VAT)","2022 August","Leather and related products (15)","Base Year 2021=100",""
"Export Industrial Price Index (Excl VAT)","2022 August","Wood and wood products, except furniture (16)","Base Year 2021=100","155.1129346"
"Export Industrial Price Index (Excl VAT)","2022 August","Paper and paper products (17)","Base Year 2021=100","98.8213141"
"Export Industrial Price Index (Excl VAT)","2022 August","Printing and reproduction of recorded media (18)","Base Year 2021=100",""
"Export Industrial Price Index (Excl VAT)","2022 August","Coke and refined petroleum products (19)","Base Year 2021=100",""
"Export Industrial Price Index (Excl VAT)","2022 August","Chemicals and chemical products (20)","Base Year 2021=100","98.64834644"
"Export Industrial Price Index (Excl VAT)","2022 August","Basic pharmaceutical products and preparations (21)","Base Year 2021=100",""
"Export Industrial Price Index (Excl VAT)","2022 August","Rubber and plastic products (22)","Base Year 2021=100","127.2523643"
"Export Industrial Price Index (Excl VAT)","2022 August","Other non-metallic mineral products (23)","Base Year 2021=100","107.3242102"
"Export Industrial Price Index (Excl VAT)","2022 August","Basic metals (24)","Base Year 2021=100","117.6962353"
"Export Industrial Price Index (Excl VAT)","2022 August","Fabricated metal products, except machinery and equipment (25)","Base Year 2021=100","114.7163748"
"Export Industrial Price Index (Excl VAT)","2022 August","Computer, electronic and optical products (26)","Base Year 2021=100",""
"Export Industrial Price Index (Excl VAT)","2022 August","Electrical equipment (27)","Base Year 2021=100","118.8467419"
"Export Industrial Price Index (Excl VAT)","2022 August","Machinery and equipment n.e.c. (28)","Base Year 2021=100",""
"Export Industrial Price Index (Excl VAT)","2022 August","Motor vehicles, trailers and semi-trailers (29)","Base Year 2021=100","100.0955522"
"Export Industrial Price Index (Excl VAT)","2022 August","Other transport equipment (30)","Base Year 2021=100",""
"Export Industrial Price Index (Excl VAT)","2022 August","Furniture (31)","Base Year 2021=100","114.2694586"
"Export Industrial Price Index (Excl VAT)","2022 August","Other manufacturing (32)","Base Year 2021=100",""
"Export Industrial Price Index (Excl VAT)","2022 August","Mining and quarrying (05 to 09)","Base Year 2021=100","112.4324145"
"Export Industrial Price Index (Excl VAT)","2022 August","Repair and installation of machinery and equipment (33)","Base Year 2021=100",""
"Export Industrial Price Index (Excl VAT)","2022 September","Food products (10)","Base Year 2021=100","112.0291453"
"Export Industrial Price Index (Excl VAT)","2022 September","Manufacture of beverages (11)","Base Year 2021=100",""
"Export Industrial Price Index (Excl VAT)","2022 September","Tobacco products (12)","Base Year 2021=100",""
"Export Industrial Price Index (Excl VAT)","2022 September","Textiles (13)","Base Year 2021=100","103.396514"
"Export Industrial Price Index (Excl VAT)","2022 September","Wearing apparel (14)","Base Year 2021=100","102.5996302"
"Export Industrial Price Index (Excl VAT)","2022 September","Leather and related products (15)","Base Year 2021=100",""
"Export Industrial Price Index (Excl VAT)","2022 September","Wood and wood products, except furniture (16)","Base Year 2021=100","152.8786025"
"Export Industrial Price Index (Excl VAT)","2022 September","Paper and paper products (17)","Base Year 2021=100","97.8016278"
"Export Industrial Price Index (Excl VAT)","2022 September","Printing and reproduction of recorded media (18)","Base Year 2021=100",""
"Export Industrial Price Index (Excl VAT)","2022 September","Coke and refined petroleum products (19)","Base Year 2021=100",""
"Export Industrial Price Index (Excl VAT)","2022 September","Chemicals and chemical products (20)","Base Year 2021=100","98.93068515"
"Export Industrial Price Index (Excl VAT)","2022 September","Basic pharmaceutical products and preparations (21)","Base Year 2021=100",""
"Export Industrial Price Index (Excl VAT)","2022 September","Rubber and plastic products (22)","Base Year 2021=100","128.6192008"
"Export Industrial Price Index (Excl VAT)","2022 September","Other non-metallic mineral products (23)","Base Year 2021=100","109.6930638"
"Export Industrial Price Index (Excl VAT)","2022 September","Basic metals (24)","Base Year 2021=100","115.2626945"
"Export Industrial Price Index (Excl VAT)","2022 September","Fabricated metal products, except machinery and equipment (25)","Base Year 2021=100","113.5455643"
"Export Industrial Price Index (Excl VAT)","2022 September","Computer, electronic and optical products (26)","Base Year 2021=100",""
"Export Industrial Price Index (Excl VAT)","2022 September","Electrical equipment (27)","Base Year 2021=100","118.7540118"
"Export Industrial Price Index (Excl VAT)","2022 September","Machinery and equipment n.e.c. (28)","Base Year 2021=100",""
"Export Industrial Price Index (Excl VAT)","2022 September","Motor vehicles, trailers and semi-trailers (29)","Base Year 2021=100","100.0955522"
"Export Industrial Price Index (Excl VAT)","2022 September","Other transport equipment (30)","Base Year 2021=100",""
"Export Industrial Price Index (Excl VAT)","2022 September","Furniture (31)","Base Year 2021=100","113.8326262"
"Export Industrial Price Index (Excl VAT)","2022 September","Other manufacturing (32)","Base Year 2021=100",""
"Export Industrial Price Index (Excl VAT)","2022 September","Mining and quarrying (05 to 09)","Base Year 2021=100","105.3872608"
"Export Industrial Price Index (Excl VAT)","2022 September","Repair and installation of machinery and equipment (33)","Base Year 2021=100",""
"Export Industrial Price Index (Excl VAT)","2022 October","Food products (10)","Base Year 2021=100","112.876575"
"Export Industrial Price Index (Excl VAT)","2022 October","Manufacture of beverages (11)","Base Year 2021=100",""
"Export Industrial Price Index (Excl VAT)","2022 October","Tobacco products (12)","Base Year 2021=100",""
"Export Industrial Price Index (Excl VAT)","2022 October","Textiles (13)","Base Year 2021=100","103.3970843"
"Export Industrial Price Index (Excl VAT)","2022 October","Wearing apparel (14)","Base Year 2021=100","102.6031434"
"Export Industrial Price Index (Excl VAT)","2022 October","Leather and related products (15)","Base Year 2021=100",""
"Export Industrial Price Index (Excl VAT)","2022 October","Wood and wood products, except furniture (16)","Base Year 2021=100","153.1192208"
"Export Industrial Price Index (Excl VAT)","2022 October","Paper and paper products (17)","Base Year 2021=100","100.8986908"
"Export Industrial Price Index (Excl VAT)","2022 October","Printing and reproduction of recorded media (18)","Base Year 2021=100",""
"Export Industrial Price Index (Excl VAT)","2022 October","Coke and refined petroleum products (19)","Base Year 2021=100",""
"Export Industrial Price Index (Excl VAT)","2022 October","Chemicals and chemical products (20)","Base Year 2021=100","99.34983674"
"Export Industrial Price Index (Excl VAT)","2022 October","Basic pharmaceutical products and preparations (21)","Base Year 2021=100",""
"Export Industrial Price Index (Excl VAT)","2022 October","Rubber and plastic products (22)","Base Year 2021=100","128.7855185"
"Export Industrial Price Index (Excl VAT)","2022 October","Other non-metallic mineral products (23)","Base Year 2021=100","109.6295414"
"Export Industrial Price Index (Excl VAT)","2022 October","Basic metals (24)","Base Year 2021=100","115.5443701"
"Export Industrial Price Index (Excl VAT)","2022 October","Fabricated metal products, except machinery and equipment (25)","Base Year 2021=100","113.7726401"
"Export Industrial Price Index (Excl VAT)","2022 October","Computer, electronic and optical products (26)","Base Year 2021=100",""
"Export Industrial Price Index (Excl VAT)","2022 October","Electrical equipment (27)","Base Year 2021=100","118.9611293"
"Export Industrial Price Index (Excl VAT)","2022 October","Machinery and equipment n.e.c. (28)","Base Year 2021=100",""
"Export Industrial Price Index (Excl VAT)","2022 October","Motor vehicles, trailers and semi-trailers (29)","Base Year 2021=100","100.0953008"
"Export Industrial Price Index (Excl VAT)","2022 October","Other transport equipment (30)","Base Year 2021=100",""
"Export Industrial Price Index (Excl VAT)","2022 October","Furniture (31)","Base Year 2021=100","117.7376184"
"Export Industrial Price Index (Excl VAT)","2022 October","Other manufacturing (32)","Base Year 2021=100",""
"Export Industrial Price Index (Excl VAT)","2022 October","Mining and quarrying (05 to 09)","Base Year 2021=100","105.6621818"
"Export Industrial Price Index (Excl VAT)","2022 October","Repair and installation of machinery and equipment (33)","Base Year 2021=100",""
"Export Industrial Price Index (Excl VAT)","2022 November","Food products (10)","Base Year 2021=100","109.3837762"
"Export Industrial Price Index (Excl VAT)","2022 November","Manufacture of beverages (11)","Base Year 2021=100",""
"Export Industrial Price Index (Excl VAT)","2022 November","Tobacco products (12)","Base Year 2021=100",""
"Export Industrial Price Index (Excl VAT)","2022 November","Textiles (13)","Base Year 2021=100","96.51884599"
"Export Industrial Price Index (Excl VAT)","2022 November","Wearing apparel (14)","Base Year 2021=100","103.0999765"
"Export Industrial Price Index (Excl VAT)","2022 November","Leather and related products (15)","Base Year 2021=100",""
"Export Industrial Price Index (Excl VAT)","2022 November","Wood and wood products, except furniture (16)","Base Year 2021=100","152.631807"
"Export Industrial Price Index (Excl VAT)","2022 November","Paper and paper products (17)","Base Year 2021=100","100.6562221"
"Export Industrial Price Index (Excl VAT)","2022 November","Printing and reproduction of recorded media (18)","Base Year 2021=100",""
"Export Industrial Price Index (Excl VAT)","2022 November","Coke and refined petroleum products (19)","Base Year 2021=100",""
"Export Industrial Price Index (Excl VAT)","2022 November","Chemicals and chemical products (20)","Base Year 2021=100","98.297634"
"Export Industrial Price Index (Excl VAT)","2022 November","Basic pharmaceutical products and preparations (21)","Base Year 2021=100",""
"Export Industrial Price Index (Excl VAT)","2022 November","Rubber and plastic products (22)","Base Year 2021=100","128.2545201"
"Export Industrial Price Index (Excl VAT)","2022 November","Other non-metallic mineral products (23)","Base Year 2021=100","109.7877134"
"Export Industrial Price Index (Excl VAT)","2022 November","Basic metals (24)","Base Year 2021=100","115.1097092"
"Export Industrial Price Index (Excl VAT)","2022 November","Fabricated metal products, except machinery and equipment (25)","Base Year 2021=100","113.1315133"
"Export Industrial Price Index (Excl VAT)","2022 November","Computer, electronic and optical products (26)","Base Year 2021=100",""
"Export Industrial Price Index (Excl VAT)","2022 November","Electrical equipment (27)","Base Year 2021=100","118.6112119"
"Export Industrial Price Index (Excl VAT)","2022 November","Machinery and equipment n.e.c. (28)","Base Year 2021=100",""
"Export Industrial Price Index (Excl VAT)","2022 November","Motor vehicles, trailers and semi-trailers (29)","Base Year 2021=100","100.0953346"
"Export Industrial Price Index (Excl VAT)","2022 November","Other transport equipment (30)","Base Year 2021=100",""
"Export Industrial Price Index (Excl VAT)","2022 November","Furniture (31)","Base Year 2021=100","117.633745"
"Export Industrial Price Index (Excl VAT)","2022 November","Other manufacturing (32)","Base Year 2021=100",""
"Export Industrial Price Index (Excl VAT)","2022 November","Mining and quarrying (05 to 09)","Base Year 2021=100","108.9906675"
"Export Industrial Price Index (Excl VAT)","2022 November","Repair and installation of machinery and equipment (33)","Base Year 2021=100",""
"Export Industrial Price Index (Excl VAT)","2022 December","Food products (10)","Base Year 2021=100","109.1820667"
"Export Industrial Price Index (Excl VAT)","2022 December","Manufacture of beverages (11)","Base Year 2021=100",""
"Export Industrial Price Index (Excl VAT)","2022 December","Tobacco products (12)","Base Year 2021=100",""
"Export Industrial Price Index (Excl VAT)","2022 December","Textiles (13)","Base Year 2021=100","96.70825704"
"Export Industrial Price Index (Excl VAT)","2022 December","Wearing apparel (14)","Base Year 2021=100","103.1477359"
"Export Industrial Price Index (Excl VAT)","2022 December","Leather and related products (15)","Base Year 2021=100",""
"Export Industrial Price Index (Excl VAT)","2022 December","Wood and wood products, except furniture (16)","Base Year 2021=100","139.5255996"
"Export Industrial Price Index (Excl VAT)","2022 December","Paper and paper products (17)","Base Year 2021=100","101.1447049"
"Export Industrial Price Index (Excl VAT)","2022 December","Printing and reproduction of recorded media (18)","Base Year 2021=100",""
"Export Industrial Price Index (Excl VAT)","2022 December","Coke and refined petroleum products (19)","Base Year 2021=100",""
"Export Industrial Price Index (Excl VAT)","2022 December","Chemicals and chemical products (20)","Base Year 2021=100","98.00629911"
"Export Industrial Price Index (Excl VAT)","2022 December","Basic pharmaceutical products and preparations (21)","Base Year 2021=100",""
"Export Industrial Price Index (Excl VAT)","2022 December","Rubber and plastic products (22)","Base Year 2021=100","128.763779"
"Export Industrial Price Index (Excl VAT)","2022 December","Other non-metallic mineral products (23)","Base Year 2021=100","109.7048406"
"Export Industrial Price Index (Excl VAT)","2022 December","Basic metals (24)","Base Year 2021=100","116.2008756"
"Export Industrial Price Index (Excl VAT)","2022 December","Fabricated metal products, except machinery and equipment (25)","Base Year 2021=100","113.6419521"
"Export Industrial Price Index (Excl VAT)","2022 December","Computer, electronic and optical products (26)","Base Year 2021=100",""
"Export Industrial Price Index (Excl VAT)","2022 December","Electrical equipment (27)","Base Year 2021=100","118.5805799"
"Export Industrial Price Index (Excl VAT)","2022 December","Machinery and equipment n.e.c. (28)","Base Year 2021=100",""
"Export Industrial Price Index (Excl VAT)","2022 December","Motor vehicles, trailers and semi-trailers (29)","Base Year 2021=100","100.0953711"
"Export Industrial Price Index (Excl VAT)","2022 December","Other transport equipment (30)","Base Year 2021=100",""
"Export Industrial Price Index (Excl VAT)","2022 December","Furniture (31)","Base Year 2021=100","117.8430104"
"Export Industrial Price Index (Excl VAT)","2022 December","Other manufacturing (32)","Base Year 2021=100",""
"Export Industrial Price Index (Excl VAT)","2022 December","Mining and quarrying (05 to 09)","Base Year 2021=100","108.4646958"
"Export Industrial Price Index (Excl VAT)","2022 December","Repair and installation of machinery and equipment (33)","Base Year 2021=100",""
"Export Industrial Price Index (Excl VAT)","2023 January","Food products (10)","Base Year 2021=100","110.4484756"
"Export Industrial Price Index (Excl VAT)","2023 January","Manufacture of beverages (11)","Base Year 2021=100",""
"Export Industrial Price Index (Excl VAT)","2023 January","Tobacco products (12)","Base Year 2021=100",""
"Export Industrial Price Index (Excl VAT)","2023 January","Textiles (13)","Base Year 2021=100","100.8051265"
"Export Industrial Price Index (Excl VAT)","2023 January","Wearing apparel (14)","Base Year 2021=100","111.1584831"
"Export Industrial Price Index (Excl VAT)","2023 January","Leather and related products (15)","Base Year 2021=100",""
"Export Industrial Price Index (Excl VAT)","2023 January","Wood and wood products, except furniture (16)","Base Year 2021=100","137.3279776"
"Export Industrial Price Index (Excl VAT)","2023 January","Paper and paper products (17)","Base Year 2021=100","100.637804"
"Export Industrial Price Index (Excl VAT)","2023 January","Printing and reproduction of recorded media (18)","Base Year 2021=100",""
"Export Industrial Price Index (Excl VAT)","2023 January","Coke and refined petroleum products (19)","Base Year 2021=100",""
"Export Industrial Price Index (Excl VAT)","2023 January","Chemicals and chemical products (20)","Base Year 2021=100","104.7124172"
"Export Industrial Price Index (Excl VAT)","2023 January","Basic pharmaceutical products and preparations (21)","Base Year 2021=100",""
"Export Industrial Price Index (Excl VAT)","2023 January","Rubber and plastic products (22)","Base Year 2021=100","127.5979478"
"Export Industrial Price Index (Excl VAT)","2023 January","Other non-metallic mineral products (23)","Base Year 2021=100","109.5395226"
"Export Industrial Price Index (Excl VAT)","2023 January","Basic metals (24)","Base Year 2021=100","111.9488214"
"Export Industrial Price Index (Excl VAT)","2023 January","Fabricated metal products, except machinery and equipment (25)","Base Year 2021=100","112.3549451"
"Export Industrial Price Index (Excl VAT)","2023 January","Computer, electronic and optical products (26)","Base Year 2021=100",""
"Export Industrial Price Index (Excl VAT)","2023 January","Electrical equipment (27)","Base Year 2021=100","122.107162"
"Export Industrial Price Index (Excl VAT)","2023 January","Machinery and equipment n.e.c. (28)","Base Year 2021=100",""
"Export Industrial Price Index (Excl VAT)","2023 January","Motor vehicles, trailers and semi-trailers (29)","Base Year 2021=100","100.3816423"
"Export Industrial Price Index (Excl VAT)","2023 January","Other transport equipment (30)","Base Year 2021=100",""
"Export Industrial Price Index (Excl VAT)","2023 January","Furniture (31)","Base Year 2021=100","117.4129086"
"Export Industrial Price Index (Excl VAT)","2023 January","Other manufacturing (32)","Base Year 2021=100",""
"Export Industrial Price Index (Excl VAT)","2023 January","Mining and quarrying (05 to 09)","Base Year 2021=100","107.7431951"
"Export Industrial Price Index (Excl VAT)","2023 January","Repair and installation of machinery and equipment (33)","Base Year 2021=100",""
"Export Industrial Price Index (Excl VAT)","2023 February","Food products (10)","Base Year 2021=100","110.5075508"
"Export Industrial Price Index (Excl VAT)","2023 February","Manufacture of beverages (11)","Base Year 2021=100",""
"Export Industrial Price Index (Excl VAT)","2023 February","Tobacco products (12)","Base Year 2021=100",""
"Export Industrial Price Index (Excl VAT)","2023 February","Textiles (13)","Base Year 2021=100","101.0305512"
"Export Industrial Price Index (Excl VAT)","2023 February","Wearing apparel (14)","Base Year 2021=100","111.1584831"
"Export Industrial Price Index (Excl VAT)","2023 February","Leather and related products (15)","Base Year 2021=100",""
"Export Industrial Price Index (Excl VAT)","2023 February","Wood and wood products, except furniture (16)","Base Year 2021=100","137.2402555"
"Export Industrial Price Index (Excl VAT)","2023 February","Paper and paper products (17)","Base Year 2021=100","100.637804"
"Export Industrial Price Index (Excl VAT)","2023 February","Printing and reproduction of recorded media (18)","Base Year 2021=100",""
"Export Industrial Price Index (Excl VAT)","2023 February","Coke and refined petroleum products (19)","Base Year 2021=100",""
"Export Industrial Price Index (Excl VAT)","2023 February","Chemicals and chemical products (20)","Base Year 2021=100","104.7124172"
"Export Industrial Price Index (Excl VAT)","2023 February","Basic pharmaceutical products and preparations (21)","Base Year 2021=100",""
"Export Industrial Price Index (Excl VAT)","2023 February","Rubber and plastic products (22)","Base Year 2021=100","127.5664912"
"Export Industrial Price Index (Excl VAT)","2023 February","Other non-metallic mineral products (23)","Base Year 2021=100","109.7744393"
"Export Industrial Price Index (Excl VAT)","2023 February","Basic metals (24)","Base Year 2021=100","111.9484596"
"Export Industrial Price Index (Excl VAT)","2023 February","Fabricated metal products, except machinery and equipment (25)","Base Year 2021=100","112.3558326"
"Export Industrial Price Index (Excl VAT)","2023 February","Computer, electronic and optical products (26)","Base Year 2021=100",""
"Export Industrial Price Index (Excl VAT)","2023 February","Electrical equipment (27)","Base Year 2021=100","122.107162"
"Export Industrial Price Index (Excl VAT)","2023 February","Machinery and equipment n.e.c. (28)","Base Year 2021=100",""
"Export Industrial Price Index (Excl VAT)","2023 February","Motor vehicles, trailers and semi-trailers (29)","Base Year 2021=100","100.3816423"
"Export Industrial Price Index (Excl VAT)","2023 February","Other transport equipment (30)","Base Year 2021=100",""
"Export Industrial Price Index (Excl VAT)","2023 February","Furniture (31)","Base Year 2021=100","117.4129086"
"Export Industrial Price Index (Excl VAT)","2023 February","Other manufacturing (32)","Base Year 2021=100",""
"Export Industrial Price Index (Excl VAT)","2023 February","Mining and quarrying (05 to 09)","Base Year 2021=100","101.3770888"
"Export Industrial Price Index (Excl VAT)","2023 February","Repair and installation of machinery and equipment (33)","Base Year 2021=100",""
"Export Industrial Price Index (Excl VAT)","2023 March","Food products (10)","Base Year 2021=100","111.40201"
"Export Industrial Price Index (Excl VAT)","2023 March","Manufacture of beverages (11)","Base Year 2021=100",""
"Export Industrial Price Index (Excl VAT)","2023 March","Tobacco products (12)","Base Year 2021=100",""
"Export Industrial Price Index (Excl VAT)","2023 March","Textiles (13)","Base Year 2021=100","101.0384856"
"Export Industrial Price Index (Excl VAT)","2023 March","Wearing apparel (14)","Base Year 2021=100","111.2165504"
"Export Industrial Price Index (Excl VAT)","2023 March","Leather and related products (15)","Base Year 2021=100",""
"Export Industrial Price Index (Excl VAT)","2023 March","Wood and wood products, except furniture (16)","Base Year 2021=100","137.9060281"
"Export Industrial Price Index (Excl VAT)","2023 March","Paper and paper products (17)","Base Year 2021=100","101.240689"
"Export Industrial Price Index (Excl VAT)","2023 March","Printing and reproduction of recorded media (18)","Base Year 2021=100",""
"Export Industrial Price Index (Excl VAT)","2023 March","Coke and refined petroleum products (19)","Base Year 2021=100",""
"Export Industrial Price Index (Excl VAT)","2023 March","Chemicals and chemical products (20)","Base Year 2021=100","104.9685986"
"Export Industrial Price Index (Excl VAT)","2023 March","Basic pharmaceutical products and preparations (21)","Base Year 2021=100",""
"Export Industrial Price Index (Excl VAT)","2023 March","Rubber and plastic products (22)","Base Year 2021=100","128.7972209"
"Export Industrial Price Index (Excl VAT)","2023 March","Other non-metallic mineral products (23)","Base Year 2021=100","109.7930313"
"Export Industrial Price Index (Excl VAT)","2023 March","Basic metals (24)","Base Year 2021=100","113.504227"
"Export Industrial Price Index (Excl VAT)","2023 March","Fabricated metal products, except machinery and equipment (25)","Base Year 2021=100","114.568573"
"Export Industrial Price Index (Excl VAT)","2023 March","Computer, electronic and optical products (26)","Base Year 2021=100",""
"Export Industrial Price Index (Excl VAT)","2023 March","Electrical equipment (27)","Base Year 2021=100","122.3398279"
"Export Industrial Price Index (Excl VAT)","2023 March","Machinery and equipment n.e.c. (28)","Base Year 2021=100",""
"Export Industrial Price Index (Excl VAT)","2023 March","Motor vehicles, trailers and semi-trailers (29)","Base Year 2021=100","100.381687"
"Export Industrial Price Index (Excl VAT)","2023 March","Other transport equipment (30)","Base Year 2021=100",""
"Export Industrial Price Index (Excl VAT)","2023 March","Furniture (31)","Base Year 2021=100","116.5971505"
"Export Industrial Price Index (Excl VAT)","2023 March","Other manufacturing (32)","Base Year 2021=100",""
"Export Industrial Price Index (Excl VAT)","2023 March","Mining and quarrying (05 to 09)","Base Year 2021=100","102.6806243"
"Export Industrial Price Index (Excl VAT)","2023 March","Repair and installation of machinery and equipment (33)","Base Year 2021=100",""
"Export Industrial Price Index (Excl VAT)","2023 April","Food products (10)","Base Year 2021=100","109.2566426"
"Export Industrial Price Index (Excl VAT)","2023 April","Manufacture of beverages (11)","Base Year 2021=100",""
"Export Industrial Price Index (Excl VAT)","2023 April","Tobacco products (12)","Base Year 2021=100",""
"Export Industrial Price Index (Excl VAT)","2023 April","Textiles (13)","Base Year 2021=100","101.0324297"
"Export Industrial Price Index (Excl VAT)","2023 April","Wearing apparel (14)","Base Year 2021=100","111.1722306"
"Export Industrial Price Index (Excl VAT)","2023 April","Leather and related products (15)","Base Year 2021=100",""
"Export Industrial Price Index (Excl VAT)","2023 April","Wood and wood products, except furniture (16)","Base Year 2021=100","136.9687575"
"Export Industrial Price Index (Excl VAT)","2023 April","Paper and paper products (17)","Base Year 2021=100","100.7805382"
"Export Industrial Price Index (Excl VAT)","2023 April","Printing and reproduction of recorded media (18)","Base Year 2021=100",""
"Export Industrial Price Index (Excl VAT)","2023 April","Coke and refined petroleum products (19)","Base Year 2021=100",""
"Export Industrial Price Index (Excl VAT)","2023 April","Chemicals and chemical products (20)","Base Year 2021=100","104.2887264"
"Export Industrial Price Index (Excl VAT)","2023 April","Basic pharmaceutical products and preparations (21)","Base Year 2021=100",""
"Export Industrial Price Index (Excl VAT)","2023 April","Rubber and plastic products (22)","Base Year 2021=100","128.2748729"
"Export Industrial Price Index (Excl VAT)","2023 April","Other non-metallic mineral products (23)","Base Year 2021=100","109.749004"
"Export Industrial Price Index (Excl VAT)","2023 April","Basic metals (24)","Base Year 2021=100","112.1513821"
"Export Industrial Price Index (Excl VAT)","2023 April","Fabricated metal products, except machinery and equipment (25)","Base Year 2021=100","113.7892603"
"Export Industrial Price Index (Excl VAT)","2023 April","Computer, electronic and optical products (26)","Base Year 2021=100",""
"Export Industrial Price Index (Excl VAT)","2023 April","Electrical equipment (27)","Base Year 2021=100","121.9207881"
"Export Industrial Price Index (Excl VAT)","2023 April","Machinery and equipment n.e.c. (28)","Base Year 2021=100",""
"Export Industrial Price Index (Excl VAT)","2023 April","Motor vehicles, trailers and semi-trailers (29)","Base Year 2021=100","100.3816529"
"Export Industrial Price Index (Excl VAT)","2023 April","Other transport equipment (30)","Base Year 2021=100",""
"Export Industrial Price Index (Excl VAT)","2023 April","Furniture (31)","Base Year 2021=100","116.4029567"
"Export Industrial Price Index (Excl VAT)","2023 April","Other manufacturing (32)","Base Year 2021=100",""
"Export Industrial Price Index (Excl VAT)","2023 April","Mining and quarrying (05 to 09)","Base Year 2021=100","98.44285003"
"Export Industrial Price Index (Excl VAT)","2023 April","Repair and installation of machinery and equipment (33)","Base Year 2021=100",""
"Export Industrial Price Index (Excl VAT)","2023 May","Food products (10)","Base Year 2021=100","109.955353"
"Export Industrial Price Index (Excl VAT)","2023 May","Manufacture of beverages (11)","Base Year 2021=100",""
"Export Industrial Price Index (Excl VAT)","2023 May","Tobacco products (12)","Base Year 2021=100",""
"Export Industrial Price Index (Excl VAT)","2023 May","Textiles (13)","Base Year 2021=100","101.0400663"
"Export Industrial Price Index (Excl VAT)","2023 May","Wearing apparel (14)","Base Year 2021=100","111.2281186"
"Export Industrial Price Index (Excl VAT)","2023 May","Leather and related products (15)","Base Year 2021=100",""
"Export Industrial Price Index (Excl VAT)","2023 May","Wood and wood products, except furniture (16)","Base Year 2021=100","136.4634585"
"Export Industrial Price Index (Excl VAT)","2023 May","Paper and paper products (17)","Base Year 2021=100","101.360797"
"Export Industrial Price Index (Excl VAT)","2023 May","Printing and reproduction of recorded media (18)","Base Year 2021=100",""
"Export Industrial Price Index (Excl VAT)","2023 May","Coke and refined petroleum products (19)","Base Year 2021=100",""
"Export Industrial Price Index (Excl VAT)","2023 May","Chemicals and chemical products (20)","Base Year 2021=100","104.5327647"
"Export Industrial Price Index (Excl VAT)","2023 May","Basic pharmaceutical products and preparations (21)","Base Year 2021=100",""
"Export Industrial Price Index (Excl VAT)","2023 May","Rubber and plastic products (22)","Base Year 2021=100","128.8909418"
"Export Industrial Price Index (Excl VAT)","2023 May","Other non-metallic mineral products (23)","Base Year 2021=100","109.8935812"
"Export Industrial Price Index (Excl VAT)","2023 May","Basic metals (24)","Base Year 2021=100","113.6592743"
"Export Industrial Price Index (Excl VAT)","2023 May","Fabricated metal products, except machinery and equipment (25)","Base Year 2021=100","114.5762309"
"Export Industrial Price Index (Excl VAT)","2023 May","Computer, electronic and optical products (26)","Base Year 2021=100",""
"Export Industrial Price Index (Excl VAT)","2023 May","Electrical equipment (27)","Base Year 2021=100","122.1597104"
"Export Industrial Price Index (Excl VAT)","2023 May","Machinery and equipment n.e.c. (28)","Base Year 2021=100",""
"Export Industrial Price Index (Excl VAT)","2023 May","Motor vehicles, trailers and semi-trailers (29)","Base Year 2021=100","100.3816959"
"Export Industrial Price Index (Excl VAT)","2023 May","Other transport equipment (30)","Base Year 2021=100",""
"Export Industrial Price Index (Excl VAT)","2023 May","Furniture (31)","Base Year 2021=100","116.6478387"
"Export Industrial Price Index (Excl VAT)","2023 May","Other manufacturing (32)","Base Year 2021=100",""
"Export Industrial Price Index (Excl VAT)","2023 May","Mining and quarrying (05 to 09)","Base Year 2021=100","98.91166825"
"Export Industrial Price Index (Excl VAT)","2023 May","Repair and installation of machinery and equipment (33)","Base Year 2021=100",""
"Export Industrial Price Index (Excl VAT)","2023 June","Food products (10)","Base Year 2021=100","109.4028805"
"Export Industrial Price Index (Excl VAT)","2023 June","Manufacture of beverages (11)","Base Year 2021=100",""
"Export Industrial Price Index (Excl VAT)","2023 June","Tobacco products (12)","Base Year 2021=100",""
"Export Industrial Price Index (Excl VAT)","2023 June","Textiles (13)","Base Year 2021=100","103.8335359"
"Export Industrial Price Index (Excl VAT)","2023 June","Wearing apparel (14)","Base Year 2021=100","111.2813574"
"Export Industrial Price Index (Excl VAT)","2023 June","Leather and related products (15)","Base Year 2021=100",""
"Export Industrial Price Index (Excl VAT)","2023 June","Wood and wood products, except furniture (16)","Base Year 2021=100","136.1662893"
"Export Industrial Price Index (Excl VAT)","2023 June","Paper and paper products (17)","Base Year 2021=100","101.91355"
"Export Industrial Price Index (Excl VAT)","2023 June","Printing and reproduction of recorded media (18)","Base Year 2021=100",""
"Export Industrial Price Index (Excl VAT)","2023 June","Coke and refined petroleum products (19)","Base Year 2021=100",""
"Export Industrial Price Index (Excl VAT)","2023 June","Chemicals and chemical products (20)","Base Year 2021=100","104.7151472"
"Export Industrial Price Index (Excl VAT)","2023 June","Basic pharmaceutical products and preparations (21)","Base Year 2021=100",""
"Export Industrial Price Index (Excl VAT)","2023 June","Rubber and plastic products (22)","Base Year 2021=100","128.3035021"
"Export Industrial Price Index (Excl VAT)","2023 June","Other non-metallic mineral products (23)","Base Year 2021=100","109.8406512"
"Export Industrial Price Index (Excl VAT)","2023 June","Basic metals (24)","Base Year 2021=100","115.2416102"
"Export Industrial Price Index (Excl VAT)","2023 June","Fabricated metal products, except machinery and equipment (25)","Base Year 2021=100","114.7682429"
"Export Industrial Price Index (Excl VAT)","2023 June","Computer, electronic and optical products (26)","Base Year 2021=100",""
"Export Industrial Price Index (Excl VAT)","2023 June","Electrical equipment (27)","Base Year 2021=100","122.3183563"
"Export Industrial Price Index (Excl VAT)","2023 June","Machinery and equipment n.e.c. (28)","Base Year 2021=100",""
"Export Industrial Price Index (Excl VAT)","2023 June","Motor vehicles, trailers and semi-trailers (29)","Base Year 2021=100","100.3817364"
"Export Industrial Price Index (Excl VAT)","2023 June","Other transport equipment (30)","Base Year 2021=100",""
"Export Industrial Price Index (Excl VAT)","2023 June","Furniture (31)","Base Year 2021=100","112.380413"
"Export Industrial Price Index (Excl VAT)","2023 June","Other manufacturing (32)","Base Year 2021=100",""
"Export Industrial Price Index (Excl VAT)","2023 June","Mining and quarrying (05 to 09)","Base Year 2021=100","99.38566421"
"Export Industrial Price Index (Excl VAT)","2023 June","Repair and installation of machinery and equipment (33)","Base Year 2021=100",""
"Export Industrial Price Index (Excl VAT)","2023 July","Food products (10)","Base Year 2021=100","106.4025949"
"Export Industrial Price Index (Excl VAT)","2023 July","Manufacture of beverages (11)","Base Year 2021=100",""
"Export Industrial Price Index (Excl VAT)","2023 July","Tobacco products (12)","Base Year 2021=100",""
"Export Industrial Price Index (Excl VAT)","2023 July","Textiles (13)","Base Year 2021=100","103.833326"
"Export Industrial Price Index (Excl VAT)","2023 July","Wearing apparel (14)","Base Year 2021=100","111.2798211"
"Export Industrial Price Index (Excl VAT)","2023 July","Leather and related products (15)","Base Year 2021=100",""
"Export Industrial Price Index (Excl VAT)","2023 July","Wood and wood products, except furniture (16)","Base Year 2021=100","134.1406239"
"Export Industrial Price Index (Excl VAT)","2023 July","Paper and paper products (17)","Base Year 2021=100","102.6086307"
"Export Industrial Price Index (Excl VAT)","2023 July","Printing and reproduction of recorded media (18)","Base Year 2021=100",""
"Export Industrial Price Index (Excl VAT)","2023 July","Coke and refined petroleum products (19)","Base Year 2021=100",""
"Export Industrial Price Index (Excl VAT)","2023 July","Chemicals and chemical products (20)","Base Year 2021=100","104.2411711"
"Export Industrial Price Index (Excl VAT)","2023 July","Basic pharmaceutical products and preparations (21)","Base Year 2021=100",""
"Export Industrial Price Index (Excl VAT)","2023 July","Rubber and plastic products (22)","Base Year 2021=100","128.3368962"
"Export Industrial Price Index (Excl VAT)","2023 July","Other non-metallic mineral products (23)","Base Year 2021=100","109.9470048"
"Export Industrial Price Index (Excl VAT)","2023 July","Basic metals (24)","Base Year 2021=100","115.5439112"
"Export Industrial Price Index (Excl VAT)","2023 July","Fabricated metal products, except machinery and equipment (25)","Base Year 2021=100","114.5832379"
"Export Industrial Price Index (Excl VAT)","2023 July","Computer, electronic and optical products (26)","Base Year 2021=100",""
"Export Industrial Price Index (Excl VAT)","2023 July","Electrical equipment (27)","Base Year 2021=100","122.0688921"
"Export Industrial Price Index (Excl VAT)","2023 July","Machinery and equipment n.e.c. (28)","Base Year 2021=100",""
"Export Industrial Price Index (Excl VAT)","2023 July","Motor vehicles, trailers and semi-trailers (29)","Base Year 2021=100","100.3817353"
"Export Industrial Price Index (Excl VAT)","2023 July","Other transport equipment (30)","Base Year 2021=100",""
"Export Industrial Price Index (Excl VAT)","2023 July","Furniture (31)","Base Year 2021=100","112.3736817"
"Export Industrial Price Index (Excl VAT)","2023 July","Other manufacturing (32)","Base Year 2021=100",""
"Export Industrial Price Index (Excl VAT)","2023 July","Mining and quarrying (05 to 09)","Base Year 2021=100","96.19571645"
"Export Industrial Price Index (Excl VAT)","2023 July","Repair and installation of machinery and equipment (33)","Base Year 2021=100",""
"Export Industrial Price Index (Excl VAT)","2023 August","Food products (10)","Base Year 2021=100","107.1783892"
"Export Industrial Price Index (Excl VAT)","2023 August","Manufacture of beverages (11)","Base Year 2021=100",""
"Export Industrial Price Index (Excl VAT)","2023 August","Tobacco products (12)","Base Year 2021=100",""
"Export Industrial Price Index (Excl VAT)","2023 August","Textiles (13)","Base Year 2021=100","103.8314038"
"Export Industrial Price Index (Excl VAT)","2023 August","Wearing apparel (14)","Base Year 2021=100","111.2657536"
"Export Industrial Price Index (Excl VAT)","2023 August","Leather and related products (15)","Base Year 2021=100",""
"Export Industrial Price Index (Excl VAT)","2023 August","Wood and wood products, except furniture (16)","Base Year 2021=100","134.1699157"
"Export Industrial Price Index (Excl VAT)","2023 August","Paper and paper products (17)","Base Year 2021=100","102.4595767"
"Export Industrial Price Index (Excl VAT)","2023 August","Printing and reproduction of recorded media (18)","Base Year 2021=100",""
"Export Industrial Price Index (Excl VAT)","2023 August","Coke and refined petroleum products (19)","Base Year 2021=100",""
"Export Industrial Price Index (Excl VAT)","2023 August","Chemicals and chemical products (20)","Base Year 2021=100","104.6087135"
"Export Industrial Price Index (Excl VAT)","2023 August","Basic pharmaceutical products and preparations (21)","Base Year 2021=100",""
"Export Industrial Price Index (Excl VAT)","2023 August","Rubber and plastic products (22)","Base Year 2021=100","128.2423717"
"Export Industrial Price Index (Excl VAT)","2023 August","Other non-metallic mineral products (23)","Base Year 2021=100","109.9244497"
"Export Industrial Price Index (Excl VAT)","2023 August","Basic metals (24)","Base Year 2021=100","115.316613"
"Export Industrial Price Index (Excl VAT)","2023 August","Fabricated metal products, except machinery and equipment (25)","Base Year 2021=100","114.5250937"
"Export Industrial Price Index (Excl VAT)","2023 August","Computer, electronic and optical products (26)","Base Year 2021=100",""
"Export Industrial Price Index (Excl VAT)","2023 August","Electrical equipment (27)","Base Year 2021=100","122.2157717"
"Export Industrial Price Index (Excl VAT)","2023 August","Machinery and equipment n.e.c. (28)","Base Year 2021=100",""
"Export Industrial Price Index (Excl VAT)","2023 August","Motor vehicles, trailers and semi-trailers (29)","Base Year 2021=100","100.3817401"
"Export Industrial Price Index (Excl VAT)","2023 August","Other transport equipment (30)","Base Year 2021=100",""
"Export Industrial Price Index (Excl VAT)","2023 August","Furniture (31)","Base Year 2021=100","112.3120424"
"Export Industrial Price Index (Excl VAT)","2023 August","Other manufacturing (32)","Base Year 2021=100",""
"Export Industrial Price Index (Excl VAT)","2023 August","Mining and quarrying (05 to 09)","Base Year 2021=100","98.5137288"
"Export Industrial Price Index (Excl VAT)","2023 August","Repair and installation of machinery and equipment (33)","Base Year 2021=100",""
"Export Industrial Price Index (Excl VAT)","2023 September","Food products (10)","Base Year 2021=100","107.3567904"
"Export Industrial Price Index (Excl VAT)","2023 September","Manufacture of beverages (11)","Base Year 2021=100",""
"Export Industrial Price Index (Excl VAT)","2023 September","Tobacco products (12)","Base Year 2021=100",""
"Export Industrial Price Index (Excl VAT)","2023 September","Textiles (13)","Base Year 2021=100","103.8318203"
"Export Industrial Price Index (Excl VAT)","2023 September","Wearing apparel (14)","Base Year 2021=100","111.2688016"
"Export Industrial Price Index (Excl VAT)","2023 September","Leather and related products (15)","Base Year 2021=100",""
"Export Industrial Price Index (Excl VAT)","2023 September","Wood and wood products, except furniture (16)","Base Year 2021=100","134.1884117"
"Export Industrial Price Index (Excl VAT)","2023 September","Paper and paper products (17)","Base Year 2021=100","102.4918722"
"Export Industrial Price Index (Excl VAT)","2023 September","Printing and reproduction of recorded media (18)","Base Year 2021=100",""
"Export Industrial Price Index (Excl VAT)","2023 September","Coke and refined petroleum products (19)","Base Year 2021=100",""
"Export Industrial Price Index (Excl VAT)","2023 September","Chemicals and chemical products (20)","Base Year 2021=100","104.9640506"
"Export Industrial Price Index (Excl VAT)","2023 September","Basic pharmaceutical products and preparations (21)","Base Year 2021=100",""
"Export Industrial Price Index (Excl VAT)","2023 September","Rubber and plastic products (22)","Base Year 2021=100","128.3515327"
"Export Industrial Price Index (Excl VAT)","2023 September","Other non-metallic mineral products (23)","Base Year 2021=100","109.7835531"
"Export Industrial Price Index (Excl VAT)","2023 September","Basic metals (24)","Base Year 2021=100","115.5223891"
"Export Industrial Price Index (Excl VAT)","2023 September","Fabricated metal products, except machinery and equipment (25)","Base Year 2021=100","113.5960803"
"Export Industrial Price Index (Excl VAT)","2023 September","Computer, electronic and optical products (26)","Base Year 2021=100",""
"Export Industrial Price Index (Excl VAT)","2023 September","Electrical equipment (27)","Base Year 2021=100","122.3913154"
"Export Industrial Price Index (Excl VAT)","2023 September","Machinery and equipment n.e.c. (28)","Base Year 2021=100",""
"Export Industrial Price Index (Excl VAT)","2023 September","Motor vehicles, trailers and semi-trailers (29)","Base Year 2021=100","100.3817424"
"Export Industrial Price Index (Excl VAT)","2023 September","Other transport equipment (30)","Base Year 2021=100",""
"Export Industrial Price Index (Excl VAT)","2023 September","Furniture (31)","Base Year 2021=100","112.325398"
"Export Industrial Price Index (Excl VAT)","2023 September","Other manufacturing (32)","Base Year 2021=100",""
"Export Industrial Price Index (Excl VAT)","2023 September","Mining and quarrying (05 to 09)","Base Year 2021=100","100.7264336"
"Export Industrial Price Index (Excl VAT)","2023 September","Repair and installation of machinery and equipment (33)","Base Year 2021=100",""
"Export Industrial Price Index (Excl VAT)","2023 October","Food products (10)","Base Year 2021=100","107.5351821"
"Export Industrial Price Index (Excl VAT)","2023 October","Manufacture of beverages (11)","Base Year 2021=100",""
"Export Industrial Price Index (Excl VAT)","2023 October","Tobacco products (12)","Base Year 2021=100",""
"Export Industrial Price Index (Excl VAT)","2023 October","Textiles (13)","Base Year 2021=100","103.8283042"
"Export Industrial Price Index (Excl VAT)","2023 October","Wearing apparel (14)","Base Year 2021=100","111.2430699"
"Export Industrial Price Index (Excl VAT)","2023 October","Leather and related products (15)","Base Year 2021=100",""
"Export Industrial Price Index (Excl VAT)","2023 October","Wood and wood products, except furniture (16)","Base Year 2021=100","130.8428643"
"Export Industrial Price Index (Excl VAT)","2023 October","Paper and paper products (17)","Base Year 2021=100","102.21923"
"Export Industrial Price Index (Excl VAT)","2023 October","Printing and reproduction of recorded media (18)","Base Year 2021=100",""
"Export Industrial Price Index (Excl VAT)","2023 October","Coke and refined petroleum products (19)","Base Year 2021=100",""
"Export Industrial Price Index (Excl VAT)","2023 October","Chemicals and chemical products (20)","Base Year 2021=100","105.174686"
"Export Industrial Price Index (Excl VAT)","2023 October","Basic pharmaceutical products and preparations (21)","Base Year 2021=100",""
"Export Industrial Price Index (Excl VAT)","2023 October","Rubber and plastic products (22)","Base Year 2021=100","128.4736136"
"Export Industrial Price Index (Excl VAT)","2023 October","Other non-metallic mineral products (23)","Base Year 2021=100","109.7743667"
"Export Industrial Price Index (Excl VAT)","2023 October","Basic metals (24)","Base Year 2021=100","114.9219094"
"Export Industrial Price Index (Excl VAT)","2023 October","Fabricated metal products, except machinery and equipment (25)","Base Year 2021=100","113.3219849"
"Export Industrial Price Index (Excl VAT)","2023 October","Computer, electronic and optical products (26)","Base Year 2021=100",""
"Export Industrial Price Index (Excl VAT)","2023 October","Electrical equipment (27)","Base Year 2021=100","122.5359801"
"Export Industrial Price Index (Excl VAT)","2023 October","Machinery and equipment n.e.c. (28)","Base Year 2021=100",""
"Export Industrial Price Index (Excl VAT)","2023 October","Motor vehicles, trailers and semi-trailers (29)","Base Year 2021=100","100.3817228"
"Export Industrial Price Index (Excl VAT)","2023 October","Other transport equipment (30)","Base Year 2021=100",""
"Export Industrial Price Index (Excl VAT)","2023 October","Furniture (31)","Base Year 2021=100","112.2126503"
"Export Industrial Price Index (Excl VAT)","2023 October","Other manufacturing (32)","Base Year 2021=100",""
"Export Industrial Price Index (Excl VAT)","2023 October","Mining and quarrying (05 to 09)","Base Year 2021=100","101.7588374"
"Export Industrial Price Index (Excl VAT)","2023 October","Repair and installation of machinery and equipment (33)","Base Year 2021=100",""
"Export Industrial Price Index (Excl VAT)","2023 November","Food products (10)","Base Year 2021=100","106.3276378"
"Export Industrial Price Index (Excl VAT)","2023 November","Manufacture of beverages (11)","Base Year 2021=100",""
"Export Industrial Price Index (Excl VAT)","2023 November","Tobacco products (12)","Base Year 2021=100",""
"Export Industrial Price Index (Excl VAT)","2023 November","Textiles (13)","Base Year 2021=100","103.8249635"
"Export Industrial Price Index (Excl VAT)","2023 November","Wearing apparel (14)","Base Year 2021=100","111.2186207"
"Export Industrial Price Index (Excl VAT)","2023 November","Leather and related products (15)","Base Year 2021=100",""
"Export Industrial Price Index (Excl VAT)","2023 November","Wood and wood products, except furniture (16)","Base Year 2021=100","127.5685968"
"Export Industrial Price Index (Excl VAT)","2023 November","Paper and paper products (17)","Base Year 2021=100","101.9601779"
"Export Industrial Price Index (Excl VAT)","2023 November","Printing and reproduction of recorded media (18)","Base Year 2021=100",""
"Export Industrial Price Index (Excl VAT)","2023 November","Coke and refined petroleum products (19)","Base Year 2021=100",""
"Export Industrial Price Index (Excl VAT)","2023 November","Chemicals and chemical products (20)","Base Year 2021=100","104.722363"
"Export Industrial Price Index (Excl VAT)","2023 November","Basic pharmaceutical products and preparations (21)","Base Year 2021=100",""
"Export Industrial Price Index (Excl VAT)","2023 November","Rubber and plastic products (22)","Base Year 2021=100","127.9694921"
"Export Industrial Price Index (Excl VAT)","2023 November","Other non-metallic mineral products (23)","Base Year 2021=100","109.8646928"
"Export Industrial Price Index (Excl VAT)","2023 November","Basic metals (24)","Base Year 2021=100","114.134675"
"Export Industrial Price Index (Excl VAT)","2023 November","Fabricated metal products, except machinery and equipment (25)","Base Year 2021=100","112.8665254"
"Export Industrial Price Index (Excl VAT)","2023 November","Computer, electronic and optical products (26)","Base Year 2021=100",""
"Export Industrial Price Index (Excl VAT)","2023 November","Electrical equipment (27)","Base Year 2021=100","122.2694459"
"Export Industrial Price Index (Excl VAT)","2023 November","Machinery and equipment n.e.c. (28)","Base Year 2021=100",""
"Export Industrial Price Index (Excl VAT)","2023 November","Motor vehicles, trailers and semi-trailers (29)","Base Year 2021=100","100.3817387"
"Export Industrial Price Index (Excl VAT)","2023 November","Other transport equipment (30)","Base Year 2021=100",""
"Export Industrial Price Index (Excl VAT)","2023 November","Furniture (31)","Base Year 2021=100","112.1055226"
"Export Industrial Price Index (Excl VAT)","2023 November","Other manufacturing (32)","Base Year 2021=100",""
"Export Industrial Price Index (Excl VAT)","2023 November","Mining and quarrying (05 to 09)","Base Year 2021=100","96.34166504"
"Export Industrial Price Index (Excl VAT)","2023 November","Repair and installation of machinery and equipment (33)","Base Year 2021=100",""
"Export Industrial Price Index (Excl VAT)","2023 December","Food products (10)","Base Year 2021=100","106.3381218"
"Export Industrial Price Index (Excl VAT)","2023 December","Manufacture of beverages (11)","Base Year 2021=100",""
"Export Industrial Price Index (Excl VAT)","2023 December","Tobacco products (12)","Base Year 2021=100",""
"Export Industrial Price Index (Excl VAT)","2023 December","Textiles (13)","Base Year 2021=100","103.8320705"
"Export Industrial Price Index (Excl VAT)","2023 December","Wearing apparel (14)","Base Year 2021=100","111.2706332"
"Export Industrial Price Index (Excl VAT)","2023 December","Leather and related products (15)","Base Year 2021=100",""
"Export Industrial Price Index (Excl VAT)","2023 December","Wood and wood products, except furniture (16)","Base Year 2021=100","127.7237908"
"Export Industrial Price Index (Excl VAT)","2023 December","Paper and paper products (17)","Base Year 2021=100","102.5112786"
"Export Industrial Price Index (Excl VAT)","2023 December","Printing and reproduction of recorded media (18)","Base Year 2021=100",""
"Export Industrial Price Index (Excl VAT)","2023 December","Coke and refined petroleum products (19)","Base Year 2021=100",""
"Export Industrial Price Index (Excl VAT)","2023 December","Chemicals and chemical products (20)","Base Year 2021=100","104.6363305"
"Export Industrial Price Index (Excl VAT)","2023 December","Basic pharmaceutical products and preparations (21)","Base Year 2021=100",""
"Export Industrial Price Index (Excl VAT)","2023 December","Rubber and plastic products (22)","Base Year 2021=100","128.5457153"
"Export Industrial Price Index (Excl VAT)","2023 December","Other non-metallic mineral products (23)","Base Year 2021=100","109.7620172"
"Export Industrial Price Index (Excl VAT)","2023 December","Basic metals (24)","Base Year 2021=100","115.432044"
"Export Industrial Price Index (Excl VAT)","2023 December","Fabricated metal products, except machinery and equipment (25)","Base Year 2021=100","113.496091"
"Export Industrial Price Index (Excl VAT)","2023 December","Computer, electronic and optical products (26)","Base Year 2021=100",""
"Export Industrial Price Index (Excl VAT)","2023 December","Electrical equipment (27)","Base Year 2021=100","122.3411829"
"Export Industrial Price Index (Excl VAT)","2023 December","Machinery and equipment n.e.c. (28)","Base Year 2021=100",""
"Export Industrial Price Index (Excl VAT)","2023 December","Motor vehicles, trailers and semi-trailers (29)","Base Year 2021=100","100.3817416"
"Export Industrial Price Index (Excl VAT)","2023 December","Other transport equipment (30)","Base Year 2021=100",""
"Export Industrial Price Index (Excl VAT)","2023 December","Furniture (31)","Base Year 2021=100","112.3334231"
"Export Industrial Price Index (Excl VAT)","2023 December","Other manufacturing (32)","Base Year 2021=100",""
"Export Industrial Price Index (Excl VAT)","2023 December","Mining and quarrying (05 to 09)","Base Year 2021=100","95.72981516"
"Export Industrial Price Index (Excl VAT)","2023 December","Repair and installation of machinery and equipment (33)","Base Year 2021=100",""
"Export Industrial Price Index (Excl VAT)","2024 January","Food products (10)","Base Year 2021=100","106.5329883"
"Export Industrial Price Index (Excl VAT)","2024 January","Manufacture of beverages (11)","Base Year 2021=100",""
"Export Industrial Price Index (Excl VAT)","2024 January","Tobacco products (12)","Base Year 2021=100",""
"Export Industrial Price Index (Excl VAT)","2024 January","Textiles (13)","Base Year 2021=100","106.434846"
"Export Industrial Price Index (Excl VAT)","2024 January","Wearing apparel (14)","Base Year 2021=100","114.4986147"
"Export Industrial Price Index (Excl VAT)","2024 January","Leather and related products (15)","Base Year 2021=100",""
"Export Industrial Price Index (Excl VAT)","2024 January","Wood and wood products, except furniture (16)","Base Year 2021=100","127.510851"
"Export Industrial Price Index (Excl VAT)","2024 January","Paper and paper products (17)","Base Year 2021=100","102.4112435"
"Export Industrial Price Index (Excl VAT)","2024 January","Printing and reproduction of recorded media (18)","Base Year 2021=100",""
"Export Industrial Price Index (Excl VAT)","2024 January","Coke and refined petroleum products (19)","Base Year 2021=100",""
"Export Industrial Price Index (Excl VAT)","2024 January","Chemicals and chemical products (20)","Base Year 2021=100","117.5380117"
"Export Industrial Price Index (Excl VAT)","2024 January","Basic pharmaceutical products and preparations (21)","Base Year 2021=100",""
"Export Industrial Price Index (Excl VAT)","2024 January","Rubber and plastic products (22)","Base Year 2021=100","128.271801"
"Export Industrial Price Index (Excl VAT)","2024 January","Other non-metallic mineral products (23)","Base Year 2021=100","109.6175568"
"Export Industrial Price Index (Excl VAT)","2024 January","Basic metals (24)","Base Year 2021=100","115.1906617"
"Export Industrial Price Index (Excl VAT)","2024 January","Fabricated metal products, except machinery and equipment (25)","Base Year 2021=100","113.3781839"
"Export Industrial Price Index (Excl VAT)","2024 January","Computer, electronic and optical products (26)","Base Year 2021=100",""
"Export Industrial Price Index (Excl VAT)","2024 January","Electrical equipment (27)","Base Year 2021=100","120.394172"
"Export Industrial Price Index (Excl VAT)","2024 January","Machinery and equipment n.e.c. (28)","Base Year 2021=100",""
"Export Industrial Price Index (Excl VAT)","2024 January","Motor vehicles, trailers and semi-trailers (29)","Base Year 2021=100","100.3817344"
"Export Industrial Price Index (Excl VAT)","2024 January","Other transport equipment (30)","Base Year 2021=100",""
"Export Industrial Price Index (Excl VAT)","2024 January","Furniture (31)","Base Year 2021=100","112.2920549"
"Export Industrial Price Index (Excl VAT)","2024 January","Other manufacturing (32)","Base Year 2021=100",""
"Export Industrial Price Index (Excl VAT)","2024 January","Mining and quarrying (05 to 09)","Base Year 2021=100","95.74208814"
"Export Industrial Price Index (Excl VAT)","2024 January","Repair and installation of machinery and equipment (33)","Base Year 2021=100",""
"Export Industrial Price Index (Excl VAT)","2024 February","Food products (10)","Base Year 2021=100","107.4118908"
"Export Industrial Price Index (Excl VAT)","2024 February","Manufacture of beverages (11)","Base Year 2021=100",""
"Export Industrial Price Index (Excl VAT)","2024 February","Tobacco products (12)","Base Year 2021=100",""
"Export Industrial Price Index (Excl VAT)","2024 February","Textiles (13)","Base Year 2021=100","106.4371818"
"Export Industrial Price Index (Excl VAT)","2024 February","Wearing apparel (14)","Base Year 2021=100","114.5157091"
"Export Industrial Price Index (Excl VAT)","2024 February","Leather and related products (15)","Base Year 2021=100",""
"Export Industrial Price Index (Excl VAT)","2024 February","Wood and wood products, except furniture (16)","Base Year 2021=100","127.9053039"
"Export Industrial Price Index (Excl VAT)","2024 February","Paper and paper products (17)","Base Year 2021=100","102.5923682"
"Export Industrial Price Index (Excl VAT)","2024 February","Printing and reproduction of recorded media (18)","Base Year 2021=100",""
"Export Industrial Price Index (Excl VAT)","2024 February","Coke and refined petroleum products (19)","Base Year 2021=100",""
"Export Industrial Price Index (Excl VAT)","2024 February","Chemicals and chemical products (20)","Base Year 2021=100","117.5429417"
"Export Industrial Price Index (Excl VAT)","2024 February","Basic pharmaceutical products and preparations (21)","Base Year 2021=100",""
"Export Industrial Price Index (Excl VAT)","2024 February","Rubber and plastic products (22)","Base Year 2021=100","128.5390448"
"Export Industrial Price Index (Excl VAT)","2024 February","Other non-metallic mineral products (23)","Base Year 2021=100","109.5878084"
"Export Industrial Price Index (Excl VAT)","2024 February","Basic metals (24)","Base Year 2021=100","115.7242032"
"Export Industrial Price Index (Excl VAT)","2024 February","Fabricated metal products, except machinery and equipment (25)","Base Year 2021=100","113.6814346"
"Export Industrial Price Index (Excl VAT)","2024 February","Computer, electronic and optical products (26)","Base Year 2021=100",""
"Export Industrial Price Index (Excl VAT)","2024 February","Electrical equipment (27)","Base Year 2021=100","120.5589149"
"Export Industrial Price Index (Excl VAT)","2024 February","Machinery and equipment n.e.c. (28)","Base Year 2021=100",""
"Export Industrial Price Index (Excl VAT)","2024 February","Motor vehicles, trailers and semi-trailers (29)","Base Year 2021=100","100.3817474"
"Export Industrial Price Index (Excl VAT)","2024 February","Other transport equipment (30)","Base Year 2021=100",""
"Export Industrial Price Index (Excl VAT)","2024 February","Furniture (31)","Base Year 2021=100","112.3669565"
"Export Industrial Price Index (Excl VAT)","2024 February","Other manufacturing (32)","Base Year 2021=100",""
"Export Industrial Price Index (Excl VAT)","2024 February","Mining and quarrying (05 to 09)","Base Year 2021=100","97.34291816"
"Export Industrial Price Index (Excl VAT)","2024 February","Repair and installation of machinery and equipment (33)","Base Year 2021=100",""
"Export Industrial Price Index (Excl VAT)","2024 March","Food products (10)","Base Year 2021=100","107.0212983"
"Export Industrial Price Index (Excl VAT)","2024 March","Manufacture of beverages (11)","Base Year 2021=100",""
"Export Industrial Price Index (Excl VAT)","2024 March","Tobacco products (12)","Base Year 2021=100",""
"Export Industrial Price Index (Excl VAT)","2024 March","Textiles (13)","Base Year 2021=100","106.4383588"
"Export Industrial Price Index (Excl VAT)","2024 March","Wearing apparel (14)","Base Year 2021=100","114.5243225"
"Export Industrial Price Index (Excl VAT)","2024 March","Leather and related products (15)","Base Year 2021=100",""
"Export Industrial Price Index (Excl VAT)","2024 March","Wood and wood products, except furniture (16)","Base Year 2021=100","126.6084335"
"Export Industrial Price Index (Excl VAT)","2024 March","Paper and paper products (17)","Base Year 2021=100","102.6836312"
"Export Industrial Price Index (Excl VAT)","2024 March","Printing and reproduction of recorded media (18)","Base Year 2021=100",""
"Export Industrial Price Index (Excl VAT)","2024 March","Coke and refined petroleum products (19)","Base Year 2021=100",""
"Export Industrial Price Index (Excl VAT)","2024 March","Chemicals and chemical products (20)","Base Year 2021=100","117.5454265"
"Export Industrial Price Index (Excl VAT)","2024 March","Basic pharmaceutical products and preparations (21)","Base Year 2021=100",""
"Export Industrial Price Index (Excl VAT)","2024 March","Rubber and plastic products (22)","Base Year 2021=100","128.6718512"
"Export Industrial Price Index (Excl VAT)","2024 March","Other non-metallic mineral products (23)","Base Year 2021=100","109.5844696"
"Export Industrial Price Index (Excl VAT)","2024 March","Basic metals (24)","Base Year 2021=100","115.8744734"
"Export Industrial Price Index (Excl VAT)","2024 March","Fabricated metal products, except machinery and equipment (25)","Base Year 2021=100","111.5181557"
"Export Industrial Price Index (Excl VAT)","2024 March","Computer, electronic and optical products (26)","Base Year 2021=100",""
"Export Industrial Price Index (Excl VAT)","2024 March","Electrical equipment (27)","Base Year 2021=100","120.5198837"
"Export Industrial Price Index (Excl VAT)","2024 March","Machinery and equipment n.e.c. (28)","Base Year 2021=100",""
"Export Industrial Price Index (Excl VAT)","2024 March","Motor vehicles, trailers and semi-trailers (29)","Base Year 2021=100","100.3816744"
"Export Industrial Price Index (Excl VAT)","2024 March","Other transport equipment (30)","Base Year 2021=100",""
"Export Industrial Price Index (Excl VAT)","2024 March","Furniture (31)","Base Year 2021=100","112.4046973"
"Export Industrial Price Index (Excl VAT)","2024 March","Other manufacturing (32)","Base Year 2021=100",""
"Export Industrial Price Index (Excl VAT)","2024 March","Mining and quarrying (05 to 09)","Base Year 2021=100","96.15532945"
"Export Industrial Price Index (Excl VAT)","2024 March","Repair and installation of machinery and equipment (33)","Base Year 2021=100",""
"Export Industrial Price Index (Excl VAT)","2024 April","Food products (10)","Base Year 2021=100","108.1552167"
"Export Industrial Price Index (Excl VAT)","2024 April","Manufacture of beverages (11)","Base Year 2021=100",""
"Export Industrial Price Index (Excl VAT)","2024 April","Tobacco products (12)","Base Year 2021=100",""
"Export Industrial Price Index (Excl VAT)","2024 April","Textiles (13)","Base Year 2021=100","106.4384009"
"Export Industrial Price Index (Excl VAT)","2024 April","Wearing apparel (14)","Base Year 2021=100","114.5246309"
"Export Industrial Price Index (Excl VAT)","2024 April","Leather and related products (15)","Base Year 2021=100",""
"Export Industrial Price Index (Excl VAT)","2024 April","Wood and wood products, except furniture (16)","Base Year 2021=100","127.2999621"
"Export Industrial Price Index (Excl VAT)","2024 April","Paper and paper products (17)","Base Year 2021=100","102.6868995"
"Export Industrial Price Index (Excl VAT)","2024 April","Printing and reproduction of recorded media (18)","Base Year 2021=100",""
"Export Industrial Price Index (Excl VAT)","2024 April","Coke and refined petroleum products (19)","Base Year 2021=100",""
"Export Industrial Price Index (Excl VAT)","2024 April","Chemicals and chemical products (20)","Base Year 2021=100","99.72042097"
"Export Industrial Price Index (Excl VAT)","2024 April","Basic pharmaceutical products and preparations (21)","Base Year 2021=100",""
"Export Industrial Price Index (Excl VAT)","2024 April","Rubber and plastic products (22)","Base Year 2021=100","128.6860452"
"Export Industrial Price Index (Excl VAT)","2024 April","Other non-metallic mineral products (23)","Base Year 2021=100","109.611896"
"Export Industrial Price Index (Excl VAT)","2024 April","Basic metals (24)","Base Year 2021=100","115.9960078"
"Export Industrial Price Index (Excl VAT)","2024 April","Fabricated metal products, except machinery and equipment (25)","Base Year 2021=100","111.623692"
"Export Industrial Price Index (Excl VAT)","2024 April","Computer, electronic and optical products (26)","Base Year 2021=100",""
"Export Industrial Price Index (Excl VAT)","2024 April","Electrical equipment (27)","Base Year 2021=100","120.6700809"
"Export Industrial Price Index (Excl VAT)","2024 April","Machinery and equipment n.e.c. (28)","Base Year 2021=100",""
"Export Industrial Price Index (Excl VAT)","2024 April","Motor vehicles, trailers and semi-trailers (29)","Base Year 2021=100","100.3816728"
"Export Industrial Price Index (Excl VAT)","2024 April","Other transport equipment (30)","Base Year 2021=100",""
"Export Industrial Price Index (Excl VAT)","2024 April","Furniture (31)","Base Year 2021=100","112.4060488"
"Export Industrial Price Index (Excl VAT)","2024 April","Other manufacturing (32)","Base Year 2021=100",""
"Export Industrial Price Index (Excl VAT)","2024 April","Mining and quarrying (05 to 09)","Base Year 2021=100","109.9512986"
"Export Industrial Price Index (Excl VAT)","2024 April","Repair and installation of machinery and equipment (33)","Base Year 2021=100",""
"Export Industrial Price Index (Excl VAT)","2024 May","Food products (10)","Base Year 2021=100","107.2678884"
"Export Industrial Price Index (Excl VAT)","2024 May","Manufacture of beverages (11)","Base Year 2021=100",""
"Export Industrial Price Index (Excl VAT)","2024 May","Tobacco products (12)","Base Year 2021=100",""
"Export Industrial Price Index (Excl VAT)","2024 May","Textiles (13)","Base Year 2021=100","106.4360943"
"Export Industrial Price Index (Excl VAT)","2024 May","Wearing apparel (14)","Base Year 2021=100","114.5077506"
"Export Industrial Price Index (Excl VAT)","2024 May","Leather and related products (15)","Base Year 2021=100",""
"Export Industrial Price Index (Excl VAT)","2024 May","Wood and wood products, except furniture (16)","Base Year 2021=100","127.1088815"
"Export Industrial Price Index (Excl VAT)","2024 May","Paper and paper products (17)","Base Year 2021=100","102.508043"
"Export Industrial Price Index (Excl VAT)","2024 May","Printing and reproduction of recorded media (18)","Base Year 2021=100",""
"Export Industrial Price Index (Excl VAT)","2024 May","Coke and refined petroleum products (19)","Base Year 2021=100",""
"Export Industrial Price Index (Excl VAT)","2024 May","Chemicals and chemical products (20)","Base Year 2021=100","99.72517379"
"Export Industrial Price Index (Excl VAT)","2024 May","Basic pharmaceutical products and preparations (21)","Base Year 2021=100",""
"Export Industrial Price Index (Excl VAT)","2024 May","Rubber and plastic products (22)","Base Year 2021=100","128.4741313"
"Export Industrial Price Index (Excl VAT)","2024 May","Other non-metallic mineral products (23)","Base Year 2021=100","109.5720698"
"Export Industrial Price Index (Excl VAT)","2024 May","Basic metals (24)","Base Year 2021=100","115.4707489"
"Export Industrial Price Index (Excl VAT)","2024 May","Fabricated metal products, except machinery and equipment (25)","Base Year 2021=100","111.3324658"
"Export Industrial Price Index (Excl VAT)","2024 May","Computer, electronic and optical products (26)","Base Year 2021=100",""
"Export Industrial Price Index (Excl VAT)","2024 May","Electrical equipment (27)","Base Year 2021=100","120.5197677"
"Export Industrial Price Index (Excl VAT)","2024 May","Machinery and equipment n.e.c. (28)","Base Year 2021=100",""
"Export Industrial Price Index (Excl VAT)","2024 May","Motor vehicles, trailers and semi-trailers (29)","Base Year 2021=100","100.3817639"
"Export Industrial Price Index (Excl VAT)","2024 May","Other transport equipment (30)","Base Year 2021=100",""
"Export Industrial Price Index (Excl VAT)","2024 May","Furniture (31)","Base Year 2021=100","111.6866761"
"Export Industrial Price Index (Excl VAT)","2024 May","Other manufacturing (32)","Base Year 2021=100",""
"Export Industrial Price Index (Excl VAT)","2024 May","Mining and quarrying (05 to 09)","Base Year 2021=100","111.9584666"
"Export Industrial Price Index (Excl VAT)","2024 May","Repair and installation of machinery and equipment (33)","Base Year 2021=100",""
"Export Industrial Price Index (Excl VAT)","2024 June","Food products (10)","Base Year 2021=100","108.0486636"
"Export Industrial Price Index (Excl VAT)","2024 June","Manufacture of beverages (11)","Base Year 2021=100",""
"Export Industrial Price Index (Excl VAT)","2024 June","Tobacco products (12)","Base Year 2021=100",""
"Export Industrial Price Index (Excl VAT)","2024 June","Textiles (13)","Base Year 2021=100","106.4448988"
"Export Industrial Price Index (Excl VAT)","2024 June","Wearing apparel (14)","Base Year 2021=100","114.5721852"
"Export Industrial Price Index (Excl VAT)","2024 June","Leather and related products (15)","Base Year 2021=100",""
"Export Industrial Price Index (Excl VAT)","2024 June","Wood and wood products, except furniture (16)","Base Year 2021=100","128.4866638"
"Export Industrial Price Index (Excl VAT)","2024 June","Paper and paper products (17)","Base Year 2021=100","103.1907643"
"Export Industrial Price Index (Excl VAT)","2024 June","Printing and reproduction of recorded media (18)","Base Year 2021=100",""
"Export Industrial Price Index (Excl VAT)","2024 June","Coke and refined petroleum products (19)","Base Year 2021=100",""
"Export Industrial Price Index (Excl VAT)","2024 June","Chemicals and chemical products (20)","Base Year 2021=100","99.74376231"
"Export Industrial Price Index (Excl VAT)","2024 June","Basic pharmaceutical products and preparations (21)","Base Year 2021=100",""
"Export Industrial Price Index (Excl VAT)","2024 June","Rubber and plastic products (22)","Base Year 2021=100","129.2137197"
"Export Industrial Price Index (Excl VAT)","2024 June","Other non-metallic mineral products (23)","Base Year 2021=100","109.7464872"
"Export Industrial Price Index (Excl VAT)","2024 June","Basic metals (24)","Base Year 2021=100","117.2220621"
"Export Industrial Price Index (Excl VAT)","2024 June","Fabricated metal products, except machinery and equipment (25)","Base Year 2021=100","112.2024889"
"Export Industrial Price Index (Excl VAT)","2024 June","Computer, electronic and optical products (26)","Base Year 2021=100",""
"Export Industrial Price Index (Excl VAT)","2024 June","Electrical equipment (27)","Base Year 2021=100","120.7587431"
"Export Industrial Price Index (Excl VAT)","2024 June","Machinery and equipment n.e.c. (28)","Base Year 2021=100",""
"Export Industrial Price Index (Excl VAT)","2024 June","Motor vehicles, trailers and semi-trailers (29)","Base Year 2021=100","100.3818126"
"Export Industrial Price Index (Excl VAT)","2024 June","Other transport equipment (30)","Base Year 2021=100",""
"Export Industrial Price Index (Excl VAT)","2024 June","Furniture (31)","Base Year 2021=100","114.7180301"
"Export Industrial Price Index (Excl VAT)","2024 June","Other manufacturing (32)","Base Year 2021=100",""
"Export Industrial Price Index (Excl VAT)","2024 June","Mining and quarrying (05 to 09)","Base Year 2021=100","113.3501321"
"Export Industrial Price Index (Excl VAT)","2024 June","Repair and installation of machinery and equipment (33)","Base Year 2021=100",""
"Export Industrial Price Index (Excl VAT)","2024 July","Food products (10)","Base Year 2021=100","108.3843935"
"Export Industrial Price Index (Excl VAT)","2024 July","Manufacture of beverages (11)","Base Year 2021=100",""
"Export Industrial Price Index (Excl VAT)","2024 July","Tobacco products (12)","Base Year 2021=100",""
"Export Industrial Price Index (Excl VAT)","2024 July","Textiles (13)","Base Year 2021=100","108.7057362"
"Export Industrial Price Index (Excl VAT)","2024 July","Wearing apparel (14)","Base Year 2021=100","114.5785432"
"Export Industrial Price Index (Excl VAT)","2024 July","Leather and related products (15)","Base Year 2021=100",""
"Export Industrial Price Index (Excl VAT)","2024 July","Wood and wood products, except furniture (16)","Base Year 2021=100","129.0865712"
"Export Industrial Price Index (Excl VAT)","2024 July","Paper and paper products (17)","Base Year 2021=100","103.2581306"
"Export Industrial Price Index (Excl VAT)","2024 July","Printing and reproduction of recorded media (18)","Base Year 2021=100",""
"Export Industrial Price Index (Excl VAT)","2024 July","Coke and refined petroleum products (19)","Base Year 2021=100",""
"Export Industrial Price Index (Excl VAT)","2024 July","Chemicals and chemical products (20)","Base Year 2021=100","89.54832523"
"Export Industrial Price Index (Excl VAT)","2024 July","Basic pharmaceutical products and preparations (21)","Base Year 2021=100",""
"Export Industrial Price Index (Excl VAT)","2024 July","Rubber and plastic products (22)","Base Year 2021=100","121.6007601"
"Export Industrial Price Index (Excl VAT)","2024 July","Other non-metallic mineral products (23)","Base Year 2021=100","107.0628476"
"Export Industrial Price Index (Excl VAT)","2024 July","Basic metals (24)","Base Year 2021=100","117.2799107"
"Export Industrial Price Index (Excl VAT)","2024 July","Fabricated metal products, except machinery and equipment (25)","Base Year 2021=100","112.1885667"
"Export Industrial Price Index (Excl VAT)","2024 July","Computer, electronic and optical products (26)","Base Year 2021=100",""
"Export Industrial Price Index (Excl VAT)","2024 July","Electrical equipment (27)","Base Year 2021=100","121.7487133"
"Export Industrial Price Index (Excl VAT)","2024 July","Machinery and equipment n.e.c. (28)","Base Year 2021=100",""
"Export Industrial Price Index (Excl VAT)","2024 July","Motor vehicles, trailers and semi-trailers (29)","Base Year 2021=100","100.3818261"
"Export Industrial Price Index (Excl VAT)","2024 July","Other transport equipment (30)","Base Year 2021=100",""
"Export Industrial Price Index (Excl VAT)","2024 July","Furniture (31)","Base Year 2021=100","114.7458886"
"Export Industrial Price Index (Excl VAT)","2024 July","Other manufacturing (32)","Base Year 2021=100",""
"Export Industrial Price Index (Excl VAT)","2024 July","Mining and quarrying (05 to 09)","Base Year 2021=100","111.710325"
"Export Industrial Price Index (Excl VAT)","2024 July","Repair and installation of machinery and equipment (33)","Base Year 2021=100",""
"Export Industrial Price Index (Excl VAT)","2024 August","Food products (10)","Base Year 2021=100","107.7981522"
"Export Industrial Price Index (Excl VAT)","2024 August","Manufacture of beverages (11)","Base Year 2021=100",""
"Export Industrial Price Index (Excl VAT)","2024 August","Tobacco products (12)","Base Year 2021=100",""
"Export Industrial Price Index (Excl VAT)","2024 August","Textiles (13)","Base Year 2021=100","108.6972343"
"Export Industrial Price Index (Excl VAT)","2024 August","Wearing apparel (14)","Base Year 2021=100","114.5163229"
"Export Industrial Price Index (Excl VAT)","2024 August","Leather and related products (15)","Base Year 2021=100",""
"Export Industrial Price Index (Excl VAT)","2024 August","Wood and wood products, except furniture (16)","Base Year 2021=100","127.6849905"
"Export Industrial Price Index (Excl VAT)","2024 August","Paper and paper products (17)","Base Year 2021=100","102.598871"
"Export Industrial Price Index (Excl VAT)","2024 August","Printing and reproduction of recorded media (18)","Base Year 2021=100",""
"Export Industrial Price Index (Excl VAT)","2024 August","Coke and refined petroleum products (19)","Base Year 2021=100",""
"Export Industrial Price Index (Excl VAT)","2024 August","Chemicals and chemical products (20)","Base Year 2021=100","89.56152766"
"Export Industrial Price Index (Excl VAT)","2024 August","Basic pharmaceutical products and preparations (21)","Base Year 2021=100",""
"Export Industrial Price Index (Excl VAT)","2024 August","Rubber and plastic products (22)","Base Year 2021=100","120.9082067"
"Export Industrial Price Index (Excl VAT)","2024 August","Other non-metallic mineral products (23)","Base Year 2021=100","109.0891507"
"Export Industrial Price Index (Excl VAT)","2024 August","Basic metals (24)","Base Year 2021=100","115.6377904"
"Export Industrial Price Index (Excl VAT)","2024 August","Fabricated metal products, except machinery and equipment (25)","Base Year 2021=100","112.1595275"
"Export Industrial Price Index (Excl VAT)","2024 August","Computer, electronic and optical products (26)","Base Year 2021=100",""
"Export Industrial Price Index (Excl VAT)","2024 August","Electrical equipment (27)","Base Year 2021=100","121.5448091"
"Export Industrial Price Index (Excl VAT)","2024 August","Machinery and equipment n.e.c. (28)","Base Year 2021=100",""
"Export Industrial Price Index (Excl VAT)","2024 August","Motor vehicles, trailers and semi-trailers (29)","Base Year 2021=100","100.3818426"
"Export Industrial Price Index (Excl VAT)","2024 August","Other transport equipment (30)","Base Year 2021=100",""
"Export Industrial Price Index (Excl VAT)","2024 August","Furniture (31)","Base Year 2021=100","114.4732604"
"Export Industrial Price Index (Excl VAT)","2024 August","Other manufacturing (32)","Base Year 2021=100",""
"Export Industrial Price Index (Excl VAT)","2024 August","Mining and quarrying (05 to 09)","Base Year 2021=100","104.5139976"
"Export Industrial Price Index (Excl VAT)","2024 August","Repair and installation of machinery and equipment (33)","Base Year 2021=100",""
"Export Industrial Price Index (Excl VAT)","2024 September","Food products (10)","Base Year 2021=100","107.5353597"
"Export Industrial Price Index (Excl VAT)","2024 September","Manufacture of beverages (11)","Base Year 2021=100",""
"Export Industrial Price Index (Excl VAT)","2024 September","Tobacco products (12)","Base Year 2021=100",""
"Export Industrial Price Index (Excl VAT)","2024 September","Textiles (13)","Base Year 2021=100","108.7044776"
"Export Industrial Price Index (Excl VAT)","2024 September","Wearing apparel (14)","Base Year 2021=100","114.5693319"
"Export Industrial Price Index (Excl VAT)","2024 September","Leather and related products (15)","Base Year 2021=100",""
"Export Industrial Price Index (Excl VAT)","2024 September","Wood and wood products, except furniture (16)","Base Year 2021=100","128.8793365"
"Export Industrial Price Index (Excl VAT)","2024 September","Paper and paper products (17)","Base Year 2021=100","103.1605312"
"Export Industrial Price Index (Excl VAT)","2024 September","Printing and reproduction of recorded media (18)","Base Year 2021=100",""
"Export Industrial Price Index (Excl VAT)","2024 September","Coke and refined petroleum products (19)","Base Year 2021=100",""
"Export Industrial Price Index (Excl VAT)","2024 September","Chemicals and chemical products (20)","Base Year 2021=100","89.57682004"
"Export Industrial Price Index (Excl VAT)","2024 September","Basic pharmaceutical products and preparations (21)","Base Year 2021=100",""
"Export Industrial Price Index (Excl VAT)","2024 September","Rubber and plastic products (22)","Base Year 2021=100","121.4016316"
"Export Industrial Price Index (Excl VAT)","2024 September","Other non-metallic mineral products (23)","Base Year 2021=100","108.7711604"
"Export Industrial Price Index (Excl VAT)","2024 September","Basic metals (24)","Base Year 2021=100","116.9689482"
"Export Industrial Price Index (Excl VAT)","2024 September","Fabricated metal products, except machinery and equipment (25)","Base Year 2021=100","112.7961943"
"Export Industrial Price Index (Excl VAT)","2024 September","Computer, electronic and optical products (26)","Base Year 2021=100",""
"Export Industrial Price Index (Excl VAT)","2024 September","Electrical equipment (27)","Base Year 2021=100","121.593202"
"Export Industrial Price Index (Excl VAT)","2024 September","Machinery and equipment n.e.c. (28)","Base Year 2021=100",""
"Export Industrial Price Index (Excl VAT)","2024 September","Motor vehicles, trailers and semi-trailers (29)","Base Year 2021=100","100.3818827"
"Export Industrial Price Index (Excl VAT)","2024 September","Other transport equipment (30)","Base Year 2021=100",""
"Export Industrial Price Index (Excl VAT)","2024 September","Furniture (31)","Base Year 2021=100","114.7055277"
"Export Industrial Price Index (Excl VAT)","2024 September","Other manufacturing (32)","Base Year 2021=100",""
"Export Industrial Price Index (Excl VAT)","2024 September","Mining and quarrying (05 to 09)","Base Year 2021=100","103.5417746"
"Export Industrial Price Index (Excl VAT)","2024 September","Repair and installation of machinery and equipment (33)","Base Year 2021=100",""
"Export Industrial Price Index (Excl VAT)","2024 October","Food products (10)","Base Year 2021=100","108.5"
"Export Industrial Price Index (Excl VAT)","2024 October","Manufacture of beverages (11)","Base Year 2021=100",""
"Export Industrial Price Index (Excl VAT)","2024 October","Tobacco products (12)","Base Year 2021=100",""
"Export Industrial Price Index (Excl VAT)","2024 October","Textiles (13)","Base Year 2021=100","108.7"
"Export Industrial Price Index (Excl VAT)","2024 October","Wearing apparel (14)","Base Year 2021=100","114.7"
"Export Industrial Price Index (Excl VAT)","2024 October","Leather and related products (15)","Base Year 2021=100",""
"Export Industrial Price Index (Excl VAT)","2024 October","Wood and wood products, except furniture (16)","Base Year 2021=100","129.7"
"Export Industrial Price Index (Excl VAT)","2024 October","Paper and paper products (17)","Base Year 2021=100","104.3"
"Export Industrial Price Index (Excl VAT)","2024 October","Printing and reproduction of recorded media (18)","Base Year 2021=100",""
"Export Industrial Price Index (Excl VAT)","2024 October","Coke and refined petroleum products (19)","Base Year 2021=100",""
"Export Industrial Price Index (Excl VAT)","2024 October","Chemicals and chemical products (20)","Base Year 2021=100","89.6"
"Export Industrial Price Index (Excl VAT)","2024 October","Basic pharmaceutical products and preparations (21)","Base Year 2021=100",""
"Export Industrial Price Index (Excl VAT)","2024 October","Rubber and plastic products (22)","Base Year 2021=100","121.6"
"Export Industrial Price Index (Excl VAT)","2024 October","Other non-metallic mineral products (23)","Base Year 2021=100","108.8"
"Export Industrial Price Index (Excl VAT)","2024 October","Basic metals (24)","Base Year 2021=100","118.1"
"Export Industrial Price Index (Excl VAT)","2024 October","Fabricated metal products, except machinery and equipment (25)","Base Year 2021=100","113.4"
"Export Industrial Price Index (Excl VAT)","2024 October","Computer, electronic and optical products (26)","Base Year 2021=100",""
"Export Industrial Price Index (Excl VAT)","2024 October","Electrical equipment (27)","Base Year 2021=100","121.8"
"Export Industrial Price Index (Excl VAT)","2024 October","Machinery and equipment n.e.c. (28)","Base Year 2021=100",""
"Export Industrial Price Index (Excl VAT)","2024 October","Motor vehicles, trailers and semi-trailers (29)","Base Year 2021=100","101.4"
"Export Industrial Price Index (Excl VAT)","2024 October","Other transport equipment (30)","Base Year 2021=100",""
"Export Industrial Price Index (Excl VAT)","2024 October","Furniture (31)","Base Year 2021=100","111.9"
"Export Industrial Price Index (Excl VAT)","2024 October","Other manufacturing (32)","Base Year 2021=100",""
"Export Industrial Price Index (Excl VAT)","2024 October","Mining and quarrying (05 to 09)","Base Year 2021=100","105.4"
"Export Industrial Price Index (Excl VAT)","2024 October","Repair and installation of machinery and equipment (33)","Base Year 2021=100",""
"Export Industrial Price Index (Excl VAT)","2024 November","Food products (10)","Base Year 2021=100","109.8"
"Export Industrial Price Index (Excl VAT)","2024 November","Manufacture of beverages (11)","Base Year 2021=100",""
"Export Industrial Price Index (Excl VAT)","2024 November","Tobacco products (12)","Base Year 2021=100",""
"Export Industrial Price Index (Excl VAT)","2024 November","Textiles (13)","Base Year 2021=100","108.7"
"Export Industrial Price Index (Excl VAT)","2024 November","Wearing apparel (14)","Base Year 2021=100","114.7"
"Export Industrial Price Index (Excl VAT)","2024 November","Leather and related products (15)","Base Year 2021=100",""
"Export Industrial Price Index (Excl VAT)","2024 November","Wood and wood products, except furniture (16)","Base Year 2021=100","129.8"
"Export Industrial Price Index (Excl VAT)","2024 November","Paper and paper products (17)","Base Year 2021=100","104.3"
"Export Industrial Price Index (Excl VAT)","2024 November","Printing and reproduction of recorded media (18)","Base Year 2021=100",""
"Export Industrial Price Index (Excl VAT)","2024 November","Coke and refined petroleum products (19)","Base Year 2021=100",""
"Export Industrial Price Index (Excl VAT)","2024 November","Chemicals and chemical products (20)","Base Year 2021=100","89.6"
"Export Industrial Price Index (Excl VAT)","2024 November","Basic pharmaceutical products and preparations (21)","Base Year 2021=100",""
"Export Industrial Price Index (Excl VAT)","2024 November","Rubber and plastic products (22)","Base Year 2021=100","121.6"
"Export Industrial Price Index (Excl VAT)","2024 November","Other non-metallic mineral products (23)","Base Year 2021=100","108.9"
"Export Industrial Price Index (Excl VAT)","2024 November","Basic metals (24)","Base Year 2021=100","118.1"
"Export Industrial Price Index (Excl VAT)","2024 November","Fabricated metal products, except machinery and equipment (25)","Base Year 2021=100","113.5"
"Export Industrial Price Index (Excl VAT)","2024 November","Computer, electronic and optical products (26)","Base Year 2021=100",""
"Export Industrial Price Index (Excl VAT)","2024 November","Electrical equipment (27)","Base Year 2021=100","122"
"Export Industrial Price Index (Excl VAT)","2024 November","Machinery and equipment n.e.c. (28)","Base Year 2021=100",""
"Export Industrial Price Index (Excl VAT)","2024 November","Motor vehicles, trailers and semi-trailers (29)","Base Year 2021=100","101.4"
"Export Industrial Price Index (Excl VAT)","2024 November","Other transport equipment (30)","Base Year 2021=100",""
"Export Industrial Price Index (Excl VAT)","2024 November","Furniture (31)","Base Year 2021=100","111.9"
"Export Industrial Price Index (Excl VAT)","2024 November","Other manufacturing (32)","Base Year 2021=100",""
"Export Industrial Price Index (Excl VAT)","2024 November","Mining and quarrying (05 to 09)","Base Year 2021=100","108.3"
"Export Industrial Price Index (Excl VAT)","2024 November","Repair and installation of machinery and equipment (33)","Base Year 2021=100",""
"Export Industrial Price Index (Excl VAT)","2024 December","Food products (10)","Base Year 2021=100","110.97"
"Export Industrial Price Index (Excl VAT)","2024 December","Manufacture of beverages (11)","Base Year 2021=100",""
"Export Industrial Price Index (Excl VAT)","2024 December","Tobacco products (12)","Base Year 2021=100",""
"Export Industrial Price Index (Excl VAT)","2024 December","Textiles (13)","Base Year 2021=100","108.71"
"Export Industrial Price Index (Excl VAT)","2024 December","Wearing apparel (14)","Base Year 2021=100","114.76"
"Export Industrial Price Index (Excl VAT)","2024 December","Leather and related products (15)","Base Year 2021=100",""
"Export Industrial Price Index (Excl VAT)","2024 December","Wood and wood products, except furniture (16)","Base Year 2021=100","130.29"
"Export Industrial Price Index (Excl VAT)","2024 December","Paper and paper products (17)","Base Year 2021=100","104.52"
"Export Industrial Price Index (Excl VAT)","2024 December","Printing and reproduction of recorded media (18)","Base Year 2021=100",""
"Export Industrial Price Index (Excl VAT)","2024 December","Coke and refined petroleum products (19)","Base Year 2021=100",""
"Export Industrial Price Index (Excl VAT)","2024 December","Chemicals and chemical products (20)","Base Year 2021=100","89.59"
"Export Industrial Price Index (Excl VAT)","2024 December","Basic pharmaceutical products and preparations (21)","Base Year 2021=100",""
"Export Industrial Price Index (Excl VAT)","2024 December","Rubber and plastic products (22)","Base Year 2021=100","121.83"
"Export Industrial Price Index (Excl VAT)","2024 December","Other non-metallic mineral products (23)","Base Year 2021=100","108.92"
"Export Industrial Price Index (Excl VAT)","2024 December","Basic metals (24)","Base Year 2021=100","118.69"
"Export Industrial Price Index (Excl VAT)","2024 December","Fabricated metal products, except machinery and equipment (25)","Base Year 2021=100","113.82"
"Export Industrial Price Index (Excl VAT)","2024 December","Computer, electronic and optical products (26)","Base Year 2021=100",""
"Export Industrial Price Index (Excl VAT)","2024 December","Electrical equipment (27)","Base Year 2021=100","122.11"
"Export Industrial Price Index (Excl VAT)","2024 December","Machinery and equipment n.e.c. (28)","Base Year 2021=100",""
"Export Industrial Price Index (Excl VAT)","2024 December","Motor vehicles, trailers and semi-trailers (29)","Base Year 2021=100","101.41"
"Export Industrial Price Index (Excl VAT)","2024 December","Other transport equipment (30)","Base Year 2021=100",""
"Export Industrial Price Index (Excl VAT)","2024 December","Furniture (31)","Base Year 2021=100","111.97"
"Export Industrial Price Index (Excl VAT)","2024 December","Other manufacturing (32)","Base Year 2021=100",""
"Export Industrial Price Index (Excl VAT)","2024 December","Mining and quarrying (05 to 09)","Base Year 2021=100","109.11"
"Export Industrial Price Index (Excl VAT)","2024 December","Repair and installation of machinery and equipment (33)","Base Year 2021=100",""
"Export Industrial Price Index (Excl VAT)","2025 January","Food products (10)","Base Year 2021=100","116.16"
"Export Industrial Price Index (Excl VAT)","2025 January","Manufacture of beverages (11)","Base Year 2021=100",""
"Export Industrial Price Index (Excl VAT)","2025 January","Tobacco products (12)","Base Year 2021=100",""
"Export Industrial Price Index (Excl VAT)","2025 January","Textiles (13)","Base Year 2021=100","108.7"
"Export Industrial Price Index (Excl VAT)","2025 January","Wearing apparel (14)","Base Year 2021=100","115.62"
"Export Industrial Price Index (Excl VAT)","2025 January","Leather and related products (15)","Base Year 2021=100",""
"Export Industrial Price Index (Excl VAT)","2025 January","Wood and wood products, except furniture (16)","Base Year 2021=100","129.03"
"Export Industrial Price Index (Excl VAT)","2025 January","Paper and paper products (17)","Base Year 2021=100","103.92"
"Export Industrial Price Index (Excl VAT)","2025 January","Printing and reproduction of recorded media (18)","Base Year 2021=100",""
"Export Industrial Price Index (Excl VAT)","2025 January","Coke and refined petroleum products (19)","Base Year 2021=100",""
"Export Industrial Price Index (Excl VAT)","2025 January","Chemicals and chemical products (20)","Base Year 2021=100","100.38"
"Export Industrial Price Index (Excl VAT)","2025 January","Basic pharmaceutical products and preparations (21)","Base Year 2021=100",""
"Export Industrial Price Index (Excl VAT)","2025 January","Rubber and plastic products (22)","Base Year 2021=100","121.52"
"Export Industrial Price Index (Excl VAT)","2025 January","Other non-metallic mineral products (23)","Base Year 2021=100","109.88"
"Export Industrial Price Index (Excl VAT)","2025 January","Basic metals (24)","Base Year 2021=100","117.86"
"Export Industrial Price Index (Excl VAT)","2025 January","Fabricated metal products, except machinery and equipment (25)","Base Year 2021=100","113.22"
"Export Industrial Price Index (Excl VAT)","2025 January","Computer, electronic and optical products (26)","Base Year 2021=100",""
"Export Industrial Price Index (Excl VAT)","2025 January","Electrical equipment (27)","Base Year 2021=100","122"
"Export Industrial Price Index (Excl VAT)","2025 January","Machinery and equipment n.e.c. (28)","Base Year 2021=100",""
"Export Industrial Price Index (Excl VAT)","2025 January","Motor vehicles, trailers and semi-trailers (29)","Base Year 2021=100","100.71"
"Export Industrial Price Index (Excl VAT)","2025 January","Other transport equipment (30)","Base Year 2021=100",""
"Export Industrial Price Index (Excl VAT)","2025 January","Furniture (31)","Base Year 2021=100","111.73"
"Export Industrial Price Index (Excl VAT)","2025 January","Other manufacturing (32)","Base Year 2021=100",""
"Export Industrial Price Index (Excl VAT)","2025 January","Mining and quarrying (05 to 09)","Base Year 2021=100","111.01"
"Export Industrial Price Index (Excl VAT)","2025 January","Repair and installation of machinery and equipment (33)","Base Year 2021=100",""
"Export Industrial Price Index (Excl VAT)","2025 February","Food products (10)","Base Year 2021=100","116.54"
"Export Industrial Price Index (Excl VAT)","2025 February","Manufacture of beverages (11)","Base Year 2021=100",""
"Export Industrial Price Index (Excl VAT)","2025 February","Tobacco products (12)","Base Year 2021=100",""
"Export Industrial Price Index (Excl VAT)","2025 February","Textiles (13)","Base Year 2021=100","108.69"
"Export Industrial Price Index (Excl VAT)","2025 February","Wearing apparel (14)","Base Year 2021=100","115.78"
"Export Industrial Price Index (Excl VAT)","2025 February","Leather and related products (15)","Base Year 2021=100",""
"Export Industrial Price Index (Excl VAT)","2025 February","Wood and wood products, except furniture (16)","Base Year 2021=100","130.04"
"Export Industrial Price Index (Excl VAT)","2025 February","Paper and paper products (17)","Base Year 2021=100","104.41"
"Export Industrial Price Index (Excl VAT)","2025 February","Printing and reproduction of recorded media (18)","Base Year 2021=100",""
"Export Industrial Price Index (Excl VAT)","2025 February","Coke and refined petroleum products (19)","Base Year 2021=100",""
"Export Industrial Price Index (Excl VAT)","2025 February","Chemicals and chemical products (20)","Base Year 2021=100","100.39"
"Export Industrial Price Index (Excl VAT)","2025 February","Basic pharmaceutical products and preparations (21)","Base Year 2021=100",""
"Export Industrial Price Index (Excl VAT)","2025 February","Rubber and plastic products (22)","Base Year 2021=100","122.39"
"Export Industrial Price Index (Excl VAT)","2025 February","Other non-metallic mineral products (23)","Base Year 2021=100","108.5"
"Export Industrial Price Index (Excl VAT)","2025 February","Basic metals (24)","Base Year 2021=100","118.95"
"Export Industrial Price Index (Excl VAT)","2025 February","Fabricated metal products, except machinery and equipment (25)","Base Year 2021=100","112.24"
"Export Industrial Price Index (Excl VAT)","2025 February","Computer, electronic and optical products (26)","Base Year 2021=100",""
"Export Industrial Price Index (Excl VAT)","2025 February","Electrical equipment (27)","Base Year 2021=100","121.99"
"Export Industrial Price Index (Excl VAT)","2025 February","Machinery and equipment n.e.c. (28)","Base Year 2021=100",""
"Export Industrial Price Index (Excl VAT)","2025 February","Motor vehicles, trailers and semi-trailers (29)","Base Year 2021=100","100.71"
"Export Industrial Price Index (Excl VAT)","2025 February","Other transport equipment (30)","Base Year 2021=100",""
"Export Industrial Price Index (Excl VAT)","2025 February","Furniture (31)","Base Year 2021=100","111.92"
"Export Industrial Price Index (Excl VAT)","2025 February","Other manufacturing (32)","Base Year 2021=100",""
"Export Industrial Price Index (Excl VAT)","2025 February","Mining and quarrying (05 to 09)","Base Year 2021=100","109.3"
"Export Industrial Price Index (Excl VAT)","2025 February","Repair and installation of machinery and equipment (33)","Base Year 2021=100",""
"Export Industrial Price Index (Excl VAT)","2025 March","Food products (10)","Base Year 2021=100","116.02"
"Export Industrial Price Index (Excl VAT)","2025 March","Manufacture of beverages (11)","Base Year 2021=100",""
"Export Industrial Price Index (Excl VAT)","2025 March","Tobacco products (12)","Base Year 2021=100",""
"Export Industrial Price Index (Excl VAT)","2025 March","Textiles (13)","Base Year 2021=100","108.39"
"Export Industrial Price Index (Excl VAT)","2025 March","Wearing apparel (14)","Base Year 2021=100","115.64"
"Export Industrial Price Index (Excl VAT)","2025 March","Leather and related products (15)","Base Year 2021=100",""
"Export Industrial Price Index (Excl VAT)","2025 March","Wood and wood products, except furniture (16)","Base Year 2021=100","130.59"
"Export Industrial Price Index (Excl VAT)","2025 March","Paper and paper products (17)","Base Year 2021=100","104.75"
"Export Industrial Price Index (Excl VAT)","2025 March","Printing and reproduction of recorded media (18)","Base Year 2021=100",""
"Export Industrial Price Index (Excl VAT)","2025 March","Coke and refined petroleum products (19)","Base Year 2021=100",""
"Export Industrial Price Index (Excl VAT)","2025 March","Chemicals and chemical products (20)","Base Year 2021=100","100.38"
"Export Industrial Price Index (Excl VAT)","2025 March","Basic pharmaceutical products and preparations (21)","Base Year 2021=100",""
"Export Industrial Price Index (Excl VAT)","2025 March","Rubber and plastic products (22)","Base Year 2021=100","123.25"
"Export Industrial Price Index (Excl VAT)","2025 March","Other non-metallic mineral products (23)","Base Year 2021=100","108.83"
"Export Industrial Price Index (Excl VAT)","2025 March","Basic metals (24)","Base Year 2021=100","117.68"
"Export Industrial Price Index (Excl VAT)","2025 March","Fabricated metal products, except machinery and equipment (25)","Base Year 2021=100","113.98"
"Export Industrial Price Index (Excl VAT)","2025 March","Computer, electronic and optical products (26)","Base Year 2021=100",""
"Export Industrial Price Index (Excl VAT)","2025 March","Electrical equipment (27)","Base Year 2021=100","121.63"
"Export Industrial Price Index (Excl VAT)","2025 March","Machinery and equipment n.e.c. (28)","Base Year 2021=100",""
"Export Industrial Price Index (Excl VAT)","2025 March","Motor vehicles, trailers and semi-trailers (29)","Base Year 2021=100","100.71"
"Export Industrial Price Index (Excl VAT)","2025 March","Other transport equipment (30)","Base Year 2021=100",""
"Export Industrial Price Index (Excl VAT)","2025 March","Furniture (31)","Base Year 2021=100","109.09"
"Export Industrial Price Index (Excl VAT)","2025 March","Other manufacturing (32)","Base Year 2021=100",""
"Export Industrial Price Index (Excl VAT)","2025 March","Mining and quarrying (05 to 09)","Base Year 2021=100","105.57"
"Export Industrial Price Index (Excl VAT)","2025 March","Repair and installation of machinery and equipment (33)","Base Year 2021=100",""
"Export Industrial Price Index (Excl VAT)","2025 April","Food products (10)","Base Year 2021=100","114.72"
"Export Industrial Price Index (Excl VAT)","2025 April","Manufacture of beverages (11)","Base Year 2021=100",""
"Export Industrial Price Index (Excl VAT)","2025 April","Tobacco products (12)","Base Year 2021=100",""
"Export Industrial Price Index (Excl VAT)","2025 April","Textiles (13)","Base Year 2021=100","108.07"
"Export Industrial Price Index (Excl VAT)","2025 April","Wearing apparel (14)","Base Year 2021=100","115.44"
"Export Industrial Price Index (Excl VAT)","2025 April","Leather and related products (15)","Base Year 2021=100",""
"Export Industrial Price Index (Excl VAT)","2025 April","Wood and wood products, except furniture (16)","Base Year 2021=100","129.66"
"Export Industrial Price Index (Excl VAT)","2025 April","Paper and paper products (17)","Base Year 2021=100","104.14"
"Export Industrial Price Index (Excl VAT)","2025 April","Printing and reproduction of recorded media (18)","Base Year 2021=100",""
"Export Industrial Price Index (Excl VAT)","2025 April","Coke and refined petroleum products (19)","Base Year 2021=100",""
"Export Industrial Price Index (Excl VAT)","2025 April","Chemicals and chemical products (20)","Base Year 2021=100","118.15"
"Export Industrial Price Index (Excl VAT)","2025 April","Basic pharmaceutical products and preparations (21)","Base Year 2021=100",""
"Export Industrial Price Index (Excl VAT)","2025 April","Rubber and plastic products (22)","Base Year 2021=100","122.6"
"Export Industrial Price Index (Excl VAT)","2025 April","Other non-metallic mineral products (23)","Base Year 2021=100","112.56"
"Export Industrial Price Index (Excl VAT)","2025 April","Basic metals (24)","Base Year 2021=100","116.01"
"Export Industrial Price Index (Excl VAT)","2025 April","Fabricated metal products, except machinery and equipment (25)","Base Year 2021=100","113.09"
"Export Industrial Price Index (Excl VAT)","2025 April","Computer, electronic and optical products (26)","Base Year 2021=100",""
"Export Industrial Price Index (Excl VAT)","2025 April","Electrical equipment (27)","Base Year 2021=100","121.24"
"Export Industrial Price Index (Excl VAT)","2025 April","Machinery and equipment n.e.c. (28)","Base Year 2021=100",""
"Export Industrial Price Index (Excl VAT)","2025 April","Motor vehicles, trailers and semi-trailers (29)","Base Year 2021=100","100.71"
"Export Industrial Price Index (Excl VAT)","2025 April","Other transport equipment (30)","Base Year 2021=100",""
"Export Industrial Price Index (Excl VAT)","2025 April","Furniture (31)","Base Year 2021=100","108.85"
"Export Industrial Price Index (Excl VAT)","2025 April","Other manufacturing (32)","Base Year 2021=100",""
"Export Industrial Price Index (Excl VAT)","2025 April","Mining and quarrying (05 to 09)","Base Year 2021=100","101.91"
"Export Industrial Price Index (Excl VAT)","2025 April","Repair and installation of machinery and equipment (33)","Base Year 2021=100",""
"Export Industrial Price Index (Excl VAT)","2025 May","Food products (10)","Base Year 2021=100","115.3"
"Export Industrial Price Index (Excl VAT)","2025 May","Manufacture of beverages (11)","Base Year 2021=100",""
"Export Industrial Price Index (Excl VAT)","2025 May","Tobacco products (12)","Base Year 2021=100",""
"Export Industrial Price Index (Excl VAT)","2025 May","Textiles (13)","Base Year 2021=100","108.2"
"Export Industrial Price Index (Excl VAT)","2025 May","Wearing apparel (14)","Base Year 2021=100","115.6"
"Export Industrial Price Index (Excl VAT)","2025 May","Leather and related products (15)","Base Year 2021=100",""
"Export Industrial Price Index (Excl VAT)","2025 May","Wood and wood products, except furniture (16)","Base Year 2021=100","130.9"
"Export Industrial Price Index (Excl VAT)","2025 May","Paper and paper products (17)","Base Year 2021=100","104.7"
"Export Industrial Price Index (Excl VAT)","2025 May","Printing and reproduction of recorded media (18)","Base Year 2021=100",""
"Export Industrial Price Index (Excl VAT)","2025 May","Coke and refined petroleum products (19)","Base Year 2021=100",""
"Export Industrial Price Index (Excl VAT)","2025 May","Chemicals and chemical products (20)","Base Year 2021=100","118.2"
"Export Industrial Price Index (Excl VAT)","2025 May","Basic pharmaceutical products and preparations (21)","Base Year 2021=100",""
"Export Industrial Price Index (Excl VAT)","2025 May","Rubber and plastic products (22)","Base Year 2021=100","123.2"
"Export Industrial Price Index (Excl VAT)","2025 May","Other non-metallic mineral products (23)","Base Year 2021=100","110.8"
"Export Industrial Price Index (Excl VAT)","2025 May","Basic metals (24)","Base Year 2021=100","117.5"
"Export Industrial Price Index (Excl VAT)","2025 May","Fabricated metal products, except machinery and equipment (25)","Base Year 2021=100","113.6"
"Export Industrial Price Index (Excl VAT)","2025 May","Computer, electronic and optical products (26)","Base Year 2021=100",""
"Export Industrial Price Index (Excl VAT)","2025 May","Electrical equipment (27)","Base Year 2021=100","121.4"
"Export Industrial Price Index (Excl VAT)","2025 May","Machinery and equipment n.e.c. (28)","Base Year 2021=100",""
"Export Industrial Price Index (Excl VAT)","2025 May","Motor vehicles, trailers and semi-trailers (29)","Base Year 2021=100","99.1"
"Export Industrial Price Index (Excl VAT)","2025 May","Other transport equipment (30)","Base Year 2021=100",""
"Export Industrial Price Index (Excl VAT)","2025 May","Furniture (31)","Base Year 2021=100","109.1"
"Export Industrial Price Index (Excl VAT)","2025 May","Other manufacturing (32)","Base Year 2021=100",""
"Export Industrial Price Index (Excl VAT)","2025 May","Mining and quarrying (05 to 09)","Base Year 2021=100","103.1"
"Export Industrial Price Index (Excl VAT)","2025 May","Repair and installation of machinery and equipment (33)","Base Year 2021=100",""
"Export Industrial Price Index (Excl VAT)","2025 June","Food products (10)","Base Year 2021=100","113.3"
"Export Industrial Price Index (Excl VAT)","2025 June","Manufacture of beverages (11)","Base Year 2021=100",""
"Export Industrial Price Index (Excl VAT)","2025 June","Tobacco products (12)","Base Year 2021=100",""
"Export Industrial Price Index (Excl VAT)","2025 June","Textiles (13)","Base Year 2021=100","108"
"Export Industrial Price Index (Excl VAT)","2025 June","Wearing apparel (14)","Base Year 2021=100","115.5"
"Export Industrial Price Index (Excl VAT)","2025 June","Leather and related products (15)","Base Year 2021=100",""
"Export Industrial Price Index (Excl VAT)","2025 June","Wood and wood products, except furniture (16)","Base Year 2021=100","130.5"
"Export Industrial Price Index (Excl VAT)","2025 June","Paper and paper products (17)","Base Year 2021=100","104.3"
"Export Industrial Price Index (Excl VAT)","2025 June","Printing and reproduction of recorded media (18)","Base Year 2021=100",""
"Export Industrial Price Index (Excl VAT)","2025 June","Coke and refined petroleum products (19)","Base Year 2021=100",""
"Export Industrial Price Index (Excl VAT)","2025 June","Chemicals and chemical products (20)","Base Year 2021=100","118.2"
"Export Industrial Price Index (Excl VAT)","2025 June","Basic pharmaceutical products and preparations (21)","Base Year 2021=100",""
"Export Industrial Price Index (Excl VAT)","2025 June","Rubber and plastic products (22)","Base Year 2021=100","122.8"
"Export Industrial Price Index (Excl VAT)","2025 June","Other non-metallic mineral products (23)","Base Year 2021=100","111.2"
"Export Industrial Price Index (Excl VAT)","2025 June","Basic metals (24)","Base Year 2021=100","117.2"
"Export Industrial Price Index (Excl VAT)","2025 June","Fabricated metal products, except machinery and equipment (25)","Base Year 2021=100","113"
"Export Industrial Price Index (Excl VAT)","2025 June","Computer, electronic and optical products (26)","Base Year 2021=100",""
"Export Industrial Price Index (Excl VAT)","2025 June","Electrical equipment (27)","Base Year 2021=100","121.1"
"Export Industrial Price Index (Excl VAT)","2025 June","Machinery and equipment n.e.c. (28)","Base Year 2021=100",""
"Export Industrial Price Index (Excl VAT)","2025 June","Motor vehicles, trailers and semi-trailers (29)","Base Year 2021=100","99.1"
"Export Industrial Price Index (Excl VAT)","2025 June","Other transport equipment (30)","Base Year 2021=100",""
"Export Industrial Price Index (Excl VAT)","2025 June","Furniture (31)","Base Year 2021=100","108.9"
"Export Industrial Price Index (Excl VAT)","2025 June","Other manufacturing (32)","Base Year 2021=100",""
"Export Industrial Price Index (Excl VAT)","2025 June","Mining and quarrying (05 to 09)","Base Year 2021=100","99.9"
"Export Industrial Price Index (Excl VAT)","2025 June","Repair and installation of machinery and equipment (33)","Base Year 2021=100",""
"Export Industrial Price Index (Excl VAT)","2025 July","Food products (10)","Base Year 2021=100","113"
"Export Industrial Price Index (Excl VAT)","2025 July","Manufacture of beverages (11)","Base Year 2021=100",""
"Export Industrial Price Index (Excl VAT)","2025 July","Tobacco products (12)","Base Year 2021=100",""
"Export Industrial Price Index (Excl VAT)","2025 July","Textiles (13)","Base Year 2021=100","107.8"
"Export Industrial Price Index (Excl VAT)","2025 July","Wearing apparel (14)","Base Year 2021=100","115.3"
"Export Industrial Price Index (Excl VAT)","2025 July","Leather and related products (15)","Base Year 2021=100",""
"Export Industrial Price Index (Excl VAT)","2025 July","Wood and wood products, except furniture (16)","Base Year 2021=100","130.3"
"Export Industrial Price Index (Excl VAT)","2025 July","Paper and paper products (17)","Base Year 2021=100","103.6"
"Export Industrial Price Index (Excl VAT)","2025 July","Printing and reproduction of recorded media (18)","Base Year 2021=100",""
"Export Industrial Price Index (Excl VAT)","2025 July","Coke and refined petroleum products (19)","Base Year 2021=100",""
"Export Industrial Price Index (Excl VAT)","2025 July","Chemicals and chemical products (20)","Base Year 2021=100","119"
"Export Industrial Price Index (Excl VAT)","2025 July","Basic pharmaceutical products and preparations (21)","Base Year 2021=100",""
"Export Industrial Price Index (Excl VAT)","2025 July","Rubber and plastic products (22)","Base Year 2021=100","122"
"Export Industrial Price Index (Excl VAT)","2025 July","Other non-metallic mineral products (23)","Base Year 2021=100","111"
"Export Industrial Price Index (Excl VAT)","2025 July","Basic metals (24)","Base Year 2021=100","115.6"
"Export Industrial Price Index (Excl VAT)","2025 July","Fabricated metal products, except machinery and equipment (25)","Base Year 2021=100","113.5"
"Export Industrial Price Index (Excl VAT)","2025 July","Computer, electronic and optical products (26)","Base Year 2021=100",""
"Export Industrial Price Index (Excl VAT)","2025 July","Electrical equipment (27)","Base Year 2021=100","120.9"
"Export Industrial Price Index (Excl VAT)","2025 July","Machinery and equipment n.e.c. (28)","Base Year 2021=100",""
"Export Industrial Price Index (Excl VAT)","2025 July","Motor vehicles, trailers and semi-trailers (29)","Base Year 2021=100","99.1"
"Export Industrial Price Index (Excl VAT)","2025 July","Other transport equipment (30)","Base Year 2021=100",""
"Export Industrial Price Index (Excl VAT)","2025 July","Furniture (31)","Base Year 2021=100","108.7"
"Export Industrial Price Index (Excl VAT)","2025 July","Other manufacturing (32)","Base Year 2021=100",""
"Export Industrial Price Index (Excl VAT)","2025 July","Mining and quarrying (05 to 09)","Base Year 2021=100","99.2"
"Export Industrial Price Index (Excl VAT)","2025 July","Repair and installation of machinery and equipment (33)","Base Year 2021=100",""
"Export Industrial Price Index (Excl VAT)","2025 August","Food products (10)","Base Year 2021=100","113"
"Export Industrial Price Index (Excl VAT)","2025 August","Manufacture of beverages (11)","Base Year 2021=100",""
"Export Industrial Price Index (Excl VAT)","2025 August","Tobacco products (12)","Base Year 2021=100",""
"Export Industrial Price Index (Excl VAT)","2025 August","Textiles (13)","Base Year 2021=100","107.8"
"Export Industrial Price Index (Excl VAT)","2025 August","Wearing apparel (14)","Base Year 2021=100","115.3"
"Export Industrial Price Index (Excl VAT)","2025 August","Leather and related products (15)","Base Year 2021=100",""
"Export Industrial Price Index (Excl VAT)","2025 August","Wood and wood products, except furniture (16)","Base Year 2021=100","131.4"
"Export Industrial Price Index (Excl VAT)","2025 August","Paper and paper products (17)","Base Year 2021=100","103.9"
"Export Industrial Price Index (Excl VAT)","2025 August","Printing and reproduction of recorded media (18)","Base Year 2021=100",""
"Export Industrial Price Index (Excl VAT)","2025 August","Coke and refined petroleum products (19)","Base Year 2021=100",""
"Export Industrial Price Index (Excl VAT)","2025 August","Chemicals and chemical products (20)","Base Year 2021=100","119"
"Export Industrial Price Index (Excl VAT)","2025 August","Basic pharmaceutical products and preparations (21)","Base Year 2021=100",""
"Export Industrial Price Index (Excl VAT)","2025 August","Rubber and plastic products (22)","Base Year 2021=100","122.3"
"Export Industrial Price Index (Excl VAT)","2025 August","Other non-metallic mineral products (23)","Base Year 2021=100","110.6"
"Export Industrial Price Index (Excl VAT)","2025 August","Basic metals (24)","Base Year 2021=100","116.1"
"Export Industrial Price Index (Excl VAT)","2025 August","Fabricated metal products, except machinery and equipment (25)","Base Year 2021=100","113.8"
"Export Industrial Price Index (Excl VAT)","2025 August","Computer, electronic and optical products (26)","Base Year 2021=100",""
"Export Industrial Price Index (Excl VAT)","2025 August","Electrical equipment (27)","Base Year 2021=100","121"
"Export Industrial Price Index (Excl VAT)","2025 August","Machinery and equipment n.e.c. (28)","Base Year 2021=100",""
"Export Industrial Price Index (Excl VAT)","2025 August","Motor vehicles, trailers and semi-trailers (29)","Base Year 2021=100","100.7"
"Export Industrial Price Index (Excl VAT)","2025 August","Other transport equipment (30)","Base Year 2021=100",""
"Export Industrial Price Index (Excl VAT)","2025 August","Furniture (31)","Base Year 2021=100","108.7"
"Export Industrial Price Index (Excl VAT)","2025 August","Other manufacturing (32)","Base Year 2021=100",""
"Export Industrial Price Index (Excl VAT)","2025 August","Mining and quarrying (05 to 09)","Base Year 2021=100","99.1"
"Export Industrial Price Index (Excl VAT)","2025 August","Repair and installation of machinery and equipment (33)","Base Year 2021=100",""
"Export Industrial Price Index (Excl VAT)","2025 September","Food products (10)","Base Year 2021=100","112.8"
"Export Industrial Price Index (Excl VAT)","2025 September","Manufacture of beverages (11)","Base Year 2021=100",""
"Export Industrial Price Index (Excl VAT)","2025 September","Tobacco products (12)","Base Year 2021=100",""
"Export Industrial Price Index (Excl VAT)","2025 September","Textiles (13)","Base Year 2021=100","107.8"
"Export Industrial Price Index (Excl VAT)","2025 September","Wearing apparel (14)","Base Year 2021=100","115.3"
"Export Industrial Price Index (Excl VAT)","2025 September","Leather and related products (15)","Base Year 2021=100",""
"Export Industrial Price Index (Excl VAT)","2025 September","Wood and wood products, except furniture (16)","Base Year 2021=100","131.1"
"Export Industrial Price Index (Excl VAT)","2025 September","Paper and paper products (17)","Base Year 2021=100","103.8"
"Export Industrial Price Index (Excl VAT)","2025 September","Printing and reproduction of recorded media (18)","Base Year 2021=100",""
"Export Industrial Price Index (Excl VAT)","2025 September","Coke and refined petroleum products (19)","Base Year 2021=100",""
"Export Industrial Price Index (Excl VAT)","2025 September","Chemicals and chemical products (20)","Base Year 2021=100","119"
"Export Industrial Price Index (Excl VAT)","2025 September","Basic pharmaceutical products and preparations (21)","Base Year 2021=100",""
"Export Industrial Price Index (Excl VAT)","2025 September","Rubber and plastic products (22)","Base Year 2021=100","122.1"
"Export Industrial Price Index (Excl VAT)","2025 September","Other non-metallic mineral products (23)","Base Year 2021=100","110.9"
"Export Industrial Price Index (Excl VAT)","2025 September","Basic metals (24)","Base Year 2021=100","115.9"
"Export Industrial Price Index (Excl VAT)","2025 September","Fabricated metal products, except machinery and equipment (25)","Base Year 2021=100","113.7"
"Export Industrial Price Index (Excl VAT)","2025 September","Computer, electronic and optical products (26)","Base Year 2021=100",""
"Export Industrial Price Index (Excl VAT)","2025 September","Electrical equipment (27)","Base Year 2021=100","120.9"
"Export Industrial Price Index (Excl VAT)","2025 September","Machinery and equipment n.e.c. (28)","Base Year 2021=100",""
"Export Industrial Price Index (Excl VAT)","2025 September","Motor vehicles, trailers and semi-trailers (29)","Base Year 2021=100","100.7"
"Export Industrial Price Index (Excl VAT)","2025 September","Other transport equipment (30)","Base Year 2021=100",""
"Export Industrial Price Index (Excl VAT)","2025 September","Furniture (31)","Base Year 2021=100","108.7"
"Export Industrial Price Index (Excl VAT)","2025 September","Other manufacturing (32)","Base Year 2021=100",""
"Export Industrial Price Index (Excl VAT)","2025 September","Mining and quarrying (05 to 09)","Base Year 2021=100","98.5"
"Export Industrial Price Index (Excl VAT)","2025 September","Repair and installation of machinery and equipment (33)","Base Year 2021=100",""
"Export Industrial Price Index (Excl VAT)","2025 October","Food products (10)","Base Year 2021=100","113.2"
"Export Industrial Price Index (Excl VAT)","2025 October","Manufacture of beverages (11)","Base Year 2021=100",""
"Export Industrial Price Index (Excl VAT)","2025 October","Tobacco products (12)","Base Year 2021=100",""
"Export Industrial Price Index (Excl VAT)","2025 October","Textiles (13)","Base Year 2021=100","107.8"
"Export Industrial Price Index (Excl VAT)","2025 October","Wearing apparel (14)","Base Year 2021=100","115.2"
"Export Industrial Price Index (Excl VAT)","2025 October","Leather and related products (15)","Base Year 2021=100",""
"Export Industrial Price Index (Excl VAT)","2025 October","Wood and wood products, except furniture (16)","Base Year 2021=100","129.3"
"Export Industrial Price Index (Excl VAT)","2025 October","Paper and paper products (17)","Base Year 2021=100","103.5"
"Export Industrial Price Index (Excl VAT)","2025 October","Printing and reproduction of recorded media (18)","Base Year 2021=100",""
"Export Industrial Price Index (Excl VAT)","2025 October","Coke and refined petroleum products (19)","Base Year 2021=100",""
"Export Industrial Price Index (Excl VAT)","2025 October","Chemicals and chemical products (20)","Base Year 2021=100","119"
"Export Industrial Price Index (Excl VAT)","2025 October","Basic pharmaceutical products and preparations (21)","Base Year 2021=100",""
"Export Industrial Price Index (Excl VAT)","2025 October","Rubber and plastic products (22)","Base Year 2021=100","121.8"
"Export Industrial Price Index (Excl VAT)","2025 October","Other non-metallic mineral products (23)","Base Year 2021=100","109.1"
"Export Industrial Price Index (Excl VAT)","2025 October","Basic metals (24)","Base Year 2021=100","115.3"
"Export Industrial Price Index (Excl VAT)","2025 October","Fabricated metal products, except machinery and equipment (25)","Base Year 2021=100","113.8"
"Export Industrial Price Index (Excl VAT)","2025 October","Computer, electronic and optical products (26)","Base Year 2021=100",""
"Export Industrial Price Index (Excl VAT)","2025 October","Electrical equipment (27)","Base Year 2021=100","120.9"
"Export Industrial Price Index (Excl VAT)","2025 October","Machinery and equipment n.e.c. (28)","Base Year 2021=100",""
"Export Industrial Price Index (Excl VAT)","2025 October","Motor vehicles, trailers and semi-trailers (29)","Base Year 2021=100","100.7"
"Export Industrial Price Index (Excl VAT)","2025 October","Other transport equipment (30)","Base Year 2021=100",""
"Export Industrial Price Index (Excl VAT)","2025 October","Furniture (31)","Base Year 2021=100","108.6"
"Export Industrial Price Index (Excl VAT)","2025 October","Other manufacturing (32)","Base Year 2021=100",""
"Export Industrial Price Index (Excl VAT)","2025 October","Mining and quarrying (05 to 09)","Base Year 2021=100","99.6"
"Export Industrial Price Index (Excl VAT)","2025 October","Repair and installation of machinery and equipment (33)","Base Year 2021=100",""
"Export Industrial Price Index (Excl VAT)","2025 November","Food products (10)","Base Year 2021=100","113.1"
"Export Industrial Price Index (Excl VAT)","2025 November","Manufacture of beverages (11)","Base Year 2021=100",""
"Export Industrial Price Index (Excl VAT)","2025 November","Tobacco products (12)","Base Year 2021=100",""
"Export Industrial Price Index (Excl VAT)","2025 November","Textiles (13)","Base Year 2021=100","107.7"
"Export Industrial Price Index (Excl VAT)","2025 November","Wearing apparel (14)","Base Year 2021=100","115"
"Export Industrial Price Index (Excl VAT)","2025 November","Leather and related products (15)","Base Year 2021=100",""
"Export Industrial Price Index (Excl VAT)","2025 November","Wood and wood products, except furniture (16)","Base Year 2021=100","129.6"
"Export Industrial Price Index (Excl VAT)","2025 November","Paper and paper products (17)","Base Year 2021=100","102.9"
"Export Industrial Price Index (Excl VAT)","2025 November","Printing and reproduction of recorded media (18)","Base Year 2021=100",""
"Export Industrial Price Index (Excl VAT)","2025 November","Coke and refined petroleum products (19)","Base Year 2021=100",""
"Export Industrial Price Index (Excl VAT)","2025 November","Chemicals and chemical products (20)","Base Year 2021=100","119"
"Export Industrial Price Index (Excl VAT)","2025 November","Basic pharmaceutical products and preparations (21)","Base Year 2021=100",""
"Export Industrial Price Index (Excl VAT)","2025 November","Rubber and plastic products (22)","Base Year 2021=100","121.3"
"Export Industrial Price Index (Excl VAT)","2025 November","Other non-metallic mineral products (23)","Base Year 2021=100","110.3"
"Export Industrial Price Index (Excl VAT)","2025 November","Basic metals (24)","Base Year 2021=100","113.9"
"Export Industrial Price Index (Excl VAT)","2025 November","Fabricated metal products, except machinery and equipment (25)","Base Year 2021=100","113.1"
"Export Industrial Price Index (Excl VAT)","2025 November","Computer, electronic and optical products (26)","Base Year 2021=100",""
"Export Industrial Price Index (Excl VAT)","2025 November","Electrical equipment (27)","Base Year 2021=100","120.8"
"Export Industrial Price Index (Excl VAT)","2025 November","Machinery and equipment n.e.c. (28)","Base Year 2021=100",""
"Export Industrial Price Index (Excl VAT)","2025 November","Motor vehicles, trailers and semi-trailers (29)","Base Year 2021=100","100.7"
"Export Industrial Price Index (Excl VAT)","2025 November","Other transport equipment (30)","Base Year 2021=100",""
"Export Industrial Price Index (Excl VAT)","2025 November","Furniture (31)","Base Year 2021=100","108.3"
"Export Industrial Price Index (Excl VAT)","2025 November","Other manufacturing (32)","Base Year 2021=100",""
"Export Industrial Price Index (Excl VAT)","2025 November","Mining and quarrying (05 to 09)","Base Year 2021=100","99.4"
"Export Industrial Price Index (Excl VAT)","2025 November","Repair and installation of machinery and equipment (33)","Base Year 2021=100",""
"Export Industrial Price Index (Excl VAT)","2025 December","Food products (10)","Base Year 2021=100","113.1"
"Export Industrial Price Index (Excl VAT)","2025 December","Manufacture of beverages (11)","Base Year 2021=100",""
"Export Industrial Price Index (Excl VAT)","2025 December","Tobacco products (12)","Base Year 2021=100",""
"Export Industrial Price Index (Excl VAT)","2025 December","Textiles (13)","Base Year 2021=100","107.7"
"Export Industrial Price Index (Excl VAT)","2025 December","Wearing apparel (14)","Base Year 2021=100","115.1"
"Export Industrial Price Index (Excl VAT)","2025 December","Leather and related products (15)","Base Year 2021=100",""
"Export Industrial Price Index (Excl VAT)","2025 December","Wood and wood products, except furniture (16)","Base Year 2021=100","130.1"
"Export Industrial Price Index (Excl VAT)","2025 December","Paper and paper products (17)","Base Year 2021=100","103.2"
"Export Industrial Price Index (Excl VAT)","2025 December","Printing and reproduction of recorded media (18)","Base Year 2021=100",""
"Export Industrial Price Index (Excl VAT)","2025 December","Coke and refined petroleum products (19)","Base Year 2021=100",""
"Export Industrial Price Index (Excl VAT)","2025 December","Chemicals and chemical products (20)","Base Year 2021=100","119"
"Export Industrial Price Index (Excl VAT)","2025 December","Basic pharmaceutical products and preparations (21)","Base Year 2021=100",""
"Export Industrial Price Index (Excl VAT)","2025 December","Rubber and plastic products (22)","Base Year 2021=100","121.5"
"Export Industrial Price Index (Excl VAT)","2025 December","Other non-metallic mineral products (23)","Base Year 2021=100","111.7"
"Export Industrial Price Index (Excl VAT)","2025 December","Basic metals (24)","Base Year 2021=100","114.5"
"Export Industrial Price Index (Excl VAT)","2025 December","Fabricated metal products, except machinery and equipment (25)","Base Year 2021=100","113.4"
"Export Industrial Price Index (Excl VAT)","2025 December","Computer, electronic and optical products (26)","Base Year 2021=100",""
"Export Industrial Price Index (Excl VAT)","2025 December","Electrical equipment (27)","Base Year 2021=100","120.8"
"Export Industrial Price Index (Excl VAT)","2025 December","Machinery and equipment n.e.c. (28)","Base Year 2021=100",""
"Export Industrial Price Index (Excl VAT)","2025 December","Motor vehicles, trailers and semi-trailers (29)","Base Year 2021=100","100.7"
"Export Industrial Price Index (Excl VAT)","2025 December","Other transport equipment (30)","Base Year 2021=100",""
"Export Industrial Price Index (Excl VAT)","2025 December","Furniture (31)","Base Year 2021=100","108.5"
"Export Industrial Price Index (Excl VAT)","2025 December","Other manufacturing (32)","Base Year 2021=100",""
"Export Industrial Price Index (Excl VAT)","2025 December","Mining and quarrying (05 to 09)","Base Year 2021=100","98.6"
"Export Industrial Price Index (Excl VAT)","2025 December","Repair and installation of machinery and equipment (33)","Base Year 2021=100",""
